Date,Open,High,Low,Close,Volume,Dividends,Stock Splits
2015-01-02 00:00:00-05:00,78.95155015836075,79.60404594170417,78.07873700085429,78.8244400024414,2437500,0.0,0.0
2015-01-05 00:00:00-05:00,78.34988416321139,78.62104941596932,76.53646532318832,76.73983764648438,3469600,0.0,0.0
2015-01-06 00:00:00-05:00,76.93476386128181,77.02797755107865,74.51969659175367,75.1043930053711,4800300,0.0,0.0
2015-01-07 00:00:00-05:00,77.34808501008268,77.34808501008268,76.0902515546351,76.74466705322266,5665200,0.26,0.0
2015-01-08 00:00:00-05:00,77.71356654496536,78.02802016912496,77.33961468475972,77.83255004882812,3774200,0.0,0.0
2015-01-09 00:00:00-05:00,77.83253496579762,78.01951085966671,76.69368474137381,76.84666442871094,3681700,0.0,0.0
2015-01-12 00:00:00-05:00,76.91465929766608,77.28861109734456,75.70782310575737,76.06477355957031,3230700,0.0,0.0
2015-01-13 00:00:00-05:00,76.71914881358599,77.45855141318032,75.15536285908715,75.83527374267578,3537600,0.0,0.0
2015-01-14 00:00:00-05:00,74.31400991846317,75.14689429841492,73.30264383012256,73.99954986572266,6628400,0.0,0.0
2015-01-15 00:00:00-05:00,74.36500701863453,74.81544545226059,71.85784651850904,72.98818969726562,5830900,0.0,0.0
2015-01-16 00:00:00-05:00,72.69921036431586,73.26863212380312,72.01929933404512,73.12415313720703,6768700,0.0,0.0
2015-01-20 00:00:00-05:00,73.48110730618797,74.55196496474426,73.44711110450702,74.16101837158203,6364100,0.0,0.0
2015-01-21 00:00:00-05:00,74.41601824414428,74.55200312046516,73.7446075065705,74.50950622558594,7185700,0.0,0.0
2015-01-22 00:00:00-05:00,71.81532439394152,73.19214123139554,70.96543889815523,71.70484161376953,16390100,0.0,0.0
2015-01-23 00:00:00-05:00,71.75586863874712,72.51226659043898,71.35642121803265,71.50090026855469,7366100,0.0,0.0
2015-01-26 00:00:00-05:00,71.20344333088543,71.64538765274594,70.6425219797427,70.79550170898438,6632800,0.0,0.0
2015-01-27 00:00:00-05:00,70.11558115846984,70.77849107014617,69.75863066512325,70.03059387207031,6329500,0.0,0.0
2015-01-28 00:00:00-05:00,70.37053616115949,70.8719655947373,69.44415740791598,69.4611587524414,7942200,0.0,0.0
2015-01-29 00:00:00-05:00,69.75011979194966,69.97109189156795,68.97672716945569,69.69062805175781,7545900,0.0,0.0
2015-01-30 00:00:00-05:00,69.7926304578039,69.86061639994351,68.46680408230424,68.5772933959961,7210500,0.0,0.0
2015-02-02 00:00:00-05:00,68.80674461386994,69.90309793094121,68.71325666933659,69.80110931396484,5459300,0.0,0.0
2015-02-03 00:00:00-05:00,70.183557045246,71.19491653810768,70.1495608418732,71.16092681884766,5586200,0.0,0.0
2015-02-04 00:00:00-05:00,70.96545675535842,71.78984693117222,70.82097774090597,71.05894470214844,6155700,0.0,0.0
2015-02-05 00:00:00-05:00,71.60285531857382,72.18077773362529,71.45837633583893,72.01080322265625,3966600,0.0,0.0
2015-02-06 00:00:00-05:00,72.3337665631407,73.09866492775753,72.04480207690199,72.248779296875,5139700,0.0,0.0
2015-02-09 00:00:00-05:00,71.84081426808741,72.45273281435855,71.645344250541,72.2232666015625,3101300,0.0,0.0
2015-02-10 00:00:00-05:00,72.75021473308342,73.06467477683928,72.34227322757059,72.95418548583984,3589900,0.0,0.0
2015-02-11 00:00:00-05:00,72.97967986308416,73.24314232798329,72.51224018267024,73.09866333007812,4374800,0.0,0.0
2015-02-12 00:00:00-05:00,68.01636643049378,69.29119525970692,67.99087089136788,68.39881896972656,32653100,0.0,0.0
2015-02-13 00:00:00-05:00,67.51491476974749,67.77837723329317,66.053110486631,66.35906982421875,34874400,0.0,0.0
2015-02-17 00:00:00-05:00,65.57716764043654,67.41291693044826,65.5431714426811,67.20894622802734,18578300,0.0,0.0
2015-02-18 00:00:00-05:00,66.902971922586,68.22029024848098,66.902971922586,67.80384826660156,13417000,0.0,0.0
2015-02-19 00:00:00-05:00,67.89733930413102,67.97383235648007,65.91710490544526,66.63101196289062,20858000,0.0,0.0
2015-02-20 00:00:00-05:00,66.47803563933677,67.88884200218259,66.46103430058909,67.84635162353516,11348700,0.0,0.0
2015-02-23 00:00:00-05:00,67.98235013572062,68.39879876547853,67.5404124584807,68.24581909179688,6868600,0.0,0.0
2015-02-24 00:00:00-05:00,68.24582207986978,69.43565683380862,68.21182587488394,68.72175598144531,10951000,0.0,0.0
2015-02-25 00:00:00-05:00,68.97671094267486,69.90308303403488,68.73024336725778,69.83509063720703,8184700,0.0,0.0
2015-02-26 00:00:00-05:00,70.54902755974109,70.93997428004907,70.03909733690959,70.75299835205078,8702800,0.0,0.0
2015-02-27 00:00:00-05:00,70.75296851161063,70.86345129332447,69.28266373037215,69.34215545654297,8121200,0.0,0.0
2015-03-02 00:00:00-05:00,69.34215092624838,69.86908224084404,69.31665540014255,69.71610260009766,5503100,0.0,0.0
2015-03-03 00:00:00-05:00,68.83222093965954,69.63111533942886,68.75573436135554,69.61412048339844,6856100,0.0,0.0
2015-03-04 00:00:00-05:00,69.3081907708751,69.31668496045847,68.46679914590017,68.52629089355469,6141000,0.0,0.0
2015-03-05 00:00:00-05:00,68.55178140809637,69.18069498975318,68.53478006355498,68.96822357177734,5571800,0.0,0.0
2015-03-06 00:00:00-05:00,68.5262737411307,68.96821788518442,68.0418392074531,68.25431060791016,6530200,0.0,0.0
2015-03-09 00:00:00-04:00,68.1183341741864,68.69625665883609,67.94835315863489,68.4242935180664,5846100,0.0,0.0
2015-03-10 00:00:00-04:00,67.76136732936781,67.79535704011977,67.0304653500887,67.23443603515625,7525000,0.0,0.0
2015-03-11 00:00:00-04:00,67.48090134454792,67.77835993458598,67.2344338030561,67.52339172363281,4546200,0.0,0.0
2015-03-12 00:00:00-04:00,68.07582599111679,69.6906097080026,68.01633426658418,69.31665802001953,9386600,0.0,0.0
2015-03-13 00:00:00-04:00,69.26570739491858,69.39319158878753,67.94838153179849,68.50080871582031,6919400,0.0,0.0
2015-03-16 00:00:00-04:00,68.73871669880374,69.39313197252983,68.62823395056228,69.2656478881836,5295100,0.0,0.0
2015-03-17 00:00:00-04:00,69.01071473887889,69.01921541124493,68.45829423323666,68.89173126220703,4258200,0.0,0.0
2015-03-18 00:00:00-04:00,68.48374235659587,69.96254060300514,68.22027356854707,69.57159423828125,6449400,0.0,0.0
2015-03-19 00:00:00-04:00,69.55462912863872,69.65661772720208,68.7897373338058,69.29966735839844,4677000,0.0,0.0
2015-03-20 00:00:00-04:00,69.51216027322148,70.59151238486238,69.26569261343582,70.28555297851562,9338100,0.0,0.0
2015-03-23 00:00:00-04:00,70.2855308393471,70.99943805732131,69.86058807373047,69.86058807373047,7291700,0.0,0.0
2015-03-24 00:00:00-04:00,69.72464973735244,69.82663839385633,69.07023387198836,69.15522766113281,5217800,0.0,0.0
2015-03-25 00:00:00-04:00,69.19768337829697,69.24018025156275,68.01634292356819,68.08433532714844,8908000,0.0,0.0
2015-03-26 00:00:00-04:00,67.71039526466517,67.80388321467697,66.19759968682126,66.69903564453125,16181300,0.0,0.0
2015-03-27 00:00:00-04:00,66.63103795118492,66.83500869682008,66.04461476285661,66.26558685302734,9022600,0.0,0.0
2015-03-30 00:00:00-04:00,66.58853417228507,66.92848970251715,66.29107551487414,66.33357238769531,7285200,0.0,0.0
2015-03-31 00:00:00-04:00,66.41886029534123,66.96460468336613,66.18862702461891,66.614990234375,5918300,0.26,0.0
2015-04-01 00:00:00-04:00,66.55526751764418,67.63822668511203,66.38471841259754,67.3056640625,6163500,0.0,0.0
2015-04-02 00:00:00-04:00,67.30569147191525,68.02197848746083,66.9987094635998,67.96228790283203,5695200,0.0,0.0
2015-04-06 00:00:00-04:00,67.6552965012722,68.30337026282488,67.13513948217447,67.902587890625,3831100,0.0,0.0
2015-04-07 00:00:00-04:00,67.0157409667077,67.68939536530088,66.73434629856327,66.79403686523438,5919200,0.0,0.0
2015-04-08 00:00:00-04:00,66.87078111615402,67.672345754966,66.7684581449246,67.10102081298828,6405800,0.0,0.0
2015-04-09 00:00:00-04:00,67.0498654003067,67.64677770285802,66.86227108259827,67.50181579589844,4288100,0.0,0.0
2015-04-10 00:00:00-04:00,67.72350735826498,68.19250932982827,67.53590656963966,67.86846923828125,3442000,0.0,0.0
2015-04-13 00:00:00-04:00,67.98784070436203,68.20954476018198,67.58705847962077,67.5955810546875,4092000,0.0,0.0
2015-04-14 00:00:00-04:00,67.87700352650602,68.1925145593703,67.27156871137552,67.783203125,4213200,0.0,0.0
2015-04-15 00:00:00-04:00,67.73206400714719,68.47393838070234,67.72353492079735,68.00493621826172,6042700,0.0,0.0
2015-04-16 00:00:00-04:00,67.73207191750829,69.21581433211671,67.57858087421863,68.99411010742188,8084800,0.0,0.0
2015-04-17 00:00:00-04:00,66.85368441308849,66.93895566692227,65.25908529270023,65.9327392578125,22112500,0.0,0.0
2015-04-20 00:00:00-04:00,65.9924661052597,66.38471929339671,65.62579365677328,65.85603332519531,8432600,0.0,0.0
2015-04-21 00:00:00-04:00,65.98395296198558,66.34210292095567,65.8645718109238,65.898681640625,5125000,0.0,0.0
2015-04-22 00:00:00-04:00,66.00954844919923,67.06692727871946,65.81341853039369,66.88785552978516,7318100,0.0,0.0
2015-04-23 00:00:00-04:00,66.56381521216497,66.82816479829677,66.29094304690209,66.64056396484375,4815400,0.0,0.0
2015-04-24 00:00:00-04:00,66.76846178055193,66.7940425247522,66.31651144513792,66.50411224365234,3400700,0.0,0.0
2015-04-27 00:00:00-04:00,66.36768911241971,66.47854118870568,65.69403455856198,66.0777587890625,6901700,0.0,0.0
2015-04-28 00:00:00-04:00,66.24830795156242,66.28241778406242,65.60876323020469,66.0777587890625,6493400,0.0,0.0
2015-04-29 00:00:00-04:00,65.77077657694011,66.06070689930368,65.65992450103406,65.7963638305664,4322600,0.0,0.0
2015-04-30 00:00:00-04:00,65.69404096342153,66.23978532505815,65.6428794625762,66.04365539550781,6754100,0.0,0.0
2015-05-01 00:00:00-04:00,66.3847461612687,66.41885599653585,65.92427314384081,66.23978424072266,3859200,0.0,0.0
2015-05-04 00:00:00-04:00,66.47851649694155,66.97309912581315,66.29091574076385,66.75138854980469,3896700,0.0,0.0
2015-05-05 00:00:00-04:00,66.49560838597692,66.95607492278108,66.32505920032148,66.376220703125,5325800,0.0,0.0
2015-05-06 00:00:00-04:00,67.10955880794289,67.23746905715005,65.9924894101572,66.3847427368164,5896600,0.0,0.0
2015-05-07 00:00:00-04:00,66.37621395241678,67.14366894534771,66.17156145623038,66.87932586669922,7924600,0.0,0.0
2015-05-08 00:00:00-04:00,67.2715712641866,67.91111593193267,67.16924177526471,67.34832000732422,7198100,0.0,0.0
2015-05-11 00:00:00-04:00,67.40802097661567,68.43129000047671,67.37391114171554,67.96228790283203,5827400,0.0,0.0
2015-05-12 00:00:00-04:00,67.49326905527256,67.73203131151905,66.88783433242367,67.43357849121094,4575700,0.0,0.0
2015-05-13 00:00:00-04:00,67.79172717988499,68.22661932680946,67.59559730788877,68.09870910644531,5494500,0.0,0.0
2015-05-14 00:00:00-04:00,68.50802984074242,68.98556100676736,68.4483392582125,68.85765075683594,4450800,0.0,0.0
2015-05-15 00:00:00-04:00,68.98555479270341,69.20726543889431,68.20957078392777,68.40570068359375,4479300,0.0,0.0
2015-05-18 00:00:00-04:00,68.4568680427723,68.68710779279594,68.03050488206168,68.36306762695312,4579900,0.0,0.0
2015-05-19 00:00:00-04:00,68.5336179952072,69.58246774568806,68.5336179952072,69.37781524658203,6063500,0.0,0.0
2015-05-20 00:00:00-04:00,69.42045101328611,69.45455434010042,68.88322928207309,69.0367202758789,3986700,0.0,0.0
2015-05-21 00:00:00-04:00,68.67857197727437,69.21578716503842,68.56771990843622,68.86617279052734,4249700,0.0,0.0
2015-05-22 00:00:00-04:00,68.93439852611091,69.56542074145176,68.83207552259645,69.28401947021484,3395800,0.0,0.0
2015-05-26 00:00:00-04:00,69.17313955206231,69.46306328642866,68.16692255233669,68.3801040649414,5282700,0.0,0.0
2015-05-27 00:00:00-04:00,68.60181340499601,68.75530436605167,68.08164995396201,68.3118896484375,5105100,0.0,0.0
2015-05-28 00:00:00-04:00,68.19251497178716,68.43127726587026,68.11576623109782,68.29483795166016,4443000,0.0,0.0
2015-05-29 00:00:00-04:00,68.25219642700098,68.30335791010245,67.85994320972775,67.97932434082031,7385100,0.0,0.0
2015-06-01 00:00:00-04:00,68.16693377885034,68.36305715950779,67.32273016573839,67.76615142822266,4716900,0.0,0.0
2015-06-02 00:00:00-04:00,67.5870853106997,68.44833415068244,67.51886564838867,68.2095718383789,4197300,0.0,0.0
2015-06-03 00:00:00-04:00,68.4909892183032,69.30107675548815,68.32044652809161,68.72975158691406,4321400,0.0,0.0
2015-06-04 00:00:00-04:00,68.26074654133912,68.50803145637657,67.53592394322934,67.67236328125,5438100,0.0,0.0
2015-06-05 00:00:00-04:00,67.99638223743358,68.11576337947733,67.56149657961036,67.69792938232422,4817000,0.0,0.0
2015-06-08 00:00:00-04:00,67.73206187933211,68.0816763392519,67.1948465603296,67.203369140625,5883600,0.0,0.0
2015-06-09 00:00:00-04:00,67.2630540298638,67.69794630216454,67.24600236493193,67.51034545898438,4506300,0.0,0.0
2015-06-10 00:00:00-04:00,67.53590059086261,68.63591797659699,67.53590059086261,68.3801040649414,5865400,0.0,0.0
2015-06-11 00:00:00-04:00,68.50801842232875,68.87469094126557,68.2180946428731,68.47391510009766,4013400,0.0,0.0
2015-06-12 00:00:00-04:00,68.58477675052953,68.60182841402903,67.45917829178552,67.81732177734375,6253500,0.0,0.0
2015-06-15 00:00:00-04:00,67.365378298594,67.68088937448029,67.21188730299869,67.57855987548828,4929300,0.0,0.0
2015-06-16 00:00:00-04:00,67.39949111099439,68.04756495502112,67.36538127648922,67.67236328125,6992700,0.0,0.0
2015-06-17 00:00:00-04:00,67.9111202966803,68.95144739733614,67.75762930632476,68.49097442626953,6945600,0.0,0.0
2015-06-18 00:00:00-04:00,68.42275096265597,68.98555339796536,68.05607842304723,68.87469482421875,4632300,0.0,0.0
2015-06-19 00:00:00-04:00,68.6614987171842,68.74677652685287,68.03901234361716,68.3801040649414,13054800,0.0,0.0
2015-06-22 00:00:00-04:00,68.79796568616294,69.67627283052111,68.78091402083922,69.28401947021484,5548600,0.0,0.0
2015-06-23 00:00:00-04:00,69.44603491487926,69.85533991309133,69.31812466326836,69.37781524658203,5356300,0.0,0.0
2015-06-24 00:00:00-04:00,69.01964731594052,69.37779068905112,68.8490982055664,68.8490982055664,5637600,0.0,0.0
2015-06-25 00:00:00-04:00,69.06228732633046,69.07081640923509,68.11576080322266,68.11576080322266,6591100,0.0,0.0
2015-06-26 00:00:00-04:00,68.36305216118438,68.60181443624147,68.07312840026765,68.11576080322266,15746700,0.0,0.0
2015-06-29 00:00:00-04:00,67.55298725055056,67.66383934178299,66.29094930102855,66.34211730957031,8553300,0.0,0.0
2015-06-30 00:00:00-04:00,66.90701818339859,67.11244292781957,66.46194429740774,66.52185821533203,7793000,0.29,0.0
2015-07-01 00:00:00-04:00,67.30927709169153,67.54037821748078,66.89844080381629,67.1038589477539,5319900,0.0,0.0
2015-07-02 00:00:00-04:00,67.35207358002332,67.72867241131078,66.9155543229431,66.94123077392578,4577700,0.0,0.0
2015-07-06 00:00:00-04:00,66.3763678204375,66.63313900954941,66.19661949889189,66.41059875488281,5724800,0.0,0.0
2015-07-07 00:00:00-04:00,66.3848972387565,66.59032194868375,65.40059825672469,66.3763427734375,7183000,0.0,0.0
2015-07-08 00:00:00-04:00,65.811440677546,66.076772789648,64.83569607096734,64.98976135253906,5544800,0.0,0.0
2015-07-09 00:00:00-04:00,65.58890728829591,66.29075885932488,65.29789868744055,65.34069061279297,3934000,0.0,0.0
2015-07-10 00:00:00-04:00,66.17092895507812,66.32499424781923,65.82856744243324,66.17092895507812,3036000,0.0,0.0
2015-07-13 00:00:00-04:00,66.7357997063288,67.28358565491246,66.56461251606916,67.2151107788086,3677500,0.0,0.0
2015-07-14 00:00:00-04:00,67.27506712375872,67.73726303399087,66.94126005472343,67.59175872802734,3904900,0.0,0.0
2015-07-15 00:00:00-04:00,67.62599106432563,67.92556065100443,67.03540635763943,67.22370910644531,3947000,0.0,0.0
2015-07-16 00:00:00-04:00,67.61741746729231,67.75436727004099,67.33496339671768,67.54894256591797,4095800,0.0,0.0
2015-07-17 00:00:00-04:00,67.39488977291282,67.83140918728554,67.31786039220852,67.80573272705078,3084400,0.0,0.0
2015-07-20 00:00:00-04:00,67.7885867774157,68.15663114767966,67.77147132001676,67.87418365478516,3553000,0.0,0.0
2015-07-21 00:00:00-04:00,67.78859463649715,67.96834287571222,67.14665716255257,67.57461547851562,3974600,0.0,0.0
2015-07-22 00:00:00-04:00,67.44623647371698,67.78004345392175,67.2750492209671,67.60885620117188,4392700,0.0,0.0
2015-07-23 00:00:00-04:00,66.50470910611928,66.71868823005161,65.16092046902921,65.91413116455078,12256800,0.0,0.0
2015-07-24 00:00:00-04:00,65.60600294549036,66.0339612079787,64.77576287144296,64.96406555175781,8639900,0.0,0.0
2015-07-27 00:00:00-04:00,64.5703626610264,64.70730594737832,63.59461807405981,64.12528228759766,9861400,0.0,0.0
2015-07-28 00:00:00-04:00,64.29646382732977,64.6816237241241,63.654526312588516,64.28790283203125,5516600,0.0,0.0
2015-07-29 00:00:00-04:00,64.28790473067141,65.0582310771365,64.12527846582704,64.79289245605469,4594200,0.0,0.0
2015-07-30 00:00:00-04:00,64.86992781725915,65.22941126591658,64.74153900555973,65.15238189697266,4767100,0.0,0.0
2015-07-31 00:00:00-04:00,65.38345189809233,65.62310744023077,65.04108403927007,65.10099792480469,6344800,0.0,0.0
2015-08-03 00:00:00-04:00,64.92984227021816,65.18661989577174,64.56179782299205,65.03255462646484,5159500,0.0,0.0
2015-08-04 00:00:00-04:00,64.85278183051504,65.18659522947179,64.73295405863264,64.80998992919922,4137600,0.0,0.0
2015-08-05 00:00:00-04:00,65.34925971556838,65.46053310156702,64.69876098632812,64.69876098632812,5562000,0.0,0.0
2015-08-06 00:00:00-04:00,64.75011099128751,64.86993882784543,63.94554706286096,64.19376373291016,4522100,0.0,0.0
2015-08-07 00:00:00-04:00,64.19374565750412,68.66163140008649,63.628837561257846,68.23367309570312,23689600,0.0,0.0
2015-08-10 00:00:00-04:00,68.2079919780167,69.66304750136936,68.04536574383168,69.5517807006836,12609000,0.0,0.0
2015-08-11 00:00:00-04:00,68.84135870244474,69.88557779150571,68.68729348389273,69.6202392578125,8509800,0.0,0.0
2015-08-12 00:00:00-04:00,69.08957570513284,69.40626060692766,68.30213415185364,69.32923126220703,6945600,0.0,0.0
2015-08-13 00:00:00-04:00,69.32923557266511,69.32923557266511,68.7985649989184,69.12381744384766,4866900,0.0,0.0
2015-08-14 00:00:00-04:00,68.90988255019882,69.61173426007608,68.83284662112037,69.25225067138672,5387100,0.0,0.0
2015-08-17 00:00:00-04:00,68.8071217142422,69.47473548898432,68.68729393570511,69.32923126220703,4574700,0.0,0.0
2015-08-18 00:00:00-04:00,69.3720482430433,69.68873322950567,69.072472186483,69.53466796875,4458300,0.0,0.0
2015-08-19 00:00:00-04:00,69.26078441783046,69.89416753807028,68.8242715607924,69.28646087646484,5314600,0.0,0.0
2015-08-20 00:00:00-04:00,68.56745002634904,68.86701940221664,67.3862879743042,67.4119644165039,7240600,0.0,0.0
2015-08-21 00:00:00-04:00,66.86420397129162,67.28360125696334,65.9312515258789,65.9312515258789,8483300,0.0,0.0
2015-08-24 00:00:00-04:00,62.7900582635882,65.11815305235625,61.37779420847685,63.89419174194336,12873200,0.0,0.0
2015-08-25 00:00:00-04:00,65.2807613441977,65.5204234963566,62.72157233730866,62.9269905090332,7779000,0.0,0.0
2015-08-26 00:00:00-04:00,64.52754542721665,64.96406467751535,63.303584551766185,64.73296356201172,6505800,0.0,0.0
2015-08-27 00:00:00-04:00,64.94694749789184,66.05964165980168,64.63881700782835,65.80286407470703,7025000,0.0,0.0
2015-08-28 00:00:00-04:00,65.32355638428614,65.74295370098056,64.98974942383794,65.60601043701172,4919000,0.0,0.0
2015-08-31 00:00:00-04:00,65.27220321103418,66.12811983026573,65.02398660784195,65.66592407226562,4559700,0.0,0.0
2015-09-01 00:00:00-04:00,64.06537284154439,64.50189224934218,62.99547681369586,63.33784484863281,6101100,0.0,0.0
2015-09-02 00:00:00-04:00,64.1081651956766,64.37349729569956,63.312162365481214,64.14240264892578,5914400,0.0,0.0
2015-09-03 00:00:00-04:00,64.51899610411614,65.26364595636525,64.2365485664794,64.41629028320312,4783000,0.0,0.0
2015-09-04 00:00:00-04:00,63.577495588997856,63.782913781996385,62.969795475870846,63.406314849853516,5095200,0.0,0.0
2015-09-08 00:00:00-04:00,64.69019508947112,64.81858391902574,64.12528685148168,64.6131591796875,6046300,0.0,0.0
2015-09-09 00:00:00-04:00,65.11816541822239,65.48620998089869,64.17665804606601,64.2964859008789,4959800,0.0,0.0
2015-09-10 00:00:00-04:00,64.32214028298326,64.92984034665541,64.1766360135391,64.4590835571289,4764600,0.0,0.0
2015-09-11 00:00:00-04:00,64.2622358662397,64.64739581991283,64.01401920693569,64.62171936035156,3843600,0.0,0.0
2015-09-14 00:00:00-04:00,64.33069010285699,64.62169859119177,64.00543763927698,64.31356811523438,4452100,0.0,0.0
2015-09-15 00:00:00-04:00,64.58745384492434,65.6915868372699,64.39059672039231,65.47760772705078,5473700,0.0,0.0
2015-09-16 00:00:00-04:00,65.44336996026193,66.34208483076138,65.38345607090358,66.17945861816406,4193100,0.0,0.0
2015-09-17 00:00:00-04:00,66.29930768788422,67.10387148631897,65.7087230673203,65.95693969726562,4181800,0.0,0.0
2015-09-18 00:00:00-04:00,65.09245570407948,65.7343931112987,64.81000167767303,65.0068588256836,12402900,0.0,0.0
2015-09-21 00:00:00-04:00,65.40912856346121,66.17945461585632,65.32353823100037,65.68302154541016,3266300,0.0,0.0
2015-09-22 00:00:00-04:00,64.71586227266033,64.85280554912856,64.19375256273996,64.80145263671875,5047200,0.0,0.0
2015-09-23 00:00:00-04:00,64.63025775967657,65.01541757868293,64.30500530528253,64.73296356201172,3183300,0.0,0.0
2015-09-24 00:00:00-04:00,64.18519977491192,64.21943723093861,63.209455133596045,63.928428649902344,6108900,0.0,0.0
2015-09-25 00:00:00-04:00,64.52756693601701,64.76722259484916,63.95410424807907,64.27935028076172,4478000,0.0,0.0
2015-09-28 00:00:00-04:00,63.7315863489845,63.937004624118345,62.70448844318607,62.77295684814453,5894700,0.0,0.0
2015-09-29 00:00:00-04:00,62.7386959534884,62.91843767467139,62.19090979460899,62.567508697509766,5283000,0.0,0.0
2015-09-30 00:00:00-04:00,63.243663309966934,63.50044084622432,62.73867576015115,63.44908142089844,4912200,0.0,0.0
2015-10-01 00:00:00-04:00,63.47479550733804,63.8513944735946,62.66167059743009,63.24369430541992,4741100,0.0,0.0
2015-10-02 00:00:00-04:00,62.22516177211989,63.688785552978516,62.053980988341316,63.688785552978516,5072400,0.0,0.0
2015-10-05 00:00:00-04:00,64.23654123188575,66.36777166412213,64.2279802377452,66.162353515625,6480600,0.0,0.0
2015-10-06 00:00:00-04:00,66.11101510007006,66.36779276492459,65.66594121513312,65.82856750488281,3887100,0.0,0.0
2015-10-07 00:00:00-04:00,65.99180214946658,66.8853256077949,65.88011417524176,66.3096923828125,3431800,0.29,0.0
2015-10-08 00:00:00-04:00,66.14645056638578,66.3784264691862,65.39039528080485,66.3096923828125,3298900,0.0,0.0
2015-10-09 00:00:00-04:00,66.5416474089735,66.85953757389974,66.00897474133292,66.43855285644531,2651800,0.0,0.0
2015-10-12 00:00:00-04:00,66.29250325882609,66.42996485831739,66.10348782403847,66.42137145996094,1895100,0.0,0.0
2015-10-13 00:00:00-04:00,66.02609868888335,66.34398858278112,65.77694280796393,65.81130981445312,3247400,0.0,0.0
2015-10-14 00:00:00-04:00,65.64815021304962,65.96603391763142,65.24434561603013,65.44194793701172,3098600,0.0,0.0
2015-10-15 00:00:00-04:00,66.15501540244958,66.31825714839417,65.35600001916144,65.93163299560547,3615800,0.0,0.0
2015-10-16 00:00:00-04:00,66.22378412247123,66.58462827674396,65.8285729218615,66.3354721069336,5613700,0.0,0.0
2015-10-19 00:00:00-04:00,66.11207648814663,66.42137328907243,65.92306760299645,66.15503692626953,4054900,0.0,0.0
2015-10-20 00:00:00-04:00,66.19798140240316,66.28389570309034,65.88009127953552,66.112060546875,3470800,0.0,0.0
2015-10-21 00:00:00-04:00,66.40419547364684,66.67912524509086,65.59658640228628,65.73405456542969,5833500,0.0,0.0
2015-10-22 00:00:00-04:00,62.76996675136917,62.95898221496429,61.335177084760225,62.288841247558594,23652600,0.0,0.0
2015-10-23 00:00:00-04:00,62.56373147236609,64.29063664178403,62.39190291678308,64.08443450927734,9341300,0.0,0.0
2015-10-26 00:00:00-04:00,62.97613540033943,63.8610650031579,62.83007390334968,63.74078369140625,5227700,0.0,0.0
2015-10-27 00:00:00-04:00,63.39714332018118,63.75798738821854,63.345596040416495,63.586158752441406,4099000,0.0,0.0
2015-10-28 00:00:00-04:00,63.878265678909976,63.96417999267578,63.41432051876426,63.96417999267578,7841100,0.0,0.0
2015-10-29 00:00:00-04:00,63.70641513170534,64.41092274992988,63.611907452627925,63.76655578613281,5250200,0.0,0.0
2015-10-30 00:00:00-04:00,63.64629171404956,63.81812032899441,62.76994873524295,62.9417839050293,6310100,0.0,0.0
2015-11-02 00:00:00-05:00,63.087848493895336,63.63770801129316,62.95038033712463,63.52602005004883,4940600,0.0,0.0
2015-11-03 00:00:00-05:00,63.70642598164586,63.80952051831416,63.46586332296537,63.60332489013672,5047900,0.0,0.0
2015-11-04 00:00:00-05:00,63.843875643437755,64.3078206364528,63.52599214153383,63.63768005371094,12872700,0.0,0.0
2015-11-05 00:00:00-05:00,63.70641801563716,63.86106635614284,63.20810596791443,63.51740264892578,4983700,0.0,0.0
2015-11-06 00:00:00-05:00,64.05866482651163,64.2648669717174,63.672047275220194,63.835289001464844,7440800,0.0,0.0
2015-11-09 00:00:00-05:00,63.646281211365036,63.80092956123247,62.91599988609563,63.0792350769043,5622600,0.0,0.0
2015-11-10 00:00:00-05:00,62.821511582242806,63.21672269722558,62.80432478537609,63.03630065917969,4961900,0.0,0.0
2015-11-11 00:00:00-05:00,63.11362627929889,63.23390764695098,62.51221944103846,62.64109420776367,4719500,0.0,0.0
2015-11-12 00:00:00-05:00,62.47784919500056,62.53798987574189,61.70460718915301,61.84207534790039,6112500,0.0,0.0
2015-11-13 00:00:00-05:00,61.592904365429604,62.03966266388149,61.08599884590588,61.171913146972656,4486700,0.0,0.0
2015-11-16 00:00:00-05:00,60.854052508897084,61.56715393066406,60.32137315381028,61.56715393066406,5244600,0.0,0.0
2015-11-17 00:00:00-05:00,61.79053828240351,61.88504602848339,60.965748770579054,61.09462356567383,5867700,0.0,0.0
2015-11-18 00:00:00-05:00,61.11176299646255,62.00528600953644,61.11176299646255,61.98810577392578,5817000,0.0,0.0
2015-11-19 00:00:00-05:00,61.945143456115765,62.61528405669404,61.91936982606887,62.49500274658203,4851300,0.0,0.0
2015-11-20 00:00:00-05:00,62.61530769266384,63.01911219539896,61.9451668391214,62.220096588134766,4429600,0.0,0.0
2015-11-23 00:00:00-05:00,62.25446802050534,62.49503074851748,62.00531189368056,62.065452575683594,3251400,0.0,0.0
2015-11-24 00:00:00-05:00,61.74757647420717,61.82489740844861,61.00010800232237,61.54137420654297,4873100,0.0,0.0
2015-11-25 00:00:00-05:00,61.601489978753776,61.68741083294822,61.21487235424228,61.59290313720703,4391300,0.0,0.0
2015-11-27 00:00:00-05:00,61.68741950427404,61.85924812713492,61.369529341655436,61.73037338256836,1547500,0.0,0.0
2015-11-30 00:00:00-05:00,61.730348706146124,61.919364048640155,61.36091141531847,61.5499267578125,5377200,0.0,0.0
2015-12-01 00:00:00-05:00,61.859249711361606,62.23728055714713,61.48981226339174,62.03107833862305,4193500,0.0,0.0
2015-12-02 00:00:00-05:00,61.979521997650636,62.23727145569199,61.05163181451096,61.171913146972656,4146000,0.0,0.0
2015-12-03 00:00:00-05:00,61.352343132716086,61.60149264517361,60.24403092501141,60.501773834228516,6807800,0.0,0.0
2015-12-04 00:00:00-05:00,60.57050239403109,61.266416706966716,60.450221069692596,61.085994720458984,4993400,0.0,0.0
2015-12-07 00:00:00-05:00,60.84542670080605,61.077395933027915,60.2869739986216,60.66500473022461,5926400,0.0,0.0
2015-12-08 00:00:00-05:00,60.17532477009632,60.269832513761216,59.548137612578714,60.063636779785156,7669100,0.0,0.0
2015-12-09 00:00:00-05:00,59.659804947705744,60.828257832061546,59.5824774859551,60.02064895629883,6910700,0.0,0.0
2015-12-10 00:00:00-05:00,59.91756813231767,60.69940363698182,59.80588015515569,60.23545837402344,4783000,0.0,0.0
2015-12-11 00:00:00-05:00,59.31615505767924,59.99488935923962,58.83502960030692,59.16150665283203,9094300,0.0,0.0
2015-12-14 00:00:00-05:00,59.273192345310555,59.64262982300921,58.25080078760138,59.1357307434082,6393000,0.0,0.0
2015-12-15 00:00:00-05:00,59.92616489106062,60.6908136391182,59.78869670699267,60.26982879638672,6247200,0.0,0.0
2015-12-16 00:00:00-05:00,60.75092697143555,60.96571599617751,59.96909832989205,60.75092697143555,5581800,0.0,0.0
2015-12-17 00:00:00-05:00,60.8196713002596,60.96572628857974,59.634038043264795,59.77149963378906,4800000,0.0,0.0
2015-12-18 00:00:00-05:00,59.39348753729474,59.39348753729474,58.053205471104334,58.31095504760742,17898900,0.0,0.0
2015-12-21 00:00:00-05:00,58.55150729652961,59.08418004509927,58.41403913248399,58.76629638671875,4733400,0.0,0.0
2015-12-22 00:00:00-05:00,59.05839680179173,59.3934672036262,58.603045053393174,59.15290451049805,3796800,0.0,0.0
2015-12-23 00:00:00-05:00,59.324754802917035,60.1323573992096,59.230247070131185,60.115177154541016,5278000,0.0,0.0
2015-12-24 00:00:00-05:00,59.91756122132558,60.57911527278948,59.91756122132558,60.278411865234375,1956400,0.0,0.0
2015-12-28 00:00:00-05:00,60.140937638997755,60.22685195322792,59.59107816211428,59.93474197387695,2860700,0.0,0.0
2015-12-29 00:00:00-05:00,60.3814961422457,60.665019258848716,60.24403456000401,60.61347198486328,3838800,0.0,0.0
2015-12-30 00:00:00-05:00,60.57911527278948,60.78531095870689,60.20967778498102,60.278411865234375,2792700,0.0,0.0
2015-12-31 00:00:00-05:00,60.14954467503535,60.41588107598994,59.73714669644562,59.75433349609375,3531300,0.0,0.0
2016-01-04 00:00:00-05:00,58.4999517026476,58.57727918131422,57.365865602664144,58.07037353515625,9248300,0.0,0.0
2016-01-05 00:00:00-05:00,57.88136106886576,58.173471058374965,56.420791456793005,57.17685317993164,10809200,0.0,0.0
2016-01-06 00:00:00-05:00,56.2966605060343,56.5641690497919,55.433744161009436,55.58906936645508,9752200,0.29,0.0
2016-01-07 00:00:00-05:00,54.63124781244341,55.44238818213483,54.43277740151143,55.088592529296875,11323900,0.0,0.0
2016-01-08 00:00:00-05:00,55.38198642623607,55.580460136599356,54.85560678519762,54.90738296508789,10003600,0.0,0.0
2016-01-11 00:00:00-05:00,55.00230819361901,55.40787677684151,54.450038777814804,55.269813537597656,8157100,0.0,0.0
2016-01-12 00:00:00-05:00,55.91699487026662,56.003285208246965,54.881491063910104,55.57182693481445,7560000,0.0,0.0
2016-01-13 00:00:00-05:00,54.92463837723448,55.545939331362625,53.69929519456679,54.23430252075195,11291200,0.0,0.0
2016-01-14 00:00:00-05:00,54.23430159604938,55.01092777546798,53.820102064281215,54.61398696899414,6664000,0.0,0.0
2016-01-15 00:00:00-05:00,53.526711929745936,54.40688719567142,53.06936721685181,54.28607940673828,8643800,0.0,0.0
2016-01-19 00:00:00-05:00,54.71752752001296,55.045436666082416,53.70791693553599,54.05308151245117,7652100,0.0,0.0
2016-01-20 00:00:00-05:00,53.10388554149886,54.829718650094094,52.88815640292446,54.38962936401367,9043800,0.0,0.0
2016-01-21 00:00:00-05:00,54.36373193591017,55.50278129408329,53.940901461365485,54.05308151245117,8992300,0.0,0.0
2016-01-22 00:00:00-05:00,50.38569440465474,50.81715265890494,46.71829924352813,47.512184143066406,43783400,0.0,0.0
2016-01-25 00:00:00-05:00,46.99443053547689,48.124852305095615,46.718297526248136,47.477664947509766,18498300,0.0,0.0
2016-01-26 00:00:00-05:00,47.6329805545729,48.09895614792896,47.42587919360428,47.53805923461914,12844800,0.0,0.0
2016-01-27 00:00:00-05:00,47.77968125357325,48.16799430092516,46.95990999622255,47.04620361328125,11044100,0.0,0.0
2016-01-28 00:00:00-05:00,47.18427632391614,47.253307934891026,45.00109854711911,45.63102722167969,18015000,0.0,0.0
2016-01-29 00:00:00-05:00,45.88989787829265,46.34724255144013,45.77771781613315,46.16603088378906,13981100,0.0,0.0
2016-02-01 00:00:00-05:00,46.08837117115031,47.45178085189895,45.73457552985412,47.201534271240234,9861900,0.0,0.0
2016-02-02 00:00:00-05:00,46.8822558130568,46.93402869719728,46.15740580920272,46.304100036621094,11698400,0.0,0.0
2016-02-03 00:00:00-05:00,46.59749579332872,46.847742394094396,45.587884964520725,46.69241714477539,9729800,0.0,0.0
2016-02-04 00:00:00-05:00,46.66652549089617,46.994431387950286,46.43353764292708,46.92539978027344,6904000,0.0,0.0
2016-02-05 00:00:00-05:00,47.21880968481399,47.33098650191481,46.43355550627598,46.58024978637695,9159600,0.0,0.0
2016-02-08 00:00:00-05:00,45.94167353205884,46.12288519766208,45.07012606875083,45.21682357788086,11830600,0.0,0.0
2016-02-09 00:00:00-05:00,45.096013183882704,45.75183154316318,44.7939937366911,45.4152946472168,8588900,0.0,0.0
2016-02-10 00:00:00-05:00,45.73456849566406,46.105622805290814,45.11326764386766,45.12189865112305,7081900,0.0,0.0
2016-02-11 00:00:00-05:00,44.19859338904053,44.51787163884549,43.378821884945616,44.10367202758789,9214500,0.0,0.0
2016-02-12 00:00:00-05:00,44.76809987317389,45.501577432889775,44.56099850674901,45.4411735534668,6107700,0.0,0.0
2016-02-16 00:00:00-05:00,45.74320649178852,46.14877833805818,45.50159090257197,45.8899040222168,7163800,0.0,0.0
2016-02-17 00:00:00-05:00,46.16602304472752,46.597481204024035,45.99343912265601,46.26094436645508,8638900,0.0,0.0
2016-02-18 00:00:00-05:00,46.16603545111136,46.89951320232005,46.12289028194004,46.726932525634766,8502900,0.0,0.0
2016-02-19 00:00:00-05:00,46.81320338493552,47.48627696088439,46.623360769457,47.21014404296875,6557000,0.0,0.0
2016-02-22 00:00:00-05:00,47.21016622760924,48.004051208496094,47.21016622760924,48.004051208496094,6537800,0.0,0.0
2016-02-23 00:00:00-05:00,47.90912399895446,47.97815560655061,47.42588957872073,47.555328369140625,5884100,0.0,0.0
2016-02-24 00:00:00-05:00,46.98580063263311,47.3482239559688,46.21780553071846,47.14975357055664,5596400,0.0,0.0
2016-02-25 00:00:00-05:00,47.27057162643264,47.79695129394531,46.85637204177488,47.79695129394531,4385900,0.0,0.0
2016-02-26 00:00:00-05:00,48.07307937888929,48.23703562728297,47.58984822597827,47.7883186340332,5886800,0.0,0.0
2016-02-29 00:00:00-05:00,47.719280501161165,48.45276148138456,47.296453270984316,47.960899353027344,10380500,0.0,0.0
2016-03-01 00:00:00-05:00,48.349218041156114,49.04818170105457,47.99542235221718,49.01366424560547,9160800,0.0,0.0
2016-03-02 00:00:00-05:00,49.08268918538918,49.38470862979942,48.815183897650776,49.28978729248047,7266200,0.0,0.0
2016-03-03 00:00:00-05:00,49.324299495101116,50.204474586041975,49.324299495101116,50.12681198120117,6848000,0.0,0.0
2016-03-04 00:00:00-05:00,50.42883964569287,50.610054614485335,49.88520461461123,50.29940414428711,5410000,0.0,0.0
2016-03-07 00:00:00-05:00,50.04915851657673,51.32627458026375,49.729880323596305,50.91207504272461,9373500,0.0,0.0
2016-03-08 00:00:00-05:00,50.77400975140891,51.7749928141451,50.66182967861729,51.28313064575195,10556900,0.0,0.0
2016-03-09 00:00:00-05:00,51.54200275907423,51.59377893472156,50.497874571759134,50.95521926879883,6469000,0.0,0.0
2016-03-10 00:00:00-05:00,51.16230660147935,51.30900078780028,50.09228897489077,50.69633102416992,6484100,0.0,0.0
2016-03-11 00:00:00-05:00,51.36941343807115,51.69732259942173,50.929327512172016,51.30900955200195,7837300,0.0,0.0
2016-03-14 00:00:00-04:00,51.35215449404067,51.72320881645158,50.92069628582005,51.4039306640625,4253400,0.0,0.0
2016-03-15 00:00:00-04:00,51.22271853747006,51.25723598383512,50.59278995424945,51.110538482666016,3881900,0.0,0.0
2016-03-16 00:00:00-04:00,50.83441601677976,51.688704886425754,50.67046305025865,51.51612091064453,4882600,0.0,0.0
2016-03-17 00:00:00-04:00,51.386688020072675,52.2064595305586,51.188217577199815,51.84403610229492,4609800,0.0,0.0
2016-03-18 00:00:00-04:00,52.042485972979975,53.026210079994485,51.80086715788256,52.82773971557617,8341300,0.0,0.0
2016-03-21 00:00:00-04:00,52.62928670896231,52.96582366795988,52.508475615686265,52.81912612915039,3665600,0.0,0.0
2016-03-22 00:00:00-04:00,52.43944286892454,52.55162295009906,51.69733405645028,52.30137634277344,4783200,0.0,0.0
2016-03-23 00:00:00-04:00,52.37903793146184,52.56024962623798,52.01661125014398,52.318634033203125,3605100,0.0,0.0
2016-03-24 00:00:00-04:00,51.96482814481809,52.22370241385528,51.429817591474325,52.18055725097656,3549900,0.0,0.0
2016-03-28 00:00:00-04:00,52.439455137564195,52.456713868841604,51.65420096915714,52.016624450683594,3261900,0.0,0.0
2016-03-29 00:00:00-04:00,51.8699164000159,52.33589214548132,51.30901930361136,52.29274368286133,4210300,0.0,0.0
2016-03-30 00:00:00-04:00,52.620649253806974,52.637907979303826,51.9389444096251,52.025238037109375,5103200,0.0,0.0
2016-03-31 00:00:00-04:00,52.21507950086401,53.086627068244276,52.01660908744212,52.98307800292969,6310200,0.0,0.0
2016-04-01 00:00:00-04:00,52.62064452109545,53.20742796815185,52.25822119355385,52.72419357299805,4167500,0.0,0.0
2016-04-04 00:00:00-04:00,52.646534468521544,52.68968292714017,52.17193104960375,52.30999755859375,3367300,0.0,0.0
2016-04-05 00:00:00-04:00,51.89579297821705,52.1546672458945,51.49885221499398,51.93893814086914,4640000,0.0,0.0
2016-04-06 00:00:00-04:00,51.88690434435679,52.06899328788371,51.522723149601894,51.92158889770508,4112100,0.29,0.0
2016-04-07 00:00:00-04:00,51.54876002621388,51.609456366400494,50.89843926046947,51.037174224853516,4051300,0.0,0.0
2016-04-08 00:00:00-04:00,51.15855497472426,52.25109215099912,51.14988548859187,51.59210205078125,4602800,0.0,0.0
2016-04-11 00:00:00-04:00,51.739518324353,52.095030183574075,51.401352056774606,51.85224151611328,4033400,0.0,0.0
2016-04-12 00:00:00-04:00,52.025652015873874,52.64128810421326,51.85223251428058,52.61527633666992,4360300,0.0,0.0
2016-04-13 00:00:00-04:00,52.79735359833347,54.13267916400719,52.75399955948976,53.898563385009766,4689700,0.0,0.0
2016-04-14 00:00:00-04:00,53.898579031755084,54.34946844356532,53.73383231324257,54.20206069946289,4017900,0.0,0.0
2016-04-15 00:00:00-04:00,54.33213413742476,54.48821139164441,53.681813347410404,53.88124465942383,4395700,0.0,0.0
2016-04-18 00:00:00-04:00,53.59509849115072,54.306115534192045,53.525729361243194,54.27143096923828,3140100,0.0,0.0
2016-04-19 00:00:00-04:00,54.410160698548665,55.15586223496425,54.40149121199349,55.121177673339844,4798400,0.0,0.0
2016-04-20 00:00:00-04:00,55.59807294722902,56.647255955384416,55.42465016773891,56.37845230102539,8498700,0.0,0.0
2016-04-21 00:00:00-04:00,58.09532882445927,58.390137765487154,56.70797901143393,56.89006805419922,9466700,0.0,0.0
2016-04-22 00:00:00-04:00,56.40448565892667,57.41898438060602,56.40448565892667,57.16752624511719,5946300,0.0,0.0
2016-04-25 00:00:00-04:00,56.91605889643804,57.098147872233014,56.48251182585859,56.968082427978516,4201700,0.0,0.0
2016-04-26 00:00:00-04:00,57.210879046514535,57.60106879594381,56.907390779843055,57.401634216308594,3979600,0.0,0.0
2016-04-27 00:00:00-04:00,57.56638208044903,57.80916739238227,57.08081145658256,57.427650451660156,4539700,0.0,0.0
2016-04-28 00:00:00-04:00,56.99409564894664,57.653082373472834,56.846684630589614,57.08946990966797,3797800,0.0,0.0
2016-04-29 00:00:00-04:00,56.85536711702299,57.046128901794766,56.23105822700767,56.73397445678711,5051200,0.0,0.0
2016-05-02 00:00:00-04:00,56.86404415386385,57.27157952166216,56.51720512071183,56.95075225830078,4330000,0.0,0.0
2016-05-03 00:00:00-04:00,56.387129605008134,56.40447519204616,55.78016636674019,56.23105239868164,4745400,0.0,0.0
2016-05-04 00:00:00-04:00,55.60676354125276,56.14436447062559,55.34663918090244,55.71949005126953,4998000,0.0,0.0
2016-05-05 00:00:00-04:00,55.892887544373465,56.11833387338415,55.31193605750295,55.42465591430664,4037200,0.0,0.0
2016-05-06 00:00:00-04:00,55.285924820606965,56.10966497339884,55.01712773512778,55.936248779296875,3667700,0.0,0.0
2016-05-09 00:00:00-04:00,55.693469079606146,55.99695075760093,55.29460319291017,55.47669219970703,4261100,0.0,0.0
2016-05-10 00:00:00-04:00,55.78883830145182,56.47384352126714,55.485359958704876,56.22238540649414,4042300,0.0,0.0
2016-05-11 00:00:00-04:00,56.03164125212608,56.63860467234295,55.849552226061014,56.00562286376953,4959500,0.0,0.0
2016-05-12 00:00:00-04:00,56.42182682310359,56.6732849683497,55.55473250793962,55.78884506225586,3607800,0.0,0.0
2016-05-13 00:00:00-04:00,55.79751528947287,56.343788916741254,55.537390976139456,55.598087310791016,4524000,0.0,0.0
2016-05-16 00:00:00-04:00,55.511368290407205,55.75416022560838,55.2078866406605,55.554725646972656,4879500,0.0,0.0
2016-05-17 00:00:00-04:00,55.37263648207423,55.58073723904213,54.27142644437159,54.41883087158203,7977600,0.0,0.0
2016-05-18 00:00:00-04:00,54.219398930857615,55.1558622487395,54.219398930857615,55.077823638916016,5316800,0.0,0.0
2016-05-19 00:00:00-04:00,54.67896295959075,55.08649499565859,54.03731177840225,54.401493072509766,4587000,0.0,0.0
2016-05-20 00:00:00-04:00,54.76566582242499,55.615417683823125,54.58357684663289,55.42465591430664,5278200,0.0,0.0
2016-05-23 00:00:00-04:00,55.37264277547776,55.58074355609745,55.112515145852015,55.138526916503906,3074100,0.0,0.0
2016-05-24 00:00:00-04:00,55.311942094204454,56.44783342614594,55.311942094204454,56.24840545654297,3946100,0.0,0.0
2016-05-25 00:00:00-04:00,56.39581223156247,57.020121165721406,56.36980046187323,56.62992477416992,5755900,0.0,0.0
2016-05-26 00:00:00-04:00,56.61258185484537,56.68195097945269,56.31776638296619,56.5605583190918,3593500,0.0,0.0
2016-05-27 00:00:00-04:00,56.69931469181788,56.96811189769742,56.64729113336551,56.812034606933594,3957100,0.0,0.0
2016-05-31 00:00:00-04:00,56.968092372050265,57.158854174868196,56.70796805353854,57.02012252807617,5256000,0.0,0.0
2016-06-01 00:00:00-04:00,57.0201229780604,57.19353919177009,56.51720669673598,57.15018844604492,3816000,0.0,0.0
2016-06-02 00:00:00-04:00,57.106835685149605,57.583740234375,56.88138929684259,57.583740234375,3052200,0.0,0.0
2016-06-03 00:00:00-04:00,56.82069149521563,57.07214964967107,56.16169793924291,56.786006927490234,4352000,0.0,0.0
2016-06-06 00:00:00-04:00,56.83803461533695,57.401640624004344,56.79467725371427,57.17620086669922,3915200,0.0,0.0
2016-06-07 00:00:00-04:00,57.35828555861409,57.74847532221799,57.12416640812849,57.13283920288086,3779500,0.0,0.0
2016-06-08 00:00:00-04:00,57.176189199901636,57.73112891533275,57.176189199901636,57.45365905761719,2601100,0.0,0.0
2016-06-09 00:00:00-04:00,56.98542602828537,57.03744955801173,56.27440912194511,56.97675323486328,3883800,0.0,0.0
2016-06-10 00:00:00-04:00,56.58656781574921,56.7773295930608,56.10966337247026,56.33510971069336,3939100,0.0,0.0
2016-06-13 00:00:00-04:00,56.187721944828276,56.265757268459545,55.17321973748581,55.20790100097656,5883400,0.0,0.0
2016-06-14 00:00:00-04:00,55.13852333537453,55.19921966808836,52.35515159451877,52.95344543457031,12323200,0.0,0.0
2016-06-15 00:00:00-04:00,53.3002848490938,53.89857869355017,52.77135682494877,53.256927490234375,5979900,0.0,0.0
2016-06-16 00:00:00-04:00,52.84071401475974,53.85521584619337,52.597928721771176,53.69913864135742,5543600,0.0,0.0
2016-06-17 00:00:00-04:00,53.6991469552029,54.132694078491994,53.43034654799093,53.638450622558594,6521500,0.0,0.0
2016-06-20 00:00:00-04:00,54.32344723345874,54.98243730068599,53.95926598779778,54.019962310791016,4289100,0.0,0.0
2016-06-21 00:00:00-04:00,54.019976250630855,54.17605349508959,53.54307502931909,54.01130676269531,3360600,0.0,0.0
2016-06-22 00:00:00-04:00,54.01130388887648,54.314785566008474,53.65579536379235,53.71649169921875,3462800,0.0,0.0
2016-06-23 00:00:00-04:00,54.48819575939243,54.86104650331547,54.16737185451736,54.84370422363281,3624600,0.0,0.0
2016-06-24 00:00:00-04:00,52.44185665558769,53.49971263475442,52.02565183780944,52.07767868041992,10798700,0.0,0.0
2016-06-27 00:00:00-04:00,51.45336270305558,51.45336270305558,49.7105050622662,50.005313873291016,7567600,0.0,0.0
2016-06-28 00:00:00-04:00,50.508239350571195,50.82039380540362,49.55443701209615,50.20475769042969,8294300,0.0,0.0
2016-06-29 00:00:00-04:00,50.50104799852631,52.026101196695386,50.42261655821782,51.9650993347168,6281100,0.29,0.0
2016-06-30 00:00:00-04:00,52.174238908798515,52.94983673095703,51.25920780764916,52.94983673095703,8535400,0.0,0.0
2016-07-01 00:00:00-04:00,52.949841579051544,53.61215220816297,52.78426558394963,52.88883972167969,4166500,0.0,0.0
2016-07-05 00:00:00-04:00,52.479271176469325,52.62741763656135,51.381230783746176,51.546810150146484,4911800,0.0,0.0
2016-07-06 00:00:00-04:00,51.198231501716386,52.05226117720561,50.762501871914544,51.83439636230469,5484400,0.0,0.0
2016-07-07 00:00:00-04:00,51.83438802526715,52.57513027140133,51.74724344306441,52.121971130371094,5077400,0.0,0.0
2016-07-08 00:00:00-04:00,52.88013082797547,53.68187148866522,52.766840230494644,53.58601379394531,5768400,0.0,0.0
2016-07-11 00:00:00-04:00,53.98688576509616,54.43132839279465,53.9084543220491,54.169891357421875,3414400,0.0,0.0
2016-07-12 00:00:00-04:00,54.579488984519095,55.189511071034104,54.579488984519095,54.90192794799805,4531900,0.0,0.0
2016-07-13 00:00:00-04:00,54.88447388076805,55.206912700401936,54.58817776089189,54.98904800415039,3887600,0.0,0.0
2016-07-14 00:00:00-04:00,55.47707829590559,55.773374480808975,55.25921355183993,55.43350601196289,4417200,0.0,0.0
2016-07-15 00:00:00-04:00,55.72981865213153,55.86925199652975,55.17208527453864,55.581668853759766,3675600,0.0,0.0
2016-07-18 00:00:00-04:00,55.738532916978144,55.87796958856943,55.37252162711069,55.764678955078125,3260000,0.0,0.0
2016-07-19 00:00:00-04:00,55.50322117105658,55.921521082019,55.337645161827346,55.912811279296875,3840500,0.0,0.0
2016-07-20 00:00:00-04:00,56.026101565718,56.47054753050691,55.337648137501375,56.191680908203125,8315800,0.0,0.0
2016-07-21 00:00:00-04:00,55.59907689165937,56.104521322601215,54.797336303147524,55.27663803100586,9498600,0.0,0.0
2016-07-22 00:00:00-04:00,55.250505809814605,56.06967280622311,55.22435977741891,56.01738739013672,4063400,0.0,0.0
2016-07-25 00:00:00-04:00,55.94765732356856,56.13937934057408,55.80822736037593,56.060951232910156,3060300,0.0,0.0
2016-07-26 00:00:00-04:00,56.14810679597242,56.25268427539168,55.75594955903129,56.095821380615234,2745900,0.0,0.0
2016-07-27 00:00:00-04:00,56.00867378796474,56.59255644169613,55.95638836921773,56.287540435791016,3168500,0.0,0.0
2016-07-28 00:00:00-04:00,56.087102498358355,56.61869302714009,55.82566213549027,56.461830139160156,3044000,0.0,0.0
2016-07-29 00:00:00-04:00,56.38340370307308,56.41826286652057,55.92153142262866,56.17425537109375,3732700,0.0,0.0
2016-08-01 00:00:00-04:00,56.20037961940787,56.41824433285586,55.738507490690665,55.886653900146484,2913900,0.0,0.0
2016-08-02 00:00:00-04:00,55.73853279336778,55.965114059847906,55.07622522654408,55.311519622802734,2531000,0.0,0.0
2016-08-03 00:00:00-04:00,55.337649614657614,55.79080539473332,55.31150690697891,55.6252326965332,3034500,0.0,0.0
2016-08-04 00:00:00-04:00,55.66881061816931,55.79081104113468,55.34636834385384,55.72109603881836,3680000,0.0,0.0
2016-08-05 00:00:00-04:00,56.243988374693394,57.2635942389496,56.07840896728676,57.09801483154297,4863800,0.0,0.0
2016-08-08 00:00:00-04:00,57.36814880371094,57.734159995920486,57.176426755780795,57.36814880371094,3253700,0.0,0.0
2016-08-09 00:00:00-04:00,57.36815482949552,57.525017735305276,56.7929886252913,56.984710693359375,3701600,0.0,0.0
2016-08-10 00:00:00-04:00,57.01957141182227,57.08057328526288,56.27883247755615,56.41826248168945,2883000,0.0,0.0
2016-08-11 00:00:00-04:00,56.64484517794443,57.22001141266846,56.54898413882376,57.063148498535156,2450100,0.0,0.0
2016-08-12 00:00:00-04:00,56.78426348373827,57.089272760233385,56.653543322753634,56.97597885131836,2103800,0.0,0.0
2016-08-15 00:00:00-04:00,56.88012949449926,57.35943463338924,56.88012949449926,57.19385528564453,3136700,0.0,0.0
2016-08-16 00:00:00-04:00,57.176434537286326,57.22871995794507,56.888851426252096,56.90628433227539,2805600,0.0,0.0
2016-08-17 00:00:00-04:00,56.993419304283016,57.385573190497624,56.7232624961287,57.2374267578125,3054500,0.0,0.0
2016-08-18 00:00:00-04:00,57.09799425786653,57.324575473405886,56.88012949449926,57.19385528564453,2807500,0.0,0.0
2016-08-19 00:00:00-04:00,57.05442692419248,57.23743253280401,56.705841963106415,57.106712341308594,2783200,0.0,0.0
2016-08-22 00:00:00-04:00,57.106699729122816,57.115416179618826,56.609968430108935,56.958553314208984,3230700,0.0,0.0
2016-08-23 00:00:00-04:00,57.281002366816104,57.76030082233346,57.2374267578125,57.2374267578125,3551700,0.0,0.0
2016-08-24 00:00:00-04:00,57.38557342497338,57.62087107662713,56.68841021899833,56.784271240234375,4128200,0.0,0.0
2016-08-25 00:00:00-04:00,56.64484786987305,56.775568079313956,56.435699523991204,56.64484786987305,4243800,0.0,0.0
2016-08-26 00:00:00-04:00,56.88012674130356,57.07184878757954,56.22653248283795,56.461830139160156,3623600,0.0,0.0
2016-08-29 00:00:00-04:00,56.6448588858871,57.315879673411764,56.470569671875,57.09801483154297,4173800,0.0,0.0
2016-08-30 00:00:00-04:00,57.31585774433401,57.490153540367785,56.73198178720665,57.036991119384766,3775800,0.0,0.0
2016-08-31 00:00:00-04:00,57.05442659820525,57.2722913665511,56.522836031544955,57.15028762817383,4783600,0.0,0.0
2016-09-01 00:00:00-04:00,57.12414750799409,57.202575636773645,56.139394455281554,56.5228385925293,3657700,0.0,0.0
2016-09-02 00:00:00-04:00,56.69711563028334,57.22870610734258,56.52282650446561,56.81040954589844,3131700,0.0,0.0
2016-09-06 00:00:00-04:00,56.78428144847516,57.315865413569384,56.68842041000595,57.30715560913086,3956400,0.0,0.0
2016-09-07 00:00:00-04:00,57.07185180683448,57.69058693973679,56.914988910556076,57.68187713623047,3200700,0.0,0.0
2016-09-08 00:00:00-04:00,57.64701667168907,58.135031605199394,57.55987209766292,57.72544479370117,4078900,0.0,0.0
2016-09-09 00:00:00-04:00,57.28970901103457,57.53371645111091,56.74940872192383,56.74940872192383,5144900,0.0,0.0
2016-09-12 00:00:00-04:00,56.40083148458458,57.59472614283249,55.89538363357926,57.42915344238281,4923200,0.0,0.0
2016-09-13 00:00:00-04:00,56.836563975357556,56.92370855624446,55.808241963999244,56.08710861206055,5620300,0.0,0.0
2016-09-14 00:00:00-04:00,56.08710972147698,56.08710972147698,55.19822101656689,55.32022476196289,5403300,0.0,0.0
2016-09-15 00:00:00-04:00,55.250505039493625,55.92152558183176,55.12849798017061,55.6252326965332,4634300,0.0,0.0
2016-09-16 00:00:00-04:00,55.224357384187726,55.72980521346852,55.041351787111175,55.477081298828125,10475800,0.0,0.0
2016-09-19 00:00:00-04:00,55.73851232766824,56.278819257440226,55.48578844029282,55.82565689086914,3388600,0.0,0.0
2016-09-20 00:00:00-04:00,56.22653643779072,56.33111392003482,55.51194358857129,55.52937316894531,2927600,0.0,0.0
2016-09-21 00:00:00-04:00,55.76466678889665,56.209109447393494,55.52937244345037,56.01738739013672,3849300,0.0,0.0
2016-09-22 00:00:00-04:00,56.07839165563065,56.714559722930765,56.060965399091934,56.3223991394043,3213700,0.0,0.0
2016-09-23 00:00:00-04:00,56.217820535838406,56.4966871428672,55.59036900784753,55.64265441894531,5083900,0.0,0.0
2016-09-26 00:00:00-04:00,55.285362472252565,55.88666803670292,54.77120148548399,55.2679328918457,6946600,0.0,0.0
2016-09-27 00:00:00-04:00,55.71237804845775,56.139391126808306,55.40736870677878,56.01738739013672,3916300,0.0,0.0
2016-09-28 00:00:00-04:00,56.00867211416608,56.20911062788181,55.53808673774293,55.96510314941406,3580100,0.0,0.0
2016-09-29 00:00:00-04:00,55.956394916354554,56.479269111119166,54.8670709069674,55.224369049072266,4132500,0.0,0.0
2016-09-30 00:00:00-04:00,55.58166536440551,56.09582973726467,55.45094848218708,55.80824661254883,4307000,0.0,0.0
2016-10-03 00:00:00-04:00,55.62522910880841,55.816951151026416,55.37250520303963,55.6077995300293,2770000,0.0,0.0
2016-10-04 00:00:00-04:00,55.63394823363269,56.10453361399119,55.52065762153129,55.694950103759766,3709400,0.0,0.0
2016-10-05 00:00:00-04:00,55.852602064151995,56.518242389027506,55.78253290306958,56.36935043334961,3345000,0.32,0.0
2016-10-06 00:00:00-04:00,55.6686759021633,55.773776303411964,54.0921531780257,54.24980545043945,7975900,0.0,0.0
2016-10-07 00:00:00-04:00,54.39869920331406,54.53883418135972,53.84691626553616,54.0921516418457,4217400,0.0,0.0
2016-10-10 00:00:00-04:00,54.433724716902354,54.731511913286695,54.18848604035705,54.21476364135742,2522900,0.0,0.0
2016-10-11 00:00:00-04:00,53.89070051046217,54.039595783799136,53.03237346871326,53.30388641357422,3926500,0.0,0.0
2016-10-12 00:00:00-04:00,53.26885949396711,53.47030331771817,53.05865869574055,53.154998779296875,3293800,0.0,0.0
2016-10-13 00:00:00-04:00,52.75211106716415,53.04114134072337,52.11274501662939,52.90976333618164,4220500,0.0,0.0
2016-10-14 00:00:00-04:00,53.43526453386315,53.601677105538954,52.638246276036405,52.68204116821289,4963800,0.0,0.0
2016-10-17 00:00:00-04:00,52.78713517870225,52.918509816108966,52.35797001124644,52.46307373046875,3903900,0.0,0.0
2016-10-18 00:00:00-04:00,53.00609398850504,53.049885532439916,52.44555420754509,52.620723724365234,3416600,0.0,0.0
2016-10-19 00:00:00-04:00,52.91851344456117,54.0220791844979,52.787138798146515,53.64546585083008,7888500,0.0,0.0
2016-10-20 00:00:00-04:00,57.22767344880766,59.3647360560505,56.71092842809793,58.4888916015625,25870700,0.0,0.0
2016-10-21 00:00:00-04:00,58.19985419953649,59.198316220788016,58.15606599147301,58.99687576293945,8561200,0.0,0.0
2016-10-24 00:00:00-04:00,59.28590701307612,59.496107788989725,58.74288110295694,58.76039505004883,5174000,0.0,0.0
2016-10-25 00:00:00-04:00,58.62025470543022,59.01438193690109,58.339984818522645,58.45384216308594,3882300,0.0,0.0
2016-10-26 00:00:00-04:00,58.243648900533486,58.74287990953729,57.92834440198771,58.506404876708984,3621800,0.0,0.0
2016-10-27 00:00:00-04:00,58.68159007615602,58.874276963462805,58.18235890548126,58.62028121948242,4751300,0.0,0.0
2016-10-28 00:00:00-04:00,58.812950873697304,58.87425971240648,58.06848449446818,58.19985580444336,4994500,0.0,0.0
2016-10-31 00:00:00-04:00,58.515166606069364,58.53268723739192,58.07724437328714,58.173587799072266,3233400,0.0,0.0
2016-11-01 00:00:00-04:00,58.4801402252923,58.51517481068676,57.569267733692065,58.02470397949219,3761600,0.0,0.0
2016-11-02 00:00:00-04:00,57.59552906160932,57.8320041071857,57.05250313324839,57.324012756347656,3659000,0.0,0.0
2016-11-03 00:00:00-04:00,57.394068753183845,57.595515857215844,56.964906970702835,57.218902587890625,3796500,0.0,0.0
2016-11-04 00:00:00-04:00,57.367803711558814,57.87579502753271,56.95615580662004,57.376564025878906,3429900,0.0,0.0
2016-11-07 00:00:00-05:00,58.55021680731486,58.97062520309935,58.3750505403341,58.68159484863281,4012100,0.0,0.0
2016-11-08 00:00:00-05:00,58.49764641983759,58.909294343908684,58.07723818103925,58.742881774902344,3956000,0.0,0.0
2016-11-09 00:00:00-05:00,58.82170323282067,60.43325345073619,58.73411346180067,60.20553207397461,9319100,0.0,0.0
2016-11-10 00:00:00-05:00,60.6434656784408,61.659448411548375,60.47705978276206,61.405452728271484,9418700,0.0,0.0
2016-11-11 00:00:00-05:00,61.28282811585814,61.82584731746465,61.002558200852945,61.74702453613281,4656100,0.0,0.0
2016-11-14 00:00:00-05:00,62.00978997899351,63.65637514595048,61.86089134345873,63.428653717041016,8084100,0.0,0.0
2016-11-15 00:00:00-05:00,63.17467864372919,63.48122964823371,62.395177360280975,63.472469329833984,4431200,0.0,0.0
2016-11-16 00:00:00-05:00,63.017011736344536,63.411145787117896,62.43019750053396,62.78053665161133,4663700,0.0,0.0
2016-11-17 00:00:00-05:00,62.500265193150746,63.060805148789136,62.46523061065293,62.86811828613281,3797400,0.0,0.0
2016-11-18 00:00:00-05:00,62.64914439729592,62.7104532336394,61.98350082973672,62.1849479675293,5430600,0.0,0.0
2016-11-21 00:00:00-05:00,62.456481252630844,62.77178586826883,62.14993695469517,62.657928466796875,3368200,0.0,0.0
2016-11-22 00:00:00-05:00,62.903138667900265,62.9556871887022,62.071089238447726,62.815555572509766,4086200,0.0,0.0
2016-11-23 00:00:00-05:00,63.00826500214,63.866589000002506,62.63165154286769,63.8315544128418,4661400,0.0,0.0
2016-11-25 00:00:00-05:00,63.91036166012973,64.0942881670836,63.46367918200637,63.81401824951172,1900400,0.0,0.0
2016-11-28 00:00:00-05:00,63.52499118458023,63.73519196269785,63.03452047491839,63.174652099609375,4467700,0.0,0.0
2016-11-29 00:00:00-05:00,63.235950004184424,63.28850520124819,62.52651832435396,62.61410140991211,3814800,0.0,0.0
2016-11-30 00:00:00-05:00,63.06079824604416,63.349828508390885,62.86811140447966,63.09583282470703,4812500,0.0,0.0
2016-12-01 00:00:00-05:00,63.454924740066474,63.73519468357553,62.86811058993229,63.524993896484375,4298200,0.0,0.0
2016-12-02 00:00:00-05:00,63.516244393647476,63.638868779334196,62.561577033051826,62.93819046020508,2959100,0.0,0.0
2016-12-05 00:00:00-05:00,63.349822624877824,63.62133223159579,63.05203207498153,63.087066650390625,3929100,0.0,0.0
2016-12-06 00:00:00-05:00,63.472436572219564,63.70891158964856,63.130857834732346,63.332298278808594,3843900,0.0,0.0
2016-12-07 00:00:00-05:00,63.47243108724414,65.44308056345115,63.262230347453816,65.06646728515625,5801500,0.0,0.0
2016-12-08 00:00:00-05:00,65.51316128482236,65.86349368568058,64.80372280411133,65.60950469970703,3415800,0.0,0.0
2016-12-09 00:00:00-05:00,65.54820155013259,65.60951708223334,65.06649106695788,65.48689270019531,2566900,0.0,0.0
2016-12-12 00:00:00-05:00,65.42559818600598,65.42559818600598,64.06804287360146,64.44465637207031,3654900,0.0,0.0
2016-12-13 00:00:00-05:00,64.52347130014982,65.01394882930943,64.03300045315434,64.67236328125,2892900,0.0,0.0
2016-12-14 00:00:00-05:00,64.40083777696653,66.32769946967824,64.14684209865698,64.87379455566406,5415800,0.0,0.0
2016-12-15 00:00:00-05:00,65.2854336554524,66.336444122168,65.11026078955874,65.63577270507812,4061600,0.0,0.0
2016-12-16 00:00:00-05:00,65.94231962917063,66.02114241050246,65.32047096407041,65.68832397460938,8200600,0.0,0.0
2016-12-19 00:00:00-05:00,65.40806972455466,65.80219708992938,64.93511287680693,65.2942123413086,3076600,0.0,0.0
2016-12-20 00:00:00-05:00,65.68831147446339,66.12623355095981,65.27666365341105,65.74085998535156,3244900,0.0,0.0
2016-12-21 00:00:00-05:00,65.78470132951117,66.18758912258771,65.4168481291585,65.9686279296875,3244500,0.0,0.0
2016-12-22 00:00:00-05:00,65.6883564271356,66.01242139108894,65.2504340509547,65.32050323486328,2865200,0.0,0.0
2016-12-23 00:00:00-05:00,65.46058599841069,65.89850804730965,65.46058599841069,65.66203308105469,1957500,0.0,0.0
2016-12-27 00:00:00-05:00,65.77592684632347,65.78468716315928,65.50441716388815,65.67082977294922,2049400,0.0,0.0
2016-12-28 00:00:00-05:00,65.714597039663,66.02114120953591,64.94385645795946,65.13654327392578,2517300,0.0,0.0
2016-12-29 00:00:00-05:00,65.04897591614457,65.4080754118704,64.3745785100015,64.742431640625,2573700,0.0,0.0
2016-12-30 00:00:00-05:00,64.77743413561737,65.11025251527803,64.67233042943786,64.88253784179688,3378800,0.0,0.0
2017-01-03 00:00:00-05:00,65.59198543179592,66.3452121371671,65.46060743766608,65.994873046875,5853900,0.0,0.0
2017-01-04 00:00:00-05:00,66.19717951331474,67.3318382929269,66.021259521905,67.0767593383789,4635800,0.32,0.0
2017-01-05 00:00:00-05:00,66.84808418832287,67.00640886666912,65.81017945486713,66.24996948242188,3383000,0.0,0.0
2017-01-06 00:00:00-05:00,66.32033426961624,66.77771292332098,66.02127357588923,66.38190460205078,3089600,0.0,0.0
2017-01-09 00:00:00-05:00,66.97120344314453,67.28785269857897,66.4346592442507,66.72492218017578,4818700,0.0,0.0
2017-01-10 00:00:00-05:00,67.30543489143464,68.6072157846546,66.95360838414429,67.41978454589844,9561400,0.0,0.0
2017-01-11 00:00:00-05:00,67.43740972240916,68.11469020825879,66.93604929617298,67.64851379394531,4500200,0.0,0.0
2017-01-12 00:00:00-05:00,67.57813348556127,67.68367879147893,66.7073444477633,67.62210845947266,4056700,0.0,0.0
2017-01-13 00:00:00-05:00,67.66608499214276,68.28178826532745,67.20870637644303,67.39341735839844,3454300,0.0,0.0
2017-01-17 00:00:00-05:00,68.07945979455003,68.34332963812493,67.26145052921476,67.37579345703125,6450300,0.0,0.0
2017-01-18 00:00:00-05:00,67.82440008655223,68.26418999414982,67.29665353956742,68.15863800048828,5988400,0.0,0.0
2017-01-19 00:00:00-05:00,68.26419849242602,68.41372546906521,67.3846185677311,67.45498657226562,8111400,0.0,0.0
2017-01-20 00:00:00-05:00,66.83929866470343,67.64851756267915,66.31155187779024,67.02400970458984,8465900,0.0,0.0
2017-01-23 00:00:00-05:00,66.77767361444721,67.27024269463425,66.61055807373391,66.8216552734375,4444300,0.0,0.0
2017-01-24 00:00:00-05:00,67.1383440642524,68.30818709317141,66.927240029262,68.10588073730469,4024300,0.0,0.0
2017-01-25 00:00:00-05:00,68.60722400176383,68.62481264497075,67.19989767206502,67.63088989257812,5278300,0.0,0.0
2017-01-26 00:00:00-05:00,67.68366530408332,68.13225289683149,67.40220002661931,67.66607666015625,3344900,0.0,0.0
2017-01-27 00:00:00-05:00,67.7276490752449,67.99152571694562,67.32304314578907,67.59571075439453,3530900,0.0,0.0
2017-01-30 00:00:00-05:00,67.57812210701444,68.00911435848941,67.32304314289118,67.97393035888672,5344500,0.0,0.0
2017-01-31 00:00:00-05:00,67.60449797219553,67.94753352693498,66.82167255644035,67.18229675292969,5568100,0.0,0.0
2017-02-01 00:00:00-05:00,67.59569948025415,68.11465499953364,67.35821591086228,67.51654052734375,3916800,0.0,0.0
2017-02-02 00:00:00-05:00,67.05035726930116,67.63087632795376,66.90082363405828,67.29663848876953,3655500,0.0,0.0
2017-02-03 00:00:00-05:00,67.85080217731088,68.97666352872963,67.64850253076753,68.64242553710938,5235800,0.0,0.0
2017-02-06 00:00:00-05:00,68.36096453820029,68.9678769376777,68.14986719907644,68.44892120361328,3229500,0.0,0.0
2017-02-07 00:00:00-05:00,68.66000058157907,68.94146586366857,68.18502665980395,68.36094665527344,2060200,0.0,0.0
2017-02-08 00:00:00-05:00,68.2026427409413,68.55447612813806,67.79803669439731,68.43133544921875,2223100,0.0,0.0
2017-02-09 00:00:00-05:00,68.43129561485604,68.93265571880032,68.31694597194924,68.76553344726562,3031800,0.0,0.0
2017-02-10 00:00:00-05:00,69.04702284958846,69.21414517969362,68.80953922687357,69.02943420410156,2191200,0.0,0.0
2017-02-13 00:00:00-05:00,69.32848050658309,69.64512977572481,69.02942659165004,69.40764617919922,3317100,0.0,0.0
2017-02-14 00:00:00-05:00,69.48681164917508,69.88261991734227,69.19654867349938,69.84744262695312,3511200,0.0,0.0
2017-02-15 00:00:00-05:00,70.18168685645531,70.45435450069466,69.19655487077948,70.01456451416016,5704100,0.0,0.0
2017-02-16 00:00:00-05:00,69.89142786045922,70.0145685268934,69.41645384250033,69.93540954589844,4295000,0.0,0.0
2017-02-17 00:00:00-05:00,69.68032817765925,70.17289082674064,69.3988628480895,70.11132049560547,2690300,0.0,0.0
2017-02-21 00:00:00-05:00,70.29598416596879,70.7621601751158,70.04970300722381,70.3399658203125,3505500,0.0,0.0
2017-02-22 00:00:00-05:00,70.21686929033842,70.34000994696117,69.82985196343121,70.24325561523438,2943000,0.0,0.0
2017-02-23 00:00:00-05:00,70.25205284341814,70.7622041130154,70.1640894801122,70.4103775024414,3339500,0.0,0.0
2017-02-24 00:00:00-05:00,70.15528106689453,70.26962401583133,69.71549120237654,70.15528106689453,3932300,0.0,0.0
2017-02-27 00:00:00-05:00,70.14648540137163,70.63904791633966,70.0057494195745,70.51590728759766,2619400,0.0,0.0
2017-02-28 00:00:00-05:00,70.47193065340386,70.79737085992767,70.16407237819588,70.41915130615234,4415300,0.0,0.0
2017-03-01 00:00:00-05:00,71.28996074494599,72.12555904967097,71.26356770833695,72.05519104003906,4746400,0.0,0.0
2017-03-02 00:00:00-05:00,71.82648707504174,71.82648707504174,70.4191540777316,70.45433807373047,4409800,0.0,0.0
2017-03-03 00:00:00-05:00,70.45436532593158,70.94693474978357,70.20808396933741,70.26085662841797,4579600,0.0,0.0
2017-03-06 00:00:00-05:00,69.9266128540039,70.08493752889233,69.56598181816685,69.9266128540039,3670300,0.0,0.0
2017-03-07 00:00:00-05:00,70.1640943983036,70.38398940065723,69.777083757412,69.99697875976562,4433500,0.0,0.0
2017-03-08 00:00:00-05:00,70.36638371433169,70.69183065484853,69.46041759771548,69.52198791503906,4326800,0.0,0.0
2017-03-09 00:00:00-05:00,69.65392470376854,70.1025055584638,69.31968009360995,69.75067901611328,4573500,0.0,0.0
2017-03-10 00:00:00-05:00,69.82103729248047,69.89140528218577,69.38124742281356,69.82103729248047,3762800,0.0,0.0
2017-03-13 00:00:00-04:00,69.82105866815184,69.96179469064869,69.53959333382102,69.6715316772461,3664300,0.0,0.0
2017-03-14 00:00:00-04:00,69.45162324758046,70.19047380151663,69.33728028440558,70.09371948242188,3321400,0.0,0.0
2017-03-15 00:00:00-04:00,70.2344603561034,70.26964436073081,69.47802103327062,69.68912506103516,4337200,0.0,0.0
2017-03-16 00:00:00-04:00,69.9002230463441,70.45435602553206,69.82985503641657,70.16409301757812,3474800,0.0,0.0
2017-03-17 00:00:00-04:00,70.29603546338849,70.33121947040678,69.4692347857797,69.70671844482422,6672600,0.0,0.0
2017-03-20 00:00:00-04:00,69.61875031105141,70.01455858112662,69.3372850119472,69.35487365722656,3099500,0.0,0.0
2017-03-21 00:00:00-04:00,69.4252534358111,69.60116676109196,68.00912902211161,68.19384002685547,6804000,0.0,0.0
2017-03-22 00:00:00-04:00,68.10584309994847,68.76552774574004,67.78039625885397,68.31694030761719,4877300,0.0,0.0
2017-03-23 00:00:00-04:00,68.22900049157265,68.95905328984298,68.17622785433026,68.46648406982422,4082900,0.0,0.0
2017-03-24 00:00:00-04:00,68.70398312388122,69.34607266111651,68.49288583731936,68.78314208984375,4726800,0.0,0.0
2017-03-27 00:00:00-04:00,67.91238115564585,68.44892557277565,67.43740707930155,68.25541687011719,3835300,0.0,0.0
2017-03-28 00:00:00-04:00,68.17623557847908,69.36366702559094,68.07068358137474,69.17015838623047,4235900,0.0,0.0
2017-03-29 00:00:00-04:00,69.00300059642512,69.78582571820615,68.73033313240154,68.82708740234375,2913600,0.0,0.0
2017-03-30 00:00:00-04:00,68.78315398955766,69.7506973675663,68.68639965175679,69.6715316772461,2924100,0.0,0.0
2017-03-31 00:00:00-04:00,69.42524772370375,69.86503771138446,69.31090474274532,69.58357238769531,5228400,0.0,0.0
2017-04-03 00:00:00-04:00,69.63632514791064,69.64512282413683,68.58083216323261,69.12616729736328,3022700,0.0,0.0
2017-04-04 00:00:00-04:00,69.03822950438082,69.14378151591312,68.73917553769984,68.83592987060547,2563700,0.0,0.0
2017-04-05 00:00:00-04:00,69.40998440026969,69.79859063537857,68.58862315677489,68.67694091796875,2858400,0.32,0.0
2017-04-06 00:00:00-04:00,68.67693025635691,69.15385417862055,68.13818323703384,68.8182373046875,2914800,0.0,0.0
2017-04-07 00:00:00-04:00,68.4296714437203,69.10089204450207,68.33251985235691,68.685791015625,2203000,0.0,0.0
2017-04-10 00:00:00-04:00,68.81823366217833,68.98604209026286,68.32364891188102,68.43846130371094,2217100,0.0,0.0
2017-04-11 00:00:00-04:00,68.47382552528532,68.50915398850982,67.73194801221665,68.23536682128906,4642300,0.0,0.0
2017-04-12 00:00:00-04:00,68.35014057290245,68.42963125470341,67.63475812775158,67.72307586669922,3055800,0.0,0.0
2017-04-13 00:00:00-04:00,67.41399793412691,67.83792601231993,66.85758306645252,66.94590759277344,3666600,0.0,0.0
2017-04-17 00:00:00-04:00,66.97237903786451,67.74958473725897,66.79573678467511,67.7142562866211,4160800,0.0,0.0
2017-04-18 00:00:00-04:00,67.51995244943224,67.55528089968932,66.70741830815808,66.93704986572266,3845900,0.0,0.0
2017-04-19 00:00:00-04:00,67.2903394835068,67.37865725560053,66.68976919976969,66.72509765625,5283600,0.0,0.0
2017-04-20 00:00:00-04:00,68.44732685626123,70.9025976318295,68.41199839510445,70.67296600341797,11099300,0.0,0.0
2017-04-21 00:00:00-04:00,70.54932393673026,71.07041034688504,70.20487984282092,70.29319763183594,5837800,0.0,0.0
2017-04-24 00:00:00-04:00,71.22052757628234,71.46781999856871,70.86724979949615,71.05271911621094,3563200,0.0,0.0
2017-04-25 00:00:00-04:00,71.59147290583198,71.89176140256153,71.21170043945312,71.21170043945312,5061300,0.0,0.0
2017-04-26 00:00:00-04:00,71.20286459531891,71.46781786634388,70.78776372534558,71.11454010009766,3661600,0.0,0.0
2017-04-27 00:00:00-04:00,71.33533867971254,71.42366317594659,70.72594143261823,70.94673919677734,2922700,0.0,0.0
2017-04-28 00:00:00-04:00,70.60231646109807,70.80544669182724,69.81627672330598,69.99291229248047,5313200,0.0,0.0
2017-05-01 00:00:00-04:00,69.96640118750443,70.20485982366925,69.66611270462317,69.97523498535156,3458100,0.0,0.0
2017-05-02 00:00:00-04:00,69.90460221108648,70.35503172179646,69.90460221108648,70.2490463256836,3334900,0.0,0.0
2017-05-03 00:00:00-04:00,69.97522599031215,70.22251839253563,69.49830204107576,69.6219482421875,3800600,0.0,0.0
2017-05-04 00:00:00-04:00,69.97523220605285,70.14303392920274,68.88007041576444,69.18035888671875,3902200,0.0,0.0
2017-05-05 00:00:00-04:00,69.4276579233262,69.53364328873604,68.78292540895713,69.1715316772461,2936700,0.0,0.0
2017-05-08 00:00:00-04:00,69.33050943581138,69.54247343783237,68.84475157887354,69.03022766113281,2608600,0.0,0.0
2017-05-09 00:00:00-04:00,69.03022677053782,69.54247254062862,68.96839691843967,69.27751922607422,2570600,0.0,0.0
2017-05-10 00:00:00-04:00,69.13622941515361,69.47184649699689,69.01258314443757,69.4630126953125,2396900,0.0,0.0
2017-05-11 00:00:00-04:00,69.0655296929252,69.28632743073916,68.22650098451699,68.8182373046875,3780600,0.0,0.0
2017-05-12 00:00:00-04:00,68.62393058507243,68.72108212362538,68.2000027243067,68.43846130371094,2865800,0.0,0.0
2017-05-15 00:00:00-04:00,68.42964781665277,69.43648510840491,68.42964781665277,69.18035888671875,3327000,0.0,0.0
2017-05-16 00:00:00-04:00,69.41881639399598,69.45414484519816,68.74758929758072,69.00371551513672,2457500,0.0,0.0
2017-05-17 00:00:00-04:00,69.00372186949313,69.00372186949313,67.33449114120064,67.44931030273438,4441600,0.0,0.0
2017-05-18 00:00:00-04:00,67.3609783283857,67.87323075387012,67.09602505666867,67.4581298828125,3545700,0.0,0.0
2017-05-19 00:00:00-04:00,67.60828850550642,68.31483741683242,67.38749070730192,67.82908630371094,3283900,0.0,0.0
2017-05-22 00:00:00-04:00,67.96155097563965,68.11169858042513,67.56411768454527,67.98805236816406,2800000,0.0,0.0
2017-05-23 00:00:00-04:00,68.0233602681053,68.3766379763445,67.84672478309162,68.18233489990234,2239600,0.0,0.0
2017-05-24 00:00:00-04:00,68.41198371339948,68.41198371339948,67.94389349540401,68.11170196533203,2091300,0.0,0.0
2017-05-25 00:00:00-04:00,68.43848840552623,68.8182609143845,68.23535819044768,68.39433288574219,3185200,0.0,0.0
2017-05-26 00:00:00-04:00,68.15583825399034,68.53561060003298,68.02335827500586,68.4119644165039,1858800,0.0,0.0
2017-05-30 00:00:00-04:00,68.2176698147674,68.37664446164266,67.99687206845245,68.08518981933594,2073000,0.0,0.0
2017-05-31 00:00:00-04:00,68.08520919579865,68.10287679393088,67.10487312232057,67.9527359008789,3117100,0.0,0.0
2017-06-01 00:00:00-04:00,68.20886084307065,69.22452535486873,67.9615616415242,69.1362075805664,3553400,0.0,0.0
2017-06-02 00:00:00-04:00,68.68576427536821,69.54246066302292,68.68576427536821,69.32166290283203,3534800,0.0,0.0
2017-06-05 00:00:00-04:00,69.55130994779512,69.9487433093539,69.42766371361175,69.74561309814453,2738600,0.0,0.0
2017-06-06 00:00:00-04:00,69.29518151653062,69.7102824632761,69.1450406280269,69.6396255493164,2878000,0.0,0.0
2017-06-07 00:00:00-04:00,69.69262110041416,70.73478025182699,69.58663573024029,70.48748779296875,4284000,0.0,0.0
2017-06-08 00:00:00-04:00,70.4874911548104,70.83193520153579,70.36384491948407,70.61113739013672,4079800,0.0,0.0
2017-06-09 00:00:00-04:00,70.9997264186698,71.30001487297743,70.41682384228048,70.92906951904297,3849400,0.0,0.0
2017-06-12 00:00:00-04:00,70.9643945693133,71.30001145735663,70.71710217067873,70.805419921875,3352300,0.0,0.0
2017-06-13 00:00:00-04:00,70.831924717635,71.30884872825274,70.71711229845819,71.1763687133789,3174400,0.0,0.0
2017-06-14 00:00:00-04:00,70.75244523915696,71.46782793135044,70.31968345212013,71.39717102050781,4013100,0.0,0.0
2017-06-15 00:00:00-04:00,70.99086253584692,71.75040703940954,70.85838932795457,71.27348327636719,2773400,0.0,0.0
2017-06-16 00:00:00-04:00,71.41484114043891,71.96242211149475,71.33535042837903,71.93592071533203,5914700,0.0,0.0
2017-06-19 00:00:00-04:00,72.03306058827609,72.36867750302413,71.79460196725098,72.31568145751953,3076500,0.0,0.0
2017-06-20 00:00:00-04:00,72.40401061695496,73.13705412181267,72.24503594662886,72.87210083007812,3929100,0.0,0.0
2017-06-21 00:00:00-04:00,72.95159890882944,73.1282412090379,72.4128516850695,72.6071548461914,2683400,0.0,0.0
2017-06-22 00:00:00-04:00,72.51880986003438,72.97806619185853,72.47464761699587,72.6424560546875,2312100,0.0,0.0
2017-06-23 00:00:00-04:00,72.76613058872357,73.03991773519674,72.4746758428693,72.6159896850586,3785300,0.0,0.0
2017-06-26 00:00:00-04:00,72.86325657435215,73.56097826407388,72.81026727125335,73.26952362060547,2491600,0.0,0.0
2017-06-27 00:00:00-04:00,73.35786645840071,73.76413364358726,73.31371093678912,73.37553405761719,2994500,0.0,0.0
2017-06-28 00:00:00-04:00,73.75530053610547,74.42652101058268,73.65814896302324,74.16156768798828,3668500,0.0,0.0
2017-06-29 00:00:00-04:00,75.00059213092143,75.41569305667583,73.44618053169773,73.86127471923828,5092600,0.0,0.0
2017-06-30 00:00:00-04:00,74.26752915549064,74.75328690862335,73.82593364835643,74.40000915527344,3320800,0.0,0.0
2017-07-03 00:00:00-04:00,74.79747908851657,75.72482598169434,74.79747908851657,75.15958404541016,2306900,0.0,0.0
2017-07-05 00:00:00-04:00,75.54965016598227,76.13475306047071,75.18617172435548,75.25709533691406,3501200,0.32,0.0
2017-07-06 00:00:00-04:00,75.06206304727877,75.21277065978909,74.21986708216971,74.23759460449219,3213400,0.0,0.0
2017-07-07 00:00:00-04:00,74.40602411572807,75.07978483383548,74.2641769061698,74.76063537597656,2454600,0.0,0.0
2017-07-10 00:00:00-04:00,74.58333257242205,74.9734056675302,74.44149211470405,74.73404693603516,2147000,0.0,0.0
2017-07-11 00:00:00-04:00,74.671973141048,74.74288997162789,74.06026897722876,74.60991668701172,2733200,0.0,0.0
2017-07-12 00:00:00-04:00,74.7163060282017,75.33687742119388,74.52126949793693,75.19503021240234,4629100,0.0,0.0
2017-07-13 00:00:00-04:00,75.29252137917712,75.7357836016464,75.12407957027247,75.6825942993164,3309400,0.0,0.0
2017-07-14 00:00:00-04:00,75.2216306604895,75.85106247972254,74.99113231029293,75.60283660888672,3354700,0.0,0.0
2017-07-17 00:00:00-04:00,75.4698460998531,75.81559019553522,75.15956380419566,75.54963684082031,2190500,0.0,0.0
2017-07-18 00:00:00-04:00,75.31914581307325,75.85105933763693,75.1418435594345,75.81559753417969,2816000,0.0,0.0
2017-07-19 00:00:00-04:00,76.02835432550064,76.22339082670187,75.62055380646454,76.17906188964844,5539700,0.0,0.0
2017-07-20 00:00:00-04:00,75.30141484221309,75.753537597366,74.9379364461697,75.66488647460938,5386400,0.0,0.0
2017-07-21 00:00:00-04:00,76.05495640176717,76.48935161995402,75.73580696205732,75.87764739990234,3570400,0.0,0.0
2017-07-24 00:00:00-04:00,75.75354774548288,75.94858429986326,74.34397644297603,75.3546142578125,5389100,0.0,0.0
2017-07-25 00:00:00-04:00,76.09928541270892,76.329783754007,75.42553143606447,75.71808624267578,3255200,0.0,0.0
2017-07-26 00:00:00-04:00,75.71807795057374,75.99289844348635,75.50530715253169,75.62055969238281,3038100,0.0,0.0
2017-07-27 00:00:00-04:00,75.51417779677858,75.53190531561452,73.87410837674994,74.33509826660156,6119300,0.0,0.0
2017-07-28 00:00:00-04:00,74.36167651765814,75.44323754645727,74.13118500541725,75.17728424072266,3321200,0.0,0.0
2017-07-31 00:00:00-04:00,75.50531374068471,75.97517079097618,75.21275894058527,75.55850982666016,3079800,0.0,0.0
2017-08-01 00:00:00-04:00,75.99290240835026,76.09928104927481,75.4787164317248,75.56736755371094,3148800,0.0,0.0
2017-08-02 00:00:00-04:00,75.4875796345182,75.67374901006997,75.32800491781,75.62055969238281,3252300,0.0,0.0
2017-08-03 00:00:00-04:00,75.5673605128507,76.13473575707421,75.47870939912448,75.83332061767578,2381800,0.0,0.0
2017-08-04 00:00:00-04:00,76.23225083197703,76.53367272245099,76.09927078511046,76.21452331542969,2840200,0.0,0.0
2017-08-07 00:00:00-04:00,76.32977784983402,76.4095685925777,75.95743908675531,76.10814666748047,2089100,0.0,0.0
2017-08-08 00:00:00-04:00,75.73580538470803,76.83509411878771,75.71807786671418,76.18793487548828,2922800,0.0,0.0
2017-08-09 00:00:00-04:00,76.01061550572119,76.21451913488482,75.56735321624404,75.96629333496094,2961000,0.0,0.0
2017-08-10 00:00:00-04:00,75.7446539297737,75.86876681620033,74.95564768164232,74.96450805664062,3755200,0.0,0.0
2017-08-11 00:00:00-04:00,75.14184934774975,75.2305004813981,74.4414938937264,74.72518157958984,3078600,0.0,0.0
2017-08-14 00:00:00-04:00,75.12409715030437,75.94856534757947,75.10636963326081,75.7712631225586,2893600,0.0,0.0
2017-08-15 00:00:00-04:00,76.23226760972476,77.10106491197085,76.13474933813649,76.94149017333984,3774100,0.0,0.0
2017-08-16 00:00:00-04:00,77.12766738528539,77.8191557348318,77.1188002423391,77.4734115600586,3379600,0.0,0.0
2017-08-17 00:00:00-04:00,77.42907893964059,77.68617196371245,76.28546780875425,76.3209228515625,3870400,0.0,0.0
2017-08-18 00:00:00-04:00,76.23227087947073,76.35638381887966,75.54078257029299,75.69149017333984,4271200,0.0,0.0
2017-08-21 00:00:00-04:00,75.75353298660072,75.921974844139,75.31027063614981,75.62055969238281,2505100,0.0,0.0
2017-08-22 00:00:00-04:00,75.77126726826091,76.00176558431646,75.27481560012285,75.62055969238281,2155300,0.0,0.0
2017-08-23 00:00:00-04:00,75.09751772507158,75.80674029630056,75.0886505829281,75.60283660888672,1960400,0.0,0.0
2017-08-24 00:00:00-04:00,75.78898232952815,75.8244441233733,75.39004898515006,75.67373657226562,2057900,0.0,0.0
2017-08-25 00:00:00-04:00,75.7978577799471,76.20565830841217,75.72693418448021,75.7712631225586,2302100,0.0,0.0
2017-08-28 00:00:00-04:00,75.9397174421727,75.96631210392873,75.5407772248898,75.71808624267578,2105500,0.0,0.0
2017-08-29 00:00:00-04:00,75.13297399914435,75.80673471584875,74.82269168344075,75.72694396972656,2779400,0.0,0.0
2017-08-30 00:00:00-04:00,75.69146611620599,76.01061550572119,75.5496257006691,75.96629333496094,2131700,0.0,0.0
2017-08-31 00:00:00-04:00,76.24113707576556,76.48936295150301,75.97517691539096,76.32978820800781,3792300,0.0,0.0
2017-09-01 00:00:00-04:00,76.51594194531361,76.71984559499695,76.28545040141508,76.365234375,2262700,0.0,0.0
2017-09-05 00:00:00-04:00,75.99291877880232,76.1613606814148,75.07093203150791,75.62944030761719,3089800,0.0,0.0
2017-09-06 00:00:00-04:00,75.85992500471609,76.09928371884007,75.35460615165675,75.55850982666016,2823300,0.0,0.0
2017-09-07 00:00:00-04:00,75.59396329847556,75.81559448844413,74.53900343350523,74.83155822753906,2905400,0.0,0.0
2017-09-08 00:00:00-04:00,74.6276560605183,75.36347324931607,74.48580884952955,74.68971252441406,3462100,0.0,0.0
2017-09-11 00:00:00-04:00,75.32799455593052,76.34749917445713,75.32799455593052,75.96629333496094,3397500,0.0,0.0
2017-09-12 00:00:00-04:00,76.21453562830997,76.77304379900427,76.07268841843046,76.72872161865234,3333300,0.0,0.0
2017-09-13 00:00:00-04:00,76.61348850421369,76.92377089997522,76.58689383652683,76.80852508544922,2396500,0.0,0.0
2017-09-14 00:00:00-04:00,76.71986641072627,76.95036478081036,76.38298938033282,76.40958404541016,2764900,0.0,0.0
2017-09-15 00:00:00-04:00,76.70212952708447,77.1187973022461,76.30319603713926,77.1187973022461,7791600,0.0,0.0
2017-09-18 00:00:00-04:00,77.19858559658103,77.89894104003906,77.0833330372937,77.89894104003906,3395100,0.0,0.0
2017-09-19 00:00:00-04:00,77.98759155308703,79.10461474954951,77.90780080008723,78.90071105957031,4043800,0.0,0.0
2017-09-20 00:00:00-04:00,79.12232808346211,79.23757385752245,78.25353091673725,78.39537811279297,4251000,0.0,0.0
2017-09-21 00:00:00-04:00,78.4130997833188,78.72338881064123,78.0496282069111,78.38650512695312,2877800,0.0,0.0
2017-09-22 00:00:00-04:00,78.28014617086987,78.64361783860676,78.10283714446962,78.3687973022461,2770100,0.0,0.0
2017-09-25 00:00:00-04:00,78.26238909185525,78.58153848277308,77.8723161110344,78.20033264160156,2863100,0.0,0.0
2017-09-26 00:00:00-04:00,78.43087130712414,78.69682476071802,78.19150575887542,78.62590789794922,2197800,0.0,0.0
2017-09-27 00:00:00-04:00,79.5035324884763,79.55672180418387,78.92729010160723,79.33509063720703,2888900,0.0,0.0
2017-09-28 00:00:00-04:00,79.10461992182671,80.0620616748922,79.10461992182671,79.9113540649414,2458800,0.0,0.0
2017-09-29 00:00:00-04:00,79.82268383677437,80.46984307232584,79.72516557985895,80.19502258300781,2996300,0.0,0.0
2017-10-02 00:00:00-04:00,80.17731718209824,80.8244765961683,79.87589518749076,80.2659683227539,4466400,0.0,0.0
2017-10-03 00:00:00-04:00,80.31026269580107,81.24111625940577,80.31026269580107,81.05494689941406,2912300,0.0,0.0
2017-10-04 00:00:00-04:00,81.20565585030846,81.21452299054896,80.59395844663926,80.68260955810547,3091700,0.0,0.0
2017-10-05 00:00:00-04:00,80.94962330951387,81.53699191514718,80.78053111278419,81.12761688232422,2991000,0.35,0.0
2017-10-06 00:00:00-04:00,81.20769113361881,81.51026995656657,81.06529630651936,81.47467803955078,1891800,0.0,0.0
2017-10-09 00:00:00-04:00,81.51025827379117,81.83954117194362,81.43016628734651,81.59925842285156,1653700,0.0,0.0
2017-10-10 00:00:00-04:00,81.76834319507587,82.17771807680163,81.67934983639775,81.7772445678711,2247200,0.0,0.0
2017-10-11 00:00:00-04:00,81.75057570213416,82.45363502306232,81.7060756124226,81.83956909179688,3051400,0.0,0.0
2017-10-12 00:00:00-04:00,81.54587976219956,82.07985364674037,81.35899161851428,81.52808380126953,3279000,0.0,0.0
2017-10-13 00:00:00-04:00,81.43018163315709,82.69390522677422,81.21659617262898,82.64051055908203,3224200,0.0,0.0
2017-10-16 00:00:00-04:00,82.80071399557919,83.07659554046174,80.81612813627461,81.83956909179688,4294000,0.0,0.0
2017-10-17 00:00:00-04:00,81.8217452159864,81.96413323291847,81.50136369069159,81.59925842285156,2939600,0.0,0.0
2017-10-18 00:00:00-04:00,81.69718875530583,82.11545840526732,81.59039260375081,81.94637298583984,4720200,0.0,0.0
2017-10-19 00:00:00-04:00,80.45121978220014,82.72058082982606,80.13083828069288,81.78614044189453,6512100,0.0,0.0
2017-10-20 00:00:00-04:00,82.62270646601212,83.02318683646713,81.84845663803243,81.95524597167969,4442200,0.0,0.0
2017-10-23 00:00:00-04:00,82.07094508562945,82.84519492885578,82.07094508562945,82.21333312988281,2963100,0.0,0.0
2017-10-24 00:00:00-04:00,82.40911348435,83.59274494910008,82.16883071582414,83.53044891357422,4481500,0.0,0.0
2017-10-25 00:00:00-04:00,83.65503928326596,83.86862471647385,83.00537482048729,83.23676300048828,4266100,0.0,0.0
2017-10-26 00:00:00-04:00,83.64615065725384,85.19466395583488,83.63725607226029,85.15906524658203,4136800,0.0,0.0
2017-10-27 00:00:00-04:00,84.94546888525046,85.45273858550564,84.57169264080122,85.24805450439453,3212200,0.0,0.0
2017-10-30 00:00:00-04:00,85.19465298831638,85.5417318716511,84.40259369148528,84.60728454589844,3096500,0.0,0.0
2017-10-31 00:00:00-04:00,84.52720113618378,85.0878655147139,84.117819385786,85.00776672363281,3146400,0.0,0.0
2017-11-01 00:00:00-04:00,85.69302816390817,85.94221232687434,84.93657430068683,85.24805450439453,2320000,0.0,0.0
2017-11-02 00:00:00-04:00,85.43491784093071,85.648503234401,84.89204959063588,85.41712188720703,3013300,0.0,0.0
2017-11-03 00:00:00-04:00,85.68413348688486,85.817626953125,85.2391597925909,85.817626953125,2089500,0.0,0.0
2017-11-06 00:00:00-05:00,85.74641834526645,86.08460265425362,85.37264212036798,85.69302368164062,1848300,0.0,0.0
2017-11-07 00:00:00-05:00,85.80871578503636,86.23589347030044,84.70518305026265,84.87427520751953,3200900,0.0,0.0
2017-11-08 00:00:00-05:00,84.63398534606547,84.79417612876753,84.05551825354364,84.66068267822266,2163700,0.0,0.0
2017-11-09 00:00:00-05:00,83.95761410256972,84.24240371969591,83.01427225999286,83.43254852294922,3949800,0.0,0.0
2017-11-10 00:00:00-05:00,83.46815669573978,83.78853826160041,83.11217642369921,83.22786712646484,2714400,0.0,0.0
2017-11-13 00:00:00-05:00,82.76509378995732,83.63724507760337,82.56930430968421,83.56604766845703,2708500,0.0,0.0
2017-11-14 00:00:00-05:00,83.27239795398947,83.46818751539274,82.71173340159402,83.44149017333984,2843700,0.0,0.0
2017-11-15 00:00:00-05:00,83.00536217261478,83.4681384621016,82.58709274332904,82.99646759033203,3236600,0.0,0.0
2017-11-16 00:00:00-05:00,83.25457129711668,83.69064356599802,83.03208447568105,83.26346588134766,2586500,0.0,0.0
2017-11-17 00:00:00-05:00,83.04098892460674,83.44146932462056,82.6939099851173,83.3791732788086,3261200,0.0,0.0
2017-11-20 00:00:00-05:00,83.58385259290345,83.95762884638322,83.37026713230922,83.61054992675781,3456600,0.0,0.0
2017-11-21 00:00:00-05:00,84.02882256290249,84.23351342970449,83.76184244635617,84.01992797851562,2917000,0.0,0.0
2017-11-22 00:00:00-05:00,84.00211981617014,84.28690266265366,83.19227135482207,83.4948501586914,2159100,0.0,0.0
2017-11-24 00:00:00-05:00,83.62834060436285,83.76183404412468,83.183366998329,83.19226837158203,837300,0.0,0.0
2017-11-27 00:00:00-05:00,83.27235822914021,83.65503579212002,83.08547013416283,83.18336486816406,2731300,0.0,0.0
2017-11-28 00:00:00-05:00,83.4414573410798,84.79417419433594,83.28126656203222,84.79417419433594,3536400,0.0,0.0
2017-11-29 00:00:00-05:00,85.3993293149011,86.60965800497998,85.07894779165916,85.9688949584961,4325500,0.0,0.0
2017-11-30 00:00:00-05:00,86.3426907345939,87.65091445310829,86.15580260191464,86.95675659179688,5328300,0.0,0.0
2017-12-01 00:00:00-05:00,87.28602231794007,87.41061438177792,85.30143709008013,87.0902328491211,3445200,0.0,0.0
2017-12-04 00:00:00-05:00,87.7666180667512,88.2560850798181,87.19705225423986,87.73991394042969,4562400,0.0,0.0
2017-12-05 00:00:00-05:00,88.28276721112678,88.77224092964997,87.73100424452853,87.84669494628906,3525600,0.0,0.0
2017-12-06 00:00:00-05:00,87.78441105228714,87.94460185598605,87.36613468764222,87.4017333984375,3081300,0.0,0.0
2017-12-07 00:00:00-05:00,87.00126145548266,88.21159048673543,86.75207726488827,87.73101806640625,3026100,0.0,0.0
2017-12-08 00:00:00-05:00,88.10478111805813,88.10478111805813,87.33942591061954,87.70430755615234,3850300,0.0,0.0
2017-12-11 00:00:00-05:00,87.74878663180932,88.1403655460683,87.4284051182807,88.10476684570312,2984100,0.0,0.0
2017-12-12 00:00:00-05:00,87.99798770127632,88.69215230752148,87.97129036829749,88.43406677246094,3455500,0.0,0.0
2017-12-13 00:00:00-05:00,88.21155263929982,88.38063795907948,87.0012241273422,87.0190200805664,3463900,0.0,0.0
2017-12-14 00:00:00-05:00,87.49070927085845,87.7932948571815,86.4583740234375,86.4583740234375,3464600,0.0,0.0
2017-12-15 00:00:00-05:00,87.01903043275021,87.96237223026966,86.71645166364317,87.6775894165039,7891800,0.0,0.0
2017-12-18 00:00:00-05:00,88.27386581811443,89.46639181888347,88.09587230249029,88.7099380493164,3485400,0.0,0.0
2017-12-19 00:00:00-05:00,89.18161555880964,89.3418063398027,88.2115762887331,88.23827362060547,3282600,0.0,0.0
2017-12-20 00:00:00-05:00,88.73665054792883,88.941341428447,87.62421634671155,87.66871643066406,3091000,0.0,0.0
2017-12-21 00:00:00-05:00,88.14930202379034,88.27389412980791,87.54413745609328,87.65982818603516,2339500,0.0,0.0
2017-12-22 00:00:00-05:00,87.63311503454698,88.14038474315835,87.40172682665568,87.87339782714844,1980300,0.0,0.0
2017-12-26 00:00:00-05:00,87.92679780439096,88.0335871371902,87.33052794063867,87.72210693359375,1575200,0.0,0.0
2017-12-27 00:00:00-05:00,88.01577494109725,88.32725508723162,87.72209075056001,88.220458984375,2569900,0.0,0.0
2017-12-28 00:00:00-05:00,88.67435038969451,88.91463996827316,88.4251662265457,88.72774505615234,1914900,0.0,0.0
2017-12-29 00:00:00-05:00,88.99472679837379,89.21721361536973,88.3361677211983,88.38066101074219,2056800,0.0,0.0
2018-01-02 00:00:00-05:00,88.7544277408759,88.7544277408759,87.41060571162177,88.0513687133789,2746700,0.0,0.0
2018-01-03 00:00:00-05:00,88.31836526900524,88.78114165216974,88.12257578303247,88.59425354003906,2976400,0.0,0.0
2018-01-04 00:00:00-05:00,89.33550936245462,90.78231304435603,89.22834326182709,90.06784057617188,3122000,0.35,0.0
2018-01-05 00:00:00-05:00,90.06785656778892,90.27326965332031,89.54986427707121,90.27326965332031,2550300,0.0,0.0
2018-01-08 00:00:00-05:00,90.20181846977735,90.38043320660756,89.4159040885228,89.44269561767578,1896500,0.0,0.0
2018-01-09 00:00:00-05:00,89.63023428221716,90.02319484088741,89.54985288898244,89.77312469482422,2978500,0.0,0.0
2018-01-10 00:00:00-05:00,89.65702848866057,90.72873046324938,89.60344543404563,90.3982925415039,2279200,0.0,0.0
2018-01-11 00:00:00-05:00,90.59476152196567,90.59476152196567,89.48732856420312,89.9606704711914,2745400,0.0,0.0
2018-01-12 00:00:00-05:00,90.07677817057757,90.22860136372475,89.24620677774644,90.17501831054688,3231500,0.0,0.0
2018-01-16 00:00:00-05:00,91.10382651418185,91.44319719476496,89.44268378922197,89.61236572265625,3814000,0.0,0.0
2018-01-17 00:00:00-05:00,90.19289407805768,90.2018268598447,88.62999113741681,89.98748779296875,4469700,0.0,0.0
2018-01-18 00:00:00-05:00,90.05890691327588,90.05890691327588,88.9336219854368,89.18368530273438,5290700,0.0,0.0
2018-01-19 00:00:00-05:00,86.63840087591467,88.36205963736529,86.04895998736481,87.54934692382812,12306000,0.0,0.0
2018-01-22 00:00:00-05:00,86.86166408690912,87.82619309677914,86.48656227970527,87.80833435058594,4983600,0.0,0.0
2018-01-23 00:00:00-05:00,87.66545569919224,87.87979475083502,87.02243173054829,87.50469970703125,4375200,0.0,0.0
2018-01-24 00:00:00-05:00,87.74580383313678,88.87109543898931,87.66542926814694,88.68354797363281,4949500,0.0,0.0
2018-01-25 00:00:00-05:00,88.79965578423305,89.40695532006177,88.59424274126579,89.0318603515625,3375200,0.0,0.0
2018-01-26 00:00:00-05:00,89.1747670426644,89.26407441142396,88.37098709639736,88.97828674316406,3668700,0.0,0.0
2018-01-29 00:00:00-05:00,89.0854533407399,89.46948113144909,88.62105096797566,88.78180694580078,3472100,0.0,0.0
2018-01-30 00:00:00-05:00,88.81752942389849,89.39803753271597,88.13878798051734,88.15664672851562,3466500,0.0,0.0
2018-01-31 00:00:00-05:00,88.18343207644527,89.04972778852296,87.96909304691226,88.77287292480469,3202900,0.0,0.0
2018-02-01 00:00:00-05:00,88.37098667728482,89.34445538917906,87.87979274457904,89.30873107910156,2952100,0.0,0.0
2018-02-02 00:00:00-05:00,88.88895524130758,89.03185244349909,86.30793414671776,86.34365844726562,4663300,0.0,0.0
2018-02-05 00:00:00-05:00,85.58452749965107,86.3793743720567,79.13643837083988,82.17293548583984,6421900,0.0,0.0
2018-02-06 00:00:00-05:00,80.1545631037524,84.14666332568775,79.04713706453197,84.1109390258789,7244000,0.0,0.0
2018-02-07 00:00:00-05:00,83.53043433216911,84.70930901693393,83.42326824228105,83.60188293457031,3796800,0.0,0.0
2018-02-08 00:00:00-05:00,83.7269381158832,83.92341842085631,78.84174927642063,78.89533233642578,5814900,0.0,0.0
2018-02-09 00:00:00-05:00,79.90451701376868,82.6284290266563,78.18085835592336,81.9139633178711,8017600,0.0,0.0
2018-02-12 00:00:00-05:00,82.68202993446526,85.45059940481173,82.53913268539961,84.57537078857422,7419200,0.0,0.0
2018-02-13 00:00:00-05:00,83.97698987765439,84.67359681633297,82.89635516333061,84.45032501220703,3366700,0.0,0.0
2018-02-14 00:00:00-05:00,83.92341610870822,86.23650898474553,83.65548718863276,85.9417953491211,3446800,0.0,0.0
2018-02-15 00:00:00-05:00,86.68305489974618,86.81701936327255,85.23625777206533,86.23651123046875,3057400,0.0,0.0
2018-02-16 00:00:00-05:00,86.06681480617148,87.06706809648502,85.95964189061739,86.44190979003906,3280700,0.0,0.0
2018-02-20 00:00:00-05:00,86.25435723210643,87.26354324287199,86.18290862593344,86.79914093017578,3514700,0.0,0.0
2018-02-21 00:00:00-05:00,86.55801938897214,87.9601661759375,86.40619618342473,87.07601165771484,4431500,0.0,0.0
2018-02-22 00:00:00-05:00,87.15637851467018,87.58506337823313,86.67411741201965,86.9420394897461,4270100,0.0,0.0
2018-02-23 00:00:00-05:00,87.32608469693884,88.2727551585456,87.12067841105471,88.2370376586914,2440600,0.0,0.0
2018-02-26 00:00:00-05:00,88.79966962791882,90.80911603292317,88.38885029165264,90.77339172363281,4953100,0.0,0.0
2018-02-27 00:00:00-05:00,90.79124726333512,91.20206655425388,88.93362426757812,88.93362426757812,5167300,0.0,0.0
2018-02-28 00:00:00-05:00,89.3444398326049,89.63022744974833,87.01348181220744,87.08493041992188,4053700,0.0,0.0
2018-03-01 00:00:00-05:00,87.36178123358728,87.79046604641333,84.42352381038869,84.96830749511719,4369800,0.0,0.0
2018-03-02 00:00:00-05:00,84.51285455983667,85.5131148575837,83.23573936043326,85.379150390625,3584700,0.0,0.0
2018-03-05 00:00:00-05:00,84.92365982764875,86.8884557848029,84.57535635961825,86.32581329345703,2661400,0.0,0.0
2018-03-06 00:00:00-05:00,86.62053547170608,86.62053547170608,84.96832532653946,85.79889678955078,3221100,0.0,0.0
2018-03-07 00:00:00-05:00,85.0308357984385,85.4952449816261,84.20026438784812,85.41486358642578,3594900,0.0,0.0
2018-03-08 00:00:00-05:00,85.78102930759599,86.3436717973628,84.92365958931128,86.26329040527344,3760500,0.0,0.0
2018-03-09 00:00:00-05:00,87.14743470805692,88.51385678450893,86.68302563312514,88.46027374267578,3044300,0.0,0.0
2018-03-12 00:00:00-04:00,88.49600348299761,89.04078719612063,87.05813942289073,87.22782135009766,4020900,0.0,0.0
2018-03-13 00:00:00-04:00,87.6297344481631,87.7279746031205,84.91474804892849,85.17374420166016,4858700,0.0,0.0
2018-03-14 00:00:00-04:00,85.70064552678225,85.8881930181437,84.0305700364953,84.42353057861328,3013800,0.0,0.0
2018-03-15 00:00:00-04:00,84.89685916476134,85.20944510669403,83.91446469876792,84.29849243164062,3213000,0.0,0.0
2018-03-16 00:00:00-04:00,84.4413988855249,86.08467609018744,84.19132874185847,85.38806915283203,5124900,0.0,0.0
2018-03-19 00:00:00-04:00,85.2362591690402,85.27198348081377,83.77159645490246,84.70040130615234,2610400,0.0,0.0
2018-03-20 00:00:00-04:00,85.15586601547558,85.42379490995432,84.59322351352799,84.79862976074219,2501600,0.0,0.0
2018-03-21 00:00:00-04:00,84.50391787537143,85.97750638389022,84.30743759057826,84.611083984375,2124000,0.0,0.0
2018-03-22 00:00:00-04:00,83.71800376300048,83.91448406428506,81.3781193371601,81.63711547851562,4113900,0.0,0.0
2018-03-23 00:00:00-04:00,82.0032791154668,82.48554709570827,80.74402951182152,80.77974700927734,5100400,0.0,0.0
2018-03-26 00:00:00-04:00,81.60139139232577,83.04818849900768,81.09233188928665,82.7177505493164,2769800,0.0,0.0
2018-03-27 00:00:00-04:00,82.8874559468185,83.71802766703775,81.15487067855406,81.64606475830078,4357300,0.0,0.0
2018-03-28 00:00:00-04:00,81.94969120589543,83.53938548351418,81.80679396966597,82.35157775878906,5509700,0.0,0.0
2018-03-29 00:00:00-04:00,82.51232004635108,84.28063557573141,82.42301269538956,83.30716705322266,4940600,0.0,0.0
2018-04-02 00:00:00-04:00,83.1821411181712,83.54831014011711,80.34212355456407,81.27093505859375,4998400,0.0,0.0
2018-04-03 00:00:00-04:00,81.76213625601746,82.99459414466548,81.4316915375827,82.82490539550781,2864500,0.0,0.0
2018-04-04 00:00:00-04:00,81.45849202965424,83.87875780137561,81.34239313328634,83.57511138916016,4619200,0.0,0.0
2018-04-05 00:00:00-04:00,84.44461822509766,85.2065974525473,84.08604781134753,84.44461822509766,2482300,0.35,0.0
2018-04-06 00:00:00-04:00,83.58406761433747,84.09503816478674,81.4057180383601,82.39180755615234,2968900,0.0,0.0
2018-04-09 00:00:00-04:00,83.09999622097416,84.48051482371017,82.43663244851243,82.59799194335938,3109700,0.0,0.0
2018-04-10 00:00:00-04:00,83.73647837871336,83.98748052847742,82.94760666311699,83.36893463134766,4584000,0.0,0.0
2018-04-11 00:00:00-04:00,82.41869237476551,83.19859076531343,81.8987555548708,82.11389923095703,4064900,0.0,0.0
2018-04-12 00:00:00-04:00,82.93864645463745,84.21159676965316,82.52628477261405,83.68269348144531,3137300,0.0,0.0
2018-04-13 00:00:00-04:00,84.38191878967433,84.53431883097748,82.95658206626447,83.39583587646484,2510300,0.0,0.0
2018-04-16 00:00:00-04:00,84.0681358898638,84.44463902059516,83.46752277570273,83.90677642822266,2811500,0.0,0.0
2018-04-17 00:00:00-04:00,84.22948178343633,84.80320270145528,83.89779659924392,84.13983917236328,2651700,0.0,0.0
2018-04-18 00:00:00-04:00,84.30122327340972,85.37694859961474,84.26536485063025,85.29627227783203,4981400,0.0,0.0
2018-04-19 00:00:00-04:00,89.07029830369035,92.29748163715531,88.79240403187323,91.76858520507812,11716900,0.0,0.0
2018-04-20 00:00:00-04:00,91.61617268570215,92.03750061411917,89.9756925506779,90.3521957397461,5614700,0.0,0.0
2018-04-23 00:00:00-04:00,90.34321957030818,90.68387113789652,89.5633211693438,90.19082641601562,3183300,0.0,0.0
2018-04-24 00:00:00-04:00,90.71078227059897,91.17692814600748,89.26751306121537,90.0384521484375,5048900,0.0,0.0
2018-04-25 00:00:00-04:00,89.64398887427579,89.91292357661605,87.76146647577472,88.55033111572266,5129200,0.0,0.0
2018-04-26 00:00:00-04:00,88.61309756299823,90.10119132866423,88.35312912781701,89.85018920898438,3021100,0.0,0.0
2018-04-27 00:00:00-04:00,89.63502489242741,89.90395960176457,88.68480077421198,89.29438018798828,2017000,0.0,0.0
2018-04-30 00:00:00-04:00,89.64400279371044,89.97568806619324,88.50552696751997,88.52345275878906,2567000,0.0,0.0
2018-05-01 00:00:00-04:00,88.58620693297861,88.58620693297861,87.21465472807513,88.37106323242188,2915200,0.0,0.0
2018-05-02 00:00:00-04:00,87.90487854069121,89.07921924847041,87.44769919849263,87.5194091796875,3542000,0.0,0.0
2018-05-03 00:00:00-04:00,87.10708467518633,87.24155206082344,85.61899763487621,87.08019256591797,3572300,0.0,0.0
2018-05-04 00:00:00-04:00,86.37199871886865,88.70274151525972,86.09410448785937,88.16487884521484,2363200,0.0,0.0
2018-05-07 00:00:00-04:00,88.32623849346238,88.73860010256902,88.11109479290563,88.37106323242188,2152100,0.0,0.0
2018-05-08 00:00:00-04:00,88.55033765343815,89.97568073820558,88.20072661815999,89.41091918945312,3199100,0.0,0.0
2018-05-09 00:00:00-04:00,89.84120678762206,90.51353670450493,89.18680265923355,90.09220886230469,2694300,0.0,0.0
2018-05-10 00:00:00-04:00,90.28049781193103,91.32037179694672,89.84124399930026,90.88111114501953,2847600,0.0,0.0
2018-05-11 00:00:00-04:00,90.97971984378688,92.04648593908121,90.78250189279501,90.9169692993164,2522100,0.0,0.0
2018-05-14 00:00:00-04:00,91.15899243305772,91.571354042399,90.63905555372939,90.8004150390625,2234800,0.0,0.0
2018-05-15 00:00:00-04:00,90.37909753119368,90.7466412832081,89.61712475568791,90.30738067626953,3442300,0.0,0.0
2018-05-16 00:00:00-04:00,89.89500312429264,90.75558471332837,89.85018522736148,90.17289733886719,2135200,0.0,0.0
2018-05-17 00:00:00-04:00,90.22668512591675,91.11415878886247,89.91293250157173,90.73765563964844,2876100,0.0,0.0
2018-05-18 00:00:00-04:00,90.47769466732274,90.83627205576528,90.05636674884987,90.53147888183594,2927600,0.0,0.0
2018-05-21 00:00:00-04:00,91.05141227098005,91.77752649631825,90.85419437291424,91.47274017333984,2084000,0.0,0.0
2018-05-22 00:00:00-04:00,91.72373212440422,92.54845520742775,91.50858845911414,92.06437683105469,2910700,0.0,0.0
2018-05-23 00:00:00-04:00,91.2754908163988,91.6609601645009,90.4597342383594,91.37409973144531,2553900,0.0,0.0
2018-05-24 00:00:00-04:00,91.1589708195048,91.71475915109126,90.28942306800475,91.44583129882812,2230000,0.0,0.0
2018-05-25 00:00:00-04:00,90.85419117315894,91.11415958969957,90.06532644797292,90.63008117675781,1850800,0.0,0.0
2018-05-29 00:00:00-04:00,89.50056122986788,89.50056122986788,86.93674926774753,87.60011291503906,4377800,0.0,0.0
2018-05-30 00:00:00-04:00,88.61310062040025,89.12407119289124,87.81526949562122,88.73860168457031,3076800,0.0,0.0
2018-05-31 00:00:00-04:00,88.46070855456139,89.07028809070994,87.67184373572597,88.12006378173828,2780300,0.0,0.0
2018-06-01 00:00:00-04:00,89.0523498149911,89.29439245450308,88.04834135270349,88.07523345947266,2711200,0.0,0.0
2018-06-04 00:00:00-04:00,88.5772417280477,89.20475388487475,88.42484855654635,89.15096282958984,2417400,0.0,0.0
2018-06-05 00:00:00-04:00,88.85512510095906,89.11509349194525,88.23657938311975,89.02544403076172,1811500,0.0,0.0
2018-06-06 00:00:00-04:00,89.64400189204751,90.54044191096798,89.25853241033992,90.5135498046875,2872700,0.0,0.0
2018-06-07 00:00:00-04:00,90.93487522208618,91.78649048106318,90.44183048943988,90.97073364257812,4245700,0.0,0.0
2018-06-08 00:00:00-04:00,90.80041950224728,90.809385818344,89.2764672126833,90.54045104980469,3580500,0.0,0.0
2018-06-11 00:00:00-04:00,90.70180839942003,91.14106212764398,90.35219731215881,90.71973419189453,3453000,0.0,0.0
2018-06-12 00:00:00-04:00,90.98864895644382,90.98864895644382,89.85913277853405,90.29839324951172,2426100,0.0,0.0
2018-06-13 00:00:00-04:00,90.423905745036,90.43286522079184,89.60814205781824,89.66192626953125,3183800,0.0,0.0
2018-06-14 00:00:00-04:00,90.11016843106303,90.63010540312885,89.20476872787161,89.42887878417969,3285500,0.0,0.0
2018-06-15 00:00:00-04:00,88.94478049349631,88.98959839122935,87.23257676059971,88.31726837158203,6741200,0.0,0.0
2018-06-18 00:00:00-04:00,87.71667317458632,88.34418542512063,87.23259464050422,88.27246856689453,3621300,0.0,0.0
2018-06-19 00:00:00-04:00,87.08019256591797,87.78838108026444,86.61404671357737,87.08019256591797,3119600,0.0,0.0
2018-06-20 00:00:00-04:00,87.58217246784788,87.7524982315362,86.38094632621767,86.43473052978516,4495300,0.0,0.0
2018-06-21 00:00:00-04:00,86.20165723584333,86.91880499543701,85.84307993639992,86.62297821044922,3350700,0.0,0.0
2018-06-22 00:00:00-04:00,87.26846476372698,87.81529391220887,87.01746256559699,87.16089630126953,7235400,0.0,0.0
2018-06-25 00:00:00-04:00,86.9995188064949,89.73365714512128,85.74450123565705,88.33521270751953,7996700,0.0,0.0
2018-06-26 00:00:00-04:00,89.19579923404638,89.4916261392687,87.91388948404553,88.03939056396484,5166100,0.0,0.0
2018-06-27 00:00:00-04:00,88.23662214193791,89.1151366764851,86.8919616440963,86.91885375976562,3693700,0.0,0.0
2018-06-28 00:00:00-04:00,86.9636767315971,87.35810581883321,86.56924080506415,86.92781829833984,3142300,0.0,0.0
2018-06-29 00:00:00-04:00,87.96764709344977,89.17784645971878,87.5373597608467,87.85111236572266,4698500,0.0,0.0
2018-07-02 00:00:00-04:00,87.31324847824483,88.78340938141996,87.09810481515167,88.74755096435547,3148700,0.0,0.0
2018-07-03 00:00:00-04:00,89.0254552881547,89.0254552881547,87.60011895377713,87.70768737792969,2041200,0.0,0.0
2018-07-05 00:00:00-04:00,88.48138704696626,88.73329025741891,87.83363201217503,88.64332580566406,2385500,0.35,0.0
2018-07-06 00:00:00-04:00,88.58035344912845,89.09315839431342,88.34644037438767,88.63433074951172,1996600,0.0,0.0
2018-07-09 00:00:00-04:00,89.30007795465951,89.97482162808875,89.13813919848259,89.88485717773438,4991700,0.0,0.0
2018-07-10 00:00:00-04:00,89.88485717773438,90.38866359079698,89.57896980991237,89.88485717773438,4675500,0.0,0.0
2018-07-11 00:00:00-04:00,89.65996741291417,90.68557753102299,89.65996741291417,90.23574829101562,3469600,0.0,0.0
2018-07-12 00:00:00-04:00,90.89248865339175,91.16238892368125,90.50563526002959,91.00045013427734,3688800,0.0,0.0
2018-07-13 00:00:00-04:00,90.93746049262337,91.00043629760222,89.62396022888765,90.41565704345703,3456500,0.0,0.0
2018-07-16 00:00:00-04:00,90.50564368195198,90.75754696361001,90.02882577540646,90.58661651611328,3264800,0.0,0.0
2018-07-17 00:00:00-04:00,90.6675740494335,91.2793420467539,90.55062092636085,91.00045013427734,3092200,0.0,0.0
2018-07-18 00:00:00-04:00,91.36030082755924,92.72777838929451,91.24334085861912,92.64681243896484,5923800,0.0,0.0
2018-07-19 00:00:00-04:00,90.1457783294485,91.19838398367615,89.31809416251103,90.11878967285156,7171100,0.0,0.0
2018-07-20 00:00:00-04:00,90.08278729116715,91.1353927675713,89.94784403097931,90.10078430175781,3325500,0.0,0.0
2018-07-23 00:00:00-04:00,90.10078895586624,91.22536194117697,89.97483733061934,91.06342315673828,2617900,0.0,0.0
2018-07-24 00:00:00-04:00,91.27934259683477,91.84612493123954,91.01844083100903,91.50425720214844,3155100,0.0,0.0
2018-07-25 00:00:00-04:00,91.0724309458046,92.46689747142311,90.93748080104164,92.33194732666016,2549400,0.0,0.0
2018-07-26 00:00:00-04:00,92.52088458823586,92.79978341399408,92.0890523158525,92.21500396728516,2744000,0.0,0.0
2018-07-27 00:00:00-04:00,92.54786585846483,93.78039352393564,92.36793005280727,93.42952728271484,3815800,0.0,0.0
2018-07-30 00:00:00-04:00,92.42189162548418,92.76375927685915,90.28070067678775,90.73052978515625,4423000,0.0,0.0
2018-07-31 00:00:00-04:00,90.91045639248065,91.04539962032496,89.46200626027962,89.53397369384766,4330400,0.0,0.0
2018-08-01 00:00:00-04:00,89.8758816146704,90.80252873116079,89.21912791813438,89.47103118896484,3315400,0.0,0.0
2018-08-02 00:00:00-04:00,88.97620525913239,89.902852189258,88.76928083465239,89.7229232788086,2481800,0.0,0.0
2018-08-03 00:00:00-04:00,89.92985655684808,90.77553768422898,89.69594344130351,90.67657470703125,1830400,0.0,0.0
2018-08-06 00:00:00-04:00,90.65857556063038,91.15339043497218,90.32570633957225,90.79352569580078,2004600,0.0,0.0
2018-08-07 00:00:00-04:00,91.3063353567635,92.4399069403921,91.19838073422224,91.73817443847656,1852800,0.0,0.0
2018-08-08 00:00:00-04:00,91.76517869470396,92.61985163308502,91.59424136148755,92.46691131591797,2228900,0.0,0.0
2018-08-09 00:00:00-04:00,92.16099195390035,92.95268873112461,92.01704334139723,92.65579986572266,2435500,0.0,0.0
2018-08-10 00:00:00-04:00,91.84611174156889,91.94507470280314,91.01842776019893,91.38729095458984,2473800,0.0,0.0
2018-08-13 00:00:00-04:00,91.29734095559336,92.0350605973491,91.22536663350763,91.59422302246094,3389200,0.0,0.0
2018-08-14 00:00:00-04:00,91.70216368949418,92.3049330564748,91.61219923923325,91.92707824707031,2327100,0.0,0.0
2018-08-15 00:00:00-04:00,91.37830286877005,91.70218043994744,90.72154922059124,91.32432556152344,2219600,0.0,0.0
2018-08-16 00:00:00-04:00,91.67520120307256,92.79077580513555,91.648212546677,92.34994506835938,2290400,0.0,0.0
2018-08-17 00:00:00-04:00,92.33195344869263,92.94372153017815,91.81914835567169,92.69181823730469,1950800,0.0,0.0
2018-08-20 00:00:00-04:00,92.68282430870082,93.53750408185815,92.60185833078448,93.41155242919922,2267900,0.0,0.0
2018-08-21 00:00:00-04:00,93.49249461550313,94.68904187512047,93.34855284788709,94.2931900024414,3218400,0.0,0.0
2018-08-22 00:00:00-04:00,94.3741482726747,95.5976839960806,94.02328211738819,95.21083068847656,2761300,0.0,0.0
2018-08-23 00:00:00-04:00,94.94996025833811,95.3817925006979,94.60809249448248,94.7970199584961,1866800,0.0,0.0
2018-08-24 00:00:00-04:00,95.28281541540021,95.66966190147107,94.86896655040454,95.14786529541016,1844000,0.0,0.0
2018-08-27 00:00:00-04:00,96.07452042910279,96.56033678405915,95.61569272766923,96.30843353271484,1972000,0.0,0.0
2018-08-28 00:00:00-04:00,96.31743201284064,96.65030811223505,95.97556427086614,96.5153579711914,2275000,0.0,0.0
2018-08-29 00:00:00-04:00,96.29945244671542,96.5423572362087,95.26484373681433,96.0025634765625,1896200,0.0,0.0
2018-08-30 00:00:00-04:00,95.90359373600049,95.9665695557956,95.33681135784444,95.57072448730469,1868300,0.0,0.0
2018-08-31 00:00:00-04:00,94.9319457977429,95.72364953631948,94.73402672694722,95.34579467773438,2115500,0.0,0.0
2018-09-04 00:00:00-04:00,95.67864510308276,96.50632897299296,94.98591133157788,96.27242279052734,2941800,0.0,0.0
2018-09-05 00:00:00-04:00,96.26344599564717,96.48836058909494,94.35616777222452,95.07589721679688,5511800,0.0,0.0
2018-09-06 00:00:00-04:00,94.91396960214735,95.24684571060041,94.059296792028,94.82400512695312,3623900,0.0,0.0
2018-09-07 00:00:00-04:00,95.0398934276263,95.67864993758332,94.77899172121893,95.43574523925781,2498400,0.0,0.0
2018-09-10 00:00:00-04:00,95.86756904852417,96.98315008230836,95.86756904852417,96.52432250976562,3337000,0.0,0.0
2018-09-11 00:00:00-04:00,96.0025417258338,97.58594234405767,95.78662564366415,97.4419937133789,2795800,0.0,0.0
2018-09-12 00:00:00-04:00,97.44200630820754,97.7838809183342,96.8572337960739,97.0551528930664,4103100,0.0,0.0
2018-09-13 00:00:00-04:00,97.34302522665959,98.23369188482688,97.10012050597186,97.75687408447266,3429600,0.0,0.0
2018-09-14 00:00:00-04:00,97.91883409590399,98.97143982462175,97.91883409590399,98.56658935546875,2999800,0.0,0.0
2018-09-17 00:00:00-04:00,99.15133251367729,99.1783211623097,98.00876958387076,98.24267578125,2383100,0.0,0.0
2018-09-18 00:00:00-04:00,98.45859801763282,98.84545132766843,98.03575755505351,98.6385269165039,2173200,0.0,0.0
2018-09-19 00:00:00-04:00,98.96242658266802,99.37626863380639,98.71952182842233,99.0523910522461,2365700,0.0,0.0
2018-09-20 00:00:00-04:00,99.72712359658848,100.55480760530287,99.54719467777171,99.9610366821289,2844800,0.0,0.0
2018-09-21 00:00:00-04:00,100.1229838405198,100.32090978610472,99.64616598825548,99.7721176147461,5662900,0.0,0.0
2018-09-24 00:00:00-04:00,99.62817194969938,99.71813641932759,98.3776472894747,98.82747650146484,1871600,0.0,0.0
2018-09-25 00:00:00-04:00,99.17832815945577,99.17832815945577,98.40462147945219,98.845458984375,1910600,0.0,0.0
2018-09-26 00:00:00-04:00,99.03441978715752,99.06140844679206,96.9831992887273,97.17212677001953,2944200,0.0,0.0
2018-09-27 00:00:00-04:00,97.17210109764123,97.47798164448785,96.56932478170182,97.02815246582031,2121700,0.0,0.0
2018-09-28 00:00:00-04:00,96.50635127268947,97.04615179104233,95.61569139956521,95.80461883544922,3931500,0.0,0.0
2018-10-01 00:00:00-04:00,96.99218542600335,98.05378278240943,96.81225646275485,97.07315826416016,3361300,0.0,0.0
2018-10-02 00:00:00-04:00,97.17210171441495,97.58594373775401,96.54233674197398,97.51396942138672,2223100,0.0,0.0
2018-10-03 00:00:00-04:00,98.28766145719821,98.4226115642339,97.38800322875704,97.56793212890625,2505100,0.0,0.0
2018-10-04 00:00:00-04:00,97.73949055131263,98.28123230828409,96.43930482368498,97.27900695800781,2478700,0.39,0.0
2018-10-05 00:00:00-04:00,97.5679409876397,97.93813545379923,96.3580512359018,96.81853485107422,2399800,0.0,0.0
2018-10-08 00:00:00-04:00,96.27679069561401,96.8185393923431,95.31971327166875,96.60183715820312,2723400,0.0,0.0
2018-10-09 00:00:00-04:00,95.9788475452719,96.54767547193059,95.65380104757506,96.30389404296875,2604400,0.0,0.0
2018-10-10 00:00:00-04:00,96.57474126454456,96.6198892808804,93.46874511110556,93.5138931274414,4555600,0.0,0.0
2018-10-11 00:00:00-04:00,93.19788137431387,94.20913084958045,91.69003125414288,91.71711730957031,6069300,0.0,0.0
2018-10-12 00:00:00-04:00,94.18205613962112,94.73282896172826,91.83450357530388,92.99925231933594,4855900,0.0,0.0
2018-10-15 00:00:00-04:00,92.86380754721004,93.50486947542927,92.28594871364284,92.65614318847656,2780900,0.0,0.0
2018-10-16 00:00:00-04:00,93.06243634256482,94.32650496842454,92.71933485511681,94.14591979980469,3121000,0.0,0.0
2018-10-17 00:00:00-04:00,94.20012812690362,95.0669165403216,93.82993358242594,94.20915222167969,3792400,0.0,0.0
2018-10-18 00:00:00-04:00,94.38069433748416,94.58836559722634,92.35818829935225,92.85478210449219,4538200,0.0,0.0
2018-10-19 00:00:00-04:00,93.95631842749513,97.10746272042857,93.95631842749513,96.36708068847656,5726300,0.0,0.0
2018-10-22 00:00:00-04:00,96.25874024463639,96.57475574049569,94.30846137541123,94.36264038085938,5003100,0.0,0.0
2018-10-23 00:00:00-04:00,92.46653682840126,94.37166070990267,91.95187418459128,94.24525451660156,4223800,0.0,0.0
2018-10-24 00:00:00-04:00,94.29040212230187,94.75990985411931,91.65392026132659,91.95187377929688,4056700,0.0,0.0
2018-10-25 00:00:00-04:00,92.52973560819152,94.05564083860035,91.91575974567856,93.54098510742188,3378900,0.0,0.0
2018-10-26 00:00:00-04:00,92.5839461979094,92.69229735583757,90.41697125971018,91.41919708251953,5395700,0.0,0.0
2018-10-29 00:00:00-04:00,92.52072337714593,93.2249885321585,90.32666283881031,91.36500549316406,4238700,0.0,0.0
2018-10-30 00:00:00-04:00,91.73517391224594,92.44846990107604,90.66072132687144,92.16857147216797,3778200,0.0,0.0
2018-10-31 00:00:00-04:00,93.05340850027665,93.6402982629998,92.59293180416067,92.75545501708984,4511300,0.0,0.0
2018-11-01 00:00:00-04:00,93.23402823614562,94.1459578741526,93.01732594616341,93.93829345703125,2786800,0.0,0.0
2018-11-02 00:00:00-04:00,94.74185781427462,94.85020893522127,92.8999300899082,93.64031219482422,4322200,0.0,0.0
2018-11-05 00:00:00-05:00,93.93827703595453,95.16622891004188,93.72158167247481,94.99467468261719,2697700,0.0,0.0
2018-11-06 00:00:00-05:00,94.78700256347656,95.40097845039584,94.2362297727716,94.78700256347656,2856000,0.0,0.0
2018-11-07 00:00:00-05:00,95.46416972064742,97.04425381888724,94.71475675221346,96.89075469970703,3606900,0.0,0.0
2018-11-08 00:00:00-05:00,96.63796837630463,98.08261570609754,96.63796837630463,97.96524047851562,2896700,0.0,0.0
2018-11-09 00:00:00-05:00,97.85687545739228,98.71463963891718,96.92688408609483,97.76658630371094,4444000,0.0,0.0
2018-11-12 00:00:00-05:00,97.65824782358693,97.91106022422532,95.97884328949324,96.150390625,3154600,0.0,0.0
2018-11-13 00:00:00-05:00,96.2948526505089,97.69435174727373,96.13232941922941,97.38736724853516,3021800,0.0,0.0
2018-11-14 00:00:00-05:00,98.06454295482969,98.71463585823072,96.51154477195402,97.30609893798828,4978100,0.0,0.0
2018-11-15 00:00:00-05:00,96.32192311688728,99.04869367964089,96.01493177921769,98.95840454101562,3742600,0.0,0.0
2018-11-16 00:00:00-05:00,98.03749205780379,99.66271801054044,98.03749205780379,98.83204650878906,3486200,0.0,0.0
2018-11-19 00:00:00-05:00,99.22928937936823,99.33763360177214,96.99008130520801,97.73949432373047,3161200,0.0,0.0
2018-11-20 00:00:00-05:00,97.10746282068311,97.42347828185102,95.2203872577884,95.78921508789062,3779000,0.0,0.0
2018-11-21 00:00:00-05:00,96.04201812725383,97.21579062604201,95.82531594308618,96.15939331054688,2791000,0.0,0.0
2018-11-23 00:00:00-05:00,95.59961175873752,96.11426750997798,95.08495600749708,95.47320556640625,938800,0.0,0.0
2018-11-26 00:00:00-05:00,96.7463130231867,99.07581056115292,96.45738357659859,99.0306625366211,4488500,0.0,0.0
2018-11-27 00:00:00-05:00,98.86811918484725,99.64461820624706,98.17288521335298,99.41889190673828,2837900,0.0,0.0
2018-11-28 00:00:00-05:00,99.61757990271653,102.19085957285667,99.61757990271653,101.92901611328125,3995900,0.0,0.0
2018-11-29 00:00:00-05:00,101.1254025463576,101.3601598739399,99.75298939993615,100.50239562988281,4249500,0.0,0.0
2018-11-30 00:00:00-05:00,99.65366414903464,101.531702007565,99.65366414903464,101.36917877197266,3949500,0.0,0.0
2018-12-03 00:00:00-05:00,102.92217260343085,103.42780425267281,101.12539299597685,101.450439453125,3399400,0.0,0.0
2018-12-04 00:00:00-05:00,100.99899782296451,101.26987219634232,97.09844680032862,97.18873596191406,5238400,0.0,0.0
2018-12-06 00:00:00-05:00,95.3829110457592,97.86590050894866,94.60641197163577,97.73949432373047,7455200,0.0,0.0
2018-12-07 00:00:00-05:00,97.69435058435347,98.97648134412778,95.49126633932615,96.32193756103516,4419400,0.0,0.0
2018-12-10 00:00:00-05:00,95.65379350136804,96.35805856127729,93.45070227714238,95.51835632324219,4110000,0.0,0.0
2018-12-11 00:00:00-05:00,96.96300126744237,97.52280504288075,94.36263643905485,95.16622161865234,3132200,0.0,0.0
2018-12-12 00:00:00-05:00,96.8546495699893,98.17289738453864,96.15941551230198,97.04426574707031,4183800,0.0,0.0
2018-12-13 00:00:00-05:00,97.30613559289179,97.83885349053763,96.00595618493699,96.34002685546875,3542600,0.0,0.0
2018-12-14 00:00:00-05:00,95.50028347407302,96.11425930812634,94.74184638480611,95.43708038330078,5245400,0.0,0.0
2018-12-17 00:00:00-05:00,95.22040645394019,95.22040645394019,90.99480873791465,91.35597229003906,7345500,0.0,0.0
2018-12-18 00:00:00-05:00,92.07828963447236,92.61100047870943,90.71490064181012,91.21149444580078,5220800,0.0,0.0
2018-12-19 00:00:00-05:00,90.073866569895,92.09637322965328,88.66532911858947,89.17998504638672,6195600,0.0,0.0
2018-12-20 00:00:00-05:00,88.40348425356524,89.27027274067933,86.01078320767996,86.47126007080078,7110500,0.0,0.0
2018-12-21 00:00:00-05:00,85.95659625718247,87.24775132882043,82.29983331051153,82.46235656738281,11005300,0.0,0.0
2018-12-24 00:00:00-05:00,81.92962877098316,82.66098678196838,80.81002807617188,80.81002807617188,3190900,0.0,0.0
2018-12-26 00:00:00-05:00,81.12603984686201,84.77377808637716,80.40371973986008,84.72863006591797,5383700,0.0,0.0
2018-12-27 00:00:00-05:00,83.39232830046579,85.48706817626953,82.39913391677459,85.48706817626953,4226600,0.0,0.0
2018-12-28 00:00:00-05:00,86.13716187895315,86.36288819053918,84.82794513858197,85.25231170654297,3225100,0.0,0.0
2018-12-31 00:00:00-05:00,85.89337194960298,86.32676949048933,85.14396584493028,86.06492614746094,2821100,0.0,0.0
2019-01-02 00:00:00-05:00,84.79185966947209,86.92271033349977,84.66544656066053,86.38999938964844,4175400,0.0,0.0
2019-01-03 00:00:00-05:00,85.93666687525975,86.29024053604745,84.52237223210895,84.70368957519531,4776600,0.39,0.0
2019-01-04 00:00:00-05:00,86.4625194424838,89.1641859110852,86.03641596641472,88.52050018310547,4637200,0.0,0.0
2019-01-07 00:00:00-05:00,88.63835014667087,89.6809423673927,87.95839960056723,89.00099182128906,3289000,0.0,0.0
2019-01-08 00:00:00-05:00,89.47242971576603,90.2249030771546,88.41170158759364,89.43616485595703,3227200,0.0,0.0
2019-01-09 00:00:00-05:00,89.51776755970218,90.28837691233204,88.98287636890798,89.599365234375,2954500,0.0,0.0
2019-01-10 00:00:00-05:00,89.25485291651641,89.45430621467787,88.68369685826696,89.08260345458984,3523800,0.0,0.0
2019-01-11 00:00:00-05:00,88.738077014506,89.46336036565819,88.26664767802735,89.34550476074219,2770600,0.0,0.0
2019-01-14 00:00:00-05:00,88.62929972861714,89.78067974777689,88.50237616482994,89.24578857421875,4120500,0.0,0.0
2019-01-15 00:00:00-05:00,89.39990166396363,89.63561979871217,88.61115651123673,88.83780670166016,5795100,0.0,0.0
2019-01-16 00:00:00-05:00,89.69907205660535,90.62380169200325,89.30923349377363,90.12517547607422,4701900,0.0,0.0
2019-01-17 00:00:00-05:00,90.12520057201728,90.87767407712333,89.36365220420728,90.19772338867188,5693300,0.0,0.0
2019-01-18 00:00:00-05:00,89.01912138204382,91.39441069417572,87.36910845078313,91.0952377319336,9872500,0.0,0.0
2019-01-22 00:00:00-05:00,90.52407226769105,91.2765524568238,89.71719825369077,90.50594329833984,4699800,0.0,0.0
2019-01-23 00:00:00-05:00,90.59660137793446,90.83231947882057,89.26389734300592,90.39714813232422,3585100,0.0,0.0
2019-01-24 00:00:00-05:00,90.37903782334226,91.14964713582098,90.09798686613026,90.40623474121094,3415900,0.0,0.0
2019-01-25 00:00:00-05:00,91.04991336274651,92.10156663327201,90.74166551180322,91.358154296875,3488300,0.0,0.0
2019-01-28 00:00:00-05:00,90.70539705206724,91.03177383672393,90.18863496249647,91.00457000732422,3185400,0.0,0.0
2019-01-29 00:00:00-05:00,91.5122817950245,91.94744628102163,91.14964011215038,91.53041076660156,2827400,0.0,0.0
2019-01-30 00:00:00-05:00,91.64825776796545,93.24387687269144,91.1496315530483,93.0806884765625,3501500,0.0,0.0
2019-01-31 00:00:00-05:00,92.47326955743716,93.2892115545421,92.20128658613075,93.1078872680664,4302100,0.0,0.0
2019-02-01 00:00:00-05:00,92.84496505761207,93.86035324042143,92.84496505761207,93.43424987792969,4727800,0.0,0.0
2019-02-04 00:00:00-05:00,93.4161296270653,93.79690023114837,92.94469342664578,93.76063537597656,2578300,0.0,0.0
2019-02-05 00:00:00-05:00,93.95105280132037,94.4496860844056,93.75160640490252,94.19583892822266,2231200,0.0,0.0
2019-02-06 00:00:00-05:00,94.15047963339353,95.26560151791469,93.76970900621627,95.15680694580078,3595700,0.0,0.0
2019-02-07 00:00:00-05:00,94.34088048981171,94.99363419640895,93.93291288159615,94.64006042480469,3857300,0.0,0.0
2019-02-08 00:00:00-05:00,94.04170314365673,94.7579116821289,93.76972013948657,94.7579116821289,2581900,0.0,0.0
2019-02-11 00:00:00-05:00,95.1477539807388,95.70078103828558,95.02083041836563,95.5647964477539,2653800,0.0,0.0
2019-02-12 00:00:00-05:00,96.34444983204213,97.39610992576036,96.33538880547896,97.00627136230469,3238600,0.0,0.0
2019-02-13 00:00:00-05:00,97.50490839446125,98.3389793813576,97.09693392793855,97.51396942138672,3182100,0.0,0.0
2019-02-14 00:00:00-05:00,97.00625650407298,97.3326332475252,96.31723816602798,96.66175079345703,2385900,0.0,0.0
2019-02-15 00:00:00-05:00,97.30546604100066,97.9944776725543,97.11508070200699,97.35079193115234,3882300,0.0,0.0
2019-02-19 00:00:00-05:00,97.05161935662602,97.21480777889585,96.51672128264677,96.55298614501953,3692800,0.0,0.0
2019-02-20 00:00:00-05:00,96.6164384093739,97.16946540166519,96.55297663567562,96.80682373046875,3840800,0.0,0.0
2019-02-21 00:00:00-05:00,96.77055029519592,96.96093559941751,96.38977968675272,96.65269470214844,2566500,0.0,0.0
2019-02-22 00:00:00-05:00,96.98815398752905,97.50491615279095,96.8793594044368,97.40518951416016,2256400,0.0,0.0
2019-02-25 00:00:00-05:00,98.0941821477362,98.68347392106567,96.7886819872432,96.94280242919922,3333500,0.0,0.0
2019-02-26 00:00:00-05:00,96.70710295555536,97.56837784141646,96.48045276193112,96.95188903808594,2548100,0.0,0.0
2019-02-27 00:00:00-05:00,96.8793602182939,97.57743977775894,96.64364207802133,97.38705444335938,2393500,0.0,0.0
2019-02-28 00:00:00-05:00,97.20573282717693,98.32084786829338,97.07880927642896,97.67716217041016,3295800,0.0,0.0
2019-03-01 00:00:00-05:00,98.27551284178148,99.4087636657946,98.0941885598509,98.72881317138672,2682000,0.0,0.0
2019-03-04 00:00:00-05:00,99.32714442386283,99.80764156213209,97.69526774201323,98.81945037841797,4053200,0.0,0.0
2019-03-05 00:00:00-05:00,98.84665241863345,99.10956739633828,98.20296688707181,98.68346405029297,2685700,0.0,0.0
2019-03-06 00:00:00-05:00,98.75601302415971,99.2274423375841,98.68348330922849,98.80134582519531,2616000,0.0,0.0
2019-03-07 00:00:00-05:00,98.42055973615696,98.48402150200899,97.36890662820718,97.78594207763672,3048200,0.0,0.0
2019-03-08 00:00:00-05:00,96.81591048196478,97.97635852177196,96.71618383009235,97.89476776123047,2077100,0.0,0.0
2019-03-11 00:00:00-04:00,98.82855267761464,99.53570017727142,98.55656967767817,99.32717895507812,3289200,0.0,0.0
2019-03-12 00:00:00-04:00,99.49034912667139,100.8865148978008,99.49034912667139,100.11590576171875,3917500,0.0,0.0
2019-03-13 00:00:00-04:00,99.88926974071136,101.77500093864126,99.8076720774242,101.66620635986328,4234100,0.0,0.0
2019-03-14 00:00:00-04:00,101.89287039430705,102.24644417737592,101.4305020176725,101.85660552978516,3538200,0.0,0.0
2019-03-15 00:00:00-04:00,102.182953088559,103.14394751393021,102.01976470341921,102.91729736328125,4780400,0.0,0.0
2019-03-18 00:00:00-04:00,103.12582114253993,103.5791214552544,102.59093009360753,102.94450378417969,2918000,0.0,0.0
2019-03-19 00:00:00-04:00,103.55191636440955,103.55191636440955,101.86563878095279,102.14668273925781,3331300,0.0,0.0
2019-03-20 00:00:00-04:00,101.77498847592639,101.956305834872,100.27002811278516,100.42414855957031,3309300,0.0,0.0
2019-03-21 00:00:00-04:00,99.68981313133762,101.7024678120022,99.5538216416251,101.37609100341797,3111000,0.0,0.0
2019-03-22 00:00:00-04:00,100.89559991906278,100.9227968353095,98.81041539382478,99.23651885986328,3737400,0.0,0.0
2019-03-25 00:00:00-04:00,99.07333329063465,99.78954874523049,98.08514174894634,98.85575103759766,3596200,0.0,0.0
2019-03-26 00:00:00-04:00,99.717029126563,100.08873880844878,98.86482900047258,99.27279663085938,2844500,0.0,0.0
2019-03-27 00:00:00-04:00,99.4359635388078,99.72607548171841,98.21205399580411,98.80134582519531,3346600,0.0,0.0
2019-03-28 00:00:00-04:00,99.20023448774967,99.61726992740834,98.35709566586199,98.96452331542969,2693300,0.0,0.0
2019-03-29 00:00:00-04:00,99.90739629387446,100.07965264356649,98.9464017467811,99.09146118164062,4891000,0.0,0.0
2019-04-01 00:00:00-04:00,99.9890150411829,101.5755666312594,99.79862968039164,101.26731872558594,5125100,0.0,0.0
2019-04-02 00:00:00-04:00,100.8230681269244,101.04971831341155,100.06152682039868,100.63268280029297,3568900,0.0,0.0
2019-04-03 00:00:00-04:00,101.37608339272403,101.53927178476495,100.04337934385875,100.2337646484375,3719700,0.0,0.0
2019-04-04 00:00:00-04:00,100.37935275031217,100.52491876082603,99.6242086807016,100.18829345703125,3619600,0.39,0.0
2019-04-05 00:00:00-04:00,100.51583253390281,101.17999008341629,100.47943929345948,100.9525375366211,4553700,0.0,0.0
2019-04-08 00:00:00-04:00,100.64317812174534,100.85243052094282,100.00630699858577,100.71595764160156,4776600,0.0,0.0
2019-04-09 00:00:00-04:00,100.08819224421046,100.3611310581621,99.61508719394939,99.94261932373047,2869300,0.0,0.0
2019-04-10 00:00:00-04:00,100.5158322798498,100.5158322798498,99.64240839401909,100.22469329833984,2650100,0.0,0.0
2019-04-11 00:00:00-04:00,100.54309720876208,100.83423610842316,99.55140077656412,99.94261932373047,2320600,0.0,0.0
2019-04-12 00:00:00-04:00,100.82514931378229,101.48931370346898,100.48851709691372,100.90703582763672,2316900,0.0,0.0
2019-04-15 00:00:00-04:00,100.91611988753868,100.96161316241458,100.30654887547706,100.56129455566406,2285000,0.0,0.0
2019-04-16 00:00:00-04:00,101.0708075498147,101.92603132318449,100.93434157857541,101.78955841064453,2523400,0.0,0.0
2019-04-17 00:00:00-04:00,102.18076551321776,102.3536316456575,101.21636907181686,101.68037414550781,3799900,0.0,0.0
2019-04-18 00:00:00-04:00,102.12613227747397,103.84567194492682,101.28000903306886,103.41806030273438,6186800,0.0,0.0
2019-04-22 00:00:00-04:00,102.44459734960623,103.17244807452983,102.1079721159007,102.1989517211914,3174400,0.0,0.0
2019-04-23 00:00:00-04:00,102.07159447590456,103.75474172541239,101.80774872135251,103.69105529785156,3342800,0.0,0.0
2019-04-24 00:00:00-04:00,103.50002657415753,104.04591139175469,103.19068744802784,103.736572265625,2318400,0.0,0.0
2019-04-25 00:00:00-04:00,104.83740107241188,105.99285662696349,104.40068925273872,105.42877197265625,4595200,0.0,0.0
2019-04-26 00:00:00-04:00,106.07474988353451,107.11193972150312,105.62894490475927,106.99365997314453,2990600,0.0,0.0
2019-04-29 00:00:00-04:00,106.66612079964388,107.0846325601874,106.03835662947824,106.22941589355469,3096200,0.0,0.0
2019-04-30 00:00:00-04:00,106.4932849754051,106.76622386623899,105.62896113451232,106.65705108642578,2387900,0.0,0.0
2019-05-01 00:00:00-04:00,106.87540692014908,107.34850517712806,106.38410857176645,106.46598815917969,2450500,0.0,0.0
2019-05-02 00:00:00-04:00,106.44777180035231,107.03914969861418,106.15663287308026,106.67522430419922,2538700,0.0,0.0
2019-05-03 00:00:00-04:00,107.27570136773568,108.86786888162632,107.0209487348216,108.58582305908203,2856200,0.0,0.0
2019-05-06 00:00:00-04:00,106.68432168207518,108.82237377655026,106.49326241657394,108.57672119140625,2924500,0.0,0.0
2019-05-07 00:00:00-04:00,107.69421978508036,108.64042308468889,107.03915542832831,107.55774688720703,6282300,0.0,0.0
2019-05-08 00:00:00-04:00,107.20290894126592,107.45765461871797,106.28399894077178,106.89356994628906,4037500,0.0,0.0
2019-05-09 00:00:00-04:00,105.67445159657201,106.71163462488806,104.97389388541953,106.68434143066406,3219600,0.0,0.0
2019-05-10 00:00:00-04:00,106.3204054336082,108.20371200259396,105.72902749930252,107.7761001586914,2435100,0.0,0.0
2019-05-13 00:00:00-04:00,105.9200814964622,106.34769331902956,105.19223764088552,105.44698333740234,3710600,0.0,0.0
2019-05-14 00:00:00-04:00,105.5197753968512,107.11194302575005,105.32870917303934,106.45687866210938,2460700,0.0,0.0
2019-05-15 00:00:00-04:00,105.70172643232573,107.56683971510374,105.44698074207886,107.04824829101562,2711400,0.0,0.0
2019-05-16 00:00:00-04:00,107.14831747373866,109.49562887015917,107.14831747373866,109.03162384033203,4143500,0.0,0.0
2019-05-17 00:00:00-04:00,107.90346576052316,108.80417572654864,107.82158619147518,108.3310775756836,5273600,0.0,0.0
2019-05-20 00:00:00-04:00,108.11272076527143,109.46833568157507,107.92166150388361,109.03162384033203,2765600,0.0,0.0
2019-05-21 00:00:00-04:00,109.60480295647191,109.79586220808176,108.57671329709179,109.6775894165039,3369100,0.0,0.0
2019-05-22 00:00:00-04:00,109.50474960633414,109.97784782755686,108.66772593885521,109.18631744384766,2941100,0.0,0.0
2019-05-23 00:00:00-04:00,108.51302391180526,108.63130364144676,107.22109551741941,107.74878692626953,3290200,0.0,0.0
2019-05-24 00:00:00-04:00,108.45846896882074,108.84058757232177,107.65783852225184,108.73141479492188,2240100,0.0,0.0
2019-05-28 00:00:00-04:00,108.59492899704419,109.28638658417152,107.51225280761719,107.51225280761719,2550300,0.0,0.0
2019-05-29 00:00:00-04:00,107.09374293714892,107.18472255625457,105.57436178005459,106.45687866210938,2553900,0.0,0.0
2019-05-30 00:00:00-04:00,106.63883160759094,106.7298112213279,105.63804197388515,106.21121978759766,1882400,0.0,0.0
2019-05-31 00:00:00-04:00,105.32873076096564,105.51979702393798,104.22786117916567,104.36433410644531,2969100,0.0,0.0
2019-06-03 00:00:00-04:00,104.22783923195531,105.4742815247378,103.61826815193832,104.28243255615234,2968500,0.0,0.0
2019-06-04 00:00:00-04:00,105.27412684582823,106.44778271901961,104.83742188077579,106.31130981445312,3043200,0.0,0.0
2019-06-05 00:00:00-04:00,106.6115426832171,107.5759391217545,106.45687663954597,107.46676635742188,2568100,0.0,0.0
2019-06-06 00:00:00-04:00,107.73972014322594,108.8496896764582,107.49407444812903,108.65863037109375,2209300,0.0,0.0
2019-06-07 00:00:00-04:00,109.05894067563747,110.41455579959143,108.77689482070053,110.18710327148438,2481800,0.0,0.0
2019-06-10 00:00:00-04:00,110.63290191411208,112.31604913694905,110.46004272278606,111.59730529785156,3453700,0.0,0.0
2019-06-11 00:00:00-04:00,112.40702177905446,113.4896908963893,111.97940999316381,112.11588287353516,3303800,0.0,0.0
2019-06-12 00:00:00-04:00,111.83384688507203,112.07949947956045,110.62379788290232,111.02411651611328,2685700,0.0,0.0
2019-06-13 00:00:00-04:00,111.07872114247928,111.63370590557534,110.46914998999698,110.86946868896484,2343900,0.0,0.0
2019-06-14 00:00:00-04:00,111.00593384596488,111.5518185255799,110.03243730257296,110.99683380126953,2483800,0.0,0.0
2019-06-17 00:00:00-04:00,111.21518022653113,111.21518022653113,110.35996348686467,110.49642944335938,2094200,0.0,0.0
2019-06-18 00:00:00-04:00,111.7337744397102,113.77175403007288,111.1878897763738,112.29785919189453,2729200,0.0,0.0
2019-06-19 00:00:00-04:00,113.0347933750426,113.65346445772236,112.5253019921179,113.43511199951172,2951700,0.0,0.0
2019-06-20 00:00:00-04:00,114.35403822167396,115.00000258531529,113.24406874508165,113.65348052978516,3303200,0.0,0.0
2019-06-21 00:00:00-04:00,113.90822627119525,114.91811607764117,113.32594833935441,113.48062133789062,5703800,0.0,0.0
2019-06-24 00:00:00-04:00,113.70806885822263,114.10838058039953,112.82555195444826,112.9438247680664,2680900,0.0,0.0
2019-06-25 00:00:00-04:00,113.06209840413496,113.33504421145486,111.94303586498387,112.05221557617188,2387800,0.0,0.0
2019-06-26 00:00:00-04:00,112.07039429616697,112.81643820665579,111.93392141007648,112.44341278076172,1902500,0.0,0.0
2019-06-27 00:00:00-04:00,112.53441880215424,113.18948321568314,112.41613904113898,112.76187133789062,1504300,0.0,0.0
2019-06-28 00:00:00-04:00,113.08026752924015,113.31682003472365,112.08857117940819,112.30693054199219,4338900,0.0,0.0
2019-07-01 00:00:00-04:00,113.99921282391746,115.00000258531529,113.31685522187797,113.65348052978516,4008800,0.0,0.0
2019-07-02 00:00:00-04:00,113.52610652045149,114.02650486675113,113.36234041996255,113.81724548339844,4076100,0.0,0.0
2019-07-03 00:00:00-04:00,114.2735710540545,115.04020513873722,114.02715718294674,114.8667984008789,3714300,0.39,0.0
2019-07-05 00:00:00-04:00,115.11319482833493,115.1679588737327,113.45216268673522,114.44696044921875,3731500,0.0,0.0
2019-07-08 00:00:00-04:00,114.07276322712468,114.29180547260702,113.75333532288721,113.94499206542969,3332000,0.0,0.0
2019-07-09 00:00:00-04:00,113.41567244037579,115.03107624021725,113.33353680462491,114.90330505371094,2237100,0.0,0.0
2019-07-10 00:00:00-04:00,115.63343985929431,117.2032083084075,115.63343985929431,115.80684661865234,2733800,0.0,0.0
2019-07-11 00:00:00-04:00,115.88894264500726,116.53692690239598,115.39610807678088,116.16273498535156,2928100,0.0,0.0
2019-07-12 00:00:00-04:00,116.40917831571427,116.81987038734202,115.78857247576124,116.78336334228516,1639400,0.0,0.0
2019-07-15 00:00:00-04:00,117.04804675761729,117.44048186732705,116.60084759294182,117.34010314941406,2355700,0.0,0.0
2019-07-16 00:00:00-04:00,117.9332941683887,118.04280832502359,116.63732558616607,116.8746109008789,2734000,0.0,0.0
2019-07-17 00:00:00-04:00,116.83813041227006,117.40397221776442,115.91634664901994,115.98023223876953,2248900,0.0,0.0
2019-07-18 00:00:00-04:00,115.62429621025716,117.81466324666368,115.59691766675313,117.18492889404297,3524500,0.0,0.0
2019-07-19 00:00:00-04:00,115.72470909599372,116.81989280584523,112.98674285835672,113.91764831542969,7819000,0.0,0.0
2019-07-22 00:00:00-04:00,113.85376385280065,115.0037116337418,113.80812829651404,114.99458312988281,4839700,0.0,0.0
2019-07-23 00:00:00-04:00,115.34137094028628,117.71427325841535,115.32312089854227,117.00240325927734,4055100,0.0,0.0
2019-07-24 00:00:00-04:00,116.55519565698076,117.02065176221886,115.71555453761502,116.77423095703125,3628300,0.0,0.0
2019-07-25 00:00:00-04:00,116.64646198643773,116.9932754279866,115.45088587079952,116.04411315917969,2663500,0.0,0.0
2019-07-26 00:00:00-04:00,115.98935706799867,116.41830616691588,115.26836551880572,115.70643615722656,4236200,0.0,0.0
2019-07-29 00:00:00-04:00,115.82506223896003,116.32701836683138,115.48737734482394,116.08060455322266,1829500,0.0,0.0
2019-07-30 00:00:00-04:00,115.51476418511528,115.8250705625953,115.26835035379831,115.42350006103516,1575400,0.0,0.0
2019-07-31 00:00:00-04:00,115.47825906255997,115.53301614531705,112.82243610374516,113.50692749023438,3221000,0.0,0.0
2019-08-01 00:00:00-04:00,112.95935436281502,115.1132216365611,112.7311905157064,113.25140380859375,4489800,0.0,0.0
2019-08-02 00:00:00-04:00,113.09624394248262,113.99977770953959,112.32961682704841,113.45217895507812,3268800,0.0,0.0
2019-08-05 00:00:00-04:00,111.76376129139703,112.32961005415267,109.66465839022031,110.17574310302734,5876200,0.0,0.0
2019-08-06 00:00:00-04:00,110.48605525320727,112.11970917725039,110.31265547028072,111.84591674804688,3497000,0.0,0.0
2019-08-07 00:00:00-04:00,110.35827605699355,113.03235633669955,109.7194201388415,112.74943542480469,3170800,0.0,0.0
2019-08-08 00:00:00-04:00,113.03236221986957,114.72077320258553,112.89546252656662,114.34658813476562,2976100,0.0,0.0
2019-08-09 00:00:00-04:00,114.61125594553594,115.66993248847902,113.82637181885053,115.14971923828125,2138300,0.0,0.0
2019-08-12 00:00:00-04:00,114.0727890989943,114.72990205846331,112.98673397826805,113.12362670898438,2918000,0.0,0.0
2019-08-13 00:00:00-04:00,113.04150477745722,115.45091461232596,111.8094213105598,115.28663635253906,3175700,0.0,0.0
2019-08-14 00:00:00-04:00,113.4886831330894,114.38308837481962,111.46258728923716,111.93717193603516,5626300,0.0,0.0
2019-08-15 00:00:00-04:00,111.93717094576814,112.25659889962907,110.55905952995997,111.69075012207031,3031700,0.0,0.0
2019-08-16 00:00:00-04:00,112.71292659307767,113.8537456881493,111.97367804763354,113.74422454833984,2343400,0.0,0.0
2019-08-19 00:00:00-04:00,115.08582819089068,115.131463739608,113.47955296553936,113.53431701660156,3286700,0.0,0.0
2019-08-20 00:00:00-04:00,112.83156533768741,112.96846501692355,110.74158399283588,110.8145980834961,3641600,0.0,0.0
2019-08-21 00:00:00-04:00,111.80024719238281,112.31133180852903,111.33479115238926,111.80024719238281,2948300,0.0,0.0
2019-08-22 00:00:00-04:00,112.53952491409422,112.9045884335054,111.13403489031602,111.59036254882812,2322100,0.0,0.0
2019-08-23 00:00:00-04:00,111.34393751774776,111.38957306422824,106.83541847534237,107.47428131103516,4800400,0.0,0.0
2019-08-26 00:00:00-04:00,107.99450419442834,108.55122448897606,107.12747747460462,108.17703247070312,3170600,0.0,0.0
2019-08-27 00:00:00-04:00,108.68813440645798,108.91629826939504,106.64378814418421,107.46517944335938,3145800,0.0,0.0
2019-08-28 00:00:00-04:00,106.80804276522107,108.8888956205906,106.75328567839776,108.6881103515625,2327400,0.0,0.0
2019-08-29 00:00:00-04:00,109.93843503616714,110.6137978760413,109.48210747568345,110.19397735595703,1901300,0.0,0.0
2019-08-30 00:00:00-04:00,110.8602196030248,111.03362630564875,109.35433724799043,109.8563003540039,2366200,0.0,0.0
2019-09-03 00:00:00-04:00,109.39086526523215,109.77417882168788,107.25524823367931,107.32826232910156,3198700,0.0,0.0
2019-09-04 00:00:00-04:00,108.076622537063,108.35955037192872,107.51078079334418,108.0583724975586,3746900,0.0,0.0
2019-09-05 00:00:00-04:00,109.06229156995832,111.0062445531841,109.06229156995832,110.13009643554688,5261100,0.0,0.0
2019-09-06 00:00:00-04:00,110.55908228298567,110.60471784136065,109.51865561171506,109.69206237792969,4552400,0.0,0.0
2019-09-09 00:00:00-04:00,110.62294380284898,110.80547903360004,109.08055417728623,109.44561767578125,5336000,0.0,0.0
2019-09-10 00:00:00-04:00,109.15358025408338,109.16270875737497,106.14182172758993,107.0635986328125,6196100,0.0,0.0
2019-09-11 00:00:00-04:00,106.89020224681796,107.7846006336104,106.55251724437132,107.6933364868164,3674400,0.0,0.0
2019-09-12 00:00:00-04:00,108.60597176098315,109.91106901108499,108.40518649742799,108.62422180175781,3733500,0.0,0.0
2019-09-13 00:00:00-04:00,108.82501260061223,109.49125401238707,107.95799287807657,108.78850555419922,3941100,0.0,0.0
2019-09-16 00:00:00-04:00,107.82110429395465,108.09490368873371,106.48862829624613,107.36477661132812,4280600,0.0,0.0
2019-09-17 00:00:00-04:00,107.60206394376587,108.72462609145309,107.23700042206796,108.65161895751953,3054700,0.0,0.0
2019-09-18 00:00:00-04:00,108.23178318068861,108.42344691138813,107.20961375299518,108.36868286132812,2844500,0.0,0.0
2019-09-19 00:00:00-04:00,108.2500402377939,109.08055289819951,107.32825648157946,107.50166320800781,1975800,0.0,0.0
2019-09-20 00:00:00-04:00,107.53815531000942,107.91234029140145,106.20567965984684,106.5981216430664,5301500,0.0,0.0
2019-09-23 00:00:00-04:00,106.19657168098193,108.07663937818326,105.95927935241046,107.91236114501953,5089400,0.0,0.0
2019-09-24 00:00:00-04:00,108.5055855098525,109.70116169659161,107.25524527155545,107.84847259521484,5128400,0.0,0.0
2019-09-25 00:00:00-04:00,107.56552962498813,109.00752634046177,106.83540276669606,108.7154769897461,2742900,0.0,0.0
2019-09-26 00:00:00-04:00,108.88888308659818,109.54599590486681,108.45993405450582,108.5238265991211,3411200,0.0,0.0
2019-09-27 00:00:00-04:00,108.72462333258937,109.17182944275014,107.6750753084753,108.2317886352539,2909200,0.0,0.0
2019-09-30 00:00:00-04:00,108.65161627831752,108.82501605051739,107.82109661285908,107.94886779785156,2345800,0.0,0.0
2019-10-01 00:00:00-04:00,108.33216922175706,109.06229616538906,106.42472320010344,106.5068588256836,2841300,0.0,0.0
2019-10-02 00:00:00-04:00,105.64895173908621,105.69458031430183,102.90185805770462,103.00225067138672,4908800,0.0,0.0
2019-10-03 00:00:00-04:00,102.79156411701719,103.48783693734036,101.74715838135158,103.11222076416016,3529300,0.43,0.0
2019-10-04 00:00:00-04:00,103.21299836941297,104.92618669452571,103.15802486356642,104.81625366210938,2728200,0.0,0.0
2019-10-07 00:00:00-04:00,104.35817974246349,105.03612573134583,104.07416976889574,104.11997985839844,2556000,0.0,0.0
2019-10-08 00:00:00-04:00,103.36873335542465,104.11997263957119,102.65414074241181,103.1030502319336,3757300,0.0,0.0
2019-10-09 00:00:00-04:00,103.75350883843136,105.14604733857067,103.73518899840373,104.36732482910156,2365600,0.0,0.0
2019-10-10 00:00:00-04:00,105.18267891849237,106.08050472306817,104.37647326982332,105.37506866455078,2384300,0.0,0.0
2019-10-11 00:00:00-04:00,106.95086765163458,107.71127040654413,106.44699161340797,106.6393814086914,2860400,0.0,0.0
2019-10-14 00:00:00-04:00,106.40117442265516,107.1890603829315,106.21794805546256,106.63021087646484,1864400,0.0,0.0
2019-10-15 00:00:00-04:00,107.21657468938467,108.27930749785935,106.94173505900115,107.7296142578125,2379700,0.0,0.0
2019-10-16 00:00:00-04:00,107.76622821205326,108.09604126006384,107.25318879943138,107.56468200683594,2136700,0.0,0.0
2019-10-17 00:00:00-04:00,108.11435771237483,109.3236697757854,108.06854763080044,109.11295318603516,3005500,0.0,0.0
2019-10-18 00:00:00-04:00,109.6901311788269,109.91916761101471,106.88672049589478,106.96917724609375,6188500,0.0,0.0
2019-10-21 00:00:00-04:00,107.69294284400395,109.36948436546585,107.63796934240803,109.0671615600586,4259500,0.0,0.0
2019-10-22 00:00:00-04:00,108.71902138241379,109.34200081158006,108.37088849156473,108.66405487060547,3912100,0.0,0.0
2019-10-23 00:00:00-04:00,108.48996309130625,109.23204579952623,105.82398296069795,106.7218017578125,3921100,0.0,0.0
2019-10-24 00:00:00-04:00,106.6760199379799,107.09744617018349,106.40117340019427,106.6485366821289,2551300,0.0,0.0
2019-10-25 00:00:00-04:00,106.60272071374591,108.57243548682239,106.52026396110496,108.34339904785156,2325000,0.0,0.0
2019-10-28 00:00:00-04:00,108.6915097713946,109.29616920209565,108.16930707653279,108.63654327392578,2552700,0.0,0.0
2019-10-29 00:00:00-04:00,108.18767630253281,108.86562936578343,107.26237388775203,107.57386016845703,2756300,0.0,0.0
2019-10-30 00:00:00-04:00,107.59218783949298,108.26097050133427,107.06082148512645,108.16935729980469,2264400,0.0,0.0
2019-10-31 00:00:00-04:00,107.91282351179775,108.29760310198705,107.08829082593616,107.44558715820312,2507400,0.0,0.0
2019-11-01 00:00:00-04:00,108.48081472711414,109.43360009575878,108.26093472853128,109.14959716796875,2036600,0.0,0.0
2019-11-04 00:00:00-05:00,109.58937072753906,110.39557657129201,109.03052119153408,109.58937072753906,1956400,0.0,0.0
2019-11-05 00:00:00-05:00,109.79092189585481,109.90086192072036,107.88534372565506,108.8106460571289,2630000,0.0,0.0
2019-11-06 00:00:00-05:00,108.92059149113891,109.68099430753489,108.92059149113891,109.65351104736328,2420700,0.0,0.0
2019-11-07 00:00:00-05:00,110.18484405232655,112.16372218739713,110.02910095548413,111.11015319824219,2845000,0.0,0.0
2019-11-08 00:00:00-05:00,110.86279925727139,111.59571166410161,110.75285925091003,111.28422546386719,1984600,0.0,0.0
2019-11-11 00:00:00-05:00,110.63376407838567,111.59571293385254,110.4047276380882,110.76202392578125,1704100,0.0,0.0
2019-11-12 00:00:00-05:00,110.73453355494868,111.06434656695265,110.31310737064074,110.75285339355469,2012400,0.0,0.0
2019-11-13 00:00:00-05:00,110.1848766423282,110.82618303784488,110.05661676115274,110.17572021484375,1807900,0.0,0.0
2019-11-14 00:00:00-05:00,109.9374967548418,110.83532272044698,109.75427038943886,110.78951263427734,1990600,0.0,0.0
2019-11-15 00:00:00-05:00,110.83533465052616,111.15598431931427,110.29480493202173,110.63378143310547,2341500,0.0,0.0
2019-11-18 00:00:00-05:00,110.45053268803835,110.71621580224418,109.38780722085264,109.62600708007812,2617900,0.0,0.0
2019-11-19 00:00:00-05:00,109.94664815537108,110.34974751313567,109.80922490151715,109.93748474121094,1891000,0.0,0.0
2019-11-20 00:00:00-05:00,109.781752136204,110.14821185161028,108.95721952394932,109.29619598388672,2544100,0.0,0.0
2019-11-21 00:00:00-05:00,109.28705195646936,109.45195850817487,108.55413239563624,108.83814239501953,2783800,0.0,0.0
2019-11-22 00:00:00-05:00,109.2137324625709,109.28702579903953,108.48082006679651,109.07630920410156,1629700,0.0,0.0
2019-11-25 00:00:00-05:00,109.14960304443376,110.48717498779297,109.14960304443376,110.48717498779297,2285400,0.0,0.0
2019-11-26 00:00:00-05:00,110.77121080303277,110.89030726094389,109.57105484871457,109.74512481689453,4596200,0.0,0.0
2019-11-27 00:00:00-05:00,109.93750782245937,110.26732090509783,109.34201159049334,110.23983764648438,2629700,0.0,0.0
2019-11-29 00:00:00-05:00,110.00162948785704,110.75286878859386,109.7359463584987,110.04743957519531,1961500,0.0,0.0
2019-12-02 00:00:00-05:00,110.22150192386029,110.26731201094667,107.25319140917631,107.42726135253906,5538200,0.0,0.0
2019-12-03 00:00:00-05:00,106.30956406262703,106.96002676996619,105.03612190479377,106.79512023925781,3792300,0.0,0.0
2019-12-04 00:00:00-05:00,107.47306322667642,108.59992565357845,107.1890602609597,108.05023956298828,2444100,0.0,0.0
2019-12-05 00:00:00-05:00,108.02277058960199,108.4991634005317,107.72959718024364,108.36174011230469,3128300,0.0,0.0
2019-12-06 00:00:00-05:00,110.12987819792446,111.25674052979208,109.85503867062701,110.496337890625,3287600,0.0,0.0
2019-12-09 00:00:00-05:00,110.34059739659757,111.33919291839247,110.03826761876267,110.35891723632812,2885200,0.0,0.0
2019-12-10 00:00:00-05:00,110.34975413946333,111.28422673007397,109.96497459727658,110.76202392578125,2518200,0.0,0.0
2019-12-11 00:00:00-05:00,110.74369198516575,111.20176484461908,110.02909944276051,110.52381896972656,2015300,0.0,0.0
2019-12-12 00:00:00-05:00,110.4871940343891,112.75007552352581,109.9833179836633,112.35613250732422,2933800,0.0,0.0
2019-12-13 00:00:00-05:00,112.20037547374017,114.50905977786687,111.84307917654957,114.26170349121094,3919000,0.0,0.0
2019-12-16 00:00:00-05:00,115.11372255059041,115.7367019816587,112.99742097421725,113.30891418457031,3416100,0.0,0.0
2019-12-17 00:00:00-05:00,113.59292057245815,114.88468955992796,112.9149746089836,114.47241973876953,4325200,0.0,0.0
2019-12-18 00:00:00-05:00,114.5457231666661,114.58236984219312,113.6753873392251,113.84029388427734,3154200,0.0,0.0
2019-12-19 00:00:00-05:00,113.76699159431176,114.42661772269254,113.49214504427373,114.36248779296875,2543600,0.0,0.0
2019-12-20 00:00:00-05:00,115.3061200932302,115.69089968223778,114.36249096272377,115.22366333007812,5828700,0.0,0.0
2019-12-23 00:00:00-05:00,115.19615406717875,115.19615406717875,113.32721607008351,114.05097198486328,3031400,0.0,0.0
2019-12-24 00:00:00-05:00,114.4724267253637,114.8205666386528,113.95022384506854,114.28003692626953,953500,0.0,0.0
2019-12-26 00:00:00-05:00,114.49989403976996,114.92132022808657,114.08762427602493,114.89383697509766,1486600,0.0,0.0
2019-12-27 00:00:00-05:00,115.28779575696785,115.40689919636127,114.61901316964159,114.69230651855469,1788600,0.0,0.0
2019-12-30 00:00:00-05:00,114.70145589769541,114.93965577220878,113.76699022020146,113.8769302368164,2306500,0.0,0.0
2019-12-31 00:00:00-05:00,113.86774564754751,114.1242653156443,113.40050940086451,114.05097198486328,2340400,0.0,0.0
2020-01-02 00:00:00-05:00,114.60259145130472,116.08269222473481,114.207283029595,115.69657897949219,2708000,0.43,0.0
2020-01-03 00:00:00-05:00,114.2900231054381,115.00709259326696,113.94068353835513,114.54743194580078,2090600,0.0,0.0
2020-01-06 00:00:00-05:00,113.4166376163195,114.14290206925118,113.18680735958908,114.05096435546875,2855200,0.0,0.0
2020-01-07 00:00:00-05:00,113.50860246834498,114.36357156117704,113.40747656384814,113.45344543457031,2042300,0.0,0.0
2020-01-08 00:00:00-05:00,114.04181141628456,116.16544139990746,113.81198108857247,115.4115982055664,3458200,0.0,0.0
2020-01-09 00:00:00-05:00,116.28494741683618,117.56280344232829,116.19301669107666,117.49845123291016,2787100,0.0,0.0
2020-01-10 00:00:00-05:00,117.28699911374152,117.829395249234,116.68024376163392,117.01119995117188,2789200,0.0,0.0
2020-01-13 00:00:00-05:00,117.52603354907494,118.54648076988737,117.33297691457867,118.1695556640625,3285700,0.0,0.0
2020-01-14 00:00:00-05:00,118.2430994686142,119.5945028829917,117.98569063042132,118.40858459472656,3836000,0.0,0.0
2020-01-15 00:00:00-05:00,118.30745309414263,119.36466691328776,118.08681094567602,119.3462905883789,3187200,0.0,0.0
2020-01-16 00:00:00-05:00,119.97142615032625,120.36672756448465,119.24516851671294,120.01739501953125,2424500,0.0,0.0
2020-01-17 00:00:00-05:00,120.84481281742481,121.22173801295429,120.2380572384359,120.90917205810547,3659400,0.0,0.0
2020-01-21 00:00:00-05:00,120.53222387938679,121.18494821615222,119.870311379019,119.99901580810547,3102700,0.0,0.0
2020-01-22 00:00:00-05:00,120.3667143806228,121.59861541283068,120.3667143806228,120.88154602050781,2483800,0.0,0.0
2020-01-23 00:00:00-05:00,120.67006096458185,120.95506223792441,119.64042600551585,120.77118682861328,3841000,0.0,0.0
2020-01-24 00:00:00-05:00,125.35863171526239,126.98583406736495,123.05114069457159,124.20948028564453,8612500,0.0,0.0
2020-01-27 00:00:00-05:00,120.56896930464607,121.33200758103531,118.47291809893538,120.1001205444336,6432400,0.0,0.0
2020-01-28 00:00:00-05:00,121.35039975263366,123.06952592692288,120.5597829507119,121.76409149169922,3712700,0.0,0.0
2020-01-29 00:00:00-05:00,121.79166549602219,122.38923267719291,120.83557764496811,121.05620574951172,2518400,0.0,0.0
2020-01-30 00:00:00-05:00,120.20127510306727,122.57312603890682,119.91628770863663,122.47200012207031,2428500,0.0,0.0
2020-01-31 00:00:00-05:00,121.50669180909888,121.58023919477486,118.9417916118978,119.39225006103516,3522600,0.0,0.0
2020-02-03 00:00:00-05:00,120.01738431930137,121.5526490253112,119.92544658908812,120.43107604980469,2721900,0.0,0.0
2020-02-04 00:00:00-05:00,122.15940889502335,122.58228880309274,121.09299290712272,121.21250915527344,2547500,0.0,0.0
2020-02-05 00:00:00-05:00,122.66504548863593,123.0052039394478,120.69769828870967,122.82134246826172,4084500,0.0,0.0
2020-02-06 00:00:00-05:00,123.33610479815167,123.510778027024,122.37081497335303,122.49951934814453,1708600,0.0,0.0
2020-02-07 00:00:00-05:00,121.87443514861903,122.0399062542974,120.74365981556261,121.18494415283203,2885600,0.0,0.0
2020-02-10 00:00:00-05:00,120.99186046306932,121.81005574811738,120.75284200743242,121.57103729248047,1816500,0.0,0.0
2020-02-11 00:00:00-05:00,122.29731122620616,122.86728594244444,121.64460095975195,121.9295883178711,1733300,0.0,0.0
2020-02-12 00:00:00-05:00,122.62823373229648,122.93161136072311,121.8376170718372,122.49034118652344,1715400,0.0,0.0
2020-02-13 00:00:00-05:00,122.40760832964926,123.80498043758523,122.32487279089901,123.61193084716797,3178300,0.0,0.0
2020-02-14 00:00:00-05:00,123.84174793546295,125.36781025581041,123.67626284787929,124.90814971923828,2360300,0.0,0.0
2020-02-18 00:00:00-05:00,124.90817979407935,125.71718702210791,124.05321772350982,124.65997314453125,2428200,0.0,0.0
2020-02-19 00:00:00-05:00,125.3034514614387,126.33308646262252,125.13796639183425,125.88261413574219,1785000,0.0,0.0
2020-02-20 00:00:00-05:00,125.40463013799821,126.9031144165835,124.01644590605564,125.5609130859375,2541700,0.0,0.0
2020-02-21 00:00:00-05:00,125.21156957823871,125.27592880836947,123.0879394276203,124.01644897460938,3106100,0.0,0.0
2020-02-24 00:00:00-05:00,118.98775065742363,120.39432517004194,116.96525359079881,117.8478012084961,6329300,0.0,0.0
2020-02-25 00:00:00-05:00,117.40650215945236,117.66391095689835,110.23580146283983,111.14592742919922,7628100,0.0,0.0
2020-02-26 00:00:00-05:00,111.48607652151333,112.5524924580108,108.91198142331471,108.93955993652344,5268000,0.0,0.0
2020-02-27 00:00:00-05:00,106.54932420522846,108.00185332624241,103.68103965138793,103.7086181640625,8279800,0.0,0.0
2020-02-28 00:00:00-05:00,100.251981603838,102.07223368726721,98.36737030185489,101.06098175048828,11362100,0.0,0.0
2020-03-02 00:00:00-05:00,102.14578448824592,104.79342715909804,99.82909101411887,104.68311309814453,9851600,0.0,0.0
2020-03-03 00:00:00-05:00,105.74032776162272,107.00899558356731,98.36737437581615,99.29589080810547,9285000,0.0,0.0
2020-03-04 00:00:00-05:00,101.35517991062332,106.448221085211,100.43585855088978,106.365478515625,7470900,0.0,0.0
2020-03-05 00:00:00-05:00,102.61464068511197,103.506376408009,100.84953855053055,101.989501953125,12060600,0.0,0.0
2020-03-06 00:00:00-05:00,97.19984052092653,99.99457099680917,95.41635502080496,99.50733184814453,9897700,0.0,0.0
2020-03-09 00:00:00-04:00,92.73192716063868,93.2559399369129,89.11899475142252,90.36007690429688,12266300,0.0,0.0
2020-03-10 00:00:00-04:00,93.70640126925905,95.0302259155764,89.58783959952922,94.96587371826172,9793200,0.0,0.0
2020-03-11 00:00:00-04:00,92.2079342325013,92.81468267643582,86.2966976700392,87.68486785888672,8822900,0.0,0.0
2020-03-12 00:00:00-04:00,80.58771035771258,82.38038412794299,75.20967501929125,76.79090881347656,12206600,0.0,0.0
2020-03-13 00:00:00-04:00,83.08824239788056,92.00566169528767,77.49877517773034,91.56438446044922,12680400,0.0,0.0
2020-03-16 00:00:00-04:00,75.78884371465027,85.66235166573787,73.88584906745929,78.9421157836914,15072400,0.0,0.0
2020-03-17 00:00:00-04:00,80.54172539375678,81.76442418959884,76.50590616242981,79.5948257446289,10512200,0.0,0.0
2020-03-18 00:00:00-04:00,73.56408315347191,74.94306502499602,61.594523594743116,67.79994201660156,14359300,0.0,0.0
2020-03-19 00:00:00-04:00,66.68757912215263,71.60594749881992,64.1594451233748,70.85210418701172,12330400,0.0,0.0
2020-03-20 00:00:00-04:00,72.60800073552254,75.78885165211399,66.70595254718202,68.14009857177734,12208600,0.0,0.0
2020-03-23 00:00:00-04:00,66.9449653667021,69.33519893622912,62.62415879924421,63.396385192871094,8907600,0.0,0.0
2020-03-24 00:00:00-04:00,67.57929823418367,77.93084910861486,65.91532221935788,77.2689437866211,10593900,0.0,0.0
2020-03-25 00:00:00-04:00,80.54173486373747,88.67772648206103,78.4364883702872,82.89519500732422,11046500,0.0,0.0
2020-03-26 00:00:00-04:00,84.79819101211906,91.6471386036903,83.51113984605037,85.76348114013672,9459400,0.0,0.0
2020-03-27 00:00:00-04:00,80.84512352067905,84.54998751948919,78.89615969132505,81.5713882446289,6999800,0.0,0.0
2020-03-30 00:00:00-04:00,81.3691288017469,84.01677157438353,78.3905227919328,82.98712921142578,5565000,0.0,0.0
2020-03-31 00:00:00-04:00,82.68375726467808,83.56630484217634,78.20666015497949,78.70309448242188,6075900,0.0,0.0
2020-04-01 00:00:00-04:00,74.14324886882169,74.74999715375891,70.78772541705855,71.55995178222656,8313400,0.0,0.0
2020-04-02 00:00:00-04:00,71.2364189979151,73.14074546247059,70.09937651428415,70.86665344238281,8338100,0.43,0.0
2020-04-03 00:00:00-04:00,70.25652367667578,70.86664950448737,67.12271351374484,68.03789520263672,10023100,0.0,0.0
2020-04-06 00:00:00-04:00,74.15759833045546,77.88304119008725,72.78944210007532,77.5317611694336,11253000,0.0,0.0
2020-04-07 00:00:00-04:00,84.52044118409941,86.24912385531279,80.81348341780709,80.96139526367188,8693200,0.0,0.0
2020-04-08 00:00:00-04:00,82.46821941430979,85.97180231185233,81.46059629945198,85.12133026123047,6122800,0.0,0.0
2020-04-09 00:00:00-04:00,87.44165241614111,90.45529005974416,86.39705118038667,87.6542739868164,6902500,0.0,0.0
2020-04-13 00:00:00-04:00,86.23989194355467,86.36006504868601,81.29420338338238,83.50358581542969,5037700,0.0,0.0
2020-04-14 00:00:00-04:00,84.54817558420915,85.50958145446869,79.41760492863615,81.7101821899414,8703200,0.0,0.0
2020-04-15 00:00:00-04:00,77.12501486209611,78.94613883272194,74.58283830576201,77.45780944824219,10415600,0.0,0.0
2020-04-16 00:00:00-04:00,77.45783155855891,77.59649718450595,74.25931117009348,75.20222473144531,7526600,0.0,0.0
2020-04-17 00:00:00-04:00,78.87217847707282,80.7857437133789,77.91077273259098,80.7857437133789,8269000,0.0,0.0
2020-04-20 00:00:00-04:00,78.19736437914914,78.82597572734403,76.44095674853435,77.66120147705078,6140400,0.0,0.0
2020-04-21 00:00:00-04:00,74.62908301338682,76.22833966388501,73.4643016420045,75.359375,7360300,0.0,0.0
2020-04-22 00:00:00-04:00,77.28219107071905,77.33766155502511,75.77537574197967,76.30229949951172,5130300,0.0,0.0
2020-04-23 00:00:00-04:00,76.94937753411314,78.3729973670417,75.53500395510935,76.22832489013672,5807200,0.0,0.0
2020-04-24 00:00:00-04:00,77.77213181189865,78.37301147431342,75.1652449090648,76.88468170166016,9125400,0.0,0.0
2020-04-27 00:00:00-04:00,77.16199894278203,78.71503811704879,76.11739088841806,78.6318359375,7785000,0.0,0.0
2020-04-28 00:00:00-04:00,80.94290497921182,82.23710545476729,79.69492871996465,81.52529907226562,7165900,0.0,0.0
2020-04-29 00:00:00-04:00,84.81627262416636,89.10561816322236,84.02126394596988,88.85602569580078,9396500,0.0,0.0
2020-04-30 00:00:00-04:00,86.66511169851643,87.18278904215829,84.2800861318953,84.35404205322266,6553700,0.0,0.0
2020-05-01 00:00:00-04:00,81.44208679411645,82.33878287782987,80.57312946844334,81.64546203613281,4620200,0.0,0.0
2020-05-04 00:00:00-04:00,79.58400395910628,80.76727773573836,78.59486627097219,79.85208892822266,4875400,0.0,0.0
2020-05-05 00:00:00-04:00,81.34965663765696,82.0244921198261,79.83359541909029,80.18487548828125,4410300,0.0,0.0
2020-05-06 00:00:00-04:00,80.87819061347025,81.12779008252672,77.52252005732902,77.65193939208984,4723400,0.0,0.0
2020-05-07 00:00:00-04:00,78.85371159255864,80.76727727945915,78.51167069193018,80.17564392089844,4627600,0.0,0.0
2020-05-08 00:00:00-04:00,81.8118546128939,82.88419417170651,80.9336510850715,82.73628234863281,3913100,0.0,0.0
2020-05-11 00:00:00-04:00,80.8874383581951,81.0261039488027,78.8536998720333,78.88143157958984,5917600,0.0,0.0
2020-05-12 00:00:00-04:00,79.59323927985758,80.66557900901023,76.81995563210766,76.85693359375,5504900,0.0,0.0
2020-05-13 00:00:00-04:00,75.80308202904547,75.92325510787954,71.55071542334687,72.13310241699219,10681600,0.0,0.0
2020-05-14 00:00:00-04:00,71.10699518237423,77.55950528233954,70.25652317347866,77.47630310058594,10625100,0.0,0.0
2020-05-15 00:00:00-04:00,76.23758437440603,77.08805650961996,75.08204928216107,76.00647735595703,6618600,0.0,0.0
2020-05-18 00:00:00-04:00,80.16639039963046,82.27408493006087,79.42684524205035,81.72867584228516,7781700,0.0,0.0
2020-05-19 00:00:00-04:00,81.7379134489768,83.05059937789058,80.06470120230253,80.66558074951172,4920600,0.0,0.0
2020-05-20 00:00:00-04:00,82.44047089120234,84.43723125732454,82.06145211058171,83.87333679199219,5218500,0.0,0.0
2020-05-21 00:00:00-04:00,83.30018997500366,84.52043439405844,82.38500842391868,83.04135131835938,6241900,0.0,0.0
2020-05-22 00:00:00-04:00,82.93041208384905,83.152272767661,81.54377046758239,82.57913208007812,3734500,0.0,0.0
2020-05-26 00:00:00-04:00,86.84078222175216,88.34759755949302,85.87012984810816,87.19206237792969,6559400,0.0,0.0
2020-05-27 00:00:00-04:00,92.44278463018088,94.00506994733486,89.484618343145,93.579833984375,11007700,0.0,0.0
2020-05-28 00:00:00-04:00,93.8664110410652,94.71688302751998,90.60318163980105,90.64939880371094,9268200,0.0,0.0
2020-05-29 00:00:00-04:00,88.28287266326218,89.77120228495266,87.50635654037627,87.88536834716797,7710900,0.0,0.0
2020-06-01 00:00:00-04:00,88.33831372793561,90.65862936034404,87.41388597589669,89.43838500976562,4269500,0.0,0.0
2020-06-02 00:00:00-04:00,91.14857902687274,92.89574699232993,90.75107479356201,91.58306121826172,5433800,0.0,0.0
2020-06-03 00:00:00-04:00,95.01271874559178,97.8692052347273,93.94962502275605,97.43472290039062,7301000,0.0,0.0
2020-06-04 00:00:00-04:00,95.65054752815328,99.31128084382088,95.42868682645891,98.48854064941406,5841600,0.0,0.0
2020-06-05 00:00:00-04:00,105.48646879641686,107.16892730128647,99.90292340426737,101.4374771118164,10097600,0.0,0.0
2020-06-08 00:00:00-04:00,103.45272397768741,105.1166898743653,102.27869665975363,105.0797119140625,6795200,0.0,0.0
2020-06-09 00:00:00-04:00,101.76102462554965,103.35104173732779,100.45757790502508,102.1123046875,5517400,0.0,0.0
2020-06-10 00:00:00-04:00,101.68706777426077,101.99213067026157,97.95237825693982,98.13726806640625,5747400,0.0,0.0
2020-06-11 00:00:00-04:00,93.24705318837084,95.20683599860942,90.71411543680372,91.14859771728516,8601200,0.0,0.0
2020-06-12 00:00:00-04:00,95.41020798732626,95.67829293948611,90.66789513716893,93.99583435058594,7251100,0.0,0.0
2020-06-15 00:00:00-04:00,92.44279642015147,96.82458299567546,90.24266040436909,96.09428405761719,6472400,0.0,0.0
2020-06-16 00:00:00-04:00,100.78113385709823,100.81811182211658,95.0866612479605,97.6380844116211,6706000,0.0,0.0
2020-06-17 00:00:00-04:00,97.68428635586372,98.10028310787496,95.98334254703653,96.103515625,4408200,0.0,0.0
2020-06-18 00:00:00-04:00,94.42108268429467,95.66905917059157,93.61682772285485,94.4395751953125,3645700,0.0,0.0
2020-06-19 00:00:00-04:00,96.3531287642206,96.3531287642206,91.81418412399147,93.31175994873047,7589500,0.0,0.0
2020-06-22 00:00:00-04:00,90.59393147048443,92.90500115085393,90.54770725574706,91.92510986328125,4799900,0.0,0.0
2020-06-23 00:00:00-04:00,93.31176600075005,93.96810904442609,91.7494804000068,91.90663146972656,4364800,0.0,0.0
2020-06-24 00:00:00-04:00,90.27039611665413,90.84353696605876,87.82066049235482,88.26438903808594,5958300,0.0,0.0
2020-06-25 00:00:00-04:00,87.46010967665481,90.7048530422565,86.67434750255029,90.45525360107422,5195400,0.0,0.0
2020-06-26 00:00:00-04:00,88.68038572334639,89.02242665091033,85.46337291161224,86.36006927490234,10489400,0.0,0.0
2020-06-29 00:00:00-04:00,87.30297373505896,88.19966993269577,86.28609739578512,87.37692260742188,4962400,0.0,0.0
2020-06-30 00:00:00-04:00,87.04413252280003,88.37530387341597,86.49871640640269,88.00553131103516,4367100,0.0,0.0
2020-07-01 00:00:00-04:00,88.45128096353774,90.0392243700268,86.95619837731545,87.3369369506836,3301000,0.43,0.0
2020-07-02 00:00:00-04:00,89.86278822678737,90.34567585140454,87.15121246796626,87.59695434570312,4239700,0.0,0.0
2020-07-06 00:00:00-04:00,89.62134468053767,90.91212917590609,88.9991623236643,89.68634796142578,4059600,0.0,0.0
2020-07-07 00:00:00-04:00,88.62769923754182,88.70198362421539,86.01826620855742,86.37114715576172,5564200,0.0,0.0
2020-07-08 00:00:00-04:00,85.40539343514361,86.45473407587276,84.23532736201562,86.26901245117188,6382100,0.0,0.0
2020-07-09 00:00:00-04:00,85.90685337128268,86.5568861656224,83.18598967241599,84.1053237915039,4484500,0.0,0.0
2020-07-10 00:00:00-04:00,83.87316058782277,86.6497391067835,83.40884946696794,86.57545471191406,4400900,0.0,0.0
2020-07-13 00:00:00-04:00,87.51336039716796,88.92487020952385,86.15757273847456,86.88189697265625,4819700,0.0,0.0
2020-07-14 00:00:00-04:00,86.53832764957167,88.4234300735305,85.70256603468607,88.07054901123047,4044400,0.0,0.0
2020-07-15 00:00:00-04:00,89.76064221988455,90.80069474619428,89.5099102109874,90.41067504882812,5405600,0.0,0.0
2020-07-16 00:00:00-04:00,89.61204516804352,90.80996869456222,88.84128701701728,89.44489288330078,2666000,0.0,0.0
2020-07-17 00:00:00-04:00,89.47275497954631,89.63990727281346,88.22840452897749,88.38626861572266,2861600,0.0,0.0
2020-07-20 00:00:00-04:00,88.03338981110558,88.55341599024014,86.90046956242641,87.29048919677734,3560100,0.0,0.0
2020-07-21 00:00:00-04:00,88.45129435966548,90.50354926313301,87.96841377024916,89.45420837402344,4227100,0.0,0.0
2020-07-22 00:00:00-04:00,88.97129545065218,90.45709671759904,88.57198760000466,89.6491928100586,4360300,0.0,0.0
2020-07-23 00:00:00-04:00,88.69272965137603,90.80069943537677,88.69272965137603,89.76992797851562,4239800,0.0,0.0
2020-07-24 00:00:00-04:00,88.49771619246958,90.21566618907508,86.6404714210417,88.52557373046875,4790300,0.0,0.0
2020-07-27 00:00:00-04:00,87.88482631748273,89.129184059337,86.95620388633027,88.95274353027344,3501800,0.0,0.0
2020-07-28 00:00:00-04:00,88.92487671607205,89.41704541967749,87.45765172752385,87.6805191040039,3567400,0.0,0.0
2020-07-29 00:00:00-04:00,87.94980759513206,89.84419773079766,87.69908271878778,89.78848266601562,2791700,0.0,0.0
2020-07-30 00:00:00-04:00,87.92196917174637,88.01482999484055,85.89757205505578,87.89411163330078,3856300,0.0,0.0
2020-07-31 00:00:00-04:00,87.57837655355152,87.70838312317613,85.6468473399173,86.65904235839844,4088200,0.0,0.0
2020-08-03 00:00:00-04:00,86.64975601057304,87.661958135608,85.84185903696795,86.86334228515625,2869000,0.0,0.0
2020-08-04 00:00:00-04:00,86.81689725977698,87.10477499183976,85.88827495532166,86.53831481933594,2415100,0.0,0.0
2020-08-05 00:00:00-04:00,87.12333928953045,88.75771643474339,87.114051083271,88.5812759399414,2844900,0.0,0.0
2020-08-06 00:00:00-04:00,88.38629238326308,89.3984875367469,87.73625944844116,89.07347106933594,2698800,0.0,0.0
2020-08-07 00:00:00-04:00,88.48842791621699,92.21220566379267,88.17269262120938,92.08219909667969,4690700,0.0,0.0
2020-08-10 00:00:00-04:00,92.38862254726678,95.32307215883844,92.17504340448515,94.36659240722656,5254800,0.0,0.0
2020-08-11 00:00:00-04:00,96.56743962747973,98.15538305228088,95.61095970653164,95.8895492553711,4744000,0.0,0.0
2020-08-12 00:00:00-04:00,97.28246808197987,97.31961382184898,93.49368763323714,94.42230987548828,3407800,0.0,0.0
2020-08-13 00:00:00-04:00,93.3544073300263,94.56161926574424,92.39792740602861,93.25225830078125,3265400,0.0,0.0
2020-08-14 00:00:00-04:00,92.54649142208838,94.06014305050817,92.18432224773447,93.24295806884766,1956500,0.0,0.0
2020-08-17 00:00:00-04:00,92.78791158717682,92.86220304997453,90.4849329190388,90.58708190917969,7488500,0.0,0.0
2020-08-18 00:00:00-04:00,91.18143802972496,91.77575581397305,89.58420632774816,89.76992797851562,3337300,0.0,0.0
2020-08-19 00:00:00-04:00,89.9092169937958,90.92141905460593,89.04559791193356,89.9742202758789,3079600,0.0,0.0
2020-08-20 00:00:00-04:00,88.90629984399034,90.61496861440705,88.85058477136381,89.81635284423828,3102500,0.0,0.0
2020-08-21 00:00:00-04:00,89.6027612535655,90.67996649235094,89.11059258181294,89.28703308105469,2845100,0.0,0.0
2020-08-24 00:00:00-04:00,89.77920085067034,92.27719701030499,89.50989954368002,92.24005126953125,4141100,0.0,0.0
2020-08-25 00:00:00-04:00,93.43797047888965,93.59583455618831,91.03283524106918,91.98003387451172,2946600,0.0,0.0
2020-08-26 00:00:00-04:00,91.52500256596875,92.06360514704114,90.82853590987263,91.37642669677734,2936500,0.0,0.0
2020-08-27 00:00:00-04:00,91.710746813452,94.8494878587467,91.4971605520333,94.28302764892578,3992100,0.0,0.0
2020-08-28 00:00:00-04:00,94.85877747504155,95.55524425960893,93.54941651933817,95.22093963623047,4382900,0.0,0.0
2020-08-31 00:00:00-04:00,95.55523753693393,95.55523753693393,94.12515832305459,94.33873748779297,4665800,0.0,0.0
2020-09-01 00:00:00-04:00,93.36368821759355,95.4438002153721,93.01081428912138,95.15592956542969,3142500,0.0,0.0
2020-09-02 00:00:00-04:00,95.2580811508548,97.38462715546598,94.98877982260349,96.94817352294922,3536900,0.0,0.0
2020-09-03 00:00:00-04:00,97.47749037912763,101.24769489808357,96.43743078414866,97.00389099121094,6747900,0.0,0.0
2020-09-04 00:00:00-04:00,98.75898883225389,100.551230311519,97.02246951354766,98.12752532958984,5235100,0.0,0.0
2020-09-08 00:00:00-04:00,96.96671496642907,97.57960893408662,95.92666278105744,96.27024841308594,4517000,0.0,0.0
2020-09-09 00:00:00-04:00,97.1060337326209,97.23604028797543,95.36022635727025,96.37242126464844,2474700,0.0,0.0
2020-09-10 00:00:00-04:00,96.7531583087942,97.60748911211503,95.00734387568333,95.43450927734375,3288900,0.0,0.0
2020-09-11 00:00:00-04:00,95.56452179666567,96.43742191817564,94.72876033153851,95.9823989868164,2604400,0.0,0.0
2020-09-14 00:00:00-04:00,97.18032585720893,100.0033385210368,96.78101798175373,99.61331176757812,3620100,0.0,0.0
2020-09-15 00:00:00-04:00,100.1426124732162,100.40263263482436,98.6568184024374,99.06541442871094,3371500,0.0,0.0
2020-09-16 00:00:00-04:00,99.11187207488197,99.8176199992705,97.2174815247738,98.4154052734375,5798900,0.0,0.0
2020-09-17 00:00:00-04:00,96.82745172812172,97.83036559145198,95.94526330758626,97.18962097167969,3215300,0.0,0.0
2020-09-18 00:00:00-04:00,97.00390878368646,98.54542558658846,95.93599145556885,96.05671691894531,6630300,0.0,0.0
2020-09-21 00:00:00-04:00,93.41940971531396,93.44726725305354,89.35204625432682,91.16285705566406,8339900,0.0,0.0
2020-09-22 00:00:00-04:00,91.01427574528981,92.65793413758702,89.52848144734367,91.45072937011719,4884400,0.0,0.0
2020-09-23 00:00:00-04:00,88.92487207965358,90.16922254201687,88.30268976364614,88.73914337158203,9427200,0.0,0.0
2020-09-24 00:00:00-04:00,88.53485201166154,89.98350770456172,87.02120012206711,88.63700103759766,4249000,0.0,0.0
2020-09-25 00:00:00-04:00,87.92195813530874,89.93706679129464,87.71766009925012,89.3891830444336,2775600,0.0,0.0
2020-09-28 00:00:00-04:00,91.93362419016817,92.6115217080863,91.59003132700047,91.76647186279297,3930900,0.0,0.0
2020-09-29 00:00:00-04:00,91.6921612145784,92.25862136766162,90.28994668399929,90.7728271484375,3200400,0.0,0.0
2020-09-30 00:00:00-04:00,91.21856935812391,94.27373041383902,91.21856935812391,93.0943832397461,5060900,0.0,0.0
2020-10-01 00:00:00-04:00,93.16869049334805,94.23660770929618,92.27721380698517,94.0973129272461,4179300,0.0,0.0
2020-10-02 00:00:00-04:00,92.65791203143971,95.77808285513525,91.58999519916352,94.35729217529297,3783300,0.0,0.0
2020-10-05 00:00:00-04:00,95.95453741325375,96.65100409074017,94.97019302472499,96.47456359863281,2863200,0.0,0.0
2020-10-06 00:00:00-04:00,97.51463519364435,97.77464831870246,94.0880164466932,94.49661254882812,3309200,0.0,0.0
2020-10-07 00:00:00-04:00,95.47165451592124,96.71601205752803,95.08163485795934,96.00096893310547,3048400,0.0,0.0
2020-10-08 00:00:00-04:00,97.28783162662874,98.97565617023633,97.0360523710299,98.90105438232422,2922600,0.43,0.0
2020-10-09 00:00:00-04:00,98.83578121692338,99.97343360077168,98.1364054512217,99.16215515136719,3511300,0.0,0.0
2020-10-12 00:00:00-04:00,99.27405622653542,99.7869346255071,98.8451066175855,99.41393280029297,2626700,0.0,0.0
2020-10-13 00:00:00-04:00,98.74253438776381,99.39528226888139,97.6888107755545,97.92193603515625,2602600,0.0,0.0
2020-10-14 00:00:00-04:00,98.26692246008031,99.09684752452858,97.6887765719211,97.73539733886719,2826300,0.0,0.0
2020-10-15 00:00:00-04:00,96.45789150668897,97.81001491173046,96.06623573742897,97.38106536865234,2699300,0.0,0.0
2020-10-16 00:00:00-04:00,97.58621447620898,98.54668920455232,97.16658482892538,97.82866668701172,2394300,0.0,0.0
2020-10-19 00:00:00-04:00,98.0338241173136,98.11775290385607,95.34822389305654,95.55337524414062,3196500,0.0,0.0
2020-10-20 00:00:00-04:00,95.99165663471128,97.54893162025678,95.88908095404247,96.17815399169922,2954700,0.0,0.0
2020-10-21 00:00:00-04:00,96.20612982170631,96.41128118717633,94.51830522938741,94.58358001708984,2588400,0.0,0.0
2020-10-22 00:00:00-04:00,94.83534979803746,97.78205640228383,94.71412722802152,97.71678161621094,3748800,0.0,0.0
2020-10-23 00:00:00-04:00,93.8375594355715,96.64438902981688,93.25008645211331,94.1639404296875,8921200,0.0,0.0
2020-10-26 00:00:00-04:00,93.03563353705603,93.3433606138685,89.31495606329271,90.34070587158203,5731500,0.0,0.0
2020-10-27 00:00:00-04:00,91.03072228883647,91.10531693902253,88.49431920769857,88.52229309082031,3780300,0.0,0.0
2020-10-28 00:00:00-04:00,85.75277698471088,87.25410391662945,84.8575770258604,85.41707611083984,7037800,0.0,0.0
2020-10-29 00:00:00-04:00,85.23989023314024,86.00454050310843,84.04628339140025,84.92283630371094,5419500,0.0,0.0
2020-10-30 00:00:00-04:00,84.67107199539251,85.15596926106045,83.09514343174334,85.08136749267578,4736300,0.0,0.0
2020-11-02 00:00:00-05:00,86.68526321602926,87.77628731495524,86.04183546385542,87.09556579589844,3572900,0.0,0.0
2020-11-03 00:00:00-05:00,88.35448988160374,90.31274100490839,88.02811588012291,89.79054260253906,4004300,0.0,0.0
2020-11-04 00:00:00-05:00,87.65508568387668,91.21723888134687,86.59203521388517,89.8930892944336,4545500,0.0,0.0
2020-11-05 00:00:00-05:00,90.64843371987669,91.68351054020503,90.30340574162759,91.48768615722656,4197300,0.0,0.0
2020-11-06 00:00:00-05:00,91.8699766287607,91.98187928709939,89.77184980722208,90.16350555419922,3126300,0.0,0.0
2020-11-09 00:00:00-05:00,103.07867061678999,111.72295252990122,102.75229666047099,109.4476547241211,17261700,0.0,0.0
2020-11-10 00:00:00-05:00,110.58527587356619,111.79752986255785,107.34950379814568,108.12347412109375,7056800,0.0,0.0
2020-11-11 00:00:00-05:00,108.10485795194987,108.17013274747934,102.8548790703105,103.6195297241211,5642700,0.0,0.0
2020-11-12 00:00:00-05:00,102.40724536043645,104.55200020933138,102.15547325563013,103.60084533691406,4941200,0.0,0.0
2020-11-13 00:00:00-05:00,104.75714279205522,107.83439846391259,104.63592024191446,107.228271484375,4811500,0.0,0.0
2020-11-16 00:00:00-05:00,111.06084961175563,112.2637765598155,108.86947404109239,110.65987396240234,5339100,0.0,0.0
2020-11-17 00:00:00-05:00,109.07463740228256,109.83928789770466,106.43565800287523,108.61771392822266,4023200,0.0,0.0
2020-11-18 00:00:00-05:00,109.04666463883429,110.74381610301114,106.48228699648686,106.5289077758789,3264300,0.0,0.0
2020-11-19 00:00:00-05:00,106.09996039387663,107.0511153777997,104.9343341685714,106.43566131591797,3249800,0.0,0.0
2020-11-20 00:00:00-05:00,106.06266983299825,106.80867353563247,104.34687127712554,104.98097229003906,3702300,0.0,0.0
2020-11-23 00:00:00-05:00,106.52889553445947,108.89744855658323,106.04399822087977,108.25402069091797,3022900,0.0,0.0
2020-11-24 00:00:00-05:00,110.96762567588172,112.68342420418458,109.93254893445742,112.26380157470703,6163400,0.0,0.0
2020-11-25 00:00:00-05:00,111.43386103416827,112.81396553966317,110.268234872723,112.44096374511719,4646600,0.0,0.0
2020-11-27 00:00:00-05:00,112.39433145889132,113.47603590934422,111.70428279032973,112.45027923583984,2447700,0.0,0.0
2020-11-30 00:00:00-05:00,111.92809270382777,113.28022340812875,110.03511683222435,110.58528900146484,3517700,0.0,0.0
2020-12-01 00:00:00-05:00,112.19850601318853,114.29663300097089,111.76022945965614,111.83483123779297,3583400,0.0,0.0
2020-12-02 00:00:00-05:00,111.22870721326382,114.55773517160384,110.87435942926963,114.07283782958984,3271900,0.0,0.0
2020-12-03 00:00:00-05:00,114.55773005924357,115.5834795898021,113.87700841057837,114.80950927734375,4285100,0.0,0.0
2020-12-04 00:00:00-05:00,115.95649423405435,116.86102131355324,115.49024374890381,116.59992218017578,5048600,0.0,0.0
2020-12-07 00:00:00-05:00,116.10569824414164,116.44139916387539,114.3525918601058,115.57417297363281,4253700,0.0,0.0
2020-12-08 00:00:00-05:00,114.20338111520977,116.14298460557141,113.78375146083569,115.18250274658203,3623000,0.0,0.0
2020-12-09 00:00:00-05:00,114.95873999469279,115.5928410577449,112.84196552630335,113.47606658935547,3622800,0.0,0.0
2020-12-10 00:00:00-05:00,112.57151687061477,113.88633952286172,111.62036190868338,113.61591339111328,2818800,0.0,0.0
2020-12-11 00:00:00-05:00,112.00267558595507,112.36635034155864,110.81839554433995,112.11457824707031,2942800,0.0,0.0
2020-12-14 00:00:00-05:00,113.51334821742599,113.56929600000247,108.77624149852744,109.43831634521484,5336300,0.0,0.0
2020-12-15 00:00:00-05:00,110.77179427714074,111.25669166519208,107.7598129267647,111.06086730957031,4528900,0.0,0.0
2020-12-16 00:00:00-05:00,110.90233843819142,111.5177853666383,110.29621139687815,110.96761322021484,2943700,0.0,0.0
2020-12-17 00:00:00-05:00,111.3499273620806,111.59237245514535,110.46404730622847,110.9489517211914,3746700,0.0,0.0
2020-12-18 00:00:00-05:00,110.58528932989603,111.30331907848236,108.7762422415265,109.57819366455078,8394100,0.0,0.0
2020-12-21 00:00:00-05:00,107.95562968731134,110.03510989447436,106.04400704677819,108.55243682861328,4528300,0.0,0.0
2020-12-22 00:00:00-05:00,108.34727103003753,108.4125458019437,106.65943973174974,106.8179702758789,3632300,0.0,0.0
2020-12-23 00:00:00-05:00,107.96496763368998,110.21229852089016,107.96496763368998,109.05599212646484,2725200,0.0,0.0
2020-12-24 00:00:00-05:00,109.03732169806716,109.51289911061936,108.00224521367416,109.42897033691406,707000,0.0,0.0
2020-12-28 00:00:00-05:00,110.08173083916,111.29397770470216,109.66210117790472,110.37080383300781,1878700,0.0,0.0
2020-12-29 00:00:00-05:00,111.19142202341644,111.2939977069753,110.03512272579269,110.1656723022461,1860400,0.0,0.0
2020-12-30 00:00:00-05:00,110.26823232365497,111.8534810208074,110.17498365577848,111.36858367919922,1954200,0.0,0.0
2020-12-31 00:00:00-05:00,111.62967483675193,112.88854954938064,111.116803642786,112.7486801147461,1747800,0.0,0.0
2021-01-04 00:00:00-05:00,113.11236560602298,113.57861607082205,108.9627322006607,110.0724105834961,3472100,0.0,0.0
2021-01-05 00:00:00-05:00,110.27755231408885,111.2287000490295,109.19584791512021,110.65987396240234,2112700,0.0,0.0
2021-01-06 00:00:00-05:00,112.83261327536994,116.31084489759075,112.65543582088591,114.7535629272461,5861500,0.0,0.0
2021-01-07 00:00:00-05:00,116.12916227361862,117.61704165317445,109.81270896995167,113.84588623046875,8696600,0.43,0.0
2021-01-08 00:00:00-05:00,114.2295347736801,114.35118240059019,111.84331651364917,113.95816040039062,2934500,0.0,0.0
2021-01-11 00:00:00-05:00,112.68550825102358,113.61192640303172,111.72166555290158,113.2844009399414,3311000,0.0,0.0
2021-01-12 00:00:00-05:00,114.1640314768662,114.46347783123095,112.9662460594072,113.80844116210938,2671300,0.0,0.0
2021-01-13 00:00:00-05:00,113.78971069525375,115.93262636087506,113.37797646010175,114.538330078125,3678300,0.0,0.0
2021-01-14 00:00:00-05:00,114.77229344889948,116.50346805232613,114.24825693060285,115.8297119140625,3404700,0.0,0.0
2021-01-15 00:00:00-05:00,114.613211291375,114.96880162695993,113.89266377377216,114.30440521240234,3948200,0.0,0.0
2021-01-19 00:00:00-05:00,117.42987455827729,119.83480520546436,116.26016106958,118.60894775390625,5818500,0.0,0.0
2021-01-20 00:00:00-05:00,119.02068817803931,121.21974095091977,118.90839311390464,120.65828704833984,4090200,0.0,0.0
2021-01-21 00:00:00-05:00,120.05001839030548,120.61148652913913,118.0006853852729,119.2452621459961,3654900,0.0,0.0
2021-01-22 00:00:00-05:00,117.66382955986492,118.89904684751865,116.85906602433967,118.03813934326172,2954800,0.0,0.0
2021-01-25 00:00:00-05:00,116.26014986465687,116.97133759626404,112.59193043108536,113.36862182617188,6156700,0.0,0.0
2021-01-26 00:00:00-05:00,111.12278387111205,112.56387177761697,108.28739945442538,108.68978118896484,8932500,0.0,0.0
2021-01-27 00:00:00-05:00,107.48263246024054,109.29803005969733,104.89990310605661,106.7620849609375,5816900,0.0,0.0
2021-01-28 00:00:00-05:00,109.88754850139797,112.64806908290606,109.11085714289295,111.3286361694336,5788500,0.0,0.0
2021-01-29 00:00:00-05:00,110.17765378850613,110.78590624629155,108.37161582949915,108.79271697998047,5059300,0.0,0.0
2021-02-01 00:00:00-05:00,110.14019394260804,111.62807287095934,109.48515739513445,109.51322937011719,3359800,0.0,0.0
2021-02-02 00:00:00-05:00,110.6923212622257,114.55705183327301,110.68296155584002,112.94752502441406,4036700,0.0,0.0
2021-02-03 00:00:00-05:00,112.36734561492347,113.20954065964605,111.88074086047763,112.7042236328125,2782500,0.0,0.0
2021-02-04 00:00:00-05:00,113.21890975857104,117.35502221786759,113.04111815715311,116.87777709960938,3915900,0.0,0.0
2021-02-05 00:00:00-05:00,118.48730948329228,119.16105850895065,117.56089118670243,118.16914367675781,3184200,0.0,0.0
2021-02-08 00:00:00-05:00,118.72122851893495,120.15294937498575,118.60893346737478,119.769287109375,3360900,0.0,0.0
2021-02-09 00:00:00-05:00,119.45114825210138,119.4605079594529,118.09427626072583,118.54344940185547,2175000,0.0,0.0
2021-02-10 00:00:00-05:00,119.43241260063331,120.43368697017715,118.69315288639233,119.9938735961914,2929100,0.0,0.0
2021-02-11 00:00:00-05:00,119.26396986240492,120.82670517868938,118.82416364152195,120.06873321533203,3733000,0.0,0.0
2021-02-12 00:00:00-05:00,119.95644101588245,122.08064437362655,119.77864230910856,121.29458618164062,2873300,0.0,0.0
2021-02-16 00:00:00-05:00,120.63022539394804,122.501767120223,120.01261319738204,122.28652954101562,2730600,0.0,0.0
2021-02-17 00:00:00-05:00,121.72503329686214,122.73566719135228,120.19037018568642,120.30265808105469,3088800,0.0,0.0
2021-02-18 00:00:00-05:00,119.30140477600368,120.55534122891162,117.98197179890676,120.2371826171875,2269700,0.0,0.0
2021-02-19 00:00:00-05:00,121.17293159485834,124.79435899245121,121.17293159485834,123.2503433227539,3419500,0.0,0.0
2021-02-22 00:00:00-05:00,123.06320834948252,127.70463763348832,122.93220101333507,127.21803283691406,3923100,0.0,0.0
2021-02-23 00:00:00-05:00,127.7046567465104,129.4264717874962,125.65531617677222,128.14447021484375,4814400,0.0,0.0
2021-02-24 00:00:00-05:00,128.38772772087634,131.89686758721987,128.02277774592568,130.9049530029297,4099500,0.0,0.0
2021-02-25 00:00:00-05:00,131.5881050229272,131.60682443977333,127.6110785276455,128.27548217773438,3607500,0.0,0.0
2021-02-26 00:00:00-05:00,128.2941863547594,129.37031709651157,125.19677291694146,126.57235717773438,3654800,0.0,0.0
2021-03-01 00:00:00-05:00,129.3047791607083,130.79266531839565,129.24863520734777,129.80075073242188,2972100,0.0,0.0
2021-03-02 00:00:00-05:00,129.36093759097,131.1856874716159,129.2112108626281,130.30606079101562,2929100,0.0,0.0
2021-03-03 00:00:00-05:00,131.00787627057593,134.9849010859327,131.00787627057593,133.4315185546875,4393700,0.0,0.0
2021-03-04 00:00:00-05:00,133.01980497920098,134.8539219122372,130.9611122069514,133.51576232910156,4461700,0.0,0.0
2021-03-05 00:00:00-05:00,135.36854499924777,138.4565900725284,132.9542557339092,137.86705017089844,5048300,0.0,0.0
2021-03-08 00:00:00-05:00,137.8203262205063,141.7318557012342,137.29629684212662,140.6182861328125,4283400,0.0,0.0
2021-03-09 00:00:00-05:00,139.03681251519728,139.50469786585603,134.85391633800995,135.78033447265625,5806100,0.0,0.0
2021-03-10 00:00:00-05:00,136.34179394646966,138.76543673589427,136.09849869444002,137.32435607910156,3049800,0.0,0.0
2021-03-11 00:00:00-05:00,136.62256313782257,138.32567317593472,135.80844695407222,138.26016235351562,3147700,0.0,0.0
2021-03-12 00:00:00-05:00,139.52343329546773,140.9645140582951,138.5127991085749,138.9993896484375,2420100,0.0,0.0
2021-03-15 00:00:00-04:00,138.53146734220383,139.35495000373498,136.65057365799805,137.54891967773438,2586300,0.0,0.0
2021-03-16 00:00:00-04:00,137.79225443971654,137.801607007655,133.6467965249639,134.09596252441406,4031000,0.0,0.0
2021-03-17 00:00:00-04:00,135.46216195374234,135.51832019010664,132.78585716948822,135.38729858398438,3278500,0.0,0.0
2021-03-18 00:00:00-04:00,136.145307317979,136.15465988621938,132.94497269595672,133.42221069335938,3173600,0.0,0.0
2021-03-19 00:00:00-04:00,132.78582661577852,132.8232654314068,130.76457321231032,131.67227172851562,5098300,0.0,0.0
2021-03-22 00:00:00-04:00,130.53067403355314,131.93433023356616,129.89434246460803,130.96112060546875,2274100,0.0,0.0
2021-03-23 00:00:00-04:00,130.01597283069336,130.5400020957287,126.45068903654605,127.33966827392578,4905400,0.0,0.0
2021-03-24 00:00:00-04:00,129.1082640181003,131.0453016330479,128.77138604871044,129.52935791015625,2638900,0.0,0.0
2021-03-25 00:00:00-04:00,129.0895602847339,133.3753916406849,127.97599090961799,133.14144897460938,2766400,0.0,0.0
2021-03-26 00:00:00-04:00,134.507703638637,134.73227949843837,131.9904778326794,134.4983367919922,2687500,0.0,0.0
2021-03-29 00:00:00-04:00,132.86072746783728,133.88072844009506,131.2979920243047,133.22567749023438,2220600,0.0,0.0
2021-03-30 00:00:00-04:00,133.72162711180164,135.20014652896347,133.45025989186132,134.27374267578125,2034500,0.0,0.0
2021-03-31 00:00:00-04:00,134.19866238431197,134.46146461381045,132.6687810457988,132.7532501220703,2957300,0.43,0.0
2021-04-01 00:00:00-04:00,133.5979732434666,135.74733749935385,133.47596712600833,135.69102478027344,2629200,0.0,0.0
2021-04-05 00:00:00-04:00,137.88729443795697,138.42227954308274,136.6671331208267,137.08949279785156,2960100,0.0,0.0
2021-04-06 00:00:00-04:00,137.01437750415877,137.5306011510113,135.5126529116213,137.17393493652344,2851200,0.0,0.0
2021-04-07 00:00:00-04:00,138.3659481137665,139.24821870561237,136.77035937102028,138.09376525878906,2399500,0.0,0.0
2021-04-08 00:00:00-04:00,137.7840722270688,138.12196288829023,135.79426530136524,138.0093231201172,2295600,0.0,0.0
2021-04-09 00:00:00-04:00,139.10744043875374,139.32331059272772,137.68078977942125,138.70384216308594,1783400,0.0,0.0
2021-04-12 00:00:00-04:00,138.2158019851998,138.69448873927863,137.41801459781465,138.50677490234375,1869000,0.0,0.0
2021-04-13 00:00:00-04:00,137.5494081541194,137.59634019118496,135.0058406902929,137.0238037109375,2132100,0.0,0.0
2021-04-14 00:00:00-04:00,136.85483181759255,139.61426907428873,136.7515870793609,138.36595153808594,2141800,0.0,0.0
2021-04-15 00:00:00-04:00,138.45046236845258,139.46413438008952,136.56391447886813,139.40782165527344,2901200,0.0,0.0
2021-04-16 00:00:00-04:00,140.51536544665134,141.20990818626186,139.5580061074328,140.77816772460938,3480000,0.0,0.0
2021-04-19 00:00:00-04:00,140.0272784362145,140.32761771706475,138.72264790886456,139.4171905517578,2259100,0.0,0.0
2021-04-20 00:00:00-04:00,138.16887291216165,138.4410558051014,135.63468619603913,136.18846130371094,2526700,0.0,0.0
2021-04-21 00:00:00-04:00,135.15601288381797,138.32842943582332,134.23620513953077,138.1407012939453,2161700,0.0,0.0
2021-04-22 00:00:00-04:00,138.50678620717306,139.7738654511374,136.91118265887522,138.12196350097656,3247300,0.0,0.0
2021-04-23 00:00:00-04:00,132.84708830899282,136.0758175006977,132.03990601106662,135.4657440185547,6395300,0.0,0.0
2021-04-26 00:00:00-04:00,137.78404940109968,141.83872234239152,136.62020080044596,141.10662841796875,4821100,0.0,0.0
2021-04-27 00:00:00-04:00,141.44449634528092,141.61344878163828,139.708125883604,141.12538146972656,2692100,0.0,0.0
2021-04-28 00:00:00-04:00,141.42575812524237,144.03503349055975,140.26192372460153,143.17152404785156,2584500,0.0,0.0
2021-04-29 00:00:00-04:00,144.40108468872106,145.5555384435011,142.74916847723912,145.1331787109375,2636000,0.0,0.0
2021-04-30 00:00:00-04:00,144.16642381687535,144.57938850517382,143.11520061292887,143.93177795410156,2712700,0.0,0.0
2021-05-03 00:00:00-04:00,145.09558530217413,146.46592318762592,144.55120528311215,145.29269409179688,2726200,0.0,0.0
2021-05-04 00:00:00-04:00,144.9923593475955,146.17498359521136,143.45308314737386,145.03929138183594,3025100,0.0,0.0
2021-05-05 00:00:00-04:00,145.3584289583088,147.10419492399902,144.84221946613638,146.7850799560547,3001600,0.0,0.0
2021-05-06 00:00:00-04:00,147.22620417887322,147.83627770779373,144.56063055218317,147.24497985839844,2798800,0.0,0.0
2021-05-07 00:00:00-04:00,146.05293674480612,149.4787597998232,145.79951526307687,149.21595764160156,2617800,0.0,0.0
2021-05-10 00:00:00-04:00,149.93870890906385,150.8209796598358,148.76547957487713,148.93441772460938,2987600,0.0,0.0
2021-05-11 00:00:00-04:00,146.850756680647,148.09905992832287,144.21332544705618,144.94541931152344,3900100,0.0,0.0
2021-05-12 00:00:00-04:00,145.21765971816055,146.32518152212623,142.73041883864474,142.9462890625,3487400,0.0,0.0
2021-05-13 00:00:00-04:00,143.04952577015837,145.30212061625846,142.48636989780897,144.61695861816406,2269700,0.0,0.0
2021-05-14 00:00:00-04:00,145.8464959498001,148.23988684510212,145.03931353119447,147.49839782714844,1892700,0.0,0.0
2021-05-17 00:00:00-04:00,147.40451415360522,147.7142483696586,146.30637338122236,147.22618103027344,1541400,0.0,0.0
2021-05-18 00:00:00-04:00,147.69549227081097,148.57776300530998,145.34903364571653,145.47105407714844,2417800,0.0,0.0
2021-05-19 00:00:00-04:00,142.73036905689037,145.27392177534097,142.40185917380447,145.22698974609375,3526800,0.0,0.0
2021-05-20 00:00:00-04:00,145.92157729634144,146.65367127762755,144.4761506921065,145.97789001464844,3031100,0.0,0.0
2021-05-21 00:00:00-04:00,147.0760229772726,149.0564346192245,146.74752736448812,147.23558044433594,3424100,0.0,0.0
2021-05-24 00:00:00-04:00,148.01461035027825,149.1503026504693,147.31067274779915,148.89688110351562,1956900,0.0,0.0
2021-05-25 00:00:00-04:00,149.30048304210445,150.24844721383624,148.05216527835015,148.30557250976562,2484200,0.0,0.0
2021-05-26 00:00:00-04:00,148.44632715733684,149.5913998441569,147.70483838520008,148.8405303955078,3731600,0.0,0.0
2021-05-27 00:00:00-04:00,150.15458742665754,150.4455460262139,149.0939977884342,149.92933654785156,2828400,0.0,0.0
2021-05-28 00:00:00-04:00,150.4173704831269,150.77403675794673,149.10335945217915,150.2953643798828,2436400,0.0,0.0
2021-06-01 00:00:00-04:00,152.52917862195997,154.0309177457595,151.6281466049968,153.70240783691406,3827800,0.0,0.0
2021-06-02 00:00:00-04:00,154.5002400787757,155.5139120401679,153.28947359029667,154.0403289794922,3384600,0.0,0.0
2021-06-03 00:00:00-04:00,153.62730486594643,155.26044493393405,152.82013699145588,154.4157257080078,2454800,0.0,0.0
2021-06-04 00:00:00-04:00,154.8662872314453,155.55144921943798,153.28947372675282,154.8662872314453,3239300,0.0,0.0
2021-06-07 00:00:00-04:00,155.45756871016795,156.4149134393956,155.2135278672448,155.72975158691406,2516400,0.0,0.0
2021-06-08 00:00:00-04:00,154.73485150344487,156.87482039363294,153.58039799412785,156.28350830078125,2486300,0.0,0.0
2021-06-09 00:00:00-04:00,155.1196818505121,155.93624482201866,153.73996311280692,154.01214599609375,2700100,0.0,0.0
2021-06-10 00:00:00-04:00,155.035252840588,155.06342352826053,152.1631889331913,152.2664337158203,3024500,0.0,0.0
2021-06-11 00:00:00-04:00,152.9891160893274,154.43452843060936,152.5292050017318,154.4063720703125,1630100,0.0,0.0
2021-06-14 00:00:00-04:00,154.20925489209665,154.75363498060352,153.09233835892272,153.7493438720703,2125700,0.0,0.0
2021-06-15 00:00:00-04:00,153.86199221505555,156.64958646330467,153.73998609407016,156.05828857421875,3726100,0.0,0.0
2021-06-16 00:00:00-04:00,155.59836550775287,156.4149285384615,154.18110963298264,154.56591796875,3281300,0.0,0.0
2021-06-17 00:00:00-04:00,155.77668794443727,155.80484430068765,150.67079196022846,152.1725311279297,4194400,0.0,0.0
2021-06-18 00:00:00-04:00,148.953182307836,149.86360934907492,147.59223924589148,148.4557342529297,6900200,0.0,0.0
2021-06-21 00:00:00-04:00,150.24845008753584,155.06338807958767,149.35679861684235,154.7724151611328,3681400,0.0,0.0
2021-06-22 00:00:00-04:00,153.38328568500788,155.0915142157098,152.4822537105907,154.39695739746094,2697600,0.0,0.0
2021-06-23 00:00:00-04:00,154.8944360818891,156.61204563013322,154.66917088286354,155.82363891601562,2327600,0.0,0.0
2021-06-24 00:00:00-04:00,156.7997252165647,158.2263758554544,156.18965179473642,157.8791046142578,2417100,0.0,0.0
2021-06-25 00:00:00-04:00,158.1043852645215,159.9440151975842,158.1043852645215,159.04296875,9186000,0.0,0.0
2021-06-28 00:00:00-04:00,158.26393167537506,158.47981617353034,153.17681125828292,154.65977478027344,3433400,0.0,0.0
2021-06-29 00:00:00-04:00,155.40125995680486,156.10519750474114,153.20496392279261,154.16232299804688,2785900,0.0,0.0
2021-06-30 00:00:00-04:00,153.64610654145886,155.9550281095579,153.64610654145886,155.08213806152344,2331800,0.0,0.0
2021-07-01 00:00:00-04:00,155.88202259949793,157.50059959337548,154.9786394711573,157.09596252441406,2685900,0.43,0.0
2021-07-02 00:00:00-04:00,157.81109046707073,159.01561048396556,157.1617759787892,158.5639190673828,2028700,0.0,0.0
2021-07-06 00:00:00-04:00,162.36573512636616,162.36573512636616,157.90525043387052,159.56146240234375,4688100,0.0,0.0
2021-07-07 00:00:00-04:00,159.59907508060448,164.45479056975324,159.39204683722463,160.89768981933594,3998900,0.0,0.0
2021-07-08 00:00:00-04:00,157.10535412009307,160.01314074943093,155.8255494995571,157.6229248046875,4628400,0.0,0.0
2021-07-09 00:00:00-04:00,159.97552683377913,162.1493096362543,159.23211746822474,161.80113220214844,3175200,0.0,0.0
2021-07-12 00:00:00-04:00,160.04139214685293,163.83375168829303,159.8625936878396,163.3632354736328,3154100,0.0,0.0
2021-07-13 00:00:00-04:00,163.73965421896423,164.43602343488848,162.25282115297443,162.44102478027344,2675000,0.0,0.0
2021-07-14 00:00:00-04:00,162.66688670684417,164.25723400928456,160.9259707506659,162.34693908691406,3123100,0.0,0.0
2021-07-15 00:00:00-04:00,161.0482988365274,163.0432831089502,161.01066385511137,162.657470703125,3448200,0.0,0.0
2021-07-16 00:00:00-04:00,163.4950013453492,163.54204148590566,159.54265312543347,159.9849395751953,4359800,0.0,0.0
2021-07-19 00:00:00-04:00,155.8820476249478,156.56901177544847,151.95794332601446,153.2095184326172,6739800,0.0,0.0
2021-07-20 00:00:00-04:00,153.33182454406537,159.58027922757623,152.9836471441592,158.91213989257812,4243700,0.0,0.0
2021-07-21 00:00:00-04:00,160.67184668516367,163.38200971924232,159.73081446356406,162.33746337890625,3384500,0.0,0.0
2021-07-22 00:00:00-04:00,162.09281759219695,162.99621493999467,159.08151703122738,160.82241821289062,3335900,0.0,0.0
2021-07-23 00:00:00-04:00,166.12046695461058,169.0753084458731,162.7515688637162,162.96800231933594,6326600,0.0,0.0
2021-07-26 00:00:00-04:00,163.033870294901,165.0853141225902,162.13989234834824,162.43161010742188,3115900,0.0,0.0
2021-07-27 00:00:00-04:00,160.40838544707725,164.79358541502907,159.9378692581499,162.7421417236328,7922600,0.0,0.0
2021-07-28 00:00:00-04:00,162.79858057904957,163.2220422232041,159.7025907692402,159.9943084716797,7961700,0.0,0.0
2021-07-29 00:00:00-04:00,161.2835557263125,163.5702721130699,160.91655363448922,161.81053161621094,3186900,0.0,0.0
2021-07-30 00:00:00-04:00,162.1586990871245,163.02444711345797,159.80611824632254,160.4742431640625,3441900,0.0,0.0
2021-08-02 00:00:00-04:00,161.04831581432833,163.13740929904887,158.8086536700382,159.28858947753906,2895700,0.0,0.0
2021-08-03 00:00:00-04:00,159.7402523694046,160.2484035552935,155.55266099647213,159.07211303710938,3642000,0.0,0.0
2021-08-04 00:00:00-04:00,158.3757552882773,160.38956404351418,157.45354755973347,158.14990234375,3544400,0.0,0.0
2021-08-05 00:00:00-04:00,158.71451682366737,160.47424269253207,158.39456927642175,159.6273193359375,2535400,0.0,0.0
2021-08-06 00:00:00-04:00,160.47426664088871,162.65746887287452,159.73085730440323,161.2553253173828,2828700,0.0,0.0
2021-08-09 00:00:00-04:00,160.3048813770586,161.02946601501452,158.83685871385256,160.7095184326172,2560200,0.0,0.0
2021-08-10 00:00:00-04:00,160.66246122227088,161.57526381939314,158.73334188735222,159.49559020996094,3389500,0.0,0.0
2021-08-11 00:00:00-04:00,159.4579269467073,160.66244719171704,158.72392287112368,160.60598754882812,3843400,0.0,0.0
2021-08-12 00:00:00-04:00,159.99435827414757,160.07904775753778,158.06523867360676,158.5828094482422,3372800,0.0,0.0
2021-08-13 00:00:00-04:00,158.178152318618,158.3757754651332,155.84439569724455,156.28668212890625,4157700,0.0,0.0
2021-08-16 00:00:00-04:00,155.05391226544398,156.11726911123534,153.04010350774092,155.9761199951172,3845400,0.0,0.0
2021-08-17 00:00:00-04:00,155.04452368029186,156.54077640469404,153.71767864705495,154.94100952148438,7631600,0.0,0.0
2021-08-18 00:00:00-04:00,154.16933220738002,155.40208229310585,152.50370092104876,152.569580078125,3563700,0.0,0.0
2021-08-19 00:00:00-04:00,150.7157607908293,151.59091407788827,148.05263723154985,149.6523895263672,4256400,0.0,0.0
2021-08-20 00:00:00-04:00,149.4830172955844,150.55579376352313,148.73959358487167,150.32994079589844,3075000,0.0,0.0
2021-08-23 00:00:00-04:00,151.72268225867077,152.30613223549977,150.66873034029783,150.98867797851562,2006300,0.0,0.0
2021-08-24 00:00:00-04:00,151.1298318397904,152.35316265597052,150.74400505178673,151.69444274902344,2377600,0.0,0.0
2021-08-25 00:00:00-04:00,152.33432485427485,157.3688394251013,151.03569558705297,156.38075256347656,3579900,0.0,0.0
2021-08-26 00:00:00-04:00,156.1831405992701,156.6818865970742,154.68690260585782,155.75025939941406,3164700,0.0,0.0
2021-08-27 00:00:00-04:00,155.59972816754012,158.93097686850686,155.4209296967649,158.7051239013672,3002300,0.0,0.0
2021-08-30 00:00:00-04:00,158.24405639470314,158.37580039344417,154.5269802397067,154.5740203857422,2582100,0.0,0.0
2021-08-31 00:00:00-04:00,154.42343089844906,156.61602387257489,154.0658339723097,156.1737518310547,3536300,0.0,0.0
2021-09-01 00:00:00-04:00,156.53130271878106,157.41587534082961,154.45162946474267,154.74334716796875,2569000,0.0,0.0
2021-09-02 00:00:00-04:00,155.31740576757372,155.34563559181143,151.63796551242814,152.4943084716797,4350600,0.0,0.0
2021-09-03 00:00:00-04:00,151.2709731237461,151.76971919589937,148.84310757074647,149.90647888183594,4206500,0.0,0.0
2021-09-07 00:00:00-04:00,149.50179831242514,151.18625418631768,149.21950010698035,150.3016815185547,3779000,0.0,0.0
2021-09-08 00:00:00-04:00,149.80296621438444,149.86883102280228,147.5538991101127,149.55828857421875,3056700,0.0,0.0
2021-09-09 00:00:00-04:00,149.4171043779781,152.58837856899248,149.1912514613697,149.9911346435547,3295800,0.0,0.0
2021-09-10 00:00:00-04:00,151.66618313937673,151.93909056374736,149.05011433762547,149.36065673828125,2943700,0.0,0.0
2021-09-13 00:00:00-04:00,151.1674383240881,152.2590393120979,150.32992009479068,151.92967224121094,3192500,0.0,0.0
2021-09-14 00:00:00-04:00,153.08715241534748,156.0514132548728,149.41713159576264,150.0758514404297,4281500,0.0,0.0
2021-09-15 00:00:00-04:00,150.58398624111155,152.7389437981937,149.82175240807817,151.82614135742188,2933100,0.0,0.0
2021-09-16 00:00:00-04:00,153.48240176654477,154.79984148236275,152.63546392721952,153.0401153564453,2765000,0.0,0.0
2021-09-17 00:00:00-04:00,152.04262584958616,154.56458602296024,152.04262584958616,154.25404357910156,6390600,0.0,0.0
2021-09-20 00:00:00-04:00,149.9629373926947,152.57900655242577,148.6360781426035,151.10159301757812,5976900,0.0,0.0
2021-09-21 00:00:00-04:00,152.3625598591492,155.5997136238306,152.15553158170923,153.64236450195312,3480600,0.0,0.0
2021-09-22 00:00:00-04:00,155.85381517576323,158.67691298588247,155.17627055261318,157.61355590820312,3562800,0.0,0.0
2021-09-23 00:00:00-04:00,159.49562889645242,163.83378998401403,159.3262355528915,163.13742065429688,4399200,0.0,0.0
2021-09-24 00:00:00-04:00,163.146753327538,165.621672690467,163.08088853804068,165.35818481445312,2680400,0.0,0.0
2021-09-27 00:00:00-04:00,167.193221618126,168.25659280486954,165.93224167217366,166.34629821777344,3703300,0.0,0.0
2021-09-28 00:00:00-04:00,165.14175997053277,166.7885664603741,162.50686671498406,162.93032836914062,3862200,0.0,0.0
2021-09-29 00:00:00-04:00,162.69509740914683,162.7797868822874,160.35192147248307,161.42469787597656,2726100,0.0,0.0
2021-09-30 00:00:00-04:00,162.02696407270946,162.19635738429093,157.53824952153187,157.6511688232422,3088200,0.0,0.0
2021-10-01 00:00:00-04:00,158.56394830855,164.79357776590652,158.54512364134263,163.68316650390625,3956000,0.0,0.0
2021-10-04 00:00:00-04:00,163.62674433099488,166.77919475696925,161.74467923166077,162.4786834716797,3613900,0.0,0.0
2021-10-05 00:00:00-04:00,163.20325904045123,165.6781791021139,162.45984968588832,164.454833984375,2629400,0.0,0.0
2021-10-06 00:00:00-04:00,162.37513417307133,164.58655157074887,159.88138984077875,163.1750030517578,2922200,0.0,0.0
2021-10-07 00:00:00-04:00,165.56174373060202,166.85415843432838,163.86367168519217,164.42025756835938,3578800,0.43,0.0
2021-10-08 00:00:00-04:00,164.0051803954497,166.95792411073145,163.70329453353546,165.23155212402344,2375300,0.0,0.0
2021-10-11 00:00:00-04:00,165.8353270131485,166.77869883945726,163.51464038146742,163.6372833251953,2499200,0.0,0.0
2021-10-12 00:00:00-04:00,163.7788015984266,166.56174591732267,163.29768709547332,165.00518798828125,3069500,0.0,0.0
2021-10-13 00:00:00-04:00,162.9957824901548,164.2315972756146,157.61856597589266,159.1656951904297,5608100,0.0,0.0
2021-10-14 00:00:00-04:00,161.31661494549994,162.61847293557932,160.19399994184766,161.7977294921875,3061900,0.0,0.0
2021-10-15 00:00:00-04:00,163.92971495279525,167.70320199710156,163.3448146725245,165.85418701171875,3043900,0.0,0.0
2021-10-18 00:00:00-04:00,165.63723578589256,167.55227954341004,164.45802094039104,166.80702209472656,2623300,0.0,0.0
2021-10-19 00:00:00-04:00,167.66545573742974,167.9201701383833,166.27869812459772,167.2692413330078,1400100,0.0,0.0
2021-10-20 00:00:00-04:00,166.92962175316063,169.5899368935484,166.23153589808496,169.4295654296875,2398500,0.0,0.0
2021-10-21 00:00:00-04:00,169.41071163119383,169.60881165056415,166.0428673547835,167.42019653320312,3313800,0.0,0.0
2021-10-22 00:00:00-04:00,174.52376233384106,178.32554908607716,171.88231872768426,176.48597717285156,6026100,0.0,0.0
2021-10-25 00:00:00-04:00,176.15578496882426,176.60861372705799,171.53326962085035,171.986083984375,3889600,0.0,0.0
2021-10-26 00:00:00-04:00,173.03326997378247,173.1087414521898,167.46738159233283,170.70314025878906,3832200,0.0,0.0
2021-10-27 00:00:00-04:00,169.90125749627882,173.32568715157566,167.8352710659342,167.94847106933594,3309900,0.0,0.0
2021-10-28 00:00:00-04:00,168.2975255446546,169.0805258761742,163.2221949832397,164.72215270996094,4865700,0.0,0.0
2021-10-29 00:00:00-04:00,165.6843915125841,166.66549183712752,163.2410476449304,163.93914794921875,3455400,0.0,0.0
2021-11-01 00:00:00-04:00,164.69387638843108,166.09950577287066,163.52408999096176,164.34483337402344,2250400,0.0,0.0
2021-11-02 00:00:00-04:00,165.0900499424216,165.2787214062709,162.79766358696762,163.36367797851562,3252900,0.0,0.0
2021-11-03 00:00:00-04:00,162.92031871455566,163.9863335316375,162.0241183189537,162.83541870117188,3831200,0.0,0.0
2021-11-04 00:00:00-04:00,162.3825905142723,164.16556261823783,161.9392046222275,162.7599334716797,3315400,0.0,0.0
2021-11-05 00:00:00-04:00,166.20321266994313,167.72204162308898,165.42022685703463,166.68434143066406,3936000,0.0,0.0
2021-11-08 00:00:00-05:00,167.98619314363432,171.77853673385175,167.72203584397639,169.85406494140625,3392000,0.0,0.0
2021-11-09 00:00:00-05:00,169.58047702651834,170.9295059267552,168.32579104605222,169.67481994628906,3203300,0.0,0.0
2021-11-10 00:00:00-05:00,169.20315115275636,173.08983800707088,169.20315115275636,171.11819458007812,3296700,0.0,0.0
2021-11-11 00:00:00-05:00,171.68426941432617,172.3823554571181,170.50505445586532,171.03334045410156,2119700,0.0,0.0
2021-11-12 00:00:00-05:00,170.47673291444366,172.05216217257924,169.47674666442384,171.58990478515625,2390200,0.0,0.0
2021-11-15 00:00:00-05:00,172.193675679061,173.5143906112699,171.73141825543127,172.75970458984375,1748300,0.0,0.0
2021-11-16 00:00:00-05:00,173.0143933876499,173.0143933876499,169.56166331960142,170.67483520507812,3299200,0.0,0.0
2021-11-17 00:00:00-05:00,170.92008147784546,171.4483817330894,168.10883778017038,169.43899536132812,3543500,0.0,0.0
2021-11-18 00:00:00-05:00,169.80692493197367,170.15596789358173,165.88249476770397,166.23155212402344,4011500,0.0,0.0
2021-11-19 00:00:00-05:00,163.89193515818454,165.3447354045117,162.10896350657026,163.7126922607422,4456500,0.0,0.0
2021-11-22 00:00:00-05:00,165.08066171361773,165.3259332370366,161.21283098413832,161.22225952148438,4651700,0.0,0.0
2021-11-23 00:00:00-05:00,161.5996090798427,162.21279505593648,158.3261074407168,161.1750946044922,5890300,0.0,0.0
2021-11-24 00:00:00-05:00,158.9392705843813,162.24107175456263,158.3921132345288,161.89202880859375,3590600,0.0,0.0
2021-11-26 00:00:00-05:00,155.74128188169163,155.88279632020706,145.75097573733945,147.93960571289062,6804200,0.0,0.0
2021-11-29 00:00:00-05:00,151.6470289583513,152.26965785079622,145.60001178279276,148.92068481445312,6258500,0.0,0.0
2021-11-30 00:00:00-05:00,146.30752272591445,147.04335154674655,143.10949303700247,143.67552185058594,7444900,0.0,0.0
2021-12-01 00:00:00-05:00,147.26035198170564,148.17542383050943,141.40200644207505,141.5623779296875,6145500,0.0,0.0
2021-12-02 00:00:00-05:00,143.09063657887418,148.9678536211546,142.88310801315237,147.8924102783203,6289300,0.0,0.0
2021-12-03 00:00:00-05:00,149.12825159497422,149.3640946014703,144.93024895828674,147.10943603515625,4069300,0.0,0.0
2021-12-06 00:00:00-05:00,150.06217867549725,153.52435190495163,149.09993528368156,151.58099365234375,4141900,0.0,0.0
2021-12-07 00:00:00-05:00,155.18466777287938,159.58078400464134,154.86392480181829,157.4959259033203,5124500,0.0,0.0
2021-12-08 00:00:00-05:00,158.4675844953914,160.8826139021218,157.80722714116212,159.36378479003906,4042400,0.0,0.0
2021-12-09 00:00:00-05:00,158.34493860404731,159.26943879866573,157.11855256931156,158.50531005859375,2245300,0.0,0.0
2021-12-10 00:00:00-05:00,159.78834090954658,160.9203843381012,156.56201066054496,157.5714111328125,2768500,0.0,0.0
2021-12-13 00:00:00-05:00,156.97705614318136,156.97705614318136,152.81679759407683,154.0526123046875,3477600,0.0,0.0
2021-12-14 00:00:00-05:00,152.95829724802817,155.90161254557117,151.9394540154839,153.6280975341797,2964200,0.0,0.0
2021-12-15 00:00:00-05:00,153.49604401358897,153.81678699614625,149.55274209344176,153.0526580810547,5013000,0.0,0.0
2021-12-16 00:00:00-05:00,154.7129793693683,155.8261512139058,152.73189277809536,153.7696075439453,4900100,0.0,0.0
2021-12-17 00:00:00-05:00,151.88288752638533,152.18477346695636,148.06222815997756,150.94894409179688,9576800,0.0,0.0
2021-12-20 00:00:00-05:00,148.10933785233888,149.25082379620994,145.0716802174213,147.06219482421875,3839600,0.0,0.0
2021-12-21 00:00:00-05:00,148.81690005915377,151.93002984900065,148.59992857770075,151.79795837402344,3722400,0.0,0.0
2021-12-22 00:00:00-05:00,151.43946406764462,153.92996488211813,151.36399260118054,153.2696075439453,2877700,0.0,0.0
2021-12-23 00:00:00-05:00,154.58091273334165,156.9770709113257,154.32619830197677,154.89222717285156,3140500,0.0,0.0
2021-12-27 00:00:00-05:00,155.65632888886333,155.65632888886333,153.32619966240478,155.08087158203125,1687300,0.0,0.0
2021-12-28 00:00:00-05:00,154.33563310375743,156.72236261957084,154.33563310375743,155.09976196289062,2035300,0.0,0.0
2021-12-29 00:00:00-05:00,155.29783906966875,155.59028198301115,154.01485302796294,154.55258178710938,2082200,0.0,0.0
2021-12-30 00:00:00-05:00,155.29784979569897,156.4110359238493,154.71296392861757,154.86390686035156,1632900,0.0,0.0
2021-12-31 00:00:00-05:00,154.8073029190591,155.81670316057694,154.00543121000516,154.3356170654297,1743600,0.0,0.0
2022-01-03 00:00:00-05:00,155.19408327968927,158.8637988556019,155.09031181015095,158.6845703125,3236400,0.0,0.0
2022-01-04 00:00:00-05:00,160.1090623655915,164.19386396955764,159.9958623563813,163.77877807617188,4799500,0.0,0.0
2022-01-05 00:00:00-05:00,164.81648168565476,166.32586782052553,161.78825209126526,162.0335235595703,4491900,0.0,0.0
2022-01-06 00:00:00-05:00,163.1778895207084,164.2654986211435,160.53928262420118,163.5183563232422,2649400,0.43,0.0
2022-01-07 00:00:00-05:00,163.13058301999854,165.84485029242842,162.53476262133364,164.91802978515625,3043000,0.0,0.0
2022-01-10 00:00:00-05:00,166.64873674177474,166.64873674177474,161.24855871897842,164.31275939941406,4269400,0.0,0.0
2022-01-11 00:00:00-05:00,165.0693375207802,166.18531744241037,163.13058342471297,165.86376953125,2762700,0.0,0.0
2022-01-12 00:00:00-05:00,166.66763934886504,167.2256365252316,164.71941862322842,165.00314331054688,3224300,0.0,0.0
2022-01-13 00:00:00-05:00,165.42872097226734,166.80950673612662,163.47104807384875,163.8871612548828,3808800,0.0,0.0
2022-01-14 00:00:00-05:00,159.55568826161416,159.55568826161416,155.77273095233681,159.2624969482422,6508500,0.0,0.0
2022-01-18 00:00:00-05:00,158.79911047299532,159.7732209272465,155.89568350855694,157.1535186767578,4336300,0.0,0.0
2022-01-19 00:00:00-05:00,157.68311821451607,157.68311821451607,152.42480972312234,152.63287353515625,3592000,0.0,0.0
2022-01-20 00:00:00-05:00,152.3775452844502,155.64035813971654,150.8076286647617,152.1884002685547,4205600,0.0,0.0
2022-01-21 00:00:00-05:00,151.27099969140866,153.09628406305686,149.1241674178823,150.1266632080078,3779100,0.0,0.0
2022-01-24 00:00:00-05:00,147.36513008970894,150.79815452831943,144.55628272940282,150.30636596679688,5405000,0.0,0.0
2022-01-25 00:00:00-05:00,157.1251592804192,165.0031710134095,150.996771387278,163.7169647216797,13320800,0.0,0.0
2022-01-26 00:00:00-05:00,167.3485827515631,169.4954152149027,163.64128606167617,165.80703735351562,8257300,0.0,0.0
2022-01-27 00:00:00-05:00,167.11215344266162,168.5307625795787,161.37152263930656,162.57260131835938,3649900,0.0,0.0
2022-01-28 00:00:00-05:00,162.44021438806195,167.59450630492898,160.5582019833098,167.45263671875,4271500,0.0,0.0
2022-01-31 00:00:00-05:00,166.3650366123599,170.35605840174603,165.7124740574317,170.06288146972656,5524300,0.0,0.0
2022-02-01 00:00:00-05:00,170.15745174474517,174.0538939272486,169.2873731229648,173.58102416992188,3471200,0.0,0.0
2022-02-02 00:00:00-05:00,172.60691009028338,174.5645977723367,171.78412134724965,174.16738891601562,2841400,0.0,0.0
2022-02-03 00:00:00-05:00,174.7726653103207,175.7184048256029,172.42723535305595,174.05389404296875,3380900,0.0,0.0
2022-02-04 00:00:00-05:00,174.87667344400677,178.44210054137525,174.18627330156818,175.7656707763672,4075800,0.0,0.0
2022-02-07 00:00:00-05:00,175.55762397137735,178.65964830567555,174.72536861262054,177.6760711669922,3260800,0.0,0.0
2022-02-08 00:00:00-05:00,177.874674004373,183.97469045124834,177.43017531711052,183.47344970703125,5133900,0.0,0.0
2022-02-09 00:00:00-05:00,183.75719597589423,187.9373630216334,183.75719597589423,185.7432403564453,4614200,0.0,0.0
2022-02-10 00:00:00-05:00,185.70540410240338,187.47393230482447,184.05036001924466,184.90151977539062,4511100,0.0,0.0
2022-02-11 00:00:00-05:00,184.82587047386465,186.49983349213477,180.11609162827298,181.4022979736328,4834900,0.0,0.0
2022-02-14 00:00:00-05:00,181.82785161265028,183.61529849909434,180.56056428169796,181.91297912597656,3841300,0.0,0.0
2022-02-15 00:00:00-05:00,184.0882037723532,187.5969039693971,183.64370501456716,187.23751831054688,4134300,0.0,0.0
2022-02-16 00:00:00-05:00,186.783573988588,188.72234308577703,186.5376868837565,187.61582946777344,4122600,0.0,0.0
2022-02-17 00:00:00-05:00,185.01502209207015,186.67006620892263,183.72881580116837,185.09068298339844,3051700,0.0,0.0
2022-02-18 00:00:00-05:00,184.34354832946588,187.0199929437498,183.66261471017188,184.30572509765625,2806300,0.0,0.0
2022-02-22 00:00:00-05:00,184.58942485061613,185.5067933010362,181.3455453597709,181.99810791015625,3420600,0.0,0.0
2022-02-23 00:00:00-05:00,183.8044656148279,183.89903090015932,178.31917398625495,178.6974639892578,3562100,0.0,0.0
2022-02-24 00:00:00-05:00,170.6776183603534,178.2719058198567,169.33466992619643,178.1300506591797,5886600,0.0,0.0
2022-02-25 00:00:00-05:00,179.36895565938383,183.7098964677295,179.17981064700064,183.19920349121094,5426200,0.0,0.0
2022-02-28 00:00:00-05:00,179.34054664216956,184.54211275055778,178.96224226669403,183.98411560058594,5787800,0.0,0.0
2022-03-01 00:00:00-05:00,184.10711045459254,184.20169017884007,167.17837883475377,168.39837646484375,8562500,0.0,0.0
2022-03-02 00:00:00-05:00,170.03450230150642,172.35157567495153,168.4362146313194,170.5262908935547,4058800,0.0,0.0
2022-03-03 00:00:00-05:00,172.22861689201673,173.49590432896022,169.03201283894987,170.1290740966797,3339900,0.0,0.0
2022-03-04 00:00:00-05:00,167.03650553687993,167.2351171810507,161.5512279925608,163.56564331054688,5348600,0.0,0.0
2022-03-07 00:00:00-05:00,160.89867984472284,161.49448596893393,150.44825456828409,150.49554443359375,7760400,0.0,0.0
2022-03-08 00:00:00-05:00,151.81008397456924,157.2669896148848,147.27053222419244,151.36558532714844,7058900,0.0,0.0
2022-03-09 00:00:00-05:00,158.90312592113244,161.4660714185815,157.6642097104648,159.49893188476562,4788200,0.0,0.0
2022-03-10 00:00:00-05:00,156.60497586435943,161.6836059985443,155.8862191518028,160.39739990234375,3840900,0.0,0.0
2022-03-11 00:00:00-05:00,162.43076047026517,162.96037228571714,158.53431831586317,158.78965759277344,3000000,0.0,0.0
2022-03-14 00:00:00-04:00,162.03352005059313,165.23012358235724,160.50142696416742,163.41429138183594,4614600,0.0,0.0
2022-03-15 00:00:00-04:00,164.17090212721513,168.62534113610653,163.9628383007627,166.4879608154297,3827300,0.0,0.0
2022-03-16 00:00:00-04:00,169.45759781927936,172.8433469836789,166.73387785398978,170.8100128173828,5239300,0.0,0.0
2022-03-17 00:00:00-04:00,170.4033411797343,177.52477309992005,170.2898570542754,176.82492065429688,6398900,0.0,0.0
2022-03-18 00:00:00-04:00,178.45154931747672,180.63620477307592,174.8104472709205,180.37139892578125,8744100,0.0,0.0
2022-03-21 00:00:00-04:00,180.4186988464486,181.10908452751175,177.38286920010054,178.82984924316406,3166200,0.0,0.0
2022-03-22 00:00:00-04:00,180.1633530592504,183.80445546821605,179.74722542041573,180.9483184814453,3007000,0.0,0.0
2022-03-23 00:00:00-04:00,178.58400910205185,179.33113703105292,175.13205092863026,175.92648315429688,3664600,0.0,0.0
2022-03-24 00:00:00-04:00,176.4844167780947,179.09465213127257,175.62379052522496,178.6407012939453,2424400,0.0,0.0
2022-03-25 00:00:00-04:00,180.0782577570409,180.88212765612147,178.74476162752933,179.95530700683594,1871900,0.0,0.0
2022-03-28 00:00:00-04:00,179.64318837982057,179.64318837982057,176.18177886201835,179.40675354003906,3043700,0.0,0.0
2022-03-29 00:00:00-04:00,181.89407558858613,183.4734587856069,180.03096766191464,180.57949829101562,2764100,0.0,0.0
2022-03-30 00:00:00-04:00,181.00509157577144,181.6765730046485,178.1773251311915,179.46353149414062,2278000,0.0,0.0
2022-03-31 00:00:00-04:00,179.24602199221818,180.74029226489813,176.79655993591376,176.85330200195312,3801600,0.0,0.0
2022-04-01 00:00:00-04:00,177.98814849321738,179.1419516916953,176.17233061467127,177.0140380859375,2647000,0.0,0.0
2022-04-04 00:00:00-04:00,177.43964036607488,178.27189574391514,175.51979033560758,177.47747802734375,2971400,0.0,0.0
2022-04-05 00:00:00-04:00,177.31670973522603,180.48492850330166,174.7726680897247,175.34010314941406,2974700,0.0,0.0
2022-04-06 00:00:00-04:00,174.47949699297425,174.83886821357197,171.86924656604916,173.7418212890625,3143300,0.0,0.0
2022-04-07 00:00:00-04:00,172.1579384475939,173.81768054318727,169.87223300271557,172.98306274414062,4062400,0.52,0.0
2022-04-08 00:00:00-04:00,173.56161564746066,177.08975456590744,172.5467948827283,174.2255096435547,3075600,0.0,0.0
2022-04-11 00:00:00-04:00,171.72164201080668,173.03047172280753,168.1081489939013,168.41165161132812,4816800,0.0,0.0
2022-04-12 00:00:00-04:00,167.46324877081315,170.00501838938843,165.69917938187538,166.48635864257812,4348900,0.0,0.0
2022-04-13 00:00:00-04:00,165.24391546859314,170.73529873221722,165.0257819927763,170.3274688720703,2980600,0.0,0.0
2022-04-14 00:00:00-04:00,170.0239920952318,173.05894631437596,169.46441087885887,171.81651306152344,2667100,0.0,0.0
2022-04-18 00:00:00-04:00,171.97774091967062,176.30255242801013,171.66475923527724,174.96527099609375,2182700,0.0,0.0
2022-04-19 00:00:00-04:00,175.46791079270594,178.38905831218713,175.18339518350408,177.51651000976562,2713800,0.0,0.0
2022-04-20 00:00:00-04:00,178.61672098211366,180.34284540084613,177.96230600651037,178.74002075195312,2256200,0.0,0.0
2022-04-21 00:00:00-04:00,181.09206452179194,182.49572786292825,175.06008784764342,176.16026306152344,3973200,0.0,0.0
2022-04-22 00:00:00-04:00,175.8662314821394,175.98005218750205,171.019799393456,171.2284393310547,4373700,0.0,0.0
2022-04-25 00:00:00-04:00,170.6973567245038,174.75661050688564,168.8100021241091,174.60487365722656,4408900,0.0,0.0
2022-04-26 00:00:00-04:00,173.7986998383841,174.42466315823773,169.33161638354002,169.43594360351562,3728100,0.0,0.0
2022-04-27 00:00:00-04:00,168.49701845799353,170.15676052837142,166.44841905789457,168.46856689453125,4085800,0.0,0.0
2022-04-28 00:00:00-04:00,171.04827125224762,174.4056857870164,168.44958432701196,172.5941925048828,2703200,0.0,0.0
2022-04-29 00:00:00-04:00,170.8016373613859,172.90713933901347,165.33872152504873,165.69912719726562,3210100,0.0,0.0
2022-05-02 00:00:00-04:00,165.64224776609174,165.86039570836346,158.87050090504763,162.76852416992188,3881800,0.0,0.0
2022-05-03 00:00:00-04:00,164.07735791998175,165.0257819542013,161.54506748523184,163.23326110839844,3152300,0.0,0.0
2022-05-04 00:00:00-04:00,163.33759267186016,168.9807129310764,162.37019607914226,168.64877319335938,2930400,0.0,0.0
2022-05-05 00:00:00-04:00,167.52960330916142,167.6434095503917,160.59662665940087,162.18997192382812,2987100,0.0,0.0
2022-05-06 00:00:00-04:00,160.4449039948278,161.2226187068534,156.49945624753454,158.52908325195312,3129800,0.0,0.0
2022-05-09 00:00:00-04:00,156.51841560694723,157.45736060105975,152.10824968170206,152.71524047851562,4485200,0.0,0.0
2022-05-10 00:00:00-04:00,154.99145017726661,156.233883316479,150.2208785585646,153.48345947265625,3014800,0.0,0.0
2022-05-11 00:00:00-04:00,153.38858940230725,156.4330364116395,150.83732686056337,151.16928100585938,2644300,0.0,0.0
2022-05-12 00:00:00-04:00,147.57478951303824,149.05432873103268,142.1498027325235,145.36495971679688,5314800,0.0,0.0
2022-05-13 00:00:00-04:00,147.9162201809543,151.83320163949503,147.8403445208636,150.56231689453125,3625100,0.0,0.0
2022-05-16 00:00:00-04:00,149.2914042853433,150.5528097642889,146.36077801135826,148.3619384765625,2811300,0.0,0.0
2022-05-17 00:00:00-04:00,152.76267178993385,154.3654963107503,150.23036678969453,153.50244140625,2928100,0.0,0.0
2022-05-18 00:00:00-04:00,152.49707677178858,152.55399436369018,147.38507238691125,148.04898071289062,2697700,0.0,0.0
2022-05-19 00:00:00-04:00,145.64948137729223,148.3904261725498,145.34597874926283,146.0572967529297,2768300,0.0,0.0
2022-05-20 00:00:00-04:00,146.38923794724434,146.81602581719477,141.98855153411407,145.33648681640625,2982500,0.0,0.0
2022-05-23 00:00:00-04:00,148.53267801579065,151.33052582342205,147.97311134862463,150.83734130859375,2726600,0.0,0.0
2022-05-24 00:00:00-04:00,149.177644749612,149.82258076855956,145.03303538489908,147.603271484375,2817800,0.0,0.0
2022-05-25 00:00:00-04:00,149.03535249370017,153.4170669106761,148.02054630013924,152.23153686523438,4381000,0.0,0.0
2022-05-26 00:00:00-04:00,154.30860586979628,158.16869909573435,154.30860586979628,156.8408966064453,2463900,0.0,0.0
2022-05-27 00:00:00-04:00,158.4626745149554,160.92856808961773,157.47630550764973,160.8527069091797,2157500,0.0,0.0
2022-05-31 00:00:00-04:00,159.27831263199084,161.97183304406823,158.4247224359605,160.11293029785156,4123500,0.0,0.0
2022-06-01 00:00:00-04:00,159.99912322327285,160.6345655560035,155.38978208167586,157.21075439453125,2276400,0.0,0.0
2022-06-02 00:00:00-04:00,157.5711407513094,160.4638364412457,157.37196537156308,160.41641235351562,1707000,0.0,0.0
2022-06-03 00:00:00-04:00,158.29198336082803,159.3731863028096,157.41943488763272,158.22560119628906,1390700,0.0,0.0
2022-06-06 00:00:00-04:00,160.37848514107205,161.4786458518401,157.694443803231,158.40576171875,1486000,0.0,0.0
2022-06-07 00:00:00-04:00,156.14850447772184,160.73887250882612,155.96830162797275,159.9896240234375,2083100,0.0,0.0
2022-06-08 00:00:00-04:00,158.14970024424542,159.94222100547307,156.67016113615935,157.40045166015625,2313900,0.0,0.0
2022-06-09 00:00:00-04:00,157.6470073421129,157.97896146535615,152.62983726753302,152.67726135253906,2273800,0.0,0.0
2022-06-10 00:00:00-04:00,149.14914803801972,149.73718073916302,146.3987243187991,146.45562744140625,2733300,0.0,0.0
2022-06-13 00:00:00-04:00,142.13083018077822,143.24048459413007,137.88189444497067,138.7449493408203,4156500,0.0,0.0
2022-06-14 00:00:00-04:00,138.422514919694,139.79772717319437,135.86177236631306,137.14215087890625,3574800,0.0,0.0
2022-06-15 00:00:00-04:00,139.12431878707022,140.26242469198658,136.04194078902918,138.67855834960938,3327800,0.0,0.0
2022-06-16 00:00:00-04:00,135.2357691674815,135.24526266904718,129.45039168667725,130.40829467773438,4815100,0.0,0.0
2022-06-17 00:00:00-04:00,130.88252065302285,138.0526042515696,130.49366331408194,136.7437744140625,10033600,0.0,0.0
2022-06-21 00:00:00-04:00,141.03066232920705,141.03066232920705,136.72482323536815,137.2938690185547,3518800,0.0,0.0
2022-06-22 00:00:00-04:00,134.89436300615694,138.8018803508861,134.05026609025407,136.94296264648438,3419000,0.0,0.0
2022-06-23 00:00:00-04:00,137.06624025536857,137.17056747403,132.2766961706783,134.34425354003906,3915000,0.0,0.0
2022-06-24 00:00:00-04:00,134.32531591341927,138.72600335509736,133.72780407275525,138.6121826171875,8957200,0.0,0.0
2022-06-27 00:00:00-04:00,140.35732624055336,141.09709608357875,136.52568372209683,136.84814453125,3151500,0.0,0.0
2022-06-28 00:00:00-04:00,138.54576800704143,141.79885510704182,134.53393887647923,134.8563995361328,2649300,0.0,0.0
2022-06-29 00:00:00-04:00,134.34426035510396,134.3727119187457,131.3093063016336,132.27670288085938,4164900,0.0,0.0
2022-06-30 00:00:00-04:00,130.13478269901657,133.1525371399927,127.85005196624113,131.9625701904297,4123500,0.52,0.0
2022-07-01 00:00:00-04:00,131.4389734905034,134.12353090825638,130.86778364368212,133.6570587158203,2625300,0.0,0.0
2022-07-05 00:00:00-04:00,130.62978124319918,132.9430694580078,129.13517614562997,132.9430694580078,4057000,0.0,0.0
2022-07-06 00:00:00-04:00,132.60035518722123,133.75224927704372,131.22952583060086,131.51510620117188,4401300,0.0,0.0
2022-07-07 00:00:00-04:00,133.4476070648898,135.34203911642328,132.46707575116065,134.2567901611328,4258000,0.0,0.0
2022-07-08 00:00:00-04:00,134.9327226985831,136.2369216832148,133.00973225281888,134.95175170898438,3631800,0.0,0.0
2022-07-11 00:00:00-04:00,133.7236820208932,135.47530929411505,133.1239342321218,133.82839965820312,2373600,0.0,0.0
2022-07-12 00:00:00-04:00,130.92488586279907,135.0754900025407,130.47745725288044,132.49563598632812,4047400,0.0,0.0
2022-07-13 00:00:00-04:00,130.26799873538002,133.29528082165115,129.81105570336146,132.70504760742188,2753800,0.0,0.0
2022-07-14 00:00:00-04:00,129.1827702367,130.6488172116095,127.67865072229387,129.92530822753906,4600200,0.0,0.0
2022-07-15 00:00:00-04:00,133.00020548714028,136.23690912436484,132.20053681917727,135.6371612548828,3296600,0.0,0.0
2022-07-18 00:00:00-04:00,137.40783072311,139.03571155334362,134.72327341260552,135.49436950683594,3330300,0.0,0.0
2022-07-19 00:00:00-04:00,137.4649426919768,140.8254073762527,137.4649426919768,140.6826171875,3372300,0.0,0.0
2022-07-20 00:00:00-04:00,139.81632667367555,141.93923778497205,139.3403399802665,141.7773895263672,2802300,0.0,0.0
2022-07-21 00:00:00-04:00,141.09200223259583,143.1101814530096,139.41651953553097,142.96737670898438,4683000,0.0,0.0
2022-07-22 00:00:00-04:00,151.3732781249113,153.1534781784809,145.29016896043873,145.66143798828125,9298400,0.0,0.0
2022-07-25 00:00:00-04:00,146.84190588127672,147.34645065188744,143.9479129606801,146.40399169921875,4213800,0.0,0.0
2022-07-26 00:00:00-04:00,145.39487191675425,146.12789539414328,141.69169651679445,142.6341552734375,2812700,0.0,0.0
2022-07-27 00:00:00-04:00,144.31914399223373,145.38534933577185,140.19709826279015,144.3477020263672,5029100,0.0,0.0
2022-07-28 00:00:00-04:00,144.4714669228627,145.31872260312812,140.45413831954764,144.83322143554688,3587900,0.0,0.0
2022-07-29 00:00:00-04:00,145.05219040898194,146.96566634644006,144.02405733645864,146.62295532226562,3197900,0.0,0.0
2022-08-01 00:00:00-04:00,145.4996075276036,147.33692369963705,144.5095616064486,145.96607971191406,2295600,0.0,0.0
2022-08-02 00:00:00-04:00,144.7189951614107,145.93751990777025,143.59565903607128,144.3191680908203,2562900,0.0,0.0
2022-08-03 00:00:00-04:00,146.6705250320818,148.54589896343842,145.9470160682693,147.96519470214844,2609300,0.0,0.0
2022-08-04 00:00:00-04:00,148.5269060884682,150.13574359026498,147.8033969486519,149.33607482910156,3693300,0.0,0.0
2022-08-05 00:00:00-04:00,148.96478114184808,150.4498571978467,148.5078380152239,149.9453125,2513600,0.0,0.0
2022-08-08 00:00:00-04:00,151.36375942493146,153.0677852937016,149.402696689869,149.7263641357422,3080700,0.0,0.0
2022-08-09 00:00:00-04:00,150.0690777929243,151.30664604882784,149.71685230295228,151.17337036132812,2997900,0.0,0.0
2022-08-10 00:00:00-04:00,154.0007446135647,156.32356208844467,153.87698342034125,154.63856506347656,3225400,0.0,0.0
2022-08-11 00:00:00-04:00,156.4663233328292,156.99942602656944,154.3910141025302,155.16212463378906,1968200,0.0,0.0
2022-08-12 00:00:00-04:00,156.57101513917914,158.02753280354494,155.4381648389043,157.87521362304688,1942600,0.0,0.0
2022-08-15 00:00:00-04:00,156.39020000486062,158.08471161413223,155.89516973472527,157.45640563964844,1852800,0.0,0.0
2022-08-16 00:00:00-04:00,157.07561696352784,158.00854686367828,156.08557098136276,157.4088134765625,1876000,0.0,0.0
2022-08-17 00:00:00-04:00,155.45726702934812,156.58058872600148,154.41009042572037,156.0284423828125,1804100,0.0,0.0
2022-08-18 00:00:00-04:00,156.05699436352822,157.0660983814534,155.49533353701432,156.74241638183594,1397700,0.0,0.0
2022-08-19 00:00:00-04:00,155.6476471190713,156.05698869866632,154.22920155818153,154.4481658935547,1895400,0.0,0.0
2022-08-22 00:00:00-04:00,151.34474564262467,151.54466647258835,149.44079860891105,150.126220703125,1969300,0.0,0.0
2022-08-23 00:00:00-04:00,150.41179197032542,151.934955167751,149.65021037161262,149.7739715576172,2885200,0.0,0.0
2022-08-24 00:00:00-04:00,149.488368538052,151.89685986366115,148.78390305539114,151.48751831054688,2029200,0.0,0.0
2022-08-25 00:00:00-04:00,152.31574774229077,154.5338475619033,151.15433900367887,154.4386444091797,1936300,0.0,0.0
2022-08-26 00:00:00-04:00,155.37156435930174,155.73330432557924,149.64068118556517,149.75491333007812,2373700,0.0,0.0
2022-08-29 00:00:00-04:00,148.39357494542415,148.993308134794,146.99417329363263,147.117919921875,2693600,0.0,0.0
2022-08-30 00:00:00-04:00,148.1651073976329,148.6220504636836,145.55669561559228,147.232177734375,2104500,0.0,0.0
2022-08-31 00:00:00-04:00,148.08895840373896,148.86005442228023,144.54761670484194,144.69993591308594,3271600,0.0,0.0
2022-09-01 00:00:00-04:00,143.57664100336805,144.10021477390603,140.55887241971286,143.8527069091797,2425200,0.0,0.0
2022-09-02 00:00:00-04:00,146.10886865156533,146.58485533621098,141.77738691609758,142.59608459472656,2028500,0.0,0.0
2022-09-06 00:00:00-04:00,142.7960138212175,144.04309668443562,139.51170840852186,141.4632568359375,2797600,0.0,0.0
2022-09-07 00:00:00-04:00,141.27285417075743,145.36634291098292,141.25382516044996,144.93795776367188,1766400,0.0,0.0
2022-09-08 00:00:00-04:00,143.67182079852458,146.3087911289817,142.32953484619458,146.14695739746094,3399200,0.0,0.0
2022-09-09 00:00:00-04:00,147.03229398649873,150.97346342249878,146.88950378177339,150.83067321777344,3543500,0.0,0.0
2022-09-12 00:00:00-04:00,151.8397377667388,155.60002930780786,151.68741855610304,154.64805603027344,4146300,0.0,0.0
2022-09-13 00:00:00-04:00,150.54505237732002,152.1348459955332,147.4035376802818,147.88905334472656,3519800,0.0,0.0
2022-09-14 00:00:00-04:00,148.67917984246205,149.99290761667888,146.12789842547457,148.79342651367188,2840200,0.0,0.0
2022-09-15 00:00:00-04:00,148.91720273428942,151.1638607014299,148.41265795796215,148.63162231445312,2371600,0.0,0.0
2022-09-16 00:00:00-04:00,146.680031052589,146.680031052589,143.2814797873278,145.72805786132812,6527200,0.0,0.0
2022-09-19 00:00:00-04:00,143.98597877775094,148.01282224919171,143.46239049518502,147.89859008789062,2472500,0.0,0.0
2022-09-20 00:00:00-04:00,146.20407460910434,147.1655625012237,144.82371610229185,146.10887145996094,1725900,0.0,0.0
2022-09-21 00:00:00-04:00,147.24171565296035,147.37499134033501,141.5203610740019,141.56796264648438,2599900,0.0,0.0
2022-09-22 00:00:00-04:00,141.67270122251333,141.73933181306265,135.62766377331747,136.1607666015625,3249400,0.0,0.0
2022-09-23 00:00:00-04:00,134.01880338910252,135.1421394649089,131.45799282341835,133.52377319335938,3035600,0.0,0.0
2022-09-26 00:00:00-04:00,133.3143472192818,134.50431395745218,130.13475958112122,130.84873962402344,3808700,0.0,0.0
2022-09-27 00:00:00-04:00,132.74315527661085,133.63801247580244,129.56356803664195,130.88681030273438,2828700,0.0,0.0
2022-09-28 00:00:00-04:00,131.84829413335592,134.39957545170714,129.96339117980096,133.80935668945312,5269500,0.0,0.0
2022-09-29 00:00:00-04:00,131.74359891088892,132.2767016934298,129.31606382342613,131.1724090576172,2280700,0.0,0.0
2022-09-30 00:00:00-04:00,130.80109830565604,132.01010821155106,128.1546142461708,128.43069458007812,3717200,0.0,0.0
2022-10-03 00:00:00-04:00,131.32471167362053,134.0092833080039,128.44023378405683,133.29530334472656,2677100,0.0,0.0
2022-10-04 00:00:00-04:00,136.16074209071377,138.55971891192954,136.16074209071377,138.4740447998047,2408800,0.0,0.0
2022-10-05 00:00:00-04:00,136.05604277953188,138.31221519194804,135.25638857335423,137.4364013671875,2073800,0.0,0.0
2022-10-06 00:00:00-04:00,136.1797513698815,138.09321202249475,135.30393788344355,135.54193115234375,2526000,0.0,0.0
2022-10-07 00:00:00-04:00,133.6760954516387,134.50430761403805,131.44848130907187,132.3242950439453,2579600,0.0,0.0
2022-10-10 00:00:00-04:00,133.28577116741207,133.63801115196242,130.0871404264344,130.9058380126953,2893400,0.0,0.0
2022-10-11 00:00:00-04:00,129.82061088577208,132.52422644348187,128.88768099965424,130.75355529785156,2588700,0.0,0.0
2022-10-12 00:00:00-04:00,130.71546886207798,131.8007179871957,129.573103655527,130.1728515625,2397400,0.0,0.0
2022-10-13 00:00:00-04:00,125.51902827079903,136.22182742005347,124.85009147657449,135.26622009277344,5232300,0.52,0.0
2022-10-14 00:00:00-04:00,136.61365887545278,137.49281605309542,130.09640852316574,130.73666381835938,3871900,0.0,0.0
2022-10-17 00:00:00-04:00,134.33930828660976,135.9065040521967,133.87105534770734,135.25668334960938,3139300,0.0,0.0
2022-10-18 00:00:00-04:00,139.64290920398122,140.52206623184065,137.1774404473833,139.50912475585938,3963300,0.0,0.0
2022-10-19 00:00:00-04:00,138.9739750032461,140.54118511282115,136.26961893530373,137.57879638671875,2803900,0.0,0.0
2022-10-20 00:00:00-04:00,137.6074874135345,140.78011148353642,135.83960761072558,136.09762573242188,4319300,0.0,0.0
2022-10-21 00:00:00-04:00,134.73112689021568,135.04647916230272,126.34089294780519,133.8232879638672,11755400,0.0,0.0
2022-10-24 00:00:00-04:00,135.02729924382973,137.40675182153427,134.13857697229258,135.3426513671875,4299600,0.0,0.0
2022-10-25 00:00:00-04:00,136.15497188788092,140.8947921780338,135.31404708360412,140.49343872070312,3889100,0.0,0.0
2022-10-26 00:00:00-04:00,141.00942517152228,142.86330585477057,139.96781660830723,140.359619140625,3559100,0.0,0.0
2022-10-27 00:00:00-04:00,141.85033086678413,143.0639560573518,139.91044947520243,140.44558715820312,2101300,0.0,0.0
2022-10-28 00:00:00-04:00,140.05383486084972,144.2107333775947,139.56648027822027,143.7615966796875,3383100,0.0,0.0
2022-10-31 00:00:00-04:00,143.34111879355552,143.62780394742515,141.73570526214576,141.85992431640625,3042900,0.0,0.0
2022-11-01 00:00:00-04:00,143.30287384186457,143.94312896843206,140.1206998559742,140.55072021484375,2675500,0.0,0.0
2022-11-02 00:00:00-04:00,140.07291071508925,142.41414553222964,137.00540506486695,137.129638671875,2851600,0.0,0.0
2022-11-03 00:00:00-04:00,134.82663602566564,135.8873607557289,132.609634580439,133.1256561279297,3960500,0.0,0.0
2022-11-04 00:00:00-04:00,136.07850059432448,139.86271266639963,134.7406559423557,138.29551696777344,3322100,0.0,0.0
2022-11-07 00:00:00-05:00,139.7098122600982,140.9903227984274,137.3781276491626,140.45518493652344,2918000,0.0,0.0
2022-11-08 00:00:00-05:00,140.89480035978679,144.6216645238587,140.6081151360698,143.5322723388672,3846000,0.0,0.0
2022-11-09 00:00:00-05:00,142.8346151518948,142.8346151518948,139.19375390504268,139.38487243652344,2425500,0.0,0.0
2022-11-10 00:00:00-05:00,146.00726712008364,148.87408969098303,144.59297206790242,147.88026428222656,4701600,0.0,0.0
2022-11-11 00:00:00-05:00,149.5430158461332,151.82691707977494,147.83247033650534,148.0140380859375,3714600,0.0,0.0
2022-11-14 00:00:00-05:00,146.56146421782148,149.55251926925717,146.2652283337639,147.28773498535156,3666500,0.0,0.0
2022-11-15 00:00:00-05:00,149.9921476942221,150.3648340063439,145.558129829901,147.0584259033203,2916900,0.0,0.0
2022-11-16 00:00:00-05:00,147.364238558829,148.98876838778406,145.10900428218358,145.7970428466797,2635300,0.0,0.0
2022-11-17 00:00:00-05:00,143.3411096028572,144.35405111102486,142.59573699943527,143.95269775390625,2769600,0.0,0.0
2022-11-18 00:00:00-05:00,145.49121596539607,146.9341777841194,144.239372696355,145.73011779785156,2631300,0.0,0.0
2022-11-21 00:00:00-05:00,145.49119896079267,146.6474901105539,145.14717977900833,146.02633666992188,2003500,0.0,0.0
2022-11-22 00:00:00-05:00,147.259131665257,148.26250794382662,146.4850772888711,147.7178192138672,2124600,0.0,0.0
2022-11-23 00:00:00-05:00,147.0011124217433,148.10962068874994,146.09328815777275,147.09666442871094,1404400,0.0,0.0
2022-11-25 00:00:00-05:00,146.70486197857332,147.61268615323002,146.37039353355695,147.306884765625,665800,0.0,0.0
2022-11-28 00:00:00-05:00,145.91169783769567,146.95330641556916,143.69468164632747,144.1724853515625,1782900,0.0,0.0
2022-11-29 00:00:00-05:00,144.25848721471635,147.61266365330025,143.84756848543321,147.56488037109375,2655700,0.0,0.0
2022-11-30 00:00:00-05:00,147.01063434864955,150.5941619873047,144.75540037146612,150.5941619873047,3914700,0.0,0.0
2022-12-01 00:00:00-05:00,150.71839824380086,151.81734090628368,147.88024313790456,150.50816345214844,2670300,0.0,0.0
2022-12-02 00:00:00-05:00,148.32936488230976,150.29791356883408,148.11913011176733,149.79144287109375,2285400,0.0,0.0
2022-12-05 00:00:00-05:00,149.03653112302436,152.37159149615417,148.64472860367317,149.1511993408203,3013100,0.0,0.0
2022-12-06 00:00:00-05:00,148.83584915951886,151.3108687695991,146.51373022949437,147.83245849609375,3285100,0.0,0.0
2022-12-07 00:00:00-05:00,147.69868430694183,150.02081797969504,147.45978244578762,147.8993682861328,2879800,0.0,0.0
2022-12-08 00:00:00-05:00,148.9696273129632,149.4760980355067,146.63794307560252,147.2781982421875,1632400,0.0,0.0
2022-12-09 00:00:00-05:00,147.15402419142623,148.2529671333483,145.84483182297794,147.06800842285156,1761200,0.0,0.0
2022-12-12 00:00:00-05:00,147.41197864549653,150.75660423626417,147.1635259937758,150.3265838623047,2773900,0.0,0.0
2022-12-13 00:00:00-05:00,153.48965692536277,154.37837939550676,149.22765605909117,150.52728271484375,3110500,0.0,0.0
2022-12-14 00:00:00-05:00,150.57503841717147,151.57841434479022,147.0106129462303,147.2686309814453,3556200,0.0,0.0
2022-12-15 00:00:00-05:00,144.91785741792907,145.5198947503034,139.967818049466,143.5513458251953,4282200,0.0,0.0
2022-12-16 00:00:00-05:00,141.9937243080751,141.9937243080751,137.75082439468804,139.80538940429688,4510600,0.0,0.0
2022-12-19 00:00:00-05:00,139.55687561398508,140.2258123504688,137.28254028673229,138.57260131835938,2546000,0.0,0.0
2022-12-20 00:00:00-05:00,138.55353672802372,139.99649880427435,137.8463819284408,139.2320098876953,1607800,0.0,0.0
2022-12-21 00:00:00-05:00,140.5316222746386,141.21966077093205,139.87225083390643,140.56985473632812,2107100,0.0,0.0
2022-12-22 00:00:00-05:00,139.56645337913872,140.1875923107022,136.38427922237656,138.8592987060547,2901100,0.0,0.0
2022-12-23 00:00:00-05:00,138.78289288675347,140.60810697096466,138.10441963081897,140.49343872070312,1671800,0.0,0.0
2022-12-27 00:00:00-05:00,140.75139819225228,141.29610137319244,139.2033189730089,139.891357421875,1858500,0.0,0.0
2022-12-28 00:00:00-05:00,139.7193831396674,140.30230431523324,137.55014996745817,137.61703491210938,1490200,0.0,0.0
2022-12-29 00:00:00-05:00,138.63953951578856,141.0667761791346,137.98971882564481,140.7801055908203,1758500,0.0,0.0
2022-12-30 00:00:00-05:00,139.52823212663856,141.36299659672954,139.26066321942187,141.1909942626953,2247200,0.0,0.0
2023-01-03 00:00:00-05:00,142.90151143339534,143.77111758936547,139.26064989718526,140.5889434814453,2762200,0.0,0.0
2023-01-04 00:00:00-05:00,141.9650484419296,145.21412270393628,141.9650484419296,143.85714721679688,2620400,0.0,0.0
2023-01-05 00:00:00-05:00,141.1146184332916,142.61053073799144,140.02145062355305,140.4145965576172,2505700,0.52,0.0
2023-01-06 00:00:00-05:00,141.67082361393983,144.25030571427016,139.5036553929636,144.00099182128906,3077400,0.0,0.0
2023-01-09 00:00:00-05:00,145.1324972286228,146.18730008151863,143.93384764672786,144.2215118408203,3219400,0.0,0.0
2023-01-10 00:00:00-05:00,144.32700268071954,145.92839686717153,143.14753551478498,145.75579833984375,2198400,0.0,0.0
2023-01-11 00:00:00-05:00,146.04347853993696,147.779120918854,146.01471211844859,147.596923828125,3113600,0.0,0.0
2023-01-12 00:00:00-05:00,148.40240125197522,149.35173698248084,146.13935027004445,148.5558319091797,3322400,0.0,0.0
2023-01-13 00:00:00-05:00,146.94484598919175,149.83118874160735,146.04345921660993,149.36131286621094,2391300,0.0,0.0
2023-01-17 00:00:00-05:00,149.15037412953723,149.68738148992927,147.06951999086434,147.4339141845703,3073400,0.0,0.0
2023-01-18 00:00:00-05:00,148.143502141338,148.40239991208605,144.14480895274943,144.24069213867188,2762400,0.0,0.0
2023-01-19 00:00:00-05:00,140.58725201977066,141.92015014190622,138.27625146862803,140.81739807128906,3852300,0.0,0.0
2023-01-20 00:00:00-05:00,141.88175600510607,145.54482141180654,141.65161002459905,145.37222290039062,3954800,0.0,0.0
2023-01-23 00:00:00-05:00,145.7557753525771,148.69006691001016,145.3242644703578,147.67361450195312,3608700,0.0,0.0
2023-01-24 00:00:00-05:00,146.6379900174063,150.2339386778147,146.38867617778757,148.94898986816406,2348500,0.0,0.0
2023-01-25 00:00:00-05:00,147.18460865823118,150.60794481210644,147.06952832993042,150.32986450195312,2916500,0.0,0.0
2023-01-26 00:00:00-05:00,151.17371813738467,151.7298934416768,147.95174665069845,149.4764404296875,3640300,0.0,0.0
2023-01-27 00:00:00-05:00,159.9478032201783,168.32875173682976,158.70120472794883,165.2314453125,13997300,0.0,0.0
2023-01-30 00:00:00-05:00,167.609582079264,170.55347283020782,165.42324614918817,165.5670928955078,10240700,0.0,0.0
2023-01-31 00:00:00-05:00,165.80682796676479,168.10822965948174,164.8383095935827,167.74383544921875,5170900,0.0,0.0
2023-02-01 00:00:00-05:00,166.25751041646612,167.92602141178924,164.86706507775799,166.47805786132812,3725200,0.0,0.0
2023-02-02 00:00:00-05:00,167.00547798393532,168.02193064362982,164.05200320688698,166.01779174804688,6895500,0.0,0.0
2023-02-03 00:00:00-05:00,164.51230218220584,172.98915092039707,164.1766889831616,171.51242065429688,5305100,0.0,0.0
2023-02-06 00:00:00-05:00,169.4794768074142,170.4479804584087,168.4726081736742,169.2301483154297,3397800,0.0,0.0
2023-02-07 00:00:00-05:00,167.85891164288256,171.67540829824392,167.57123278038793,171.3589630126953,3526300,0.0,0.0
2023-02-08 00:00:00-05:00,172.36578081439993,172.70140849352245,170.572606024452,171.64659118652344,2926500,0.0,0.0
2023-02-09 00:00:00-05:00,171.79044032623528,174.60008236021739,171.1479659506716,172.00140380859375,3557900,0.0,0.0
2023-02-10 00:00:00-05:00,171.23427897947874,172.34661458859628,169.23972446747732,171.88633728027344,2586200,0.0,0.0
2023-02-13 00:00:00-05:00,171.8767665569494,173.92885406115698,170.9561972376255,173.8809051513672,3102400,0.0,0.0
2023-02-14 00:00:00-05:00,172.9027940557163,174.66720264193566,171.44523213877534,173.58363342285156,2325900,0.0,0.0
2023-02-15 00:00:00-05:00,171.5698918110072,173.3151324934747,171.1671473378113,173.2480010986328,1501200,0.0,0.0
2023-02-16 00:00:00-05:00,172.10690262052177,172.49047927737925,170.3808442445465,170.6301727294922,1899100,0.0,0.0
2023-02-17 00:00:00-05:00,168.81781461899482,170.313726996658,167.48491683305613,170.01646423339844,2355300,0.0,0.0
2023-02-21 00:00:00-05:00,167.92600595090315,169.24931976214654,166.19996227078911,166.35337829589844,2713300,0.0,0.0
2023-02-22 00:00:00-05:00,166.4300866149218,168.78903531405385,165.82596257315402,167.52325439453125,2468800,0.0,0.0
2023-02-23 00:00:00-05:00,168.041103516977,169.3452349720297,165.75886981264625,167.94520568847656,2575300,0.0,0.0
2023-02-24 00:00:00-05:00,166.5547584290409,167.753408006506,165.1163789360828,167.0917510986328,1667400,0.0,0.0
2023-02-27 00:00:00-05:00,168.31917295652525,168.47260361945214,165.96982262927636,166.1807861328125,1909000,0.0,0.0
2023-02-28 00:00:00-05:00,166.86159034188822,168.1369551352518,166.44926194707637,166.84242248535156,2301400,0.0,0.0
2023-03-01 00:00:00-05:00,166.3821622880664,169.92057854353592,165.90270240807226,168.68357849121094,2566500,0.0,0.0
2023-03-02 00:00:00-05:00,166.89036445651823,168.60683877257472,165.5670653288238,168.136962890625,1795000,0.0,0.0
2023-03-03 00:00:00-05:00,168.7794509857206,172.0206042511847,168.03149479091402,171.73292541503906,2875600,0.0,0.0
2023-03-06 00:00:00-05:00,171.22468752182266,173.10417644269623,171.12880433758522,171.7041473388672,2730700,0.0,0.0
2023-03-07 00:00:00-05:00,171.3301543073149,171.5507017069518,167.88763663318417,168.11778259277344,2906400,0.0,0.0
2023-03-08 00:00:00-05:00,168.60683831991773,168.98081638595053,166.4396852490549,167.64791870117188,2101400,0.0,0.0
2023-03-09 00:00:00-05:00,172.2220012400389,172.86447574762002,164.8958545827857,165.0492706298828,4349400,0.0,0.0
2023-03-10 00:00:00-05:00,163.8122528167899,163.8122528167899,158.06831859152095,158.8929901123047,5104300,0.0,0.0
2023-03-13 00:00:00-04:00,154.85594096627287,155.33540079567024,150.95313093164074,151.15451049804688,6123200,0.0,0.0
2023-03-14 00:00:00-04:00,154.86549891146961,157.5696589188946,154.27097350499335,157.17649841308594,5284000,0.0,0.0
2023-03-15 00:00:00-04:00,151.4230379846363,153.38882661598333,149.52436613459756,153.24497985839844,6100800,0.0,0.0
2023-03-16 00:00:00-04:00,151.566837775577,155.26826821565976,149.68736345252307,154.1271514892578,4737300,0.0,0.0
2023-03-17 00:00:00-04:00,151.72027900295433,152.13260745849362,148.53665851479818,150.09011840820312,7447200,0.0,0.0
2023-03-20 00:00:00-04:00,151.86410760934714,154.08880832793292,151.09698355792773,152.2189178466797,3054300,0.0,0.0
2023-03-21 00:00:00-04:00,156.24637474940863,157.80941850752365,155.0573090806149,157.79981994628906,3986800,0.0,0.0
2023-03-22 00:00:00-04:00,157.8669521537382,159.9190396908499,155.82444854595693,156.06417846679688,4367300,0.0,0.0
2023-03-23 00:00:00-04:00,155.98743122657027,159.41078081920116,154.21343895442516,156.07373046875,3727500,0.0,0.0
2023-03-24 00:00:00-04:00,153.92580768926624,154.10800478917878,151.33672720113398,153.21620178222656,2588700,0.0,0.0
2023-03-27 00:00:00-04:00,157.21489626850024,157.71353865505625,155.18199100078266,156.4189910888672,3984300,0.0,0.0
2023-03-28 00:00:00-04:00,155.54639143643155,155.9107710206356,151.69152963839625,152.6696319580078,4883700,0.0,0.0
2023-03-29 00:00:00-04:00,155.0573019007372,157.4450170570437,154.4627764098462,156.86965942382812,3884800,0.0,0.0
2023-03-30 00:00:00-04:00,157.22444149646148,158.1833609588816,155.16275587308832,155.7381134033203,2644800,0.0,0.0
2023-03-31 00:00:00-04:00,156.94636645248977,158.29844657669398,155.1052426082752,158.1737823486328,3594300,0.0,0.0
2023-04-03 00:00:00-04:00,157.3683251650093,158.45190919508133,155.99706227548978,157.0518798828125,2704400,0.0,0.0
2023-04-04 00:00:00-04:00,158.2313234420744,158.4039365847041,154.2230463977427,155.88197326660156,2063500,0.0,0.0
2023-04-05 00:00:00-04:00,154.5345292803254,155.53550856147146,154.17841927696216,155.03501892089844,2346800,0.6,0.0
2023-04-06 00:00:00-04:00,154.6018985224945,154.7558828974122,152.2919566648239,152.86944580078125,3754500,0.0,0.0
2023-04-10 00:00:00-04:00,152.1091036715294,155.12164642929915,151.87811973713622,155.0927734375,2372600,0.0,0.0
2023-04-11 00:00:00-04:00,155.6028521460014,156.47870522258495,154.30352371036346,155.75685119628906,2742300,0.0,0.0
2023-04-12 00:00:00-04:00,157.0947183192337,157.0947183192337,152.90795825056597,153.31219482421875,2817600,0.0,0.0
2023-04-13 00:00:00-04:00,153.80306323163555,156.32473574089607,153.01382896424712,156.20924377441406,2729000,0.0,0.0
2023-04-14 00:00:00-04:00,158.07643704511767,158.58654612857723,155.40076554412445,157.09471130371094,2618100,0.0,0.0
2023-04-17 00:00:00-04:00,155.86271986627966,157.59517242392417,154.85212131714056,157.56629943847656,2622300,0.0,0.0
2023-04-18 00:00:00-04:00,158.4228833294893,158.85599275468076,157.15241335036146,158.23037719726562,2444500,0.0,0.0
2023-04-19 00:00:00-04:00,158.20153005989596,160.2997268174359,157.59518264003194,158.759765625,3768600,0.0,0.0
2023-04-20 00:00:00-04:00,153.03305609960006,157.60479834156925,148.2303152783882,157.15243530273438,10832400,0.0,0.0
2023-04-21 00:00:00-04:00,156.90220872859302,158.5865349344501,155.1793754137816,157.63368225097656,3882500,0.0,0.0
2023-04-24 00:00:00-04:00,158.0667827302175,158.1341628239561,154.38051296808453,154.56338500976562,2473500,0.0,0.0
2023-04-25 00:00:00-04:00,152.94645981936895,153.27369684053528,150.1167892202196,150.2611541748047,3421300,0.0,0.0
2023-04-26 00:00:00-04:00,149.92430147487866,151.3583756802201,149.26019329482847,149.8761749267578,2789100,0.0,0.0
2023-04-27 00:00:00-04:00,150.66539764562629,152.74434120398496,150.0590501223923,152.50372314453125,2143500,0.0,0.0
2023-04-28 00:00:00-04:00,151.39686691269972,155.32375491165615,150.99263038597525,155.28524780273438,2380100,0.0,0.0
2023-05-01 00:00:00-04:00,155.77614873204544,155.77614873204544,152.72509859562777,153.34109497070312,1803600,0.0,0.0
2023-05-02 00:00:00-04:00,152.40745361721778,152.40745361721778,146.2091313213426,147.49884033203125,4925600,0.0,0.0
2023-05-03 00:00:00-04:00,147.50843221646153,149.16388499324603,146.1417239353776,146.4978485107422,2655300,0.0,0.0
2023-05-04 00:00:00-04:00,145.36218397274033,145.5739290444251,141.86840497610254,143.22549438476562,3997900,0.0,0.0
2023-05-05 00:00:00-04:00,145.61239359326788,147.5662254144814,145.44877510304966,146.92135620117188,2223200,0.0,0.0
2023-05-08 00:00:00-04:00,147.65286236821095,148.7789530695112,147.21011869837383,147.29673767089844,2271600,0.0,0.0
2023-05-09 00:00:00-04:00,146.29576144319608,147.96083408960268,146.180269488996,147.6239776611328,2322700,0.0,0.0
2023-05-10 00:00:00-04:00,147.84532102305866,148.86553896922922,142.39772610676872,143.10032653808594,4602600,0.0,0.0
2023-05-11 00:00:00-04:00,142.41701048224857,142.92711956573854,140.79043013875184,142.43626403808594,2900300,0.0,0.0
2023-05-12 00:00:00-04:00,143.71632921168282,143.71632921168282,141.5700060310194,142.37847900390625,2320000,0.0,0.0
2023-05-15 00:00:00-04:00,142.6191278444417,144.57295998058748,142.37850978719072,144.37083435058594,2271900,0.0,0.0
2023-05-16 00:00:00-04:00,144.55369918486957,146.69038860114918,142.8019927664479,142.8404998779297,1960200,0.0,0.0
2023-05-17 00:00:00-04:00,144.19761411722044,147.1523965865322,143.69712438451498,146.38241577148438,2446500,0.0,0.0
2023-05-18 00:00:00-04:00,146.5363631279723,148.3361810822562,145.3910190893708,147.72019958496094,2629800,0.0,0.0
2023-05-19 00:00:00-04:00,148.76929756603005,149.10615393956502,146.43048307178202,147.2100830078125,2258600,0.0,0.0
2023-05-22 00:00:00-04:00,147.90309648136443,150.04940530659545,147.52773292281586,149.67404174804688,2483800,0.0,0.0
2023-05-23 00:00:00-04:00,148.67305717652974,149.91463964607695,146.776986083056,146.83473205566406,2928400,0.0,0.0
2023-05-24 00:00:00-04:00,145.81450872713233,146.00700019086077,144.4862926609386,145.06378173828125,2308400,0.0,0.0
2023-05-25 00:00:00-04:00,143.9858389151552,145.8145301180799,143.7644597475418,145.41029357910156,3234300,0.0,0.0
2023-05-26 00:00:00-04:00,147.07538214228163,152.311233530984,146.80589108723026,151.33914184570312,4015400,0.0,0.0
2023-05-30 00:00:00-04:00,151.25251918916658,152.98497230211987,150.7809171515863,152.0802459716797,3268200,0.0,0.0
2023-05-31 00:00:00-04:00,151.7529889584384,153.61056792834947,150.39589964117866,152.60958862304688,5588500,0.0,0.0
2023-06-01 00:00:00-04:00,153.09081287577027,157.83580805854297,152.29195925477902,156.61346435546875,4087200,0.0,0.0
2023-06-02 00:00:00-04:00,158.79829579930248,163.47591134456272,158.3170596925315,162.23431396484375,4820500,0.0,0.0
2023-06-05 00:00:00-04:00,161.92631274192433,161.92631274192433,159.60675143689477,161.14669799804688,2870900,0.0,0.0
2023-06-06 00:00:00-04:00,161.55094808377834,166.17080242126605,161.2140769738471,165.37196350097656,3631500,0.0,0.0
2023-06-07 00:00:00-04:00,167.13328910064916,167.13328910064916,164.2939990912841,165.1121063232422,2789000,0.0,0.0
2023-06-08 00:00:00-04:00,164.24586687896834,165.09284707237487,163.19677575787318,164.7174835205078,2354400,0.0,0.0
2023-06-09 00:00:00-04:00,165.4874713759191,165.75696241532964,164.5249991819786,165.27572631835938,2200900,0.0,0.0
2023-06-12 00:00:00-04:00,165.5548229817438,167.40276767761077,165.4778234503128,167.1236572265625,2609600,0.0,0.0
2023-06-13 00:00:00-04:00,167.86475181869315,169.5105707808605,167.67226034815678,168.56735229492188,2480400,0.0,0.0
2023-06-14 00:00:00-04:00,169.4143352328297,170.3960461548936,166.88302902861503,167.92250061035156,2326100,0.0,0.0
2023-06-15 00:00:00-04:00,164.9773650507927,167.98027364660365,163.20641970896372,167.28729248046875,2797600,0.0,0.0
2023-06-16 00:00:00-04:00,167.6626243902742,168.02836846059353,165.11207938977807,165.747314453125,4616900,0.0,0.0
2023-06-20 00:00:00-04:00,164.58274116695281,164.79448621937033,162.01294223387816,163.0524139404297,2865700,0.0,0.0
2023-06-21 00:00:00-04:00,162.75405675496592,162.75405675496592,160.68473268961455,161.6183319091797,2813600,0.0,0.0
2023-06-22 00:00:00-04:00,161.00235322749828,162.17657052129906,159.02928222160938,161.94557189941406,2755900,0.0,0.0
2023-06-23 00:00:00-04:00,159.77038605724238,162.2728196651332,159.52014857091743,161.76271057128906,4214400,0.0,0.0
2023-06-26 00:00:00-04:00,162.2054386194555,164.10151002751076,160.79060331118765,160.83872985839844,2507100,0.0,0.0
2023-06-27 00:00:00-04:00,160.10727408494333,162.06109169254074,159.9436408689911,161.8782196044922,2433900,0.0,0.0
2023-06-28 00:00:00-04:00,160.9830895833223,163.4951425300392,160.9253436030097,163.4085235595703,2289000,0.0,0.0
2023-06-29 00:00:00-04:00,164.17849943135695,165.84357212171446,163.92826196193192,165.62220764160156,2899200,0.0,0.0
2023-06-30 00:00:00-04:00,167.70115054237039,168.51924304763446,166.8252973724765,167.6626434326172,3371300,0.0,0.0
2023-07-03 00:00:00-04:00,167.75889199929637,169.7127092110703,167.18140285783775,168.85610961914062,1700200,0.0,0.0
2023-07-05 00:00:00-04:00,167.83590270929744,169.94371912400618,167.50865100805615,168.9812469482422,2487800,0.0,0.0
2023-07-06 00:00:00-04:00,165.8617627384278,166.4122453615511,162.4718920715212,165.08914184570312,3157300,0.6,0.0
2023-07-07 00:00:00-04:00,163.34112382652867,165.69761131788138,162.89686194843745,163.98818969726562,2145300,0.0,0.0
2023-07-10 00:00:00-04:00,164.04613944772385,165.94871270689262,163.65016913283634,165.83282470703125,1865600,0.0,0.0
2023-07-11 00:00:00-04:00,166.5957987915815,169.57038061954722,166.42196677072113,168.6625518798828,2281900,0.0,0.0
2023-07-12 00:00:00-04:00,170.9417550679477,171.82061169573998,168.34382434212256,168.36314392089844,2305800,0.0,0.0
2023-07-13 00:00:00-04:00,169.41581913631563,170.07255213401794,167.9478407324984,168.27621459960938,2080400,0.0,0.0
2023-07-14 00:00:00-04:00,169.35788016779057,169.64761488900822,166.61508957817276,167.45530700683594,1829500,0.0,0.0
2023-07-17 00:00:00-04:00,167.0207161514528,170.2270735271738,166.9241329966425,169.38685607910156,2144100,0.0,0.0
2023-07-18 00:00:00-04:00,169.19370859306093,172.33246962545124,168.459711966421,171.94615173339844,2685700,0.0,0.0
2023-07-19 00:00:00-04:00,172.1489601632911,172.67047086569178,170.2753590244281,171.05763244628906,2749100,0.0,0.0
2023-07-20 00:00:00-04:00,169.55103838702613,171.15422446899777,168.09272703960605,171.04798889160156,3940700,0.0,0.0
2023-07-21 00:00:00-04:00,166.27705228674262,167.40700436191318,161.68963283642117,164.393798828125,9102100,0.0,0.0
2023-07-24 00:00:00-04:00,161.85381499376635,163.21555779974784,161.21640158630447,162.04696655273438,4979900,0.0,0.0
2023-07-25 00:00:00-04:00,161.6220601143556,163.16728752431973,160.7238838799611,160.8011474609375,3286700,0.0,0.0
2023-07-26 00:00:00-04:00,160.48243926310616,162.66508014397988,160.37620368229028,162.00836181640625,2352000,0.0,0.0
2023-07-27 00:00:00-04:00,162.76166409492973,162.7713165163159,157.585122083361,158.0004119873047,3944200,0.0,0.0
2023-07-28 00:00:00-04:00,159.63255364993285,160.87840861164025,159.00480732669928,159.76776123046875,2925900,0.0,0.0
2023-07-31 00:00:00-04:00,160.8107945262541,163.2059212471843,160.8107945262541,163.0996856689453,3345900,0.0,0.0
2023-08-01 00:00:00-04:00,162.20151221047968,163.9978499133283,161.53512672992795,163.84332275390625,2340100,0.0,0.0
2023-08-02 00:00:00-04:00,161.55443029186648,162.00834456734034,160.3665341866891,161.04257202148438,2236200,0.0,0.0
2023-08-03 00:00:00-04:00,160.16370549048568,160.95564600228252,159.3814321349177,160.71420288085938,1708700,0.0,0.0
2023-08-04 00:00:00-04:00,160.83010416123935,162.34637416267407,159.41041731096703,159.74844360351562,2256000,0.0,0.0
2023-08-07 00:00:00-04:00,161.13915627546982,161.60272297443348,160.45345127914217,161.24539184570312,2027200,0.0,0.0
2023-08-08 00:00:00-04:00,159.25588743682187,160.30859071499555,157.99072775546443,160.19268798828125,2102900,0.0,0.0
2023-08-09 00:00:00-04:00,160.26029311870352,160.5983046562443,157.90380582982215,158.21286010742188,2445200,0.0,0.0
2023-08-10 00:00:00-04:00,159.07239538502958,160.80112168059046,157.1505027997364,157.9424285888672,2556000,0.0,0.0
2023-08-11 00:00:00-04:00,157.1022209174211,160.10577417518488,157.03462450106053,159.6132354736328,2102500,0.0,0.0
2023-08-14 00:00:00-04:00,158.7054058400939,160.78181094015636,158.1645755667671,160.3955078125,1827300,0.0,0.0
2023-08-15 00:00:00-04:00,158.76333671147808,159.16895938294255,156.1654063936648,156.36822509765625,2447600,0.0,0.0
2023-08-16 00:00:00-04:00,155.75013703032056,157.3822949323313,155.14169563248913,155.25758361816406,1994900,0.0,0.0
2023-08-17 00:00:00-04:00,156.36821934837786,157.04425710929567,154.89058869361534,155.083740234375,2473000,0.0,0.0
2023-08-18 00:00:00-04:00,153.7799701777175,155.2962402648579,153.49990260194775,154.74574279785156,2139500,0.0,0.0
2023-08-21 00:00:00-04:00,155.37350463867188,156.11713894968906,154.60088359130313,155.37350463867188,2070500,0.0,0.0
2023-08-22 00:00:00-04:00,155.25759215307704,155.74047843529345,153.18118703415436,153.63510131835938,2255500,0.0,0.0
2023-08-23 00:00:00-04:00,153.8765372605701,154.60086665000802,153.26809585775615,153.98277282714844,2042500,0.0,0.0
2023-08-24 00:00:00-04:00,153.56748008034822,155.89499534454526,152.34095961435995,152.3892364501953,2468600,0.0,0.0
2023-08-25 00:00:00-04:00,153.01701104162817,154.1759351987204,151.94500288060084,152.901123046875,2969200,0.0,0.0
2023-08-28 00:00:00-04:00,153.5385142903342,155.4024629556137,153.32604315260247,153.7413330078125,2509900,0.0,0.0
2023-08-29 00:00:00-04:00,153.45164814054294,155.28661066803033,152.88184569360493,154.7554473876953,2175800,0.0,0.0
2023-08-30 00:00:00-04:00,154.78435779975223,156.3199324893615,154.63948308742857,154.68777465820312,3039900,0.0,0.0
2023-08-31 00:00:00-04:00,155.1610392143605,155.4314543804514,152.34098481332578,152.58242797851562,3653900,0.0,0.0
2023-09-01 00:00:00-04:00,153.62545307527182,154.67814166236374,153.27777435316108,154.1566162109375,2195500,0.0,0.0
2023-09-05 00:00:00-04:00,154.6298409148163,156.31994284829563,153.89585909456656,154.5236053466797,4151000,0.0,0.0
2023-09-06 00:00:00-04:00,153.6254552936983,154.36908958897678,151.49109135337375,152.59207153320312,2949200,0.0,0.0
2023-09-07 00:00:00-04:00,151.8774003600502,152.2347462583875,150.7281432948668,151.41383361816406,2617400,0.0,0.0
2023-09-08 00:00:00-04:00,151.64562461609674,152.38925894133337,151.34623745444028,152.0415802001953,1931300,0.0,0.0
2023-09-11 00:00:00-04:00,152.94941297922958,153.7123816407173,152.01261231073238,152.4279022216797,2611100,0.0,0.0
2023-09-12 00:00:00-04:00,152.25402342209927,154.25317950092833,152.0608718761372,153.07493591308594,2659000,0.0,0.0
2023-09-13 00:00:00-04:00,153.88619049800192,155.19964172061998,153.19083310152652,153.6930389404297,2976700,0.0,0.0
2023-09-14 00:00:00-04:00,155.0740992944139,156.4165224963652,154.52360188915466,156.24267578125,3209900,0.0,0.0
2023-09-15 00:00:00-04:00,156.48411851800864,158.7053982369161,156.2813145434868,158.14524841308594,7273600,0.0,0.0
2023-09-18 00:00:00-04:00,158.18389324094187,158.338420399149,153.8958751246011,154.16629028320312,2413400,0.0,0.0
2023-09-19 00:00:00-04:00,153.6061392880025,154.39806517923597,153.0266698171325,153.8958740234375,2230700,0.0,0.0
2023-09-20 00:00:00-04:00,154.5236133721847,154.71676494159593,151.51040762711355,151.84841918945312,1969700,0.0,0.0
2023-09-21 00:00:00-04:00,150.49633335681617,151.5007302921918,149.15391014528916,149.4146728515625,2712100,0.0,0.0
2023-09-22 00:00:00-04:00,149.69473550851149,149.73335992392936,147.68592696685374,147.8404541015625,2380600,0.0,0.0
2023-09-25 00:00:00-04:00,147.00025882917575,148.06259988266837,146.55599693430077,147.98533630371094,2434400,0.0,0.0
2023-09-26 00:00:00-04:00,146.55604298350127,147.72463471969795,145.02046755259843,145.94760131835938,2332100,0.0,0.0
2023-09-27 00:00:00-04:00,146.31455979664176,146.31455979664176,143.87115611559315,144.76931762695312,3705400,0.0,0.0
2023-09-28 00:00:00-04:00,144.64376555444758,145.7157737234325,143.91943610882316,145.0880126953125,3489800,0.0,0.0
2023-09-29 00:00:00-04:00,146.26625895933776,146.4980496910787,143.5814122802174,144.0836181640625,3579400,0.0,0.0
2023-10-02 00:00:00-04:00,143.3399765745076,144.7693159865344,143.00196498507682,144.3636932373047,2657600,0.0,0.0
2023-10-03 00:00:00-04:00,143.41722425327927,144.07394251639784,139.37063489461968,140.08531188964844,4184100,0.0,0.0
2023-10-04 00:00:00-04:00,140.90619680346032,141.89128884436695,139.45753810539932,141.61122131347656,3476700,0.0,0.0
2023-10-05 00:00:00-04:00,141.17487208579334,143.07555582998654,140.38938437947374,142.63917541503906,2706200,0.6,0.0
2023-10-06 00:00:00-04:00,142.2706728124962,145.80052857218112,141.7179134790254,144.80169677734375,3204600,0.0,0.0
2023-10-09 00:00:00-04:00,143.1337333982217,144.92774481697825,142.95917237755154,144.3168182373047,2279400,0.0,0.0
2023-10-10 00:00:00-04:00,144.97625379270855,147.1387716960688,144.4913833786861,146.36297607421875,2909100,0.0,0.0
2023-10-11 00:00:00-04:00,146.84784925449804,148.1860963574719,145.22838381680478,146.92543029785156,1727000,0.0,0.0
2023-10-12 00:00:00-04:00,147.88544681886322,148.09879094230175,145.567767293388,146.70236206054688,2377200,0.0,0.0
2023-10-13 00:00:00-04:00,148.29276792974883,149.47585294192533,145.8781079038336,146.52784729003906,2951500,0.0,0.0
2023-10-16 00:00:00-04:00,147.75933679308554,148.7678750734642,146.63444919936697,148.1666259765625,2586300,0.0,0.0
2023-10-17 00:00:00-04:00,146.97390882115707,150.04798528823855,146.91572674245361,149.71827697753906,3919400,0.0,0.0
2023-10-18 00:00:00-04:00,148.48670856021357,148.94248792611597,146.55693381235542,146.94482421875,2632200,0.0,0.0
2023-10-19 00:00:00-04:00,145.85870906604066,151.32804627818123,144.50106314424707,145.0926055908203,4642200,0.0,0.0
2023-10-20 00:00:00-04:00,140.32148768095715,143.46345313005025,137.1601380701856,137.2862091064453,8268100,0.0,0.0
2023-10-23 00:00:00-04:00,137.21831782900742,141.43669606272,136.64617433069913,140.21481323242188,5313500,0.0,0.0
2023-10-24 00:00:00-04:00,141.4366634219785,142.07668093145034,139.19655034909496,140.0499267578125,3521100,0.0,0.0
2023-10-25 00:00:00-04:00,139.72992954584748,140.45723504812287,138.89595197802234,139.17718505859375,2841400,0.0,0.0
2023-10-26 00:00:00-04:00,139.03173081012477,140.52513989678798,138.66323937595345,139.0026397705078,3378000,0.0,0.0
2023-10-27 00:00:00-04:00,139.4971917784612,139.6038638367642,136.76251617309399,137.03404235839844,3442500,0.0,0.0
2023-10-30 00:00:00-04:00,138.401377876469,139.5068815546934,137.44132936758976,138.9347381591797,3303300,0.0,0.0
2023-10-31 00:00:00-04:00,138.99292460335263,142.24154679657522,138.74079736952666,141.61122131347656,3737200,0.0,0.0
2023-11-01 00:00:00-04:00,142.0572915588062,142.3773077003256,140.74813596141473,142.01849365234375,2332600,0.0,0.0
2023-11-02 00:00:00-04:00,143.84166452233566,146.34359773388022,143.84166452233566,146.28541564941406,3108400,0.0,0.0
2023-11-03 00:00:00-04:00,147.96304227227216,149.22370817994667,147.78848124649852,148.13758850097656,2667700,0.0,0.0
2023-11-06 00:00:00-05:00,147.98242796201674,148.43820724775006,146.92539941593665,148.36062622070312,2490000,0.0,0.0
2023-11-07 00:00:00-05:00,148.34126006681393,149.1364398750113,147.74002547058632,148.3509521484375,1583300,0.0,0.0
2023-11-08 00:00:00-05:00,148.34125227886128,149.14613892349664,147.81758395725734,148.38003540039062,1804500,0.0,0.0
2023-11-09 00:00:00-05:00,149.0297267012797,149.49521283815773,147.44905960229946,147.75936889648438,2052900,0.0,0.0
2023-11-10 00:00:00-05:00,148.40909349158355,149.805522309737,147.4975497658523,149.70855712890625,2088100,0.0,0.0
2023-11-13 00:00:00-05:00,149.41764204350844,150.56192891492972,148.85519068741272,149.66976928710938,1753600,0.0,0.0
2023-11-14 00:00:00-05:00,151.8614157993971,153.14146596598275,151.30865643861733,152.1620330810547,2968600,0.0,0.0
2023-11-15 00:00:00-05:00,152.7632270308022,154.6154350249968,152.2492657251768,154.60572814941406,3272600,0.0,0.0
2023-11-16 00:00:00-05:00,154.81909444390098,155.2554895898128,153.18993719566782,154.2372589111328,3749100,0.0,0.0
2023-11-17 00:00:00-05:00,155.07123019519244,157.66043594339646,155.07123019519244,157.6410369873047,2975800,0.0,0.0
2023-11-20 00:00:00-05:00,157.9804853015625,159.6678249091208,157.83501529593335,158.8920440673828,3242900,0.0,0.0
2023-11-21 00:00:00-05:00,158.69809014074804,159.1538695411224,156.8361894145061,157.37924194335938,2759700,0.0,0.0
2023-11-22 00:00:00-05:00,158.33925411761356,159.6968851256722,157.92227273551993,158.8338165283203,2527500,0.0,0.0
2023-11-24 00:00:00-05:00,159.58052628891508,160.22055869845934,159.00838283056584,159.44476318359375,950700,0.0,0.0
2023-11-27 00:00:00-05:00,158.8047219733502,159.54173433030942,158.37804852103494,159.0762481689453,2146400,0.0,0.0
2023-11-28 00:00:00-05:00,158.9598931757983,160.95755664282063,158.65927592744993,160.64724731445312,2117800,0.0,0.0
2023-11-29 00:00:00-05:00,161.36484624324905,163.61465176540946,161.36484624324905,162.36367797851562,2720200,0.0,0.0
2023-11-30 00:00:00-05:00,162.91642960607092,165.99050569858494,162.46065031566945,165.6026153564453,4253100,0.0,0.0
2023-12-01 00:00:00-05:00,165.5056560502112,169.06460291357908,165.1565487798418,168.5021514892578,3412000,0.0,0.0
2023-12-04 00:00:00-05:00,167.62937009607643,170.0052317397247,167.43542492462788,168.007568359375,3631000,0.0,0.0
2023-12-05 00:00:00-05:00,166.89237989434835,167.48392231147844,160.90906677165555,165.5153350830078,6452500,0.0,0.0
2023-12-06 00:00:00-05:00,166.53357610028158,167.16391647073937,162.12125269535582,162.44126892089844,3890700,0.0,0.0
2023-12-07 00:00:00-05:00,163.36255290242664,164.09955063411627,162.66433829469065,163.5177001953125,2797100,0.0,0.0
2023-12-08 00:00:00-05:00,163.24616193830892,164.01226545299656,162.49947217977822,163.33343505859375,2681300,0.0,0.0
2023-12-11 00:00:00-05:00,163.30429351844074,164.38070606029586,162.78064016159547,163.2946014404297,2811400,0.0,0.0
2023-12-12 00:00:00-05:00,163.29461898884495,165.9032235695247,162.6933845521026,165.8644256591797,2946200,0.0,0.0
2023-12-13 00:00:00-05:00,166.0293013214278,169.37490356671591,165.00136381450417,169.27792358398438,3207700,0.0,0.0
2023-12-14 00:00:00-05:00,170.422258804215,174.45636941155058,170.28649567988742,173.44784545898438,4548100,0.0,0.0
2023-12-15 00:00:00-05:00,172.16776612952154,175.69762186528573,172.128983010258,175.0478973388672,7139200,0.0,0.0
2023-12-18 00:00:00-05:00,175.89155017341722,177.3073631261159,175.55213505344688,177.2297821044922,2814400,0.0,0.0
2023-12-19 00:00:00-05:00,177.66619864971068,180.14873245310835,177.64679969269608,180.12933349609375,3978300,0.0,0.0
2023-12-20 00:00:00-05:00,179.74144799734083,180.0323583750811,175.07698271429516,175.18365478515625,4020700,0.0,0.0
2023-12-21 00:00:00-05:00,176.32795529773347,179.60568363673684,176.32795529773347,179.19837951660156,3496800,0.0,0.0
2023-12-22 00:00:00-05:00,180.02264709776387,180.7305536032245,179.04321440398772,179.95477294921875,2782600,0.0,0.0
2023-12-26 00:00:00-05:00,180.33297729492188,180.5463066240399,179.5280907819598,180.33297729492188,1230000,0.0,0.0
2023-12-27 00:00:00-05:00,180.50754425701555,181.46759293520384,180.00327491924367,181.3997039794922,1825400,0.0,0.0
2023-12-28 00:00:00-05:00,181.45786298488932,182.3791284262949,181.34149884368767,182.11729431152344,1486100,0.0,0.0
2023-12-29 00:00:00-05:00,182.0688008174945,182.60216111618692,180.88571608114668,181.67120361328125,1915000,0.0,0.0
2024-01-02 00:00:00-05:00,180.84695697884203,183.0288736565018,180.43966764132722,182.61187744140625,2236600,0.0,0.0
2024-01-03 00:00:00-05:00,181.0311755550638,181.8166779029247,179.97416180886253,180.6820831298828,2720500,0.0,0.0
2024-01-04 00:00:00-05:00,180.96423134417424,183.45480048244647,180.72101291950847,182.06358337402344,2777500,0.6,0.0
2024-01-05 00:00:00-05:00,181.752260583827,184.3692782062153,181.46039552279848,183.93148803710938,2243300,0.0,0.0
2024-01-08 00:00:00-05:00,183.1142880523303,184.19417844752715,181.32420401637992,184.0774383544922,3442100,0.0,0.0
2024-01-09 00:00:00-05:00,182.7348723063512,182.89053566406338,181.28528512179696,181.70362854003906,2055500,0.0,0.0
2024-01-10 00:00:00-05:00,180.0108236614431,181.05180566991268,178.6877148052329,179.95245361328125,2757800,0.0,0.0
2024-01-11 00:00:00-05:00,179.99134159385372,180.33185329596873,177.1019057789146,180.01080322265625,3493300,0.0,0.0
2024-01-12 00:00:00-05:00,180.78909733766878,181.35336578978826,177.0143431348079,177.10189819335938,3366300,0.0,0.0
2024-01-16 00:00:00-05:00,176.0998520173237,176.23605373296255,173.96927121801787,176.06094360351562,4142900,0.0,0.0
2024-01-17 00:00:00-05:00,174.58216138656164,176.6738484955717,174.1443712434716,176.09011840820312,2377600,0.0,0.0
2024-01-18 00:00:00-05:00,175.2145366272629,175.30209168615943,172.98664782952272,174.91293334960938,3215200,0.0,0.0
2024-01-19 00:00:00-05:00,176.09012940356268,178.40557342453266,174.54326387378174,178.20126342773438,3388900,0.0,0.0
2024-01-22 00:00:00-05:00,179.26167783369232,181.70359998379962,179.0671060895681,179.9913330078125,3145100,0.0,0.0
2024-01-23 00:00:00-05:00,180.64316844012683,180.9739567563341,179.79677313263343,180.43887329101562,2327600,0.0,0.0
2024-01-24 00:00:00-05:00,182.014927272596,183.30885100604155,180.69181851729536,180.77938842773438,3052500,0.0,0.0
2024-01-25 00:00:00-05:00,181.38256448210797,183.22129507465766,181.3728262449531,182.96835327148438,3472500,0.0,0.0
2024-01-26 00:00:00-05:00,187.3170957784282,199.21535182486306,187.04469232985505,195.9659423828125,13555400,0.0,0.0
2024-01-29 00:00:00-05:00,196.43291246257257,197.39604782744146,193.6699549967876,195.41139221191406,4935500,0.0,0.0
2024-01-30 00:00:00-05:00,195.06115418634963,198.89427849416876,194.9735991262923,198.6121368408203,4284600,0.0,0.0
2024-01-31 00:00:00-05:00,196.90960607272584,199.7504099814271,195.21681554924191,195.29464721679688,3495000,0.0,0.0
2024-02-01 00:00:00-05:00,194.92493291135727,197.95057005689708,194.45795779305388,197.7073516845703,3028300,0.0,0.0
2024-02-02 00:00:00-05:00,197.87275445921426,201.35564361505087,197.4933343613789,200.8108367919922,3393000,0.0,0.0
2024-02-05 00:00:00-05:00,199.91581699258109,201.11244745729988,197.901961358052,200.35360717773438,3099300,0.0,0.0
2024-02-06 00:00:00-05:00,199.86716175915353,201.46267392523845,198.46622135090854,200.0714569091797,3255300,0.0,0.0
2024-02-07 00:00:00-05:00,201.46265440959576,203.47649491771247,200.02280572721,203.4084014892578,3272100,0.0,0.0
2024-02-08 00:00:00-05:00,202.60092425085386,205.60710006832517,202.30905920612778,205.4806365966797,4136600,0.0,0.0
2024-02-09 00:00:00-05:00,205.81137911539415,208.43813443332778,204.70230398805015,206.7064208984375,4785100,0.0,0.0
2024-02-12 00:00:00-05:00,206.49242809710617,208.20468034282644,205.8697895673103,206.5021514892578,4041400,0.0,0.0
2024-02-13 00:00:00-05:00,204.5174747681683,205.24712991603928,201.97827425978247,203.98239135742188,3381700,0.0,0.0
2024-02-14 00:00:00-05:00,205.42223448934956,205.55843618615296,203.15545228787988,205.17901611328125,2770800,0.0,0.0
2024-02-15 00:00:00-05:00,205.7336030523026,207.33883872345464,204.93583949072428,206.7648468017578,2644500,0.0,0.0
2024-02-16 00:00:00-05:00,206.7648365844029,208.47708887201185,206.12273640972182,206.7940216064453,2831300,0.0,0.0
2024-02-20 00:00:00-05:00,205.27634973927786,207.9517524017566,204.5758794909662,206.72593688964844,3341700,0.0,0.0
2024-02-21 00:00:00-05:00,205.86004299635172,206.92047157154875,203.42785919367682,205.16929626464844,2599400,0.0,0.0
2024-02-22 00:00:00-05:00,206.71619295883326,209.70292224713765,206.71619295883326,208.18524169921875,3027800,0.0,0.0
2024-02-23 00:00:00-05:00,209.16781283007018,210.45201303903067,208.4478810603615,208.73974609375,2617000,0.0,0.0
2024-02-26 00:00:00-05:00,207.6306804227647,211.63891487529682,207.46529369335053,211.0746612548828,2684500,0.0,0.0
2024-02-27 00:00:00-05:00,211.53190262766086,212.16427938326981,210.43256553907614,212.06698608398438,2428100,0.0,0.0
2024-02-28 00:00:00-05:00,211.28866740126256,213.2538761003451,210.88006229756914,212.11561584472656,2599200,0.0,0.0
2024-02-29 00:00:00-05:00,213.04961272692748,213.77926798761098,211.74595071240185,213.4679412841797,5186500,0.0,0.0
2024-03-01 00:00:00-05:00,213.3609195561719,214.40190149574877,212.5047859867908,213.70143127441406,2342800,0.0,0.0
2024-03-04 00:00:00-05:00,213.12741931483728,213.62357948954264,211.34705890695687,212.9717559814453,2625300,0.0,0.0
2024-03-05 00:00:00-05:00,211.54163098678646,212.96201808284172,210.2574307515745,211.30813598632812,2672300,0.0,0.0
2024-03-06 00:00:00-05:00,211.71674410282168,213.34144120290378,211.3762472561445,212.52423095703125,2727900,0.0,0.0
2024-03-07 00:00:00-05:00,215.0147918069009,218.594974421108,214.8202200533281,217.3594207763672,2974100,0.0,0.0
2024-03-08 00:00:00-05:00,216.98971044459356,218.79925584459357,216.7951387032234,217.31076049804688,2242800,0.0,0.0
2024-03-11 00:00:00-04:00,215.9001235708929,216.32819036187578,212.3685873901584,214.21705627441406,2808200,0.0,0.0
2024-03-12 00:00:00-04:00,215.23853493825547,217.37885363402097,213.68193142595075,216.6102752685547,2067700,0.0,0.0
2024-03-13 00:00:00-04:00,217.08702603858254,217.42753775461458,215.85147234440416,216.76597595214844,2693100,0.0,0.0
2024-03-14 00:00:00-04:00,218.19608690933666,218.20581030105262,213.15660885411015,214.48944091796875,2417900,0.0,0.0
2024-03-15 00:00:00-04:00,214.98559676597566,215.58878847227274,211.3275974967315,212.53396606445312,5267900,0.0,0.0
2024-03-18 00:00:00-04:00,213.93489399983355,215.7152544300866,213.04959032539574,214.9758758544922,1893000,0.0,0.0
2024-03-19 00:00:00-04:00,215.0537225439725,215.92930288793886,213.41928709839524,215.67636108398438,1817600,0.0,0.0
2024-03-20 00:00:00-04:00,215.48178374725396,221.8735557204945,215.22882710497194,221.72763061523438,2249700,0.0,0.0
2024-03-21 00:00:00-04:00,222.89504650668763,225.40506189924264,222.77830643792225,222.90476989746094,3523700,0.0,0.0
2024-03-22 00:00:00-04:00,222.83671189623723,224.28628413008087,219.78188923732924,219.83053588867188,2284700,0.0,0.0
2024-03-25 00:00:00-04:00,219.22735065243776,220.83260112524093,219.1203339542509,219.8986358642578,2119500,0.0,0.0
2024-03-26 00:00:00-04:00,220.47262692977048,220.71584534791555,218.23502935873532,218.37123107910156,2106400,0.0,0.0
2024-03-27 00:00:00-04:00,221.0368770049552,221.8151788470774,219.03275978177967,221.57196044921875,2153100,0.0,0.0
2024-03-28 00:00:00-04:00,222.26268179973212,222.26268179973212,220.2001799273674,221.51356506347656,2295800,0.0,0.0
2024-04-01 00:00:00-04:00,221.27035852018233,222.36971036183513,220.67690507179523,221.4357452392578,1616700,0.0,0.0
2024-04-02 00:00:00-04:00,220.22936531326764,220.81309534026582,218.49765170334328,219.4121551513672,1984500,0.0,0.0
2024-04-03 00:00:00-04:00,219.68459731844595,221.09526114702558,219.13979044767373,220.48236083984375,2070100,0.0,0.0
2024-04-04 00:00:00-04:00,223.6149597637553,224.14193269415998,213.9243997630402,214.29522705078125,3035300,0.7,0.0
2024-04-05 00:00:00-04:00,214.6953177413289,217.74008293694692,214.22689576297216,217.09600830078125,1827900,0.0,0.0
2024-04-08 00:00:00-04:00,218.07188618545672,219.42836958109808,217.74984143659523,218.70620727539062,1401200,0.0,0.0
2024-04-09 00:00:00-04:00,217.61319384590553,218.53051573453075,212.71423364168325,214.5391387939453,3503000,0.0,0.0
2024-04-10 00:00:00-04:00,212.26536908921065,214.20739134641204,210.32336172287668,212.40199279785156,3115000,0.0,0.0
2024-04-11 00:00:00-04:00,212.25557178326787,213.8853024325851,209.33766224034073,212.93869018554688,3139000,0.0,0.0
2024-04-12 00:00:00-04:00,211.76762794008795,213.01676298735939,210.90884201101468,212.93869018554688,2441200,0.0,0.0
2024-04-15 00:00:00-04:00,216.53974975757419,217.35949196003688,211.59200620833406,213.13389587402344,3459000,0.0,0.0
2024-04-16 00:00:00-04:00,212.4507802769931,214.0902795952033,211.28947136219145,213.07534790039062,4176700,0.0,0.0
2024-04-17 00:00:00-04:00,214.26593624960725,214.96857670037355,211.29924370593506,212.4215087890625,2256800,0.0,0.0
2024-04-18 00:00:00-04:00,212.9972540429119,216.11033833463003,211.94329349051776,212.25558471679688,3901500,0.0,0.0
2024-04-19 00:00:00-04:00,213.56330219432994,226.0156411962519,213.56330219432994,225.46913146972656,7573700,0.0,0.0
2024-04-22 00:00:00-04:00,226.43525406011167,229.69471586810607,222.19990441325427,227.38186645507812,5151300,0.0,0.0
2024-04-23 00:00:00-04:00,229.1091934422129,233.64706596317754,228.0357108568248,233.1981658935547,4684500,0.0,0.0
2024-04-24 00:00:00-04:00,232.5247828953003,234.74980581741062,232.23201358641933,233.35427856445312,4429200,0.0,0.0
2024-04-25 00:00:00-04:00,232.38817413969093,232.7004505026003,229.73375804606178,231.3830108642578,3329000,0.0,0.0
2024-04-26 00:00:00-04:00,230.30952638891793,231.20734139980127,228.76762184059663,229.9582061767578,2993300,0.0,0.0
2024-04-29 00:00:00-04:00,230.88529822060698,233.3542932402505,229.95820775989998,233.15911865234375,3696300,0.0,0.0
2024-04-30 00:00:00-04:00,232.14418245632683,233.83246409235733,228.13328321300835,228.3870086669922,3564300,0.0,0.0
2024-05-01 00:00:00-04:00,227.59655497810365,229.47025777601542,225.6545328862547,225.87899780273438,4176000,0.0,0.0
2024-05-02 00:00:00-04:00,227.9478815437084,228.30895527640496,225.3422628196497,226.8939208984375,2734900,0.0,0.0
2024-05-03 00:00:00-04:00,227.63562475677864,227.72346599200142,223.60521752689235,225.20567321777344,3203100,0.0,0.0
2024-05-06 00:00:00-04:00,226.69875835770566,228.91402802310864,225.7423924011393,228.6798095703125,2259600,0.0,0.0
2024-05-07 00:00:00-04:00,229.82160384657251,230.30954780378391,227.7820016792371,229.00186157226562,2084300,0.0,0.0
2024-05-08 00:00:00-04:00,228.7481020190897,231.13903912179927,227.88933085213844,230.5437469482422,2501900,0.0,0.0
2024-05-09 00:00:00-04:00,230.27050878844634,233.608043523193,229.88014470519494,233.3738250732422,3166300,0.0,0.0
2024-05-10 00:00:00-04:00,234.70104040002082,237.66773306972746,234.51561931612648,236.4576416015625,2590800,0.0,0.0
2024-05-13 00:00:00-04:00,237.0919506238536,237.66772088262508,232.35890347699967,232.8956298828125,2768800,0.0,0.0
2024-05-14 00:00:00-04:00,232.40768630736562,236.2526868319116,232.3589038273941,235.70619201660156,2387300,0.0,0.0
2024-05-15 00:00:00-04:00,235.80378116642854,237.01387254567126,234.45705119573162,235.87208557128906,2013400,0.0,0.0
2024-05-16 00:00:00-04:00,235.89160038465022,237.4823022649235,235.04258276308894,235.50125122070312,2605900,0.0,0.0
2024-05-17 00:00:00-04:00,236.94558122229046,237.3261769014301,236.06727319213698,236.96510314941406,1848700,0.0,0.0
2024-05-20 00:00:00-04:00,237.24810841953934,238.51676567014542,236.26246699936178,236.4576416015625,1983200,0.0,0.0
2024-05-21 00:00:00-04:00,236.49666390618353,237.70677023114098,235.52077603179222,237.2188262939453,1825800,0.0,0.0
2024-05-22 00:00:00-04:00,237.0529141225638,237.5994089196691,233.75440852320722,234.3009033203125,2292700,0.0,0.0
2024-05-23 00:00:00-04:00,235.02307530327587,235.02307530327587,229.45074906612857,229.78256225585938,3272600,0.0,0.0
2024-05-24 00:00:00-04:00,231.14880169605107,234.28140831360867,230.98290254490283,232.4369659423828,1624200,0.0,0.0
2024-05-28 00:00:00-04:00,232.01733234433658,232.71997277551304,230.19242686132174,231.52938842773438,2315400,0.0,0.0
2024-05-29 00:00:00-04:00,229.77280139308084,231.92952018825844,229.01161002792816,230.25099182128906,2711300,0.0,0.0
2024-05-30 00:00:00-04:00,230.67062662729793,231.5977320790319,229.31414299212756,231.50013732910156,2386300,0.0,0.0
2024-05-31 00:00:00-04:00,232.26129811604818,234.3984947963773,230.22169617278655,234.21307373046875,5102500,0.0,0.0
2024-06-03 00:00:00-04:00,234.388737708791,235.54029312016806,227.89908943374837,231.16831970214844,2677200,0.0,0.0
2024-06-04 00:00:00-04:00,230.69012429554397,234.21307996904636,230.0460347518211,231.52938842773438,2512100,0.0,0.0
2024-06-05 00:00:00-04:00,230.55347991280468,231.9685141658425,228.06496318319185,229.03109741210938,2925100,0.0,0.0
2024-06-06 00:00:00-04:00,229.1286850829072,230.69986500275567,227.08908319857403,227.72341918945312,2709600,0.0,0.0
2024-06-07 00:00:00-04:00,226.80610422554804,228.47486415013847,226.122985692357,227.05982971191406,2212500,0.0,0.0
2024-06-10 00:00:00-04:00,226.35715206711367,228.27965205311972,225.0397125889956,226.83534240722656,2933500,0.0,0.0
2024-06-11 00:00:00-04:00,226.05465179442874,226.05465179442874,218.80381251112513,219.1160888671875,3168100,0.0,0.0
2024-06-12 00:00:00-04:00,221.94613719587517,222.89274947632865,217.45706261467473,218.63787841796875,3091100,0.0,0.0
2024-06-13 00:00:00-04:00,218.02310387622302,218.35490216492263,215.4174851546115,216.83251953125,3011300,0.0,0.0
2024-06-14 00:00:00-04:00,216.04205237206324,220.19932916333323,216.00300852001382,219.39910888671875,2373800,0.0,0.0
2024-06-17 00:00:00-04:00,218.79405936300614,222.96110477329125,218.6184066925073,222.76593017578125,2426700,0.0,0.0
2024-06-18 00:00:00-04:00,222.09257136408175,223.78085327148438,221.30210454301078,223.78085327148438,2176500,0.0,0.0
2024-06-20 00:00:00-04:00,223.0489252781036,226.09369061409902,220.98004779501616,224.65914916992188,2968100,0.0,0.0
2024-06-21 00:00:00-04:00,225.53743667006586,225.53743667006586,222.0144810130808,224.82504272460938,5064300,0.0,0.0
2024-06-24 00:00:00-04:00,226.09370681142968,228.26017919136055,224.6591652644821,225.88877868652344,2152600,0.0,0.0
2024-06-25 00:00:00-04:00,225.29346214188422,225.7228551641194,223.02939525768647,225.02996826171875,3206800,0.0,0.0
2024-06-26 00:00:00-04:00,224.49323023495737,226.88416733513108,223.6149371428418,225.1177978515625,3151900,0.0,0.0
2024-06-27 00:00:00-04:00,224.24924463829154,224.77623237420292,221.88759801629834,222.89276123046875,2264200,0.0,0.0
2024-06-28 00:00:00-04:00,223.72228243145028,227.967400399037,223.22458500463748,225.96682739257812,3901100,0.0,0.0
2024-07-01 00:00:00-04:00,226.72800777229625,229.1384517595192,225.9668165016854,228.1723175048828,2792700,0.0,0.0
2024-07-02 00:00:00-04:00,227.91861135812414,230.49495469793402,227.35259461570578,230.28025817871094,1871700,0.0,0.0
2024-07-03 00:00:00-04:00,230.79749520488474,231.85145595509238,229.51908440045364,230.02655029296875,1365900,0.0,0.0
2024-07-05 00:00:00-04:00,230.71166717168893,231.68066420597103,228.60724995341755,230.63336181640625,2488300,0.7,0.0
2024-07-08 00:00:00-04:00,231.22065260195546,234.4213152424512,228.80302865703817,229.53712463378906,2638600,0.0,0.0
2024-07-09 00:00:00-04:00,229.98737196394535,234.12766900502018,229.1553905668084,232.7084197998047,1943400,0.0,0.0
2024-07-10 00:00:00-04:00,231.55344712898886,234.37236543854618,230.6235803050376,233.86338806152344,2203000,0.0,0.0
2024-07-11 00:00:00-04:00,233.80466065540207,234.86176061261133,231.93517432550544,233.6872100830078,1868700,0.0,0.0
2024-07-12 00:00:00-04:00,233.90254976742423,235.16518824617896,232.19944176482386,233.56976318359375,2612200,0.0,0.0
2024-07-15 00:00:00-04:00,235.35117318418037,239.4719052773282,235.35117318418037,238.82589721679688,3054400,0.0,0.0
2024-07-16 00:00:00-04:00,238.9629143159713,244.46373521792134,238.63012773465638,244.3365020751953,3074600,0.0,0.0
2024-07-17 00:00:00-04:00,243.53389258098952,245.52084451020372,242.13422341129186,244.65951538085938,2471900,0.0,0.0
2024-07-18 00:00:00-04:00,245.4816809223755,248.34954184099198,242.50613706852712,243.9156036376953,4053300,0.0,0.0
2024-07-19 00:00:00-04:00,236.67253172805982,238.21902895209269,232.6105252719931,237.240234375,5750400,0.0,0.0
2024-07-22 00:00:00-04:00,237.85685914073545,240.401730954687,234.81280748102816,239.55996704101562,2590000,0.0,0.0
2024-07-23 00:00:00-04:00,241.72312315668253,243.7100750176955,239.84382436482412,241.6643829345703,2564000,0.0,0.0
2024-07-24 00:00:00-04:00,239.8046759174221,240.41152378741202,235.56649352632857,235.8797149658203,2838100,0.0,0.0
2024-07-25 00:00:00-04:00,234.91072293041947,239.7655511091456,234.31365757889577,235.08689880371094,3828800,0.0,0.0
2024-07-26 00:00:00-04:00,236.79979346153863,241.16522437401,236.75086567495177,240.6758270263672,2174400,0.0,0.0
2024-07-29 00:00:00-04:00,241.40011651701508,242.7019151247595,239.12930588043886,242.63339233398438,2059300,0.0,0.0
2024-07-30 00:00:00-04:00,244.17010396050213,248.3006033724351,243.9449704523955,247.1260528564453,2498800,0.0,0.0
2024-07-31 00:00:00-04:00,247.7427171310827,250.80633426267678,247.07712899558865,247.6741943359375,2180700,0.0,0.0
2024-08-01 00:00:00-04:00,248.46701264296695,249.592620447367,241.18477850380853,243.40663146972656,3929700,0.0,0.0
2024-08-02 00:00:00-04:00,239.32507005933704,239.46210071038857,225.17170804636936,227.3544158935547,6902600,0.0,0.0
2024-08-05 00:00:00-04:00,221.83402106950444,225.88623036311668,217.32177709103104,221.12928771972656,4890700,0.0,0.0
2024-08-06 00:00:00-04:00,222.1472351021058,228.23532394127793,221.69698300221566,226.21900939941406,3148200,0.0,0.0
2024-08-07 00:00:00-04:00,229.05752077262687,231.16192322803244,223.66435286687127,223.94821166992188,2665300,0.0,0.0
2024-08-08 00:00:00-04:00,226.1504880844388,229.52732635939878,226.11132793796781,228.58767700195312,2239200,0.0,0.0
2024-08-09 00:00:00-04:00,228.5681374414793,233.28592002421925,228.1472479635264,232.8063201904297,1956400,0.0,0.0
2024-08-12 00:00:00-04:00,233.14887750191167,233.92213362208483,230.40824955529962,232.0232696533203,1747000,0.0,0.0
2024-08-13 00:00:00-04:00,233.6480730973642,234.1961957014639,231.45556774574464,233.92213439941406,1913200,0.0,0.0
2024-08-14 00:00:00-04:00,234.72475212232084,238.9139921989729,234.43111072839775,238.5909881591797,2132500,0.0,0.0
2024-08-15 00:00:00-04:00,242.51591820717752,245.05099238567277,240.1472373019777,244.209228515625,2656800,0.0,0.0
2024-08-16 00:00:00-04:00,244.10158014847445,246.411535958844,243.84709893389527,246.3723907470703,2149700,0.0,0.0
2024-08-19 00:00:00-04:00,246.65621849552605,248.72147552557593,246.49960778821918,248.66275024414062,1653400,0.0,0.0
2024-08-20 00:00:00-04:00,248.8291736768326,249.22068555733006,246.91072961786492,247.71334838867188,1659700,0.0,0.0
2024-08-21 00:00:00-04:00,244.34627290092473,244.52246368770724,238.18966170161337,241.0771026611328,3502500,0.0,0.0
2024-08-22 00:00:00-04:00,241.53713698044334,243.64153930362397,240.54854491946497,242.50613403320312,1981300,0.0,0.0
2024-08-23 00:00:00-04:00,242.741089562533,246.82266173593442,242.741089562533,245.9711151123047,1868200,0.0,0.0
2024-08-26 00:00:00-04:00,247.0673369459123,250.72803421261884,246.60730227828375,248.4963836669922,1931000,0.0,0.0
2024-08-27 00:00:00-04:00,248.32021054386325,251.23701454616398,248.32021054386325,249.62200927734375,2518100,0.0,0.0
2024-08-28 00:00:00-04:00,248.81935713430101,253.14562704455537,248.36910509150584,251.63827514648438,2557100,0.0,0.0
2024-08-29 00:00:00-04:00,252.5290080835644,256.0233119922312,251.38380525274965,254.32998657226562,2423500,0.0,0.0
2024-08-30 00:00:00-04:00,254.96616994735717,256.19946057686894,250.66927762159904,253.16519165039062,3442100,0.0,0.0
2024-09-03 00:00:00-04:00,250.34631361649892,252.02005905155818,247.4294947851195,248.91726684570312,2970300,0.0,0.0
2024-09-04 00:00:00-04:00,249.58284644264165,251.13911137445584,245.3446639303257,246.40176391601562,3062600,0.0,0.0
2024-09-05 00:00:00-04:00,247.35119526535465,247.80143242732922,243.1032152590872,246.4996337890625,2711200,0.0,0.0
2024-09-06 00:00:00-04:00,245.96127826094423,248.19294359678577,238.16029936290252,238.8845977783203,3653000,0.0,0.0
2024-09-09 00:00:00-04:00,242.98577168991088,247.78185949741587,242.28103834759375,245.59915161132812,3080800,0.0,0.0
2024-09-10 00:00:00-04:00,246.38218364683706,247.1456422578059,235.48819471576692,240.2157745361328,3630900,0.0,0.0
2024-09-11 00:00:00-04:00,239.21741305851685,249.23049335648992,238.33650382340193,248.79002380371094,3149900,0.0,0.0
2024-09-12 00:00:00-04:00,248.77044380426562,251.5502169361499,247.23372908442684,249.73944091796875,2279600,0.0,0.0
2024-09-13 00:00:00-04:00,250.79654699704759,254.6921303240586,250.32671484339653,253.50779724121094,2199200,0.0,0.0
2024-09-16 00:00:00-04:00,255.76880279380637,257.276154772326,253.65460297041818,255.553466796875,2170200,0.0,0.0
2024-09-17 00:00:00-04:00,255.97436669665674,261.55350816251905,255.80798833322606,259.7720947265625,2765700,0.0,0.0
2024-09-18 00:00:00-04:00,258.79325576123586,260.70191695443293,255.4653604875922,256.6203308105469,2577400,0.0,0.0
2024-09-19 00:00:00-04:00,262.15061253491876,264.37249597000175,260.7020152684665,263.0511169433594,2973300,0.0,0.0
2024-09-20 00:00:00-04:00,262.7084340272558,265.7329054040707,261.28919994503997,263.2859191894531,5847200,0.0,0.0
2024-09-23 00:00:00-04:00,265.6056474598211,266.63339955398544,261.3870457724078,261.6317443847656,2534900,0.0,0.0
2024-09-24 00:00:00-04:00,262.0918281265251,262.80635896197816,257.45235112462035,260.5649108886719,2340300,0.0,0.0
2024-09-25 00:00:00-04:00,261.42626171174123,263.0217017841072,259.9189095741728,260.5257873535156,2116300,0.0,0.0
2024-09-26 00:00:00-04:00,262.60079068808676,263.2859289312681,260.692129421888,262.4637451171875,1430600,0.0,0.0
2024-09-27 00:00:00-04:00,262.31696354485774,266.89771529158577,261.7492757965984,265.31207275390625,2231900,0.0,0.0
2024-09-30 00:00:00-04:00,264.3724166893582,265.7231579617314,261.6220063647767,265.4490966796875,2113100,0.0,0.0
2024-10-01 00:00:00-04:00,265.52736737991734,266.0656923998791,260.8682960607768,262.9042053222656,2429500,0.0,0.0
2024-10-02 00:00:00-04:00,262.90420790825664,265.6350529190243,260.60403486586944,265.1750183105469,2009500,0.0,0.0
2024-10-03 00:00:00-04:00,263.92219195604974,265.3512237173917,261.9646027436314,262.8944396972656,1614500,0.0,0.0
2024-10-04 00:00:00-04:00,267.1731598028748,271.6285075658825,264.9651171598759,270.82379150390625,2239600,0.7,0.0
2024-10-07 00:00:00-04:00,269.2340031212986,271.1574451981875,266.4861987772483,268.6844482421875,3287500,0.0,0.0
2024-10-08 00:00:00-04:00,266.19184439765235,267.41853492483045,261.1967641648029,264.09173583984375,3332800,0.0,0.0
2024-10-09 00:00:00-04:00,263.7972371677721,266.52539461715577,263.4145254487351,266.35858154296875,2087000,0.0,0.0
2024-10-10 00:00:00-04:00,265.8777136230671,267.81097843152264,264.8473059115786,265.4263000488281,2052800,0.0,0.0
2024-10-11 00:00:00-04:00,266.3193611356433,271.94248999665194,265.9464425130544,271.0102233886719,1723200,0.0,0.0
2024-10-14 00:00:00-04:00,271.01025294027727,272.52154385769813,269.9798150631059,271.363525390625,1399000,0.0,0.0
2024-10-15 00:00:00-04:00,275.3380119096042,276.1721673237378,271.7364359232364,272.1387939453125,2264600,0.0,0.0
2024-10-16 00:00:00-04:00,273.6795024694628,276.6137359225788,272.51169097204706,276.4272766113281,2243600,0.0,0.0
2024-10-17 00:00:00-04:00,278.70403042830435,281.0200072917981,277.21238583563854,280.4508361816406,3571900,0.0,0.0
2024-10-18 00:00:00-04:00,271.63830267943604,273.99357214105447,264.0328224099058,271.6285095214844,7884400,0.0,0.0
2024-10-21 00:00:00-04:00,269.87185412159783,271.2064787339774,264.50385640713034,265.6912841796875,4092700,0.0,0.0
2024-10-22 00:00:00-04:00,265.5735372359549,267.7423172912948,263.57157028952923,267.3203430175781,2595400,0.0,0.0
2024-10-23 00:00:00-04:00,266.92781062292516,268.25264214328917,263.9444914127377,266.17218017578125,2051100,0.0,0.0
2024-10-24 00:00:00-04:00,265.19080312617723,266.1721552793235,263.6991286863606,264.9454650878906,3490600,0.0,0.0
2024-10-25 00:00:00-04:00,266.5843662140211,268.07604098845763,261.3832106149931,262.36456298828125,2993300,0.0,0.0
2024-10-28 00:00:00-04:00,264.2192581272616,266.8983604287398,262.688351083129,266.4076843261719,2336900,0.0,0.0
2024-10-29 00:00:00-04:00,265.2594738722419,266.73150209561396,264.5528991270837,265.3870544433594,1749000,0.0,0.0
2024-10-30 00:00:00-04:00,265.94647275770444,269.94058379819893,265.2300747987069,268.9690246582031,2152900,0.0,0.0
2024-10-31 00:00:00-04:00,268.59609908964006,268.9689877549822,263.63045953894346,265.0435791015625,2315400,0.0,0.0
2024-11-01 00:00:00-04:00,267.22217772088476,269.6265024610806,265.8973762808696,267.60491943359375,2508300,0.0,0.0
2024-11-04 00:00:00-05:00,267.25159764453986,267.7324805266888,264.6804599975168,265.1515197753906,1944000,0.0,0.0
2024-11-05 00:00:00-05:00,266.6530343514383,271.02985699730635,266.13291885730035,270.7943420410156,1859600,0.0,0.0
2024-11-06 00:00:00-05:00,282.62942907335895,291.29475568323693,281.4616175781834,289.6559143066406,5380500,0.0,0.0
2024-11-07 00:00:00-05:00,286.8689035647058,287.57547839904237,279.34191845519763,281.4714660644531,3876900,0.0,0.0
2024-11-08 00:00:00-05:00,281.33408114801426,284.69031932224107,280.61771310811395,282.2369384765625,1814400,0.0,0.0
2024-11-11 00:00:00-05:00,285.07301049837514,288.6942027600063,285.01413175822626,287.50677490234375,2299500,0.0,0.0
2024-11-12 00:00:00-05:00,286.55482268897396,288.07590651494735,282.2172330860037,283.1299133300781,2251400,0.0,0.0
2024-11-13 00:00:00-05:00,282.550900427812,285.1907099365523,282.0798406539964,282.276123046875,2118100,0.0,0.0
2024-11-14 00:00:00-05:00,282.9630905986951,285.14169368713686,282.00135465836746,282.923828125,2979400,0.0,0.0
2024-11-15 00:00:00-05:00,282.629440617794,285.13187681053347,280.1662369511142,281.5205078125,2614400,0.0,0.0
2024-11-18 00:00:00-05:00,281.5891885350381,282.15835960514306,278.3212691018514,280.2153015136719,2074400,0.0,0.0
2024-11-19 00:00:00-05:00,276.6333751008664,281.2751516563906,276.0641740762052,280.22509765625,2512900,0.0,0.0
2024-11-20 00:00:00-05:00,280.81391116023514,282.95325165523525,279.77368027923535,282.3448181152344,2387400,0.0,0.0
2024-11-21 00:00:00-05:00,284.41553123382397,288.58627851557225,282.1682260776091,287.5362243652344,2410300,0.0,0.0
2024-11-22 00:00:00-05:00,287.9287203404397,296.28985998577275,287.0553324834105,295.681396484375,3788900,0.0,0.0
2024-11-25 00:00:00-05:00,297.39879962882065,300.09751842744333,296.8590678484942,299.5185241699219,3478400,0.0,0.0
2024-11-26 00:00:00-05:00,299.9110281789522,301.2456827295372,296.368361151065,299.8717956542969,2130500,0.0,0.0
2024-11-27 00:00:00-05:00,301.2751654418845,302.0798815404759,297.14368051635495,298.5764465332031,1697000,0.0,0.0
2024-11-29 00:00:00-05:00,301.5204649223128,302.0504034984783,298.9885894112864,298.9983825683594,1326600,0.0,0.0
2024-12-02 00:00:00-05:00,300.49985850261845,301.12793830622365,294.3173514219079,296.62353515625,2166900,0.0,0.0
2024-12-03 00:00:00-05:00,298.17406855902817,299.30261767390994,295.5244354130225,296.476318359375,2128700,0.0,0.0
2024-12-04 00:00:00-05:00,296.36836652397227,297.86983420279313,295.10241379132174,296.9571838378906,1561200,0.0,0.0
2024-12-05 00:00:00-05:00,296.6431783289519,297.7717275081554,294.7197361657922,294.9258117675781,2793600,0.0,0.0
2024-12-06 00:00:00-05:00,296.01513501604023,299.057303319497,295.0141364594864,298.3212890625,1797600,0.0,0.0
2024-12-09 00:00:00-05:00,298.3997420646359,299.38109417065425,290.63724331221204,291.1867980957031,2377900,0.0,0.0
2024-12-10 00:00:00-05:00,291.88359694750295,299.2928245162376,290.98076963499534,296.476318359375,2967800,0.0,0.0
2024-12-11 00:00:00-05:00,297.7128485765954,298.4586859234393,293.954282367703,296.7020568847656,2071200,0.0,0.0
2024-12-12 00:00:00-05:00,297.9679622002744,298.7726781619959,294.66081020098244,294.7000427246094,1668100,0.0,0.0
2024-12-13 00:00:00-05:00,296.8197777651349,298.6451084287442,295.6323499897581,296.5057678222656,1662000,0.0,0.0
2024-12-16 00:00:00-05:00,298.036699240428,298.52737538014,295.2201930417458,297.90911865234375,1813700,0.0,0.0
2024-12-17 00:00:00-05:00,296.69220171587745,297.3791602451547,294.1112705494905,295.7206726074219,3611500,0.0,0.0
2024-12-18 00:00:00-05:00,296.9571909451201,297.92872006981725,281.0887122002709,282.4135437011719,3541200,0.0,0.0
2024-12-19 00:00:00-05:00,287.5558368347333,291.3242260292771,285.7697984302717,287.6147155761719,3540200,0.0,0.0
2024-12-20 00:00:00-05:00,286.89830404584126,297.0749209432985,286.5548248072304,293.080810546875,6232400,0.0,0.0
2024-12-23 00:00:00-05:00,290.95131298536177,294.170147024972,289.6853602533084,293.22802734375,1902400,0.0,0.0
2024-12-24 00:00:00-05:00,293.7088651248217,297.95810634850585,292.4429125874404,297.80108642578125,862900,0.0,0.0
2024-12-26 00:00:00-05:00,295.85811504739456,299.2045301296938,295.39687824840325,298.3212890625,1228900,0.0,0.0
2024-12-27 00:00:00-05:00,295.23984370166215,299.40076784557834,293.13973541678297,295.43609619140625,1676000,0.0,0.0
2024-12-30 00:00:00-05:00,291.80510763849816,294.1112914956082,288.6451520860632,291.78546142578125,2392800,0.0,0.0
2024-12-31 00:00:00-05:00,292.4919764239457,293.29669231982234,290.15638362261575,291.2554931640625,1231300,0.0,0.0
