Date,Open,High,Low,Close,Volume,Dividends,Stock Splits
2015-01-02 00:00:00-05:00,118.31432259067458,118.89983793081258,115.9654670037651,117.40882110595703,1550878,0.0,0.0
2015-01-05 00:00:00-05:00,116.97989704289894,117.0547882329488,115.29824237963304,115.6046142578125,2142090,0.0,0.0
2015-01-06 00:00:00-05:00,117.38839030740931,118.00113407276905,115.45483357367081,115.59780883789062,3242113,0.0,0.0
2015-01-07 00:00:00-05:00,117.08204833800792,117.33395044813652,115.77486216408558,116.44888305664062,2278228,0.0,0.0
2015-01-08 00:00:00-05:00,117.90581423445674,119.39002372949156,117.41561151712838,119.17215728759766,2258000,0.0,0.0
2015-01-09 00:00:00-05:00,118.81136291422008,119.3015529345283,117.34076706874859,117.55182647705078,1732684,0.0,0.0
2015-01-12 00:00:00-05:00,118.50494241553734,119.14491460655246,117.43604446313881,117.4905014038086,2338913,0.0,0.0
2015-01-13 00:00:00-05:00,118.41646034291021,118.96112010287588,115.8088825648219,116.76204681396484,2154872,0.0,0.0
2015-01-14 00:00:00-05:00,115.74080280445516,117.75605817306511,115.06678197519183,117.61308288574219,2393765,0.0,0.0
2015-01-15 00:00:00-05:00,117.980721151847,118.77728294684565,117.15691799031173,118.36198425292969,2752786,0.0,0.0
2015-01-16 00:00:00-05:00,117.6879431542506,120.43849559402169,117.6879431542506,120.34317016601562,3212825,0.0,0.0
2015-01-20 00:00:00-05:00,121.39844697107957,122.18821435857917,120.64272806087124,121.95673370361328,3222008,0.0,0.0
2015-01-21 00:00:00-05:00,121.82739979243325,122.84182805125262,120.84020000768933,121.65719604492188,2004711,0.0,0.0
2015-01-22 00:00:00-05:00,122.22904731865228,123.56347420605174,121.39843729532527,123.502197265625,1907913,0.0,0.0
2015-01-23 00:00:00-05:00,120.88784146735999,123.05287888228413,119.51937867895904,119.83255767822266,4145188,0.0,0.0
2015-01-26 00:00:00-05:00,119.78490324443007,121.14655886240814,119.26066492904972,120.27509307861328,1729706,0.0,0.0
2015-01-27 00:00:00-05:00,119.51256782792916,119.54661630937245,118.19857491722033,118.38239288330078,1722508,0.0,0.0
2015-01-28 00:00:00-05:00,119.43768643907619,119.56704747309098,116.5237498604347,116.72798919677734,1514889,0.0,0.0
2015-01-29 00:00:00-05:00,117.1977856131365,117.94668476270151,115.77485273364748,117.7083969116211,2035985,0.0,0.0
2015-01-30 00:00:00-05:00,116.80969199678992,118.21901051149285,114.97826766413073,115.13485717773438,2723499,0.0,0.0
2015-02-02 00:00:00-05:00,115.2641922344804,116.62584771939157,114.39953365296945,116.59181213378906,1830227,0.0,0.0
2015-02-03 00:00:00-05:00,117.79690401513388,118.45729765901979,116.25141735169267,117.76285552978516,2047030,0.0,0.0
2015-02-04 00:00:00-05:00,117.19777699157311,117.92625472975394,116.53737044103221,117.15692138671875,1789894,0.0,0.0
2015-02-05 00:00:00-05:00,117.59259351743458,118.57979282710801,117.51089524225402,118.0351333618164,1426778,0.0,0.0
2015-02-06 00:00:00-05:00,118.52538707570066,119.13132379795152,117.32712786904355,117.95349884033203,1311241,0.0,0.0
2015-02-09 00:00:00-05:00,117.29990092921223,117.91945189741975,116.39439939344096,116.85736083984375,1502231,0.0,0.0
2015-02-10 00:00:00-05:00,117.74921527604653,118.28706777374165,116.27181301746239,117.98750305175781,1858894,0.0,0.0
2015-02-11 00:00:00-05:00,118.04882615939138,119.13814581496844,117.74926132026685,118.40966796875,1719530,0.0,0.0
2015-02-12 00:00:00-05:00,118.94750167521096,120.3772415524288,118.593467042182,120.03001403808594,2626204,0.0,0.0
2015-02-13 00:00:00-05:00,119.73042518432781,120.8333715738698,119.55341434952271,120.14573669433594,2077558,0.0,0.0
2015-02-17 00:00:00-05:00,120.23422765277674,122.32437340156436,120.17295071201542,122.23585510253906,1895752,0.0,0.0
2015-02-18 00:00:00-05:00,122.13376282016655,122.58310996337971,121.75930686748892,122.3992919921875,1576939,0.0,0.0
2015-02-19 00:00:00-05:00,122.52863811935799,122.5490594730961,121.60952249391815,121.62994384765625,2107094,0.0,0.0
2015-02-20 00:00:00-05:00,121.22141447536237,121.77968821583424,120.4588885844553,121.52778625488281,1774878,0.0,0.0
2015-02-23 00:00:00-05:00,121.52781547189407,121.73887478885896,120.77209651508946,121.39164733886719,1187017,0.0,0.0
2015-02-24 00:00:00-05:00,121.1329602180682,121.5891145220352,120.80615406094708,121.05126190185547,1410272,0.0,0.0
2015-02-25 00:00:00-05:00,121.19423632989273,121.22827192296387,119.34918487868491,119.5806655883789,1761475,0.0,0.0
2015-02-26 00:00:00-05:00,119.4785563767806,119.80534966795335,118.06923774712347,118.87261962890625,2350330,0.0,0.0
2015-02-27 00:00:00-05:00,120.5474508012743,121.22147161236782,119.99598391665988,120.49298095703125,2976166,0.0,0.0
2015-03-02 00:00:00-05:00,120.49297101677486,121.28954568863286,119.86661298260023,120.37042999267578,1905307,0.0,0.0
2015-03-03 00:00:00-05:00,120.16617477900674,120.17978901553862,119.02238552628772,119.92788696289062,1591210,0.0,0.0
2015-03-04 00:00:00-05:00,119.5261874534523,119.6759698371123,118.74323994444283,118.88621520996094,1284807,0.0,0.0
2015-03-05 00:00:00-05:00,119.37644462027306,119.37644462027306,118.13734243161609,119.02242279052734,1156860,0.0,0.0
2015-03-06 00:00:00-05:00,118.4845138956225,119.28788264458724,117.78325190423713,117.91261291503906,1405184,0.0,0.0
2015-03-09 00:00:00-04:00,117.81722856456264,118.72377705311666,117.67408797087758,117.8581314086914,1910023,0.16116,0.0
2015-03-10 00:00:00-04:00,116.70615847312396,117.2787206850012,115.87458801269531,115.87458801269531,1834694,0.0,0.0
2015-03-11 00:00:00-04:00,115.87460074113095,117.4627640661813,115.87460074113095,116.93791961669922,1677584,0.0,0.0
2015-03-12 00:00:00-04:00,117.21741992130951,118.34890191677128,117.21741992130951,118.31482696533203,1225984,0.0,0.0
2015-03-13 00:00:00-04:00,118.32159373831196,119.15316419352021,117.4627504258877,118.1375503540039,1427895,0.0,0.0
2015-03-16 00:00:00-04:00,118.74418359550931,120.95944167883854,118.74418359550931,120.86400604248047,2229705,0.0,0.0
2015-03-17 00:00:00-04:00,120.57096050638187,121.73653033578712,119.76666259765625,119.76666259765625,3376885,0.0,0.0
2015-03-18 00:00:00-04:00,117.2378133916627,118.69647881606808,116.22221249158716,118.12391662597656,5267176,0.0,0.0
2015-03-19 00:00:00-04:00,118.32162479589088,119.37131384848752,117.5786618904785,118.49884033203125,2601012,0.0,0.0
2015-03-20 00:00:00-04:00,118.6692107102991,118.8327962262531,117.15602532696452,117.26509094238281,3352686,0.0,0.0
2015-03-23 00:00:00-04:00,117.35366451007404,117.4286422586477,116.310791015625,116.310791015625,2176962,0.0,0.0
2015-03-24 00:00:00-04:00,116.07232421754493,116.21546484801394,115.30210113525389,115.3021011352539,1535613,0.0,0.0
2015-03-25 00:00:00-04:00,115.69739180072148,115.73828173285573,112.70509547921056,112.75962829589844,2455194,0.0,0.0
2015-03-26 00:00:00-04:00,111.97575873455543,113.57755188698366,111.51224922297332,112.8005142211914,2175101,0.0,0.0
2015-03-27 00:00:00-04:00,112.50060383623406,112.8891226715514,112.13252996404562,112.18704986572266,1138121,0.0,0.0
2015-03-30 00:00:00-04:00,112.50062109694332,114.08878452760273,112.452903268481,113.65936279296875,1898234,0.0,0.0
2015-03-31 00:00:00-04:00,113.14815095016895,113.46850705791057,112.46653589401555,112.77326202392578,1946136,0.0,0.0
2015-04-01 00:00:00-04:00,112.48015128296338,113.48895021210699,111.97576472556587,113.31172180175781,1999499,0.0,0.0
2015-04-02 00:00:00-04:00,113.63208701209852,113.70023689015947,112.94364417194413,113.29808807373047,2038343,0.0,0.0
2015-04-06 00:00:00-04:00,112.71872447291035,114.00698965305648,112.46653117209004,113.60482788085938,1576815,0.0,0.0
2015-04-07 00:00:00-04:00,117.74905476096033,118.4920176179371,116.35856470533153,116.66529083251953,6811477,0.0,0.0
2015-04-08 00:00:00-04:00,116.6107546912236,117.16285912299246,115.40429518342002,117.1287841796875,3966360,0.0,0.0
2015-04-09 00:00:00-04:00,116.86976774310854,118.22618287106492,116.61757443085105,117.86493682861328,2412628,0.0,0.0
2015-04-10 00:00:00-04:00,118.1307460418232,118.94187160779987,117.59227162960578,118.85326385498047,2773759,0.0,0.0
2015-04-13 00:00:00-04:00,118.35568794775392,119.48716966636441,117.92626622161895,118.00807189941406,1734546,0.0,0.0
2015-04-14 00:00:00-04:00,117.24464973541863,118.00807043032431,116.62438252128457,116.89703369140625,2253904,0.0,0.0
2015-04-15 00:00:00-04:00,116.95158278120309,117.48325527703723,115.41113684430238,115.5474624633789,2553978,0.0,0.0
2015-04-16 00:00:00-04:00,115.58154657633216,116.05187129014513,114.97490913981606,115.35661315917969,2184656,0.0,0.0
2015-04-17 00:00:00-04:00,114.66814597894421,114.90670930078154,114.05469374931239,114.5113754272461,2038218,0.0,0.0
2015-04-20 00:00:00-04:00,114.70904227776039,115.87459886617455,114.70904227776039,115.23388671875,1543804,0.0,0.0
2015-04-21 00:00:00-04:00,115.48605380479674,116.1812986072105,115.24749055067971,115.81322479248047,1348347,0.0,0.0
2015-04-22 00:00:00-04:00,115.73142266543182,116.40622245321518,114.97483013735689,115.88137817382812,1307890,0.0,0.0
2015-04-23 00:00:00-04:00,115.22707434130213,116.50851157235984,115.22707434130213,115.94276428222656,1303546,0.0,0.0
2015-04-24 00:00:00-04:00,115.69058245208184,116.04502641706927,115.19981289231646,115.84053802490234,1178081,0.0,0.0
2015-04-27 00:00:00-04:00,116.11993688844579,116.29035025565933,115.09752122101519,115.2134017944336,1826876,0.0,0.0
2015-04-28 00:00:00-04:00,115.37703072071179,117.21057237108965,114.85900125248857,116.71980285644531,1887685,0.0,0.0
2015-04-29 00:00:00-04:00,115.76556351087189,116.51534139616861,115.00215564714733,115.5815200805664,1384087,0.0,0.0
2015-04-30 00:00:00-04:00,114.77722228155831,115.84054129940156,114.75676440674,115.5815200805664,2257131,0.0,0.0
2015-05-01 00:00:00-04:00,115.87461808150601,117.19014334981503,115.82691315625269,117.05381774902344,1444400,0.0,0.0
2015-05-04 00:00:00-04:00,116.97198154506123,118.24660349706875,116.90381876997033,117.46273803710938,1292005,0.0,0.0
2015-05-05 00:00:00-04:00,116.89703625348385,117.46277066455794,115.54062117603236,115.74510955810547,1448247,0.0,0.0
2015-05-06 00:00:00-04:00,116.34491976357374,116.3994396674032,114.82490639366934,115.5746841430664,1297093,0.0,0.0
2015-05-07 00:00:00-04:00,115.7859857552988,117.65361511280094,115.58831238535922,117.06060791015625,1425537,0.0,0.0
2015-05-08 00:00:00-04:00,117.91261124212417,118.66238890313433,117.76947069709745,118.15798950195312,1534372,0.0,0.0
2015-05-11 00:00:00-04:00,118.60790850052297,119.26907871319202,117.75589274828292,118.73741912841797,1647428,0.0,0.0
2015-05-12 00:00:00-04:00,118.02853396756018,118.3966079422703,117.53776436555425,118.20574951171875,1397614,0.0,0.0
2015-05-13 00:00:00-04:00,117.91263710472157,118.26026606277331,117.01290371416461,117.19013214111328,1506326,0.0,0.0
2015-05-14 00:00:00-04:00,117.81037176535678,118.60103933759358,117.31278735879272,118.22615051269531,1834198,0.0,0.0
2015-05-15 00:00:00-04:00,118.74417235319804,119.48031998218286,118.26023085863065,119.37808227539062,1851820,0.0,0.0
2015-05-18 00:00:00-04:00,119.37812561392866,120.93901626489539,119.28950494107501,120.76861572265625,1933478,0.0,0.0
2015-05-19 00:00:00-04:00,120.99347160266747,121.80459676691486,120.64584284451341,121.31382751464844,1535117,0.0,0.0
2015-05-20 00:00:00-04:00,121.1298386329684,121.86598631012102,120.74813482021752,121.00032806396484,1168153,0.0,0.0
2015-05-21 00:00:00-04:00,120.58456355609302,120.81631186594656,119.60985249426012,120.33917236328125,1380364,0.0,0.0
2015-05-22 00:00:00-04:00,120.29147599464737,120.45506153002849,119.06457157211408,119.4053726196289,961775,0.0,0.0
2015-05-26 00:00:00-04:00,119.2826395347204,119.30991238683116,118.4510692351749,118.6760025024414,1183418,0.0,0.0
2015-05-27 00:00:00-04:00,119.0304565113365,120.57090167571606,118.54651500420401,120.41413116455078,1003721,0.0,0.0
2015-05-28 00:00:00-04:00,120.03926768599936,120.06654054620012,118.97594881753797,119.35083770751953,1613672,0.0,0.0
2015-05-29 00:00:00-04:00,118.95552336563453,119.20090170464363,117.91946428024926,118.06941986083984,1437326,0.0,0.0
2015-06-01 00:00:00-04:00,118.51242239222113,119.95062978925888,117.86489541317125,119.53485107421875,1578552,0.0,0.0
2015-06-02 00:00:00-04:00,118.96911179697409,120.40731928907036,117.98758587653776,119.77342224121094,1242737,0.0,0.0
2015-06-03 00:00:00-04:00,120.30511183736279,122.8884314018892,119.77345236786348,122.63623809814453,2396247,0.0,0.0
2015-06-04 00:00:00-04:00,121.94095089225213,122.68390056899945,121.85233025535308,122.43852233886719,1681555,0.0,0.0
2015-06-05 00:00:00-04:00,122.36357563610078,124.7560494817892,121.73649347533834,124.21757507324219,2408036,0.0,0.0
2015-06-08 00:00:00-04:00,123.99945090638764,124.05398371564016,122.44536264649433,122.61577606201172,2007566,0.0,0.0
2015-06-09 00:00:00-04:00,122.65665866079536,123.78132518158593,122.00911869773182,122.94293975830078,1230203,0.0,0.0
2015-06-10 00:00:00-04:00,122.92249257439185,125.3490410576288,122.47944096143658,124.27207946777344,2319925,0.0,0.0
2015-06-11 00:00:00-04:00,125.61489340720132,126.22834565748016,124.62655223651034,126.085205078125,2380983,0.0,0.0
2015-06-12 00:00:00-04:00,125.45125142787764,125.97609568035642,124.57196338086034,125.16497039794922,2084880,0.0,0.0
2015-06-15 00:00:00-04:00,124.41523981120199,124.919639296657,123.67910490872353,124.50386047363281,1747328,0.0,0.0
2015-06-16 00:00:00-04:00,124.2376254779088,125.24779381479438,122.74966381592566,124.31270599365234,3013272,0.20145,0.0
2015-06-17 00:00:00-04:00,121.51427846960843,122.0944368085178,119.11170148065426,120.62696075439453,5003960,0.0,0.0
2015-06-18 00:00:00-04:00,120.51091522662517,122.98857262096631,120.51091522662517,121.7599868774414,3706371,0.0,0.0
2015-06-19 00:00:00-04:00,121.05696821852457,121.72586865371807,120.0877456665039,120.0877456665039,3038837,0.0,0.0
2015-06-22 00:00:00-04:00,120.64742838031957,121.25489692840446,120.12868901484325,120.31980895996094,2150157,0.0,0.0
2015-06-23 00:00:00-04:00,120.6065097259249,120.69523892862574,119.21410102437152,119.63046264648438,1901833,0.0,0.0
2015-06-24 00:00:00-04:00,119.44617710683112,119.97856529300661,117.68520278715323,118.36775207519531,2171750,0.0,0.0
2015-06-25 00:00:00-04:00,118.51108757249568,118.77727520028645,117.80124097352036,117.94456481933594,1895503,0.0,0.0
2015-06-26 00:00:00-04:00,118.53836424537262,118.83868639356896,118.1970961268937,118.53153991699219,2083515,0.0,0.0
2015-06-29 00:00:00-04:00,117.13915919135206,118.1629766019826,116.50439317225307,116.72962188720703,2898728,0.0,0.0
2015-06-30 00:00:00-04:00,117.61690997898478,117.9718396343167,116.00609726224606,116.3064193725586,1925784,0.0,0.0
2015-07-01 00:00:00-04:00,117.47359403368168,117.7124843137175,115.78770049111225,115.90373992919922,1752416,0.0,0.0
2015-07-02 00:00:00-04:00,116.16994432585722,116.95487149162282,115.99931023327632,116.8047103881836,1466862,0.0,0.0
2015-07-06 00:00:00-04:00,116.03339705995175,116.86610720868319,114.59321835005221,115.18021392822266,2414117,0.0,0.0
2015-07-07 00:00:00-04:00,115.6034243477757,116.53168820586322,114.50451348720516,116.26548767089844,2177086,0.0,0.0
2015-07-08 00:00:00-04:00,114.88674137783397,116.01977389222482,113.76053319260821,113.97895050048828,1660954,0.0,0.0
2015-07-09 00:00:00-04:00,115.20067913697807,115.89687683568329,114.28606419311515,114.4703598022461,1639733,0.0,0.0
2015-07-10 00:00:00-04:00,116.03345058638712,116.34059717249137,114.58644688131633,114.9823226928711,1849462,0.0,0.0
2015-07-13 00:00:00-04:00,115.82181125333982,116.87976305472218,115.46007016534058,116.69548034667969,1647303,0.0,0.0
2015-07-14 00:00:00-04:00,116.71597387774857,117.323442583229,116.09485651369395,116.8797836303711,1498383,0.0,0.0
2015-07-15 00:00:00-04:00,116.87975388077479,117.38484459352107,115.37133191981158,115.4395751953125,1724494,0.0,0.0
2015-07-16 00:00:00-04:00,116.21088942215442,116.38152349446253,115.65119105317777,115.6853256225586,1294735,0.0,0.0
2015-07-17 00:00:00-04:00,115.68532130076946,116.58628778070388,115.56928186402114,116.19039916992188,1729954,0.0,0.0
2015-07-20 00:00:00-04:00,116.44295834596387,116.44295834596387,115.69215289884225,116.1767578125,1261601,0.0,0.0
2015-07-21 00:00:00-04:00,116.3064243560238,117.37802477059205,115.99927790503115,116.4156265258789,1158598,0.0,0.0
2015-07-22 00:00:00-04:00,116.51804065386112,116.71597204981927,114.38847512852189,115.00960540771484,1627820,0.0,0.0
2015-07-23 00:00:00-04:00,115.24845618380157,115.27575349116194,113.69223824217018,113.89018249511719,1336061,0.0,0.0
2015-07-24 00:00:00-04:00,113.95846079635123,114.37480943867584,111.43301993029174,112.01319122314453,1960408,0.0,0.0
2015-07-27 00:00:00-04:00,111.0849101587063,112.70254710327428,110.83235835659488,112.44318389892578,2701781,0.0,0.0
2015-07-28 00:00:00-04:00,113.60351766426993,115.79450156670367,113.4328836306336,115.64434051513672,2301062,0.0,0.0
2015-07-29 00:00:00-04:00,115.55564202508909,117.80805839681315,115.44642690865443,117.32344055175781,1565894,0.0,0.0
2015-07-30 00:00:00-04:00,116.38152905919146,117.21423939870368,116.14263876156463,116.9002685546875,1151648,0.0,0.0
2015-07-31 00:00:00-04:00,115.35766960623187,117.71246326678457,114.26559625708322,117.00261688232422,1488828,0.0,0.0
2015-08-03 00:00:00-04:00,117.02991912430433,117.37120013833496,115.73307712071441,116.58627319335938,984113,0.0,0.0
2015-08-04 00:00:00-04:00,116.69546996163113,117.30976283359023,115.9310160354215,116.0948257446289,1132661,0.0,0.0
2015-08-05 00:00:00-04:00,116.56577409210517,118.08103318820379,116.56577409210517,116.91387939453125,1053237,0.0,0.0
2015-08-06 00:00:00-04:00,117.49402136310947,117.52814298973108,115.68526495555825,115.76034545898438,1241993,0.0,0.0
2015-08-07 00:00:00-04:00,115.42595385593616,115.60342518882575,113.32369857684806,113.97895050048828,1750555,0.0,0.0
2015-08-10 00:00:00-04:00,114.92766553206285,116.02656314353708,114.84576068197802,115.62386322021484,1314715,0.0,0.0
2015-08-11 00:00:00-04:00,114.82528721503138,116.77055669621977,114.46353321513116,114.96179962158203,1909775,0.0,0.0
2015-08-12 00:00:00-04:00,114.53177906953692,114.53177906953692,112.06778334587929,112.83223724365234,2862367,0.0,0.0
2015-08-13 00:00:00-04:00,113.05068446400205,113.35783096999387,111.6378027815203,111.66510009765625,2387808,0.0,0.0
2015-08-14 00:00:00-04:00,112.19063706238364,112.89367203331828,111.59683010445353,112.49095916748047,3392522,0.0,0.0
2015-08-17 00:00:00-04:00,112.067816313606,112.75718988984423,111.00304000527113,112.60020446777344,1876516,0.0,0.0
2015-08-18 00:00:00-04:00,112.62065329274442,114.19734442927178,112.45684357658683,113.07113647460938,1828365,0.0,0.0
2015-08-19 00:00:00-04:00,112.5319555480874,112.93465562322694,111.51496240329313,112.58656311035156,1860631,0.0,0.0
2015-08-20 00:00:00-04:00,111.72651756757098,111.9381105149192,109.29664314930304,109.51506042480469,2435463,0.0,0.0
2015-08-21 00:00:00-04:00,108.52536629393647,109.34442785698084,106.36168588127673,106.4981918334961,3105727,0.0,0.0
2015-08-24 00:00:00-04:00,100.00034366720678,103.63150731945899,88.82017917477418,101.26988220214844,4980754,0.0,0.0
2015-08-25 00:00:00-04:00,104.26625092881214,104.4641952144088,98.96966768696137,99.0106201171875,3620618,0.0,0.0
2015-08-26 00:00:00-04:00,101.01732370606742,101.93876962121064,98.79904210603776,101.31082153320312,3727344,0.0,0.0
2015-08-27 00:00:00-04:00,102.93530582769364,104.79866447472457,102.21862843076892,104.45738983154297,2435959,0.0,0.0
2015-08-28 00:00:00-04:00,104.23212880574678,104.94198174110603,103.57688342210942,104.08879852294922,1616527,0.0,0.0
2015-08-31 00:00:00-04:00,103.71338976389997,103.74751786611901,102.51892557352839,102.79877471923828,2017494,0.0,0.0
2015-09-01 00:00:00-04:00,101.00367554454941,103.0581474197151,100.68288040163719,101.03780364990234,3523199,0.0,0.0
2015-09-02 00:00:00-04:00,102.3824227705565,102.98306058573075,101.07192557737633,102.94210815429688,2165917,0.0,0.0
2015-09-03 00:00:00-04:00,103.7543639050102,104.62120237292663,102.83291787714374,103.20832061767578,2210593,0.0,0.0
2015-09-04 00:00:00-04:00,102.03432197783717,102.3141711446683,100.55319066444368,101.43367767333984,1836928,0.0,0.0
2015-09-08 00:00:00-04:00,103.24548706621128,104.96840705778723,102.86945178511536,104.8043212890625,2119628,0.20145,0.0
2015-09-09 00:00:00-04:00,105.75466964144009,105.97345499521013,103.42325075739026,103.62152862548828,2347848,0.0,0.0
2015-09-10 00:00:00-04:00,103.34804912003068,103.79929150836543,102.03534987516856,102.26097106933594,2932359,0.0,0.0
2015-09-11 00:00:00-04:00,101.87122932563906,103.46424890027237,100.9003800560841,103.29332733154297,2954325,0.0,0.0
2015-09-14 00:00:00-04:00,103.06087417135168,103.1907743094407,102.01481134608473,102.71218872070312,3220643,0.0,0.0
2015-09-15 00:00:00-04:00,103.20446553100196,106.40417685818257,102.9856801906848,105.28974914550781,4017489,0.0,0.0
2015-09-16 00:00:00-04:00,103.51894043785572,104.04538970390917,100.27136615055164,102.30195617675781,7700901,0.0,0.0
2015-09-17 00:00:00-04:00,102.06953993569996,103.83348164567327,101.42686194312816,102.2062759399414,3572839,0.0,0.0
2015-09-18 00:00:00-04:00,101.05080866326234,101.34480105383882,99.05440380119308,99.34156036376953,4472192,0.0,0.0
2015-09-21 00:00:00-04:00,99.67655124760375,100.37392858145894,98.86295191031374,99.82696533203125,3033749,0.0,0.0
2015-09-22 00:00:00-04:00,98.57583044123663,98.80829395071524,97.393031299235,98.43225860595703,3010170,0.0,0.0
2015-09-23 00:00:00-04:00,98.56896886145681,99.01337532976798,97.78271923084044,98.21344757080078,2049884,0.0,0.0
2015-09-24 00:00:00-04:00,97.24258354523043,97.68015414907414,96.47000563488753,97.38616180419922,2602873,0.0,0.0
2015-09-25 00:00:00-04:00,98.12457963586847,99.66290650316847,97.67334373407172,98.76042175292969,2148667,0.0,0.0
2015-09-28 00:00:00-04:00,97.76907810945917,98.20664891588238,96.11452239849184,96.22391510009766,2190613,0.0,0.0
2015-09-29 00:00:00-04:00,96.22388490475909,97.22892639413269,95.72478531071175,97.03749084472656,1792252,0.0,0.0
2015-09-30 00:00:00-04:00,98.13141522691296,98.86297184261214,97.71435849721719,98.43907928466797,2123475,0.0,0.0
2015-10-01 00:00:00-04:00,98.37070058536285,99.42359930867987,98.19977899884402,98.93817138671875,2034247,0.0,0.0
2015-10-02 00:00:00-04:00,97.32462603486748,99.53298005294901,96.893897732965,99.49195861816406,1623476,0.0,0.0
2015-10-05 00:00:00-04:00,99.86114668979889,102.84207847068441,99.86114668979889,102.50022888183594,2143331,0.0,0.0
2015-10-06 00:00:00-04:00,103.27284254644776,103.86082740919157,102.39770755460349,103.58734893798828,2727718,0.0,0.0
2015-10-07 00:00:00-04:00,103.9702202215759,105.69998272056885,103.7104134079468,104.5855484008789,2970954,0.0,0.0
2015-10-08 00:00:00-04:00,104.33941067933162,106.6503155393205,104.15481094686842,106.3494873046875,2157603,0.0,0.0
2015-10-09 00:00:00-04:00,106.47255224091083,107.47758732264494,106.13070256082159,106.1990737915039,2238144,0.0,0.0
2015-10-12 00:00:00-04:00,106.08283856379875,106.20590288723214,105.01626167407689,105.57689666748047,1545417,0.0,0.0
2015-10-13 00:00:00-04:00,104.982088320819,105.02994559257178,103.48478297988811,103.56682586669922,1808013,0.0,0.0
2015-10-14 00:00:00-04:00,103.48477499002315,103.99755270298547,102.49341164983926,103.05404663085938,1404564,0.0,0.0
2015-10-15 00:00:00-04:00,103.7445800260132,104.17530837797605,102.38401727310804,103.99755096435547,1247081,0.0,0.0
2015-10-16 00:00:00-04:00,104.61972589646952,105.30342525890768,103.36855567480835,104.25052642822266,1251797,0.0,0.0
2015-10-19 00:00:00-04:00,103.64888174876603,104.47615949559115,103.58051698340022,104.18216705322266,775129,0.0,0.0
2015-10-20 00:00:00-04:00,103.93602213478273,105.3649562016592,103.58050081175892,105.28974914550781,1721143,0.0,0.0
2015-10-21 00:00:00-04:00,105.72732955248392,107.71689893127144,105.67263644568554,106.64348602294922,1975796,0.0,0.0
2015-10-22 00:00:00-04:00,106.97165259029457,109.39195015420864,106.68450248214008,109.20050811767578,2525063,0.0,0.0
2015-10-23 00:00:00-04:00,110.07562958381757,110.55421516850853,108.39373126354485,109.06375885009766,2808631,0.0,0.0
2015-10-26 00:00:00-04:00,109.43979461333122,109.67225157959764,107.8262610306355,107.93565368652344,2092698,0.0,0.0
2015-10-27 00:00:00-04:00,106.31529150831054,107.95616851160227,105.78884214811792,106.63662719726562,2449982,0.0,0.0
2015-10-28 00:00:00-04:00,107.11522063218378,107.42288466957301,105.20085870992413,106.15804290771484,2034123,0.0,0.0
2015-10-29 00:00:00-04:00,105.973470722638,107.19729136234896,105.80254261672457,106.92381286621094,1421317,0.0,0.0
2015-10-30 00:00:00-04:00,106.95115202601117,107.04003074825681,105.65895379906635,106.69134521484375,3202649,0.0,0.0
2015-11-02 00:00:00-05:00,106.85542469479216,108.81080178204684,106.85542469479216,108.674072265625,2006945,0.0,0.0
2015-11-03 00:00:00-05:00,108.25700560085599,109.34408354899664,108.16128458509273,108.79029083251953,1678825,0.0,0.0
2015-11-04 00:00:00-05:00,109.33040057576976,109.3919359704854,108.42108015009168,108.70823669433594,1602131,0.0,0.0
2015-11-05 00:00:00-05:00,109.20048759983129,110.0140934455979,108.48944505483269,109.57652282714844,2059688,0.0,0.0
2015-11-06 00:00:00-05:00,108.76978675588343,111.10120561538768,108.76978675588343,111.01914978027344,2277731,0.0,0.0
2015-11-09 00:00:00-05:00,110.41749501334905,110.96445186304673,108.9338614500675,109.76797485351562,2556088,0.0,0.0
2015-11-10 00:00:00-05:00,109.87052592765998,111.07383877276415,109.20734705460077,110.41749572753906,2020224,0.0,0.0
2015-11-11 00:00:00-05:00,109.39878226130185,110.90292340202019,108.70824709154377,110.09615325927734,2334445,0.0,0.0
2015-11-12 00:00:00-05:00,109.5491942990713,109.80215877825425,108.36639536688882,108.56466674804688,1915856,0.0,0.0
2015-11-13 00:00:00-05:00,108.15442453255413,109.39192279209894,107.60746776685478,108.0997314453125,2181802,0.0,0.0
2015-11-16 00:00:00-05:00,108.01771902146263,110.5337312101048,108.01771902146263,110.26024627685547,2277731,0.0,0.0
2015-11-17 00:00:00-05:00,108.01772503915171,111.58663629432534,108.01772503915171,110.3559799194336,1401958,0.0,0.0
2015-11-18 00:00:00-05:00,109.80214880726342,111.5182392742934,109.80214880726342,111.31312561035156,1758125,0.0,0.0
2015-11-19 00:00:00-05:00,111.44302685137538,112.34551139322734,110.8823983996078,111.68231964111328,1323775,0.0,0.0
2015-11-20 00:00:00-05:00,112.1814657964225,112.76945071381171,111.74389502317254,112.22248077392578,1554725,0.0,0.0
2015-11-23 00:00:00-05:00,112.22245159310513,112.64635059696232,111.37466653203431,111.74386596679688,1089598,0.0,0.0
2015-11-24 00:00:00-05:00,110.77984620062571,112.00366652714767,110.52688173126307,111.57294464111328,1346733,0.0,0.0
2015-11-25 00:00:00-05:00,111.57296566973723,111.77807938300114,110.60210962959663,111.03284454345703,1307145,0.0,0.0
2015-11-27 00:00:00-05:00,111.71652077827312,112.31817718827313,111.2242505579807,112.18827056884766,697070,0.0,0.0
2015-11-30 00:00:00-05:00,111.85326491530896,112.45492140403873,108.31854599066659,108.39375305175781,3630918,0.0,0.0
2015-12-01 00:00:00-05:00,108.98856521182462,109.85002195957266,107.7100452729863,109.6996078491211,2986963,0.0,0.0
2015-12-02 00:00:00-05:00,109.02956729876045,109.41927418495293,107.71686837474753,107.93565368652344,2000244,0.0,0.0
2015-12-03 00:00:00-05:00,108.02454968810181,108.27752064994003,104.80432430753942,105.03678131103516,3212080,0.0,0.0
2015-12-04 00:00:00-05:00,105.67945643834156,106.4725484446699,104.83167133341087,106.29478454589844,2793243,0.0,0.0
2015-12-07 00:00:00-05:00,105.19402821187359,105.52220622259969,103.58050089077832,104.31205749511719,2290514,0.0,0.0
2015-12-08 00:00:00-05:00,103.63519003262711,103.99755364355207,101.16703540157424,101.45418548583984,2674355,0.0,0.0
2015-12-09 00:00:00-05:00,100.81836092142873,102.46607397345537,100.10731175107071,100.53804016113281,2543926,0.0,0.0
2015-12-10 00:00:00-05:00,100.53804807048412,102.52415165433271,100.52434664546267,101.69546508789062,2033875,0.20145,0.0
2015-12-11 00:00:00-05:00,100.25725776228143,101.0037617744356,98.74370732535273,98.79850006103516,3345736,0.0,0.0
2015-12-14 00:00:00-05:00,97.9355366854683,98.47657748354936,96.49047441149777,98.40809631347656,3834442,0.0,0.0
2015-12-15 00:00:00-05:00,98.7505399728463,101.0105874499239,98.66150341766092,99.09297180175781,3639977,0.0,0.0
2015-12-16 00:00:00-05:00,99.9148068553573,102.47620141046555,99.81892931267042,101.92830657958984,3763705,0.0,0.0
2015-12-17 00:00:00-05:00,107.42092752190821,107.87293836831806,103.77745086976591,103.98976135253906,7278465,0.0,0.0
2015-12-18 00:00:00-05:00,102.96245943566821,103.13367211796458,100.47639993270148,100.77774047851562,6380602,0.0,0.0
2015-12-21 00:00:00-05:00,101.05166818221721,101.7296842997344,99.12035131289883,99.81891632080078,2562665,0.0,0.0
2015-12-22 00:00:00-05:00,100.29834831754883,101.90093531682191,100.00386168177342,101.64068603515625,2733303,0.0,0.0
2015-12-23 00:00:00-05:00,101.92832483661327,103.57885061010128,101.7365632325457,103.22271728515625,2227471,0.0,0.0
2015-12-24 00:00:00-05:00,102.88023866571838,103.34595076497466,101.8460959675425,102.4898681640625,1425413,0.0,0.0
2015-12-28 00:00:00-05:00,102.04475165712496,102.44882376344106,100.68872548222102,101.64068603515625,2240253,0.0,0.0
2015-12-29 00:00:00-05:00,102.25021301270743,102.55155359871533,101.46261770979162,102.20912170410156,1310000,0.0,0.0
2015-12-30 00:00:00-05:00,101.94199389693013,102.82546648930624,101.36670926737487,102.16799926757812,1511166,0.0,0.0
2015-12-31 00:00:00-05:00,101.54478545782929,102.96930556206492,101.43520648947684,102.03788757324219,1813722,0.0,0.0
2016-01-04 00:00:00-05:00,100.270914174568,100.6749796181818,97.79855681656649,98.23001861572266,4134392,0.0,0.0
2016-01-05 00:00:00-05:00,98.31905565709218,99.12034561784304,97.51776569634131,99.06555938720703,2107839,0.0,0.0
2016-01-06 00:00:00-05:00,97.64104655642011,98.07251490143646,96.07271034861458,96.40829467773438,2396992,0.0,0.0
2016-01-07 00:00:00-05:00,94.51126270002814,95.02490737801483,91.97041622840935,92.17587280273438,4183659,0.0,0.0
2016-01-08 00:00:00-05:00,92.86757766153667,93.98390344718308,92.04573851050361,92.25804901123047,2961895,0.0,0.0
2016-01-11 00:00:00-05:00,92.36077583499784,92.49090372001724,89.87472240559545,91.0663833618164,3090214,0.0,0.0
2016-01-12 00:00:00-05:00,91.73070297915812,92.63471826407768,90.76504100404217,92.25804901123047,1841768,0.0,0.0
2016-01-13 00:00:00-05:00,92.66892376280096,93.36748869746837,88.76519913698965,89.23091125488281,2815705,0.0,0.0
2016-01-14 00:00:00-05:00,89.53912687676146,90.97734199861766,87.93654653561197,90.19659423828125,2661200,0.0,0.0
2016-01-15 00:00:00-05:00,87.70366897048929,88.29950249335624,85.49840797023002,86.92292785644531,5260971,0.0,0.0
2016-01-19 00:00:00-05:00,88.49127512679887,88.86110332418848,85.79975921796762,87.11470031738281,3668644,0.0,0.0
2016-01-20 00:00:00-05:00,85.26558645565002,85.92990787786506,81.98509010901446,84.36156463623047,4671745,0.0,0.0
2016-01-21 00:00:00-05:00,84.41635046918907,85.66965157513494,83.55342003175252,84.62865447998047,3274999,0.0,0.0
2016-01-22 00:00:00-05:00,86.4298403129086,87.72423257432106,86.06001209983464,87.36125183105469,2969961,0.0,0.0
2016-01-25 00:00:00-05:00,86.97772641252836,87.6968339261738,86.09425369039697,86.32025909423828,3397362,0.0,0.0
2016-01-26 00:00:00-05:00,86.54627109559942,87.4913840851332,86.15590045351374,87.16949462890625,2301310,0.0,0.0
2016-01-27 00:00:00-05:00,89.13504084853301,90.19658010623066,87.46397309971958,87.83380126953125,2883339,0.0,0.0
2016-01-28 00:00:00-05:00,88.16256406373599,88.89536666547586,87.28593214883905,87.81327819824219,1956809,0.0,0.0
2016-01-29 00:00:00-05:00,88.21049023557522,91.11431034335513,88.21049023557522,91.0047378540039,3671002,0.0,0.0
2016-02-01 00:00:00-05:00,90.13494112131178,90.92937716645487,89.03915809841938,90.61434173583984,2304661,0.0,0.0
2016-02-02 00:00:00-05:00,90.10754946895594,90.57325517059729,88.97752255966829,89.13504028320312,2696693,0.0,0.0
2016-02-03 00:00:00-05:00,89.64185749648401,90.08701437506866,87.2722243585385,89.7034912109375,2424418,0.0,0.0
2016-02-04 00:00:00-05:00,89.50485587015838,93.20311757196662,89.50485587015838,91.91557312011719,3154622,0.0,0.0
2016-02-05 00:00:00-05:00,91.25812485155733,92.14160403082768,90.1486467597517,90.34040832519531,1993294,0.0,0.0
2016-02-08 00:00:00-05:00,89.22410920038125,89.71035748530718,87.69685720939172,89.25834655761719,2174728,0.0,0.0
2016-02-09 00:00:00-05:00,88.5186748482192,89.82676204340888,87.70368328913226,88.87480163574219,2402824,0.0,0.0
2016-02-10 00:00:00-05:00,89.47746131880035,90.24450743724486,87.2242617247834,87.41602325439453,2641717,0.0,0.0
2016-02-11 00:00:00-05:00,85.97780813878968,86.97085960724863,84.08758272405736,85.21076202392578,3306148,0.0,0.0
2016-02-12 00:00:00-05:00,85.98466690099029,88.15568418368063,85.87508794385299,88.07350158691406,2142587,0.0,0.0
2016-02-16 00:00:00-05:00,89.33362789952179,90.90881772612816,88.43646054037181,90.47735595703125,2167903,0.0,0.0
2016-02-17 00:00:00-05:00,91.47041075872012,92.23060934703709,90.76499839539113,91.14852142333984,2566636,0.0,0.0
2016-02-18 00:00:00-05:00,90.99102944149753,91.49782648212498,89.01177356559444,89.94319152832031,2638118,0.0,0.0
2016-02-19 00:00:00-05:00,89.23777097422388,89.5322640117757,87.71052603524852,88.8679428100586,3337297,0.0,0.0
2016-02-22 00:00:00-05:00,88.86795279567846,93.463389551119,88.86795279567846,92.72373962402344,3306893,0.0,0.0
2016-02-23 00:00:00-05:00,92.05942196243294,92.36076251457915,90.66915212807335,91.64165496826172,2926030,0.0,0.0
2016-02-24 00:00:00-05:00,90.75819447687327,91.79233765503798,90.0116904655176,91.42251586914062,1627944,0.0,0.0
2016-02-25 00:00:00-05:00,92.05257328891336,93.18260034468669,91.18279547789508,93.1278076171875,1689497,0.0,0.0
2016-02-26 00:00:00-05:00,93.59354477667485,95.48377117596306,93.55245346228581,94.0866470336914,2488826,0.0,0.0
2016-02-29 00:00:00-05:00,94.018138226595,95.55907838087393,93.60037122053656,93.74419403076172,2521836,0.0,0.0
2016-03-01 00:00:00-05:00,94.62081140242393,97.18905342302092,94.03182527071203,96.8260726928711,2500243,0.0,0.0
2016-03-02 00:00:00-05:00,96.50417476456919,97.97663347981207,96.46308346648132,97.43559265136719,2231939,0.0,0.0
2016-03-03 00:00:00-05:00,97.1068710599268,98.75054917942002,96.94250584171614,98.52454376220703,2260233,0.0,0.0
2016-03-04 00:00:00-05:00,98.271131270602,100.1818994192725,98.271131270602,98.55877685546875,2259861,0.0,0.0
2016-03-07 00:00:00-05:00,98.10676838223364,99.53128194852275,97.42875218850935,99.36006927490234,1921813,0.0,0.0
2016-03-08 00:00:00-05:00,98.62043240926093,99.18886975127752,97.51780156359956,97.61368560791016,1589721,0.0,0.0
2016-03-09 00:00:00-05:00,97.18219915732645,97.61366755038587,95.80562434368998,97.23699188232422,1841396,0.0,0.0
2016-03-10 00:00:00-05:00,97.44965266045065,98.27980068554575,95.7619119287629,97.1546401977539,1449488,0.20145,0.0
2016-03-11 00:00:00-05:00,98.34843317860437,99.19230705432635,97.8201634944122,99.08253479003906,1421938,0.0,0.0
2016-03-14 00:00:00-04:00,98.86298919899554,99.47359294667956,98.27983014103455,98.68460845947266,2056709,0.0,0.0
2016-03-15 00:00:00-04:00,98.10144341363372,98.32784747451433,97.2164123100932,98.15632629394531,2196074,0.0,0.0
2016-03-16 00:00:00-04:00,97.76527392956865,99.30893867944637,96.86651717129428,98.97962188720703,3193341,0.0,0.0
2016-03-17 00:00:00-04:00,106.49897348589457,110.9378549152517,105.70998899001377,110.69087219238281,11034600,0.0,0.0
2016-03-18 00:00:00-04:00,110.21748378318794,112.4334946912335,110.0185179031441,112.31685638427734,5631782,0.0,0.0
2016-03-21 00:00:00-04:00,112.2207984459991,113.0921169117427,111.76113079592842,112.88629150390625,2674107,0.0,0.0
2016-03-22 00:00:00-04:00,112.20708415009852,112.44720730706176,111.36321683091079,112.1178970336914,2044796,0.0,0.0
2016-03-23 00:00:00-04:00,112.11787709971941,112.33056202661028,111.3974947653416,111.57588195800781,1548148,0.0,0.0
2016-03-24 00:00:00-04:00,110.6634275967,111.6925287115756,110.14201099531472,111.5896224975586,1365100,0.0,0.0
2016-03-28 00:00:00-04:00,111.53471145886581,111.75425593215576,110.03907041838814,111.27400970458984,1895379,0.0,0.0
2016-03-29 00:00:00-04:00,111.16422731954486,111.8914691753951,110.2311730823952,111.82286071777344,1872421,0.0,0.0
2016-03-30 00:00:00-04:00,111.82973992814867,112.15219064157324,110.78004723099805,110.8486557006836,1736904,0.0,0.0
2016-03-31 00:00:00-04:00,110.83495466291646,111.78860085450786,110.2174913267138,111.63766479492188,2462516,0.0,0.0
2016-04-01 00:00:00-04:00,111.35634387014946,112.50894267968525,110.5261957470808,112.28939819335938,1867581,0.0,0.0
2016-04-04 00:00:00-04:00,112.43346755203409,113.55176855459564,111.95322132634966,112.37857818603516,2039708,0.0,0.0
2016-04-05 00:00:00-04:00,111.25342167503972,111.83658710708613,110.90353280906498,111.10248565673828,1424048,0.0,0.0
2016-04-06 00:00:00-04:00,111.14366754529014,111.92578590674229,110.27236207126086,111.67194366455078,1394636,0.0,0.0
2016-04-07 00:00:00-04:00,110.57423596121156,111.52100946787695,110.32038072326982,110.64970397949219,1690863,0.0,0.0
2016-04-08 00:00:00-04:00,111.20542124229014,113.53807032284556,111.08878294205662,112.1178970336914,1982498,0.0,0.0
2016-04-11 00:00:00-04:00,112.14532460817223,113.27048525774985,111.85031210305591,111.86404418945312,1802925,0.0,0.0
2016-04-12 00:00:00-04:00,112.21394714417504,113.73702669263804,111.8571856760224,113.27735900878906,2069616,0.0,0.0
2016-04-13 00:00:00-04:00,113.69585172608429,114.88274826668702,113.68211964010023,114.7249526977539,1989323,0.0,0.0
2016-04-14 00:00:00-04:00,114.67693751837136,114.95135838536983,113.6409639930108,113.68212127685547,1290020,0.0,0.0
2016-04-15 00:00:00-04:00,113.68212663114912,114.17610500151913,113.07838250712325,113.81934356689453,1071852,0.0,0.0
2016-04-18 00:00:00-04:00,113.4282665052113,114.83472038743713,113.07150512685196,114.66319274902344,1034746,0.0,0.0
2016-04-19 00:00:00-04:00,115.12285649448619,116.15197032453453,114.33387875193011,115.44532012939453,1310496,0.0,0.0
2016-04-20 00:00:00-04:00,115.52082527493782,115.91188449879618,114.81416186101299,114.84847259521484,1011539,0.0,0.0
2016-04-21 00:00:00-04:00,114.38193986356961,114.99254358571784,113.31166846276079,113.59294891357422,1462394,0.0,0.0
2016-04-22 00:00:00-04:00,114.08005997803,114.52600852980986,113.24305224786858,114.10749816894531,1686643,0.0,0.0
2016-04-25 00:00:00-04:00,113.6546832938674,114.73181410502724,112.5363822072213,113.58607482910156,1282077,0.0,0.0
2016-04-26 00:00:00-04:00,113.76449609752686,114.9857037511927,113.48320260691864,114.64952087402344,1283442,0.0,0.0
2016-04-27 00:00:00-04:00,114.62207446222335,115.39733340161027,114.03890887467767,114.95824432373047,1051872,0.0,0.0
2016-04-28 00:00:00-04:00,114.49856859368737,115.36988713964386,113.51748428172043,113.65470123291016,1388555,0.0,0.0
2016-04-29 00:00:00-04:00,113.0989847704971,113.6066692922723,112.3374449962656,113.27735900878906,1525065,0.0,0.0
2016-05-02 00:00:00-04:00,113.61353466469379,115.3835968141031,113.54492619470156,114.97880554199219,1728837,0.0,0.0
2016-05-03 00:00:00-04:00,113.72330099051875,114.03889215912065,111.94637928437987,113.05780792236328,1593692,0.0,0.0
2016-05-04 00:00:00-04:00,113.62043174430936,114.64267360088749,112.87947041688892,113.3734359741211,1757877,0.0,0.0
2016-05-05 00:00:00-04:00,113.4900448849611,113.88796364593767,109.81956293317718,110.02537536621094,3207489,0.0,0.0
2016-05-06 00:00:00-04:00,110.08024597970578,110.82806653587339,108.18668617422477,110.47816467285156,2182174,0.0,0.0
2016-05-09 00:00:00-04:00,110.73203240950693,111.76113349036423,110.55364518845418,111.34263610839844,1311489,0.0,0.0
2016-05-10 00:00:00-04:00,111.43181782856567,112.47465094637894,111.07505639529957,112.00125122070312,1801684,0.0,0.0
2016-05-11 00:00:00-04:00,111.82974035902635,112.48151432776635,110.36155028186162,110.65656280517578,1597291,0.0,0.0
2016-05-12 00:00:00-04:00,111.41808561812665,111.45924289890837,108.55030137749608,109.33927917480469,2028166,0.0,0.0
2016-05-13 00:00:00-04:00,108.7973074810807,109.35303482391205,107.65842759388637,108.23473358154297,1640850,0.0,0.0
2016-05-16 00:00:00-04:00,108.09749668057925,109.22951681055349,107.65154817559853,108.80415344238281,1341397,0.0,0.0
2016-05-17 00:00:00-04:00,108.79044464841265,110.23805613055701,108.29647274232316,108.87277221679688,1778974,0.0,0.0
2016-05-18 00:00:00-04:00,108.39939682894993,110.20376995786935,108.39939682894993,109.42163848876953,1603744,0.0,0.0
2016-05-19 00:00:00-04:00,108.71495544373288,109.92244353349957,108.28959209277858,109.16090393066406,1367086,0.0,0.0
2016-05-20 00:00:00-04:00,110.00479393202995,111.45926498089165,109.44907959041896,110.88983154296875,1700046,0.0,0.0
2016-05-23 00:00:00-04:00,110.90353548552979,111.67879423690589,110.52619543066973,111.17109680175781,1476914,0.0,0.0
2016-05-24 00:00:00-04:00,111.80914488878783,113.18814764495495,111.13679237771896,112.77649688720703,1496522,0.0,0.0
2016-05-25 00:00:00-04:00,113.20190671586155,113.86739991514372,112.53641351657939,112.6667709350586,1258250,0.0,0.0
2016-05-26 00:00:00-04:00,112.659901390905,112.8451351867773,111.70625524235639,112.10418701171875,1296969,0.0,0.0
2016-05-27 00:00:00-04:00,112.26882345439631,112.88628665984199,111.95323230419672,112.8382568359375,1141224,0.0,0.0
2016-05-31 00:00:00-04:00,113.49689609791245,114.5740269885595,112.84512213032265,113.18130493164062,1661327,0.0,0.0
2016-06-01 00:00:00-04:00,112.44717807140297,113.07150071550053,111.39748560848899,112.99603271484375,1152765,0.0,0.0
2016-06-02 00:00:00-04:00,112.9548857471767,113.27047687117178,112.30997141380608,113.06465148925781,849092,0.0,0.0
2016-06-03 00:00:00-04:00,111.39065581069585,112.5569868550036,110.45760136850434,112.39231872558594,1774258,0.0,0.0
2016-06-06 00:00:00-04:00,111.95327107037478,112.50212599953828,110.91043761086397,112.01500701904297,1828986,0.0,0.0
2016-06-07 00:00:00-04:00,112.91374604885164,113.42144359842018,112.38546985298926,113.08527374267578,1864975,0.0,0.0
2016-06-08 00:00:00-04:00,113.03032684326172,113.81930446540123,112.85195268301185,113.03032684326172,1159218,0.0,0.0
2016-06-09 00:00:00-04:00,112.26881975971261,112.8108149335101,111.74740322766816,112.59127044677734,1295480,0.0,0.0
2016-06-10 00:00:00-04:00,111.66507586305963,112.02869682582886,109.99106051643538,110.36840057373047,1984855,0.0,0.0
2016-06-13 00:00:00-04:00,109.99106030899581,111.12308047874612,109.97734121449582,110.0665283203125,1796472,0.0,0.0
2016-06-14 00:00:00-04:00,110.1834657146633,111.04319569065748,108.99358932123147,109.87396240234375,1612804,0.322321,0.0
2016-06-15 00:00:00-04:00,110.06652658298177,110.96065297600458,109.70888644500462,109.81204986572266,1492303,0.0,0.0
2016-06-16 00:00:00-04:00,109.32373620517187,111.62094262944787,108.33331648469427,111.33206939697266,2353308,0.0,0.0
2016-06-17 00:00:00-04:00,111.35959811946982,111.93046800321,110.91941149027994,111.59344482421875,2788527,0.0,0.0
2016-06-20 00:00:00-04:00,112.98963009864035,114.5165164638636,112.27432376824021,113.12030029296875,2504586,0.0,0.0
2016-06-21 00:00:00-04:00,113.17533152249845,113.33352152007286,112.2536983108769,112.76266479492188,2399225,0.0,0.0
2016-06-22 00:00:00-04:00,111.46964595345356,111.74475281549685,107.5698892932032,107.64554595947266,6005323,0.0,0.0
2016-06-23 00:00:00-04:00,108.32642891498516,109.12426205902969,107.81058576936174,108.59466552734375,2816698,0.0,0.0
2016-06-24 00:00:00-04:00,104.50922805675772,105.96733464508776,102.82414498173104,103.5600814819336,7264194,0.0,0.0
2016-06-27 00:00:00-04:00,102.5490094389837,102.7622259794729,99.7290836130049,100.50628662109375,3640349,0.0,0.0
2016-06-28 00:00:00-04:00,102.15011744421025,102.64532406570986,100.54757424630327,101.86124420166016,2403569,0.0,0.0
2016-06-29 00:00:00-04:00,102.98235461428045,103.56009466554355,102.37710127142721,103.34687805175781,2720396,0.0,0.0
2016-06-30 00:00:00-04:00,103.34686365225097,104.40605685466483,102.48713364604704,104.39230346679688,2129804,0.0,0.0
2016-07-01 00:00:00-04:00,106.24242343335092,107.253473044676,105.27952369305514,105.80912017822266,2542561,0.0,0.0
2016-07-05 00:00:00-04:00,104.86687109312876,105.27266765817717,103.4087645556982,104.66053771972656,2379369,0.0,0.0
2016-07-06 00:00:00-04:00,104.2616004415418,104.61237037377335,103.16802397705638,104.16531372070312,2328737,0.0,0.0
2016-07-07 00:00:00-04:00,104.50235122170446,105.56842119586776,104.07592453444339,104.95629119873047,1875151,0.0,0.0
2016-07-08 00:00:00-04:00,105.9191738788996,107.90000005546105,105.88478390244349,107.44606018066406,2164056,0.0,0.0
2016-07-11 00:00:00-04:00,108.0582275390625,109.09678434998105,107.58365090889306,108.0582275390625,2352564,0.0,0.0
2016-07-12 00:00:00-04:00,108.53276326028315,110.14905964227276,108.26452664546724,110.01151275634766,2132410,0.0,0.0
2016-07-13 00:00:00-04:00,110.13532987618923,110.90564990835185,109.60573322607208,110.33479309082031,1797340,0.0,0.0
2016-07-14 00:00:00-04:00,111.27706403459631,112.54947402435141,111.03634063632775,111.0776138305664,1931368,0.0,0.0
2016-07-15 00:00:00-04:00,111.53840358699709,111.57966374722095,110.32102047574541,110.45169067382812,1560061,0.0,0.0
2016-07-18 00:00:00-04:00,110.5686264038086,110.85062294320062,109.79142977108737,110.5686264038086,1080042,0.0,0.0
2016-07-19 00:00:00-04:00,110.01151545428169,110.55486539033292,109.53693245085951,109.8258056640625,959541,0.0,0.0
2016-07-20 00:00:00-04:00,110.10780856310384,110.74056857227205,109.40626859328158,110.09405517578125,848099,0.0,0.0
2016-07-21 00:00:00-04:00,109.7089046633312,110.40356799934607,108.69097157717619,108.95233154296875,1080539,0.0,0.0
2016-07-22 00:00:00-04:00,108.70472074688495,110.60988395615617,108.70472074688495,110.57550048828125,1530401,0.0,0.0
2016-07-25 00:00:00-04:00,110.24537475085486,110.60301493773537,109.64012148192874,110.2041015625,1668152,0.0,0.0
2016-07-26 00:00:00-04:00,110.3760606968146,111.29769411969383,110.15596738364356,111.0776138305664,1422931,0.0,0.0
2016-07-27 00:00:00-04:00,110.97440240014872,111.41458888783244,110.0458925747168,110.6717758178711,1266192,0.0,0.0
2016-07-28 00:00:00-04:00,110.18345250016165,111.26327561692877,109.6401025953443,111.04318237304688,1082400,0.0,0.0
2016-07-29 00:00:00-04:00,110.4723240823732,111.56590056889455,109.59882781247808,111.3526840209961,1261352,0.0,0.0
2016-08-01 00:00:00-04:00,111.42149164276863,112.02674494889578,110.78185486426723,111.1876449584961,1018489,0.0,0.0
2016-08-02 00:00:00-04:00,110.73369260356436,111.30456237351822,109.09675948457517,109.48192596435547,1060559,0.0,0.0
2016-08-03 00:00:00-04:00,109.63323853365924,110.59613193453595,109.59884204131878,110.46546173095703,731942,0.0,0.0
2016-08-04 00:00:00-04:00,110.55485392457632,110.62363387411237,109.25493762401872,109.92208099365234,1088109,0.0,0.0
2016-08-05 00:00:00-04:00,110.47236249729032,112.0817826692693,110.19724259478019,112.0473861694336,1296721,0.0,0.0
2016-08-08 00:00:00-04:00,112.34311345318307,113.7874666013737,112.19180014219127,112.59071350097656,1206873,0.0,0.0
2016-08-09 00:00:00-04:00,112.46003730670267,113.7118038905906,112.21242424805362,113.02401733398438,906923,0.0,0.0
2016-08-10 00:00:00-04:00,112.71451354943237,113.38167002295897,112.6319802049182,113.24411010742188,1021467,0.0,0.0
2016-08-11 00:00:00-04:00,113.44356529024355,114.28954177990768,113.07903544697962,114.0281753540039,1298210,0.0,0.0
2016-08-12 00:00:00-04:00,113.5673536786245,114.17260681786753,113.24409703126669,113.82872009277344,1300940,0.0,0.0
2016-08-15 00:00:00-04:00,113.96627135076639,114.86039770885552,113.96627135076639,114.4477310180664,1387934,0.0,0.0
2016-08-16 00:00:00-04:00,114.10384337582677,114.94981994983374,113.8906268029214,114.67471313476562,1133529,0.0,0.0
2016-08-17 00:00:00-04:00,114.85355385672517,114.98423710619181,114.05572701839267,114.48214721679688,1366589,0.0,0.0
2016-08-18 00:00:00-04:00,114.59214512280846,115.31431494594614,114.31014867543202,114.99105834960938,1370064,0.0,0.0
2016-08-19 00:00:00-04:00,114.71595068269815,116.53858669740379,114.61278727538891,115.98148345947266,1695082,0.0,0.0
2016-08-22 00:00:00-04:00,116.22912371432287,116.62803712134941,115.01861708000003,115.4725570678711,1174607,0.0,0.0
2016-08-23 00:00:00-04:00,116.23598589590038,116.53861251669565,115.69951261576703,115.9540023803711,1055595,0.0,0.0
2016-08-24 00:00:00-04:00,115.9195687436793,116.42165839422076,115.3899723269854,115.70635223388672,1066888,0.0,0.0
2016-08-25 00:00:00-04:00,115.03924930169387,115.25245286221073,113.58800639752319,113.84937286376953,1637251,0.0,0.0
2016-08-26 00:00:00-04:00,114.20701357460585,114.91543019027208,113.05152073284484,113.45044708251953,1367582,0.0,0.0
2016-08-29 00:00:00-04:00,113.7805580120126,114.09693793284404,113.23720818831895,113.60173797607422,1470833,0.0,0.0
2016-08-30 00:00:00-04:00,113.8424790516396,114.12447555733132,113.05839279484304,113.43667602539062,1246088,0.0,0.0
2016-08-31 00:00:00-04:00,113.12029605512167,113.51922238845519,112.44627595709107,113.43667602539062,1524941,0.0,0.0
2016-09-01 00:00:00-04:00,113.82873920363402,114.3445693778786,112.69388937702186,113.9250259399414,1466738,0.0,0.0
2016-09-02 00:00:00-04:00,114.32393804838568,114.91543789532037,113.80809485573239,113.82186126708984,1984980,0.0,0.0
2016-09-06 00:00:00-04:00,114.92920531248963,114.92920531248963,112.61136854549315,113.36793518066406,1450729,0.0,0.0
2016-09-07 00:00:00-04:00,113.1271700712042,113.77369640631441,112.76265325915239,113.62238311767578,1113549,0.0,0.0
2016-09-08 00:00:00-04:00,113.00877470718483,114.35321968711551,112.96052101566019,114.03607177734375,1031767,0.322321,0.0
2016-09-09 00:00:00-04:00,113.13978423904433,113.89129376699718,110.87836227012689,110.89905548095703,1845988,0.0,0.0
2016-09-12 00:00:00-04:00,110.45091752763632,113.11911474475893,110.35439707206197,112.5606460571289,1644821,0.0,0.0
2016-09-13 00:00:00-04:00,111.43681586655596,111.6781234780124,109.82348981177549,110.55430603027344,1634893,0.0,0.0
2016-09-14 00:00:00-04:00,110.35437451985261,110.768042856101,109.65801214905203,109.93379974365234,1278602,0.0,0.0
2016-09-15 00:00:00-04:00,109.62353684029274,110.80250130013755,109.29259566878818,110.36125946044922,1734422,0.0,0.0
2016-09-16 00:00:00-04:00,109.85107539092063,110.36127726193153,109.07198581463565,109.54771423339844,3145190,0.0,0.0
2016-09-19 00:00:00-04:00,110.36127358849005,111.850492731341,110.00275230817384,111.18171691894531,2251670,0.0,0.0
2016-09-20 00:00:00-04:00,111.51956657199116,113.16046641401628,111.45061966451824,112.14007568359375,3337297,0.0,0.0
2016-09-21 00:00:00-04:00,117.62814490087253,120.18602152262974,117.62814490087253,119.8688735961914,6587352,0.0,0.0
2016-09-22 00:00:00-04:00,120.23423477450022,120.91679707338656,119.13799123381453,119.73092651367188,3941788,0.0,0.0
2016-09-23 00:00:00-04:00,119.06221223232225,120.71689870242126,119.02083886913478,120.23428344726562,3068373,0.0,0.0
2016-09-26 00:00:00-04:00,119.96535128084827,121.45458299411389,119.35173580127919,120.88922119140625,3004213,0.0,0.0
2016-09-27 00:00:00-04:00,120.64104609709857,122.2819586861111,120.2894312963468,122.24058532714844,2647301,0.0,0.0
2016-09-28 00:00:00-04:00,121.94417196807095,122.2061728951317,120.32395186396656,120.96514129638672,2829728,0.0,0.0
2016-09-29 00:00:00-04:00,120.96509256125356,121.32361381695068,119.91712844219188,120.7375717163086,2416723,0.0,0.0
2016-09-30 00:00:00-04:00,121.02025605100997,121.4132442385276,120.22049290722886,120.4342269897461,2406671,0.0,0.0
2016-10-03 00:00:00-04:00,119.86885720752315,120.45489928621475,119.4689756617148,120.1722183227539,1803918,0.0,0.0
2016-10-04 00:00:00-04:00,120.46177992834706,120.73755442306332,119.179388708184,119.68959045410156,1852441,0.0,0.0
2016-10-05 00:00:00-04:00,120.57904010146896,120.8341476283544,119.85511700739166,120.14469146728516,1492427,0.0,0.0
2016-10-06 00:00:00-04:00,120.19292081407752,120.19292081407752,118.8691689086923,119.33799743652344,1564156,0.0,0.0
2016-10-07 00:00:00-04:00,119.01393288840225,119.44138796595134,118.3934238958317,119.2828140258789,1759986,0.0,0.0
2016-10-10 00:00:00-04:00,119.51033959228876,120.37216927667369,119.37245885398679,120.11016845703125,1516006,0.0,0.0
2016-10-11 00:00:00-04:00,119.82748223376744,120.02741645436842,119.31038711326704,120.02052307128906,1814466,0.0,0.0
2016-10-12 00:00:00-04:00,120.04812071290225,120.30322816067095,119.3241978433359,119.64823913574219,1555345,0.0,0.0
2016-10-13 00:00:00-04:00,118.66920534328666,118.72436547303383,116.97314559051658,117.862548828125,1778105,0.0,0.0
2016-10-14 00:00:00-04:00,118.78640677115914,119.20007506259155,117.80737658317665,117.88321685791016,997268,0.0,0.0
2016-10-17 00:00:00-04:00,117.85566718101623,118.15213495641069,117.35925207515822,117.7867202758789,1304912,0.0,0.0
2016-10-18 00:00:00-04:00,118.64853707390164,118.9243246946073,117.55919947229025,117.7177734375,1117272,0.0,0.0
2016-10-19 00:00:00-04:00,117.91082938196165,118.02114966659059,116.91801209857606,117.52473449707031,1348719,0.0,0.0
2016-10-20 00:00:00-04:00,117.49024870069447,117.63503589123489,116.84905947600365,117.00074005126953,1037476,0.0,0.0
2016-10-21 00:00:00-04:00,115.95967630051702,117.37996185782193,115.82867585669563,117.3454818725586,1147553,0.0,0.0
2016-10-24 00:00:00-04:00,118.11075010112289,118.92431305807627,117.41440078819628,118.64163208007812,2293740,0.0,0.0
2016-10-25 00:00:00-04:00,118.13141243348043,118.89670852938994,118.0762653675771,118.53820037841797,1405681,0.0,0.0
2016-10-26 00:00:00-04:00,117.8694730167936,120.1308953152628,117.55921842131737,119.68274688720703,2199921,0.0,0.0
2016-10-27 00:00:00-04:00,120.44111246176871,120.80651403213746,119.09666759563201,120.24116516113281,1861128,0.0,0.0
2016-10-28 00:00:00-04:00,120.35838604039395,121.58563053119799,119.55172942920026,120.13777160644531,1864851,0.0,0.0
2016-10-31 00:00:00-04:00,120.75138189403498,121.42703804697001,120.13087281928044,120.18601989746094,1232189,0.0,0.0
2016-11-01 00:00:00-04:00,120.13775516076963,120.19290223388091,117.31787798883927,118.2624282836914,2426900,0.0,0.0
2016-11-02 00:00:00-04:00,118.58644893272054,119.59995900396531,118.31067444817973,118.84844970703125,1808509,0.0,0.0
2016-11-03 00:00:00-04:00,119.07598516668533,119.7654410463688,118.66230380548457,119.72406768798828,1569865,0.0,0.0
2016-11-04 00:00:00-04:00,119.5517090441812,121.15814166322332,119.17940103493886,120.51695251464844,1934471,0.0,0.0
2016-11-07 00:00:00-05:00,121.93035454863444,124.5778714233744,121.93035454863444,124.11593627929688,3042808,0.0,0.0
2016-11-08 00:00:00-05:00,123.60571804095022,126.01882033199972,123.30235690849032,125.00531005859375,2497388,0.0,0.0
2016-11-09 00:00:00-05:00,123.10242558640421,125.75683584021445,121.64767324962968,124.90880584716797,3566882,0.0,0.0
2016-11-10 00:00:00-05:00,125.48104768131076,127.54941552311925,124.95016568801758,126.56349182128906,2851818,0.0,0.0
2016-11-11 00:00:00-05:00,126.17054111927219,127.47361311625373,125.55692527442721,126.6462631225586,1936456,0.0,0.0
2016-11-14 00:00:00-05:00,127.2046995650485,128.60429181700638,126.4876699753974,128.3491973876953,2690612,0.0,0.0
2016-11-15 00:00:00-05:00,128.08025330527914,128.12161359778617,126.15666025685834,127.81825256347656,1795727,0.0,0.0
2016-11-16 00:00:00-05:00,127.47358548540565,128.23888177895012,125.99813997846155,126.7358627319336,1566390,0.0,0.0
2016-11-17 00:00:00-05:00,126.94956971125167,127.78381273239185,126.48763467981172,127.60454559326172,1156364,0.0,0.0
2016-11-18 00:00:00-05:00,127.34948690673814,129.1558672372076,126.84617837739492,129.12828063964844,1655990,0.0,0.0
2016-11-21 00:00:00-05:00,129.1558273235444,129.7901230365703,128.74903937223405,129.72117614746094,1607467,0.0,0.0
2016-11-22 00:00:00-05:00,129.9625175136349,129.9625175136349,129.30754148031852,129.67294311523438,1442042,0.0,0.0
2016-11-23 00:00:00-05:00,130.1348283543062,131.1965920375482,129.6522132457957,131.0793914794922,1093073,0.0,0.0
2016-11-25 00:00:00-05:00,131.4241895504905,132.26532631800526,131.41040277745287,132.05160522460938,810621,0.0,0.0
2016-11-28 00:00:00-05:00,131.39659650005936,131.78958475157862,130.6450869244987,131.01739501953125,2167531,0.0,0.0
2016-11-29 00:00:00-05:00,130.99668821588654,131.92745173630615,130.99668821588654,131.21731567382812,1337426,0.0,0.0
2016-11-30 00:00:00-05:00,132.03088814569375,132.7755043117044,131.53448607212263,132.14810180664062,1903198,0.0,0.0
2016-12-01 00:00:00-05:00,132.37557615264484,133.6717540744086,132.37557615264484,132.50657653808594,2193592,0.0,0.0
2016-12-02 00:00:00-05:00,132.44460016176774,133.5132579048461,132.44460016176774,132.92721557617188,1914739,0.0,0.0
2016-12-05 00:00:00-05:00,133.54765061434003,134.40946710554365,133.06503546816992,134.09921264648438,1749562,0.0,0.0
2016-12-06 00:00:00-05:00,134.00270805856533,134.0716549526845,132.09980772556915,133.29257202148438,1536730,0.0,0.0
2016-12-07 00:00:00-05:00,133.2857118818064,135.62985464393054,132.5686692263824,135.49197387695312,2340650,0.0,0.0
2016-12-08 00:00:00-05:00,135.92719220275217,136.3071670268099,133.75096799868328,136.1482696533203,3662936,0.322321,0.0
2016-12-09 00:00:00-05:00,135.60939044992344,136.092989989275,134.8079830977312,135.82354736328125,2429133,0.0,0.0
2016-12-12 00:00:00-05:00,135.31927176322355,136.95661116273362,135.2018190188401,136.54209899902344,1790391,0.0,0.0
2016-12-13 00:00:00-05:00,137.24679559932844,139.25720277121263,136.44538785994212,138.87722778320312,2777234,0.0,0.0
2016-12-14 00:00:00-05:00,138.71135790349177,138.86334782748332,136.52131889283535,136.73548889160156,3143701,0.0,0.0
2016-12-15 00:00:00-05:00,136.60423438072127,138.01358835830865,136.28642656323746,136.73548889160156,1509428,0.0,0.0
2016-12-16 00:00:00-05:00,137.35727832865834,137.73034573537032,135.02907711173847,135.74066162109375,4454694,0.0,0.0
2016-12-19 00:00:00-05:00,135.8719473177517,136.8391597262296,135.23635769399115,136.52825927734375,1859142,0.0,0.0
2016-12-20 00:00:00-05:00,137.42636429121623,137.82015402652124,135.78902526920461,137.30201721191406,3807388,0.0,0.0
2016-12-21 00:00:00-05:00,134.37273133765865,135.38830865279792,132.67321247884448,132.72848510742188,7949846,0.0,0.0
2016-12-22 00:00:00-05:00,132.81138495774786,132.96337487170666,131.80272818755185,131.87872314453125,2519354,0.0,0.0
2016-12-23 00:00:00-05:00,132.28630825339687,133.35023749469025,131.82343113641778,132.54884338378906,2081653,0.0,0.0
2016-12-27 00:00:00-05:00,132.62491782221446,133.01180022527615,131.6162475134577,131.64389038085938,1199427,0.0,0.0
2016-12-28 00:00:00-05:00,131.83731629132168,132.3485588580486,129.89599695857757,130.1930694580078,1930251,0.0,0.0
2016-12-29 00:00:00-05:00,130.46939048329722,131.0151702119695,128.79059354517324,129.15675354003906,1604737,0.0,0.0
2016-12-30 00:00:00-05:00,129.74398294179167,129.85451513672473,128.27935613581133,128.6385955810547,1642091,0.0,0.0
2017-01-03 00:00:00-05:00,128.89422417934492,131.03589830449306,128.89422417934492,129.67489624023438,2120124,0.0,0.0
2017-01-04 00:00:00-05:00,130.22756766315504,130.849342258978,129.4399882527499,130.37265014648438,1601262,0.0,0.0
2017-01-05 00:00:00-05:00,130.37266786096706,131.5194999136467,129.84761048859448,130.1654052734375,1498880,0.0,0.0
2017-01-06 00:00:00-05:00,129.95818815369486,132.46600983393932,129.81310561449783,131.43663024902344,2058074,0.0,0.0
2017-01-09 00:00:00-05:00,130.97370291214568,131.6300278115142,130.57991320543653,131.04969787597656,1587487,0.0,0.0
2017-01-10 00:00:00-05:00,130.61444185372216,131.19477175117996,130.1239348840359,130.1722869873047,1685402,0.0,0.0
2017-01-11 00:00:00-05:00,130.05492132424388,130.87705145238704,129.8822089783701,130.73887634277344,1297217,0.0,0.0
2017-01-12 00:00:00-05:00,130.33810612806272,130.48318860382318,128.73530453358615,129.45379638671875,1461774,0.0,0.0
2017-01-13 00:00:00-05:00,129.73703798790328,130.36571991759706,128.97018104278115,129.1981658935547,1415485,0.0,0.0
2017-01-17 00:00:00-05:00,128.583353603999,129.01168063548974,127.42270652825833,128.5349884033203,1667656,0.0,0.0
2017-01-18 00:00:00-05:00,128.8043639478828,129.8682800675411,128.32765888198387,129.3501434326172,1120623,0.0,0.0
2017-01-19 00:00:00-05:00,129.377808524161,129.95123101526735,128.27934181289442,128.61785888671875,1317073,0.0,0.0
2017-01-20 00:00:00-05:00,128.5142283982065,129.19127559784417,127.37430399304303,128.31387329101562,2721389,0.0,0.0
2017-01-23 00:00:00-05:00,128.36911905328233,128.99089349281954,127.32591215718796,128.1273193359375,1328491,0.0,0.0
2017-01-24 00:00:00-05:00,128.16191388706176,132.63871016988452,128.16191388706176,132.3761749267578,2653879,0.0,0.0
2017-01-25 00:00:00-05:00,132.36929391392928,134.04118377345011,131.68533897139804,133.3019561767578,2242487,0.0,0.0
2017-01-26 00:00:00-05:00,132.85978324859332,133.2950176871805,132.05146829301952,133.0463104248047,1324892,0.0,0.0
2017-01-27 00:00:00-05:00,133.1775488036183,135.69919734498745,132.5074090572505,135.353759765625,2471327,0.0,0.0
2017-01-30 00:00:00-05:00,135.04979218677903,135.04979218677903,132.07908106373532,133.50917053222656,2859388,0.0,0.0
2017-01-31 00:00:00-05:00,131.45733453468097,131.59550960849103,128.61098295978297,130.64903259277344,3663804,0.0,0.0
2017-02-01 00:00:00-05:00,130.76644454887762,130.78025943687572,127.60920626781687,128.68695068359375,2576440,0.0,0.0
2017-02-02 00:00:00-05:00,128.5833532917009,129.136040505147,127.02890333338718,127.54014587402344,1814218,0.0,0.0
2017-02-03 00:00:00-05:00,128.56259709029942,130.53155886983555,128.0789974919955,130.02723693847656,1683168,0.0,0.0
2017-02-06 00:00:00-05:00,131.56097726553773,131.78205477538495,129.6956398644154,130.02035522460938,1678453,0.0,0.0
2017-02-07 00:00:00-05:00,130.0203104620716,130.3450126281957,129.32252786188118,129.8959503173828,1437699,0.0,0.0
2017-02-08 00:00:00-05:00,129.70942495496334,130.07558490534348,129.0600205483439,129.85450744628906,1185900,0.0,0.0
2017-02-09 00:00:00-05:00,129.8544769371293,131.34674616456957,129.76466710223804,130.27590942382812,1672620,0.0,0.0
2017-02-10 00:00:00-05:00,130.4210028069977,131.95471681797633,130.0963006527747,131.8579864501953,1474680,0.0,0.0
2017-02-13 00:00:00-05:00,131.98931373476213,133.44012600264392,131.69914866472888,133.0394287109375,1325760,0.0,0.0
2017-02-14 00:00:00-05:00,132.70777948439206,133.38481367001276,132.18272215250371,132.96339416503906,1173117,0.0,0.0
2017-02-15 00:00:00-05:00,133.17756704065317,134.57310627136553,132.79759219246114,134.49020385742188,1624097,0.0,0.0
2017-02-16 00:00:00-05:00,134.2898468229858,134.5247391728781,132.75613256333818,133.57826232910156,1419456,0.0,0.0
2017-02-17 00:00:00-05:00,133.19829369349168,133.820068359375,132.85286913790375,133.820068359375,1002852,0.0,0.0
2017-02-21 00:00:00-05:00,134.28293373940306,135.1119709145574,133.86151424904872,134.96688842773438,1575574,0.0,0.0
2017-02-22 00:00:00-05:00,134.3174687125,134.37272825753175,133.06699910741904,133.90985107421875,2638490,0.0,0.0
2017-02-23 00:00:00-05:00,134.0272947567006,134.372719219029,131.75435365179743,132.0790557861328,2241867,0.0,0.0
2017-02-24 00:00:00-05:00,131.77509313365545,133.41244506835938,131.3467662213195,133.41244506835938,2742486,0.0,0.0
2017-02-27 00:00:00-05:00,133.31574451787858,134.3244014744528,132.4867072810715,134.28294372558594,2205257,0.0,0.0
2017-02-28 00:00:00-05:00,134.35198021720637,134.99447696347534,133.27423614343357,133.32260131835938,2219156,0.0,0.0
2017-03-01 00:00:00-05:00,134.642176349614,137.20526956999493,134.642176349614,136.3900604248047,2745961,0.0,0.0
2017-03-02 00:00:00-05:00,136.08608671826602,136.09299416198746,134.18621263787702,134.517822265625,2216922,0.0,0.0
2017-03-03 00:00:00-05:00,134.40041740949923,134.91855431632763,133.99970707631348,134.26914978027344,1017496,0.0,0.0
2017-03-06 00:00:00-05:00,134.02733289820526,135.01526754996434,133.57136305893184,133.99278259277344,1148049,0.0,0.0
2017-03-07 00:00:00-05:00,133.92366353525313,134.44180020360102,132.90117891866137,133.2742462158203,1511042,0.0,0.0
2017-03-08 00:00:00-05:00,133.41241074697288,133.91673249104636,132.67318365305292,133.28114318847656,1497639,0.0,0.0
2017-03-09 00:00:00-05:00,133.40581423665708,133.54427638384513,131.46738350441314,132.4435272216797,1745094,0.322321,0.0
2017-03-10 00:00:00-05:00,133.23271759507404,133.86270582373592,131.80657872726482,133.0250244140625,1522211,0.0,0.0
2017-03-13 00:00:00-04:00,132.83121024411358,133.77965364395862,132.49889847678523,133.6965789794922,1592203,0.0,0.0
2017-03-14 00:00:00-04:00,133.54428579719075,133.63428226636782,132.21507793130993,132.4919891357422,1678080,0.0,0.0
2017-03-15 00:00:00-04:00,132.88660530286836,134.4858157843836,132.57507198525178,133.79351806640625,1752416,0.0,0.0
2017-03-16 00:00:00-04:00,133.8834727140235,134.30578087588154,133.2257972976178,133.68963623046875,1543804,0.0,0.0
2017-03-17 00:00:00-04:00,134.2296290762752,135.75268621388318,133.18425446560954,134.7142333984375,2966859,0.0,0.0
2017-03-20 00:00:00-04:00,135.03264898987425,135.35111702431087,133.0457534958931,133.10806274414062,2716921,0.0,0.0
2017-03-21 00:00:00-04:00,133.67580660430033,134.20887665395276,132.69966296100864,132.8104248046875,4160204,0.0,0.0
2017-03-22 00:00:00-04:00,135.4618929223586,136.7149473730853,133.26730407564892,135.6349639892578,7610681,0.0,0.0
2017-03-23 00:00:00-04:00,134.99810388960037,135.09502214969342,130.91354916865188,130.97584533691406,4330842,0.0,0.0
2017-03-24 00:00:00-04:00,131.07971087546574,131.751243181955,129.61896260186532,130.235107421875,3552114,0.0,0.0
2017-03-27 00:00:00-04:00,129.31432512788058,129.88892594030142,127.59049647169476,129.48739624023438,2985722,0.0,0.0
2017-03-28 00:00:00-04:00,129.45969437284262,131.87580720438717,129.45969437284262,131.46043395996094,2079420,0.0,0.0
2017-03-29 00:00:00-04:00,131.14892667081617,132.6858276431514,130.94815524914267,132.17352294921875,2045540,0.0,0.0
2017-03-30 00:00:00-04:00,133.2673557568913,134.54118919282826,132.6996766691537,134.42349243164062,2346483,0.0,0.0
2017-03-31 00:00:00-04:00,134.2711993536204,135.8496444268678,133.7658294971054,135.10195922851562,2699796,0.0,0.0
2017-04-03 00:00:00-04:00,135.59346978972545,136.52114773856826,134.58270407252917,135.247314453125,2229457,0.0,0.0
2017-04-04 00:00:00-04:00,135.03963773949147,136.09193435988809,134.755804749231,135.8773193359375,2316202,0.0,0.0
2017-04-05 00:00:00-04:00,136.3827161574863,137.88499525933833,135.34426302450402,135.58657836914062,2049263,0.0,0.0
2017-04-06 00:00:00-04:00,135.69042399488558,136.56271469911601,135.4411999521719,135.68350219726562,1750431,0.0,0.0
2017-04-07 00:00:00-04:00,135.3719214841904,136.29959935414365,135.25422474691666,135.4480743408203,2000492,0.0,0.0
2017-04-10 00:00:00-04:00,135.78043786533047,136.5419667957197,135.15737112400598,135.5242919921875,1430128,0.0,0.0
2017-04-11 00:00:00-04:00,135.03270864080534,135.0880961203214,133.39196762925653,133.60658264160156,2970334,0.0,0.0
2017-04-12 00:00:00-04:00,133.6965970765821,133.7727499551062,128.87127854081305,128.98204040527344,4253403,0.0,0.0
2017-04-13 00:00:00-04:00,129.1066667265956,129.32128178068137,127.18207925635667,127.1959228515625,3340276,0.0,0.0
2017-04-17 00:00:00-04:00,127.63899535213939,128.69821390791586,126.73900435865976,128.44898986816406,2944397,0.0,0.0
2017-04-18 00:00:00-04:00,127.97820758542879,128.61513090285374,127.07130796257933,127.11283874511719,1893642,0.0,0.0
2017-04-19 00:00:00-04:00,128.172020826524,128.8158526487013,126.61435473450767,127.07819366455078,1945019,0.0,0.0
2017-04-20 00:00:00-04:00,127.8258677420532,129.42507774203324,127.23742338010989,129.09970092773438,2075200,0.0,0.0
2017-04-21 00:00:00-04:00,129.44586874102384,129.90972088036145,128.2135791924346,128.2689666748047,2140725,0.0,0.0
2017-04-24 00:00:00-04:00,129.80587703955064,130.60894970850114,129.67433667551845,130.5397186279297,1902949,0.0,0.0
2017-04-25 00:00:00-04:00,130.9827596331929,131.9450597109367,130.56738632124805,130.8235321044922,1827497,0.0,0.0
2017-04-26 00:00:00-04:00,130.88583542363804,132.27043054640794,130.58814576801248,131.24583435058594,1983118,0.0,0.0
2017-04-27 00:00:00-04:00,131.53658960418542,133.17733034129935,130.66428610819588,132.7204132080078,2630300,0.0,0.0
2017-04-28 00:00:00-04:00,132.98350072037692,133.14272823478774,130.68507134514283,131.3289031982422,1709478,0.0,0.0
2017-05-01 00:00:00-04:00,131.4743072357602,131.7373748317188,130.2627830942289,130.31124877929688,1674978,0.0,0.0
2017-05-02 00:00:00-04:00,130.60202942425093,131.35662330323893,130.31818330156634,130.86509704589844,1438940,0.0,0.0
2017-05-03 00:00:00-04:00,130.87200870811785,131.61969384147721,130.46355715816384,131.48123168945312,999005,0.0,0.0
2017-05-04 00:00:00-04:00,131.79273364068942,132.38811288715286,131.45351324740318,132.36041259765625,1689622,0.0,0.0
2017-05-05 00:00:00-04:00,132.582004024541,133.4750732624126,132.04201202499357,133.21200561523438,1385577,0.0,0.0
2017-05-08 00:00:00-04:00,133.0043037526332,133.0043037526332,132.10431277508064,132.30508422851562,1308883,0.0,0.0
2017-05-09 00:00:00-04:00,132.47810394051055,132.65809682234246,131.28734549604178,132.08349609375,1401710,0.0,0.0
2017-05-10 00:00:00-04:00,131.91048280699735,132.22893794183696,130.85126421714176,131.36355590820312,1205011,0.0,0.0
2017-05-11 00:00:00-04:00,130.9412164228266,132.33965506795414,130.11045676836184,132.1181182861328,1648917,0.0,0.0
2017-05-12 00:00:00-04:00,131.38431613319003,132.9696697890785,131.38431613319003,132.6858367919922,1678204,0.0,0.0
2017-05-15 00:00:00-04:00,132.83810665339942,135.64882733452035,132.4157985060625,134.83192443847656,2591829,0.0,0.0
2017-05-16 00:00:00-04:00,134.88732963218797,135.1711757269403,134.32657234865616,134.40272521972656,1326877,0.0,0.0
2017-05-17 00:00:00-04:00,134.4027316627834,134.4027316627834,129.50818229011145,129.7989501953125,2834940,0.0,0.0
2017-05-18 00:00:00-04:00,130.49815162611284,132.04889609358096,128.76741424671204,130.65737915039062,1991433,0.0,0.0
2017-05-19 00:00:00-04:00,131.05198292927065,132.36042517110644,130.6712186202993,131.10044860839844,1623352,0.0,0.0
2017-05-22 00:00:00-04:00,131.8066056291474,132.85198043319457,131.14893008590246,132.6789093017578,1344996,0.0,0.0
2017-05-23 00:00:00-04:00,132.69969444164562,133.828144081114,132.18046786059307,133.65505981445312,1125587,0.0,0.0
2017-05-24 00:00:00-04:00,133.91122053753043,134.23659746364697,133.33660645914446,133.80044555664062,888308,0.0,0.0
2017-05-25 00:00:00-04:00,134.0980810521485,134.9565278142257,133.56501108457914,134.8665313720703,1684782,0.0,0.0
2017-05-26 00:00:00-04:00,134.1465583949313,134.95653955425067,134.0150180629368,134.48577880859375,940678,0.0,0.0
2017-05-30 00:00:00-04:00,134.18117340127932,134.9842459107197,133.39195759277234,134.22271728515625,1344624,0.0,0.0
2017-05-31 00:00:00-04:00,134.49961875249738,134.5134754524324,132.87272157308587,134.19500732421875,1617147,0.0,0.0
2017-06-01 00:00:00-04:00,134.70730406406727,137.59419066873238,134.2642305380223,137.32418823242188,1762344,0.0,0.0
2017-06-02 00:00:00-04:00,137.794984114677,141.84492992700234,137.66345686982112,140.61264038085938,3756631,0.0,0.0
2017-06-05 00:00:00-04:00,140.30797970716955,141.50565985046347,139.88568471531394,140.0172119140625,2135761,0.0,0.0
2017-06-06 00:00:00-04:00,139.35262403548148,141.85873319497023,139.0410908392034,140.65414428710938,2631044,0.0,0.0
2017-06-07 00:00:00-04:00,140.74416925575963,142.8279838177899,140.1349463289774,142.7172088623047,2700044,0.0,0.0
2017-06-08 00:00:00-04:00,142.7172111523843,143.2572161274811,141.4364691139532,142.5026092529297,2451223,0.0,0.0
2017-06-09 00:00:00-04:00,142.53724261306456,143.38184609143795,141.88648878832566,142.89031982421875,1875275,0.0,0.0
2017-06-12 00:00:00-04:00,142.71029663501278,144.93257348567246,142.10107366738208,144.77334594726562,2285053,0.0,0.0
2017-06-13 00:00:00-04:00,145.3133319816095,145.83255846435355,144.30950110668434,144.9810333251953,1502603,0.0,0.0
2017-06-14 00:00:00-04:00,145.4656513959918,145.4656513959918,143.78336634814477,144.6210479736328,1377882,0.0,0.0
2017-06-15 00:00:00-04:00,143.88721659145338,145.95026597253093,143.83182910814926,145.69410705566406,1589845,0.0,0.0
2017-06-16 00:00:00-04:00,145.97100089383562,146.6840637933657,145.08485378379137,145.72869873046875,2286170,0.0,0.0
2017-06-19 00:00:00-04:00,146.23407392092804,146.36561425519722,144.41334017509945,146.0402374267578,2876638,0.0,0.0
2017-06-20 00:00:00-04:00,146.03331271586853,146.4219199550837,144.9993438720703,144.9993438720703,2909649,0.402901,0.0
2017-06-21 00:00:00-04:00,144.3400495947032,148.40655448051646,142.6052005893848,147.32400512695312,4386066,0.0,0.0
2017-06-22 00:00:00-04:00,145.5892090373145,147.5808263756609,144.76342673847728,146.859130859375,2515879,0.0,0.0
2017-06-23 00:00:00-04:00,146.6925355085238,150.55779242625334,146.60232524307665,149.4405517578125,3161075,0.0,0.0
2017-06-26 00:00:00-04:00,150.16229754751095,150.78684451601833,149.19771098331123,149.44754028320312,1547031,0.0,0.0
2017-06-27 00:00:00-04:00,149.21848057603822,149.98181838179022,148.7049588320034,148.7327117919922,1913002,0.0,0.0
2017-06-28 00:00:00-04:00,150.02346212057776,150.8145529617178,149.39891533645593,150.6896514892578,1815955,0.0,0.0
2017-06-29 00:00:00-04:00,150.5855942577052,150.5855942577052,149.19770920190197,149.35731506347656,1953334,0.0,0.0
2017-06-30 00:00:00-04:00,150.2247326681338,151.52934549458308,149.9332739550805,150.8145751953125,1753285,0.0,0.0
2017-07-03 00:00:00-04:00,151.61956522112996,152.1677783323677,150.8492889404297,150.8492889404297,1230576,0.0,0.0
2017-07-05 00:00:00-04:00,150.86314383939197,152.22327563001556,150.6063894960979,151.49462890625,1450977,0.0,0.0
2017-07-06 00:00:00-04:00,150.79371857802533,151.27947420442615,148.94783142897563,149.21847534179688,1862865,0.0,0.0
2017-07-07 00:00:00-04:00,150.0789939992095,151.96651099403573,149.46832364426962,151.6334228515625,1326877,0.0,0.0
2017-07-10 00:00:00-04:00,151.27955322368095,152.66050018691422,151.07831788449593,151.88328552246094,1263586,0.0,0.0
2017-07-11 00:00:00-04:00,152.03590800355866,152.15388438716965,150.14145274933392,150.96029663085938,1445641,0.0,0.0
2017-07-12 00:00:00-04:00,151.88322533408507,152.14693104039497,151.18928300577537,151.50155639648438,1280216,0.0,0.0
2017-07-13 00:00:00-04:00,151.52929563234963,151.65419708212292,150.73125355489745,151.25865173339844,1213450,0.0,0.0
2017-07-14 00:00:00-04:00,150.75910443166615,152.2857807698964,150.5092751104195,152.01513671875,1241124,0.0,0.0
2017-07-17 00:00:00-04:00,149.37123212180862,150.21784242414333,146.78975861080156,149.5308380126953,3523075,0.0,0.0
2017-07-18 00:00:00-04:00,149.30871811732575,149.30871811732575,146.38721920167927,146.44967651367188,2768671,0.0,0.0
2017-07-19 00:00:00-04:00,146.51212943877078,147.77511281478724,145.79737228030456,147.72653198242188,3246704,0.0,0.0
2017-07-20 00:00:00-04:00,147.948583028673,148.13595496050974,146.65784679158313,147.03257751464844,2452092,0.0,0.0
2017-07-21 00:00:00-04:00,146.2831228044173,147.53916789378644,145.5267362229539,147.4697723388672,1533504,0.0,0.0
2017-07-24 00:00:00-04:00,147.17831608282788,148.08738341271183,146.85910440925832,147.58773803710938,1285552,0.0,0.0
2017-07-25 00:00:00-04:00,148.35104777114117,149.60709264227108,148.26083750760287,148.76048278808594,1114790,0.0,0.0
2017-07-26 00:00:00-04:00,149.06582040792404,149.09357336928926,148.128987133961,148.24696350097656,830477,0.0,0.0
2017-07-27 00:00:00-04:00,147.98330884339956,148.34414999598232,143.10488363531323,144.02088928222656,2946258,0.0,0.0
2017-07-28 00:00:00-04:00,144.1041074460252,144.99929803186183,143.43097994676677,144.36781311035156,1335812,0.0,0.0
2017-07-31 00:00:00-04:00,144.59685364912443,144.90912707480186,144.13885087271632,144.36090087890625,1028665,0.0,0.0
2017-08-01 00:00:00-04:00,145.0063138291381,145.31858733715322,142.88978170538036,143.4449462890625,1460533,0.0,0.0
2017-08-02 00:00:00-04:00,143.64614931037192,145.5059134536323,143.16039354953475,145.38101196289062,1687636,0.0,0.0
2017-08-03 00:00:00-04:00,145.124207677293,145.53364267594603,144.5343653002297,145.2838134765625,1353931,0.0,0.0
2017-08-04 00:00:00-04:00,145.18669270382185,146.0610687874342,143.24365664125284,145.25608825683594,1799450,0.0,0.0
2017-08-07 00:00:00-04:00,145.03405303712006,145.03405303712006,144.05559000591808,144.5968780517578,1226604,0.0,0.0
2017-08-08 00:00:00-04:00,144.7217293588445,145.34627609896225,143.4518211581001,143.6461181640625,1557827,0.0,0.0
2017-08-09 00:00:00-04:00,143.3546870017481,143.40326783285693,142.01538300189907,143.07711791992188,1264207,0.0,0.0
2017-08-10 00:00:00-04:00,142.81341182350693,142.95220293437757,141.2381681947691,141.25204467773438,1377758,0.0,0.0
2017-08-11 00:00:00-04:00,141.1409993655819,143.51427182943854,140.96056569116791,142.16802978515625,1410521,0.0,0.0
2017-08-14 00:00:00-04:00,142.91752282301155,144.36091369442556,142.91752282301155,144.24295043945312,1371553,0.0,0.0
2017-08-15 00:00:00-04:00,144.6939886397866,145.90839102191666,144.3608873804309,145.0825958251953,897243,0.0,0.0
2017-08-16 00:00:00-04:00,145.3324308094358,146.414980476721,145.26997349389836,145.47122192382812,880738,0.0,0.0
2017-08-17 00:00:00-04:00,145.0340299426848,145.33936512986628,142.5150146484375,142.5150146484375,1276493,0.0,0.0
2017-08-18 00:00:00-04:00,142.41090422596506,144.0416666536231,142.0431117860353,142.95217895507812,1154626,0.0,0.0
2017-08-21 00:00:00-04:00,142.95219673928747,143.3685700538551,142.16804407964256,143.1811981201172,1217173,0.0,0.0
2017-08-22 00:00:00-04:00,143.6461526866604,145.45041093893624,143.51429981053636,145.2283477783203,870562,0.0,0.0
2017-08-23 00:00:00-04:00,144.56217278810252,144.9230271028534,142.952224567705,143.6947479248047,1260608,0.0,0.0
2017-08-24 00:00:00-04:00,144.3539650681976,144.3817311748954,142.70238763312153,143.41714477539062,742366,0.0,0.0
2017-08-25 00:00:00-04:00,144.15272348435062,145.04096290708313,143.7779927554792,144.1735382080078,762222,0.0,0.0
2017-08-28 00:00:00-04:00,144.63848368917095,145.20057322956774,144.2221235001009,144.92300415039062,794364,0.0,0.0
2017-08-29 00:00:00-04:00,143.96530693555482,146.87292844840562,143.79876291669157,146.6300506591797,1022956,0.0,0.0
2017-08-30 00:00:00-04:00,147.24071103788253,148.8437201089783,146.81046140057248,148.35101318359375,1254279,0.0,0.0
2017-08-31 00:00:00-04:00,149.02421042530253,149.30179266210442,148.0665753614333,148.7674560546875,1350829,0.0,0.0
2017-09-01 00:00:00-04:00,149.2809895760757,150.38436732397167,148.85075280634638,149.232421875,1024570,0.0,0.0
2017-09-05 00:00:00-04:00,148.64250355086875,149.14214882169733,147.39341008470666,147.99020385742188,1231072,0.0,0.0
2017-09-06 00:00:00-04:00,148.50368846092022,149.01027188994667,147.05335998535156,147.05335998535156,1408287,0.0,0.0
2017-09-07 00:00:00-04:00,147.60161548965482,148.50373136299538,147.19218042852614,148.26779174804688,1094066,0.0,0.0
2017-09-08 00:00:00-04:00,147.9408980724397,147.9408980724397,145.84026532506107,146.4036865234375,1986841,0.402901,0.0
2017-09-11 00:00:00-04:00,147.53740007199497,148.15645716216557,146.77227185139904,147.73912048339844,1851448,0.0,0.0
2017-09-12 00:00:00-04:00,148.3721127763093,151.14743840115062,148.23299613503525,149.92323303222656,1961649,0.0,0.0
2017-09-13 00:00:00-04:00,149.63109003075814,149.91627782691364,148.58078705397838,149.54762268066406,993917,0.0,0.0
2017-09-14 00:00:00-04:00,148.9633583137867,150.37536198907358,148.872936444504,149.21376037597656,1201164,0.0,0.0
2017-09-15 00:00:00-04:00,148.0660754438147,150.93877772078568,147.28008346910588,149.4293975830078,2248196,0.0,0.0
2017-09-18 00:00:00-04:00,149.54760694090368,150.479669895047,148.92854980952703,149.60325622558594,1397118,0.0,0.0
2017-09-19 00:00:00-04:00,149.6380595772309,150.9039920455863,149.5476245396942,150.24319458007812,2639607,0.0,0.0
2017-09-20 00:00:00-04:00,150.50058852594552,154.9105025009713,149.94413503842603,153.373291015625,5306392,0.0,0.0
2017-09-21 00:00:00-04:00,153.0254952561545,153.5680528683903,151.6343549888909,152.21168518066406,2596544,0.0,0.0
2017-09-22 00:00:00-04:00,152.22562673950605,153.6863256493929,151.52310193985377,153.02552795410156,1995032,0.0,0.0
2017-09-25 00:00:00-04:00,153.11597440193742,153.66547351690022,151.35617842761314,152.46908569335938,1585378,0.0,0.0
2017-09-26 00:00:00-04:00,152.14912172697186,153.2481199319286,152.0100050290554,152.8933868408203,1743233,0.0,0.0
2017-09-27 00:00:00-04:00,153.56808568226919,153.70718920157336,153.02552795410156,153.02552795410156,1566514,0.0,0.0
2017-09-28 00:00:00-04:00,152.76118363163823,156.15556692623835,152.41340515168952,155.98863220214844,1821664,0.0,0.0
2017-09-29 00:00:00-04:00,155.98861474763984,157.43540414691503,155.45302488444665,156.90676879882812,1601138,0.0,0.0
2017-10-02 00:00:00-04:00,156.85804551401418,157.8944524765109,156.22507938293953,157.4284210205078,1450481,0.0,0.0
2017-10-03 00:00:00-04:00,157.33108790495075,157.82495076485694,154.82008602169927,155.1122283935547,1602503,0.0,0.0
2017-10-04 00:00:00-04:00,155.02178365684475,155.43913363955443,153.86713644563858,153.9436492919922,1246957,0.0,0.0
2017-10-05 00:00:00-04:00,151.90563438103487,154.18014306306992,151.47437536451815,154.14537048339844,2572345,0.0,0.0
2017-10-06 00:00:00-04:00,154.07575866818257,154.5835303551451,153.17846836695472,153.5819091796875,971703,0.0,0.0
2017-10-09 00:00:00-04:00,153.7975701494645,154.25663399306313,153.05330533592235,153.47064208984375,1271529,0.0,0.0
2017-10-10 00:00:00-04:00,153.96451216835527,154.569660368874,153.47760389897135,153.5680389404297,881358,0.0,0.0
2017-10-11 00:00:00-04:00,154.04106771154338,155.11224776114102,153.89499650737696,154.88966369628906,1636383,0.0,0.0
2017-10-12 00:00:00-04:00,154.81311036019252,157.08066434766113,154.6322534458531,156.54507446289062,1454948,0.0,0.0
2017-10-13 00:00:00-04:00,156.8441957468766,157.25457807576828,154.4166611844437,154.56968688964844,1350456,0.0,0.0
2017-10-16 00:00:00-04:00,154.91746538772833,155.02875082267252,153.22027359765863,153.96453857421875,946635,0.0,0.0
2017-10-17 00:00:00-04:00,153.72794985090326,154.0757281437209,152.89326350814662,153.094970703125,1283194,0.0,0.0
2017-10-18 00:00:00-04:00,153.3454786825842,155.30002706376396,153.1715762594462,154.6253204345703,1056463,0.0,0.0
2017-10-19 00:00:00-04:00,154.05493170283603,155.80777246889727,153.44978351149166,155.78689575195312,1845367,0.0,0.0
2017-10-20 00:00:00-04:00,156.46161059723158,157.09457688296337,155.80778076487505,156.55203247070312,1610694,0.0,0.0
2017-10-23 00:00:00-04:00,157.19897589640792,157.60240379596343,156.28777598484535,156.73989868164062,1479768,0.0,0.0
2017-10-24 00:00:00-04:00,157.0180881468492,157.6997493174554,156.67030963065332,157.087646484375,1373911,0.0,0.0
2017-10-25 00:00:00-04:00,156.77460715727983,157.48408624319978,156.51725058325607,156.8511199951172,1375773,0.0,0.0
2017-10-26 00:00:00-04:00,157.42151681965095,160.03684951736355,157.12937445919113,159.31346130371094,1775126,0.0,0.0
2017-10-27 00:00:00-04:00,159.2786356877061,160.92017753253737,159.0143114795196,160.30807495117188,1540577,0.0,0.0
2017-10-30 00:00:00-04:00,160.02994359632928,160.29426797279422,158.01279086770165,158.39535522460938,921815,0.0,0.0
2017-10-31 00:00:00-04:00,158.67349604597746,158.80565815708877,157.04586314221427,157.0667266845703,1177957,0.0,0.0
2017-11-01 00:00:00-04:00,157.89451368720526,158.15882482996238,156.27383473367215,156.82333374023438,1427026,0.0,0.0
2017-11-02 00:00:00-04:00,156.9902541959746,157.54670766844524,155.01482922155736,156.71202087402344,1636134,0.0,0.0
2017-11-03 00:00:00-04:00,156.61468295486733,157.14331849358348,155.62697022501095,155.97476196289062,1005955,0.0,0.0
2017-11-06 00:00:00-05:00,155.5504363982658,155.9051826059549,153.38721291161258,153.68630981445312,1369692,0.0,0.0
2017-11-07 00:00:00-05:00,154.11061555711885,155.00093858444444,153.58198008553498,153.83238220214844,1061800,0.0,0.0
2017-11-08 00:00:00-05:00,153.32459623153716,154.3540490134518,152.90725940875552,153.373291015625,1207369,0.0,0.0
2017-11-09 00:00:00-05:00,152.60814939328222,152.8515969498996,149.87456380366928,151.2448272705078,1245219,0.0,0.0
2017-11-10 00:00:00-05:00,150.8622662094749,151.9473550493708,150.43102038263126,151.7386932373047,1161948,0.0,0.0
2017-11-13 00:00:00-05:00,152.6776811713456,154.25661934277332,152.08644208563163,154.02012634277344,1500990,0.0,0.0
2017-11-14 00:00:00-05:00,153.58892820909455,153.70716816003198,152.69163753095475,152.98377990722656,999005,0.0,0.0
2017-11-15 00:00:00-05:00,152.3021272158025,152.94204813543527,148.97034728360862,149.16510009765625,1642339,0.0,0.0
2017-11-16 00:00:00-05:00,149.77021130000972,152.10733668916194,149.41547834400427,151.57174682617188,1886692,0.0,0.0
2017-11-17 00:00:00-05:00,150.98050488174283,151.82910059443984,150.14581819899615,150.24319458007812,1795479,0.0,0.0
2017-11-20 00:00:00-05:00,150.66753332766632,151.8708754352346,150.2780145432189,151.11270141601562,1230079,0.0,0.0
2017-11-21 00:00:00-05:00,151.5508345294742,151.61343832213933,150.8204920721866,151.16131591796875,1521466,0.0,0.0
2017-11-22 00:00:00-05:00,151.65521466784227,151.92648027204874,150.61185299891238,151.51609802246094,1652888,0.0,0.0
2017-11-24 00:00:00-05:00,152.32996817508595,152.39952652525136,150.4867179957263,150.93882751464844,873168,0.0,0.0
2017-11-27 00:00:00-05:00,151.01532506650807,151.88479776967495,150.49365725032877,151.54396057128906,1544673,0.0,0.0
2017-11-28 00:00:00-05:00,152.20473473780618,152.27429307017394,150.73708158485388,151.98910522460938,2044796,0.0,0.0
2017-11-29 00:00:00-05:00,152.27427768902507,157.53278698198432,152.1699336152972,157.1502227783203,2335314,0.0,0.0
2017-11-30 00:00:00-05:00,158.12403230801732,162.6869716963535,158.12403230801732,160.99673461914062,3461273,0.0,0.0
2017-12-01 00:00:00-05:00,161.17753226205434,162.06091355552593,157.3171186027297,160.5654296875,2246086,0.0,0.0
2017-12-04 00:00:00-05:00,163.29907456837915,169.06535591336225,162.6174134901678,166.27610778808594,3784678,0.0,0.0
2017-12-05 00:00:00-05:00,165.75443933274073,166.59608061033,163.50774881110138,163.73727416992188,1975796,0.0,0.0
2017-12-06 00:00:00-05:00,163.2156502214792,165.38582848145515,162.53398896362836,164.42593383789062,1890539,0.0,0.0
2017-12-07 00:00:00-05:00,164.43978454883012,167.13164265092988,163.98070756486183,166.44998168945312,1529160,0.0,0.0
2017-12-08 00:00:00-05:00,167.47464451828225,167.98347958092077,166.4569875920159,167.7952880859375,1484981,0.402901,0.0
2017-12-11 00:00:00-05:00,167.0564507327809,168.0601696050729,165.37661246758788,166.31759643554688,1765943,0.0,0.0
2017-12-12 00:00:00-05:00,166.34549573414446,168.24140193833665,165.90636457699134,166.93797302246094,2148295,0.0,0.0
2017-12-13 00:00:00-05:00,167.55828315781926,169.712084315132,166.9379297153193,168.69442749023438,1495157,0.0,0.0
2017-12-14 00:00:00-05:00,168.84080498688215,169.25204652439652,166.10846484109183,166.2408905029297,1907417,0.0,0.0
2017-12-15 00:00:00-05:00,167.63496562334663,168.49928967249397,166.97976670758592,167.32130432128906,2763707,0.0,0.0
2017-12-18 00:00:00-05:00,169.3775287720019,169.90030197785927,168.05317966310426,168.61776733398438,2454574,0.0,0.0
2017-12-19 00:00:00-05:00,168.7571768928485,169.73998841739947,167.530408056305,169.05690002441406,2891530,0.0,0.0
2017-12-20 00:00:00-05:00,176.06900192520854,176.51508890694305,171.88684242849277,175.00254821777344,7319542,0.0,0.0
2017-12-21 00:00:00-05:00,176.93331609264152,177.8185341937983,173.3924172899914,174.37522888183594,4042061,0.0,0.0
2017-12-22 00:00:00-05:00,174.6470565972417,175.33711409163345,173.67819639337537,174.27066040039062,1664429,0.0,0.0
2017-12-26 00:00:00-05:00,174.53551004366457,175.12797395526133,173.7060447286185,174.00576782226562,938072,0.0,0.0
2017-12-27 00:00:00-05:00,174.43791623905298,174.50063792438516,173.42721541148035,174.277587890625,1104738,0.0,0.0
2017-12-28 00:00:00-05:00,174.25674232812148,174.68890439627916,172.35386709013483,173.0857391357422,1245219,0.0,0.0
2017-12-29 00:00:00-05:00,173.55969998520246,174.74465442669884,173.26694591382045,173.93609619140625,1442290,0.0,0.0
2018-01-02 00:00:00-05:00,174.835237490762,179.55410766601562,174.2566985191279,179.55410766601562,3054473,0.0,0.0
2018-01-03 00:00:00-05:00,179.3171244082448,182.32131138017382,178.44583138829825,181.7985382080078,2667654,0.0,0.0
2018-01-04 00:00:00-05:00,182.82320141979972,185.56252442547054,182.62107174595928,184.62850952148438,3227096,0.0,0.0
2018-01-05 00:00:00-05:00,185.58339744024238,189.16611027104707,183.75021336268213,185.35337829589844,3554100,0.0,0.0
2018-01-08 00:00:00-05:00,187.43052888774324,188.31574692367676,186.02950672122026,187.26324462890625,2427396,0.0,0.0
2018-01-09 00:00:00-05:00,188.19724097960042,188.89426745584683,186.10616155086112,186.62892150878906,2045540,0.0,0.0
2018-01-10 00:00:00-05:00,184.9212759373035,187.3051102746321,183.7502726064611,186.8102264404297,2040700,0.0,0.0
2018-01-11 00:00:00-05:00,187.1517365888919,189.03371773563933,186.5453211748851,189.02674865722656,2050256,0.0,0.0
2018-01-12 00:00:00-05:00,189.06848381155504,189.5215529123899,187.89051206878844,189.4866943359375,1666539,0.0,0.0
2018-01-16 00:00:00-05:00,189.7795091822734,190.3998626918657,186.25256189804588,187.90451049804688,2070733,0.0,0.0
2018-01-17 00:00:00-05:00,188.64333017621257,189.52157899779962,186.83802259988306,189.2357940673828,1710222,0.0,0.0
2018-01-18 00:00:00-05:00,189.77950125333473,191.44540113819522,188.65032592294492,189.71676635742188,2361747,0.0,0.0
2018-01-19 00:00:00-05:00,190.13499705019638,191.25023426591343,188.07179368220798,191.2084197998047,1762716,0.0,0.0
2018-01-22 00:00:00-05:00,190.32319851675578,191.0550837021099,189.10339867383993,190.90870666503906,1248818,0.0,0.0
2018-01-23 00:00:00-05:00,190.95049613890248,190.95049613890248,189.11732527446782,189.60523986816406,1467855,0.0,0.0
2018-01-24 00:00:00-05:00,189.89800575500183,190.20469796423868,187.37476410637055,188.4830322265625,1764330,0.0,0.0
2018-01-25 00:00:00-05:00,188.96396166622574,188.96396166622574,185.94583678394918,186.8310546875,1989944,0.0,0.0
2018-01-26 00:00:00-05:00,187.15865694023177,187.50020768859414,185.19304736428106,187.39564514160156,1889050,0.0,0.0
2018-01-29 00:00:00-05:00,186.45470406065712,188.58064248166346,186.29438886420877,186.58714294433594,1431245,0.0,0.0
2018-01-30 00:00:00-05:00,185.78555813180301,185.99465686565972,180.88545165870403,182.24465942382812,3047151,0.0,0.0
2018-01-31 00:00:00-05:00,183.8060001448556,186.22467937544187,182.38405745444163,182.95562744140625,2189869,0.0,0.0
2018-02-01 00:00:00-05:00,179.9374920914462,185.1791359838166,179.3659221356762,182.50254821777344,2876762,0.0,0.0
2018-02-02 00:00:00-05:00,181.6313008162125,182.09133921455347,178.24374773734058,178.34829711914062,2053855,0.0,0.0
2018-02-05 00:00:00-05:00,175.98533415299497,180.620562233096,173.1135729071954,173.21116638183594,2873411,0.0,0.0
2018-02-06 00:00:00-05:00,170.38123508708628,177.12844993232423,169.03597884383964,174.38217163085938,4177454,0.0,0.0
2018-02-07 00:00:00-05:00,173.53181187799836,177.37243353680876,173.21815059398386,175.0583038330078,1886444,0.0,0.0
2018-02-08 00:00:00-05:00,175.40683091843357,175.40683091843357,166.68702244979983,166.7776336669922,3394631,0.0,0.0
2018-02-09 00:00:00-05:00,164.2891716974493,166.58936241289254,157.66741534656924,164.02430725097656,6395245,0.0,0.0
2018-02-12 00:00:00-05:00,165.06287360265597,168.24828208035828,164.08006242717028,167.2375946044922,3309995,0.0,0.0
2018-02-13 00:00:00-05:00,166.4081768308746,168.35287915667553,165.0001725915809,167.5094757080078,1908286,0.0,0.0
2018-02-14 00:00:00-05:00,167.11214607060987,168.91047110855186,166.48482368990932,167.8579559326172,2255021,0.0,0.0
2018-02-15 00:00:00-05:00,168.62475803240957,170.86221496931387,166.35942478191583,170.79251098632812,2119256,0.0,0.0
2018-02-16 00:00:00-05:00,170.0745771036498,172.6675230336264,169.09873454095722,170.20701599121094,1832709,0.0,0.0
2018-02-20 00:00:00-05:00,169.62841491218143,170.28362683317243,167.46066275054332,167.96949768066406,1396621,0.0,0.0
2018-02-21 00:00:00-05:00,167.98347441139927,172.68840683030965,167.98347441139927,169.58663940429688,1590093,0.0,0.0
2018-02-22 00:00:00-05:00,170.1791191953419,172.9951151105305,170.10942841435772,171.07131958007812,1716924,0.0,0.0
2018-02-23 00:00:00-05:00,173.01598657978712,175.81803056054216,172.51413386637225,175.80409240722656,2242363,0.0,0.0
2018-02-26 00:00:00-05:00,176.34778364595874,177.84639919990627,174.2567041465291,177.40029907226562,1904066,0.0,0.0
2018-02-27 00:00:00-05:00,177.48398113851184,178.38315067323552,173.28788304115992,173.3784942626953,1729582,0.0,0.0
2018-02-28 00:00:00-05:00,173.95003898593006,175.37198171384105,171.64986041847672,171.75440979003906,2158595,0.0,0.0
2018-03-01 00:00:00-05:00,171.71255493818185,174.58430305304566,169.02202922507323,169.8654327392578,2442040,0.0,0.0
2018-03-02 00:00:00-05:00,168.38776120733186,169.25207207378764,165.89240889957773,168.19956970214844,2146806,0.0,0.0
2018-03-05 00:00:00-05:00,166.8682680744083,169.45423185393906,165.33480677160824,168.6387176513672,1320672,0.0,0.0
2018-03-06 00:00:00-05:00,169.77483788175118,170.50672303431278,168.38775382976385,169.40541076660156,1780711,0.0,0.0
2018-03-07 00:00:00-05:00,167.28642514076964,169.66328939778856,166.93791851955157,168.45742797851562,2045416,0.0,0.0
2018-03-08 00:00:00-05:00,168.68045173808218,168.68742081349987,164.62376349665368,167.61399841308594,2280338,0.0,0.0
2018-03-09 00:00:00-05:00,169.33230656767375,172.79676638191856,168.29156529053927,172.60816955566406,2041073,0.402901,0.0
2018-03-12 00:00:00-04:00,172.5801985344198,173.57204118834332,171.5813722839518,172.20301818847656,1584881,0.0,0.0
2018-03-13 00:00:00-04:00,172.9294267069832,176.53358407477003,172.3706464126039,175.15757751464844,2420446,0.0,0.0
2018-03-14 00:00:00-04:00,176.18434824510896,176.36596144043347,172.22397432941207,172.46145629882812,1910271,0.0,0.0
2018-03-15 00:00:00-04:00,172.90852391486138,175.7513378034212,172.6780254914646,172.8037567138672,2149536,0.0,0.0
2018-03-16 00:00:00-04:00,173.56511770398035,177.4975452458838,173.23682242014715,176.03773498535156,2689247,0.0,0.0
2018-03-19 00:00:00-04:00,175.4719567075378,176.5755637354377,172.03544406969513,174.347412109375,2462144,0.0,0.0
2018-03-20 00:00:00-04:00,175.00392521067434,177.42765657972154,174.1867121094784,176.00973510742188,4217042,0.0,0.0
2018-03-21 00:00:00-04:00,176.1913710993345,180.20761438249278,173.92828861900367,173.93527221679688,6011032,0.0,0.0
2018-03-22 00:00:00-04:00,171.8258676348129,171.8258676348129,164.41500067138307,165.0296630859375,5274002,0.0,0.0
2018-03-23 00:00:00-04:00,165.58146936765667,166.75492548186045,159.88188773793613,160.28700256347656,3308878,0.0,0.0
2018-03-26 00:00:00-04:00,163.26950556965116,167.69786046038604,161.7118855125219,167.5302276611328,3300315,0.0,0.0
2018-03-27 00:00:00-04:00,167.85851731810618,168.52206494762464,162.87136856704288,163.8911590576172,2366711,0.0,0.0
2018-03-28 00:00:00-04:00,163.89111788465567,165.53952437373104,162.34747856694463,164.00286865234375,2335562,0.0,0.0
2018-03-29 00:00:00-04:00,165.4976385190837,169.43706208669926,165.39985492693822,167.71182250976562,2387064,0.0,0.0
2018-04-02 00:00:00-04:00,167.0692564370318,168.94816195839672,164.28232434971585,166.58729553222656,2561300,0.0,0.0
2018-04-03 00:00:00-04:00,167.09017803000526,168.53603403869286,165.59543683805728,168.3614044189453,1911264,0.0,0.0
2018-04-04 00:00:00-04:00,165.19733329090758,167.00640295542405,162.4173978269489,166.7689208984375,2516003,0.0,0.0
2018-04-05 00:00:00-04:00,167.15304518046278,168.9900488047712,165.67227117004106,168.3823699951172,1431618,0.0,0.0
2018-04-06 00:00:00-04:00,167.1320934269648,167.37657226951222,161.84461019756978,163.6466827392578,1795727,0.0,0.0
2018-04-09 00:00:00-04:00,164.63157428966636,166.50349640654943,163.48606556505433,163.6676788330078,1719281,0.0,0.0
2018-04-10 00:00:00-04:00,166.23806762695312,168.16587162394873,165.5046574629537,166.23806762695312,2046657,0.0,0.0
2018-04-11 00:00:00-04:00,164.92492615730433,166.8736809514104,164.68744411051244,166.23806762695312,1124346,0.0,0.0
2018-04-12 00:00:00-04:00,167.31369527918943,170.13554490871337,167.2368624778606,168.96908569335938,1449240,0.0,0.0
2018-04-13 00:00:00-04:00,170.16346792429704,172.48940242101705,169.8002547632974,170.77113342285156,2049884,0.0,0.0
2018-04-16 00:00:00-04:00,171.5604344108865,175.374126510205,171.5604344108865,174.64071655273438,1758993,0.0,0.0
2018-04-17 00:00:00-04:00,175.8212021869108,176.82002877449895,174.88524121594946,176.0167694091797,1677584,0.0,0.0
2018-04-18 00:00:00-04:00,176.17736189058928,179.8374014087254,174.64070609694568,178.4823455810547,2713074,0.0,0.0
2018-04-19 00:00:00-04:00,178.09822914811292,178.09822914811292,174.3334346757718,175.7303924560547,1841520,0.0,0.0
2018-04-20 00:00:00-04:00,175.8141965633876,176.34504259899487,171.4766415041828,172.60816955566406,1877013,0.0,0.0
2018-04-23 00:00:00-04:00,172.76186591618438,174.18677147097048,172.29388540602997,173.79562377929688,1010050,0.0,0.0
2018-04-24 00:00:00-04:00,174.8922147289559,177.33688422541306,169.89808207902283,171.5185546875,2255890,0.0,0.0
2018-04-25 00:00:00-04:00,171.4556718613056,173.22980991166716,170.12856342906105,172.45449829101562,1633156,0.0,0.0
2018-04-26 00:00:00-04:00,172.6640780133941,174.99699690698006,170.84104121292273,172.47549438476562,2120124,0.0,0.0
2018-04-27 00:00:00-04:00,172.47541558222215,175.24138248860274,171.62327139015633,174.85023498535156,1543308,0.0,0.0
2018-04-30 00:00:00-04:00,175.38114523233025,176.67333579978472,172.29386564858711,172.6640625,1989819,0.0,0.0
2018-05-01 00:00:00-04:00,172.68498126141506,173.43934202124063,169.91201702922112,170.889892578125,1984855,0.0,0.0
2018-05-02 00:00:00-04:00,170.27526026919998,170.36606027499067,166.7549314795085,168.05409240722656,1814218,0.0,0.0
2018-05-03 00:00:00-04:00,167.11114659756007,170.28922613445633,165.26715919649246,169.13673400878906,1682051,0.0,0.0
2018-05-04 00:00:00-04:00,168.01918136631124,171.92367436242836,166.63619074748075,171.08551025390625,1227970,0.0,0.0
2018-05-07 00:00:00-04:00,171.60932824929932,172.32877104893055,169.24847552515007,169.81423950195312,1623973,0.0,0.0
2018-05-08 00:00:00-04:00,168.3194509619284,171.35783081925135,168.26356897177004,168.99697875976562,2087983,0.0,0.0
2018-05-09 00:00:00-04:00,169.80724439772607,170.6454215232537,168.389336139835,170.54763793945312,1723377,0.0,0.0
2018-05-10 00:00:00-04:00,170.88295088796568,173.36953533981617,170.7711868527628,173.0133056640625,1530029,0.0,0.0
2018-05-11 00:00:00-04:00,173.37649144500912,176.15643951528727,173.20187504752215,175.2484130859375,2409029,0.0,0.0
2018-05-14 00:00:00-04:00,176.435775988519,177.25997250961478,175.14358599074168,175.5626678466797,1300072,0.0,0.0
2018-05-15 00:00:00-04:00,174.25661076798718,174.326446756708,172.0005115369146,172.76185607910156,2033006,0.0,0.0
2018-05-16 00:00:00-04:00,173.06916638449314,173.7257436376034,172.2030547375598,172.60816955566406,1366589,0.0,0.0
2018-05-17 00:00:00-04:00,173.00631400200703,174.78045224617736,172.7199467814864,173.5441436767578,1345244,0.0,0.0
2018-05-18 00:00:00-04:00,173.1390161557798,174.43120664562196,172.32180291888014,174.23562622070312,1483864,0.0,0.0
2018-05-21 00:00:00-04:00,175.31824653336122,178.07025996518547,175.09473174500167,177.8746795654297,1717792,0.0,0.0
2018-05-22 00:00:00-04:00,178.21695346239164,179.02019945169812,176.26120224462792,176.42884826660156,1255023,0.0,0.0
2018-05-23 00:00:00-04:00,176.0307325757355,176.0307325757355,173.65591220820983,174.94808959960938,1373539,0.0,0.0
2018-05-24 00:00:00-04:00,174.74551760018704,176.02372763915702,173.57207475615374,175.83514404296875,1856908,0.0,0.0
2018-05-25 00:00:00-04:00,175.2204965825849,176.84096918938016,175.2204965825849,175.6675262451172,1043929,0.0,0.0
2018-05-29 00:00:00-04:00,174.78038474385278,175.6395125266338,172.0423522376365,172.95037841796875,1439188,0.0,0.0
2018-05-30 00:00:00-04:00,173.73272202092343,177.54641452807707,173.64192202279065,176.77110290527344,1491434,0.0,0.0
2018-05-31 00:00:00-04:00,177.09942099458937,177.09942099458937,173.7816426154807,174.00515747070312,1614417,0.0,0.0
2018-06-01 00:00:00-04:00,175.71643167683672,177.97253104487208,175.3881496038676,177.1343536376953,1457555,0.0,0.0
2018-06-04 00:00:00-04:00,177.90962439757942,179.15990000746993,175.7652895658059,175.93292236328125,1140851,0.0,0.0
2018-06-05 00:00:00-04:00,175.70943815146023,176.54063191238563,174.4451951260749,176.0167694091797,1183790,0.0,0.0
2018-06-06 00:00:00-04:00,177.36481735183105,179.32753903240624,175.67449566998525,179.19482421875,1360508,0.0,0.0
2018-06-07 00:00:00-04:00,179.7187253702106,182.03767717730418,178.09825254501817,179.68380737304688,2182547,0.0,0.0
2018-06-08 00:00:00-04:00,179.48819801378875,181.89096585377052,179.33453239797865,181.70936584472656,1516254,0.0,0.0
2018-06-11 00:00:00-04:00,181.70236556423657,183.99336916792086,181.70236556423657,182.98057556152344,1767556,0.0,0.0
2018-06-12 00:00:00-04:00,184.1121202621807,186.26343872668198,183.83272344416352,185.4671630859375,2211958,0.0,0.0
2018-06-13 00:00:00-04:00,185.7744580326613,185.81637283778667,183.23898927806707,183.64410400390625,1424420,0.0,0.0
2018-06-14 00:00:00-04:00,184.39847623149078,184.45434500647866,182.5544892206693,184.03526306152344,1260360,0.0,0.0
2018-06-15 00:00:00-04:00,183.35775352754382,185.08998993572328,182.19129433497045,184.78964233398438,1692352,0.0,0.0
2018-06-18 00:00:00-04:00,183.76285601753492,184.85248233733572,182.70816090977794,184.16798400878906,1727968,0.0,0.0
2018-06-19 00:00:00-04:00,182.60341251239205,182.65929452555304,177.93757523648097,180.48004150390625,3922429,0.0,0.0
2018-06-20 00:00:00-04:00,179.72566298832658,179.72566298832658,175.38112456788505,175.6186065673828,4847594,0.0,0.0
2018-06-21 00:00:00-04:00,175.67447767394688,175.87702844613483,171.58138870228333,172.32876586914062,4548389,0.0,0.0
2018-06-22 00:00:00-04:00,173.61036588788792,173.77844149511972,169.12830106972655,169.3173828125,3270780,0.523771,0.0
2018-06-25 00:00:00-04:00,167.88874216709917,168.30893122341493,162.46122835683067,164.24705505371094,4474674,0.0,0.0
2018-06-26 00:00:00-04:00,164.99636567749158,166.6281205702127,163.6657517503027,165.8717803955078,2425162,0.0,0.0
2018-06-27 00:00:00-04:00,165.8718205098932,167.1253989877028,160.82246984405973,160.89950561523438,3222257,0.0,0.0
2018-06-28 00:00:00-04:00,158.3923393310129,159.71595145570376,155.78012531126157,158.7425079345703,5048264,0.0,0.0
2018-06-29 00:00:00-04:00,159.7929693666485,161.5998152884919,158.97359747034898,159.01560974121094,2808011,0.0,0.0
2018-07-02 00:00:00-04:00,157.8320697436247,160.81544499596066,157.75503398337284,160.64736938476562,1970088,0.0,0.0
2018-07-03 00:00:00-04:00,161.48778576716376,162.0900678519692,159.16971055446734,159.40081787109375,1144202,0.0,0.0
2018-07-05 00:00:00-04:00,159.91203303373393,160.4652874384499,157.9301094309438,160.08010864257812,2014888,0.0,0.0
2018-07-06 00:00:00-04:00,160.08010978036756,160.57733456518648,157.81806456724246,159.86300659179688,1966861,0.0,0.0
2018-07-09 00:00:00-04:00,160.5213310762908,164.8983523794229,160.36025749863174,164.5341796875,2151770,0.0,0.0
2018-07-10 00:00:00-04:00,164.85631341022065,166.11690700679355,164.0999731660162,165.0384063720703,1483864,0.0,0.0
2018-07-11 00:00:00-04:00,163.34362880882196,163.50470238237799,160.80144859887898,161.22865295410156,1730699,0.0,0.0
2018-07-12 00:00:00-04:00,162.32117326667125,163.70081510383181,160.80146397959922,162.95846557617188,1654501,0.0,0.0
2018-07-13 00:00:00-04:00,162.4752202956346,164.4991561832824,162.34215491214997,163.70079040527344,1220399,0.0,0.0
2018-07-16 00:00:00-04:00,162.69932548004127,163.8548618749403,160.40925882611882,161.20062255859375,2402452,0.0,0.0
2018-07-17 00:00:00-04:00,160.88549616065643,162.08305822784652,160.6964143929164,161.8799591064453,2235413,0.0,0.0
2018-07-18 00:00:00-04:00,162.18810861647182,165.8648062557433,161.97100539424574,165.40960693359375,2344001,0.0,0.0
2018-07-19 00:00:00-04:00,164.66027799474216,166.22199978188732,163.87591607749675,165.6617431640625,1923302,0.0,0.0
2018-07-20 00:00:00-04:00,164.89131800626828,165.29750289371208,163.54670002028809,164.5271453857422,2116401,0.0,0.0
2018-07-23 00:00:00-04:00,164.47818354879186,165.88583364568748,164.0439770834276,165.55667114257812,1498011,0.0,0.0
2018-07-24 00:00:00-04:00,166.46005479373576,168.3019109187882,165.48661139327388,165.85777282714844,2392896,0.0,0.0
2018-07-25 00:00:00-04:00,166.10288123052294,168.46296802811224,165.58463711668665,168.24586486816406,2339657,0.0,0.0
2018-07-26 00:00:00-04:00,168.91821984331972,170.19280439962608,167.85372319009522,168.94622802734375,1868822,0.0,0.0
2018-07-27 00:00:00-04:00,169.46444237856534,170.97013397190858,168.12682638262945,168.66607666015625,1508187,0.0,0.0
2018-07-30 00:00:00-04:00,168.61704781180956,171.12420418733842,168.09180162779225,168.3859405517578,1505085,0.0,0.0
2018-07-31 00:00:00-04:00,169.84268275838082,174.11466104960354,169.786653117763,172.1887664794922,2340774,0.0,0.0
2018-08-01 00:00:00-04:00,172.06969081964002,172.06969081964002,168.5540665544776,168.84820556640625,1361005,0.0,0.0
2018-08-02 00:00:00-04:00,168.07782088529274,169.42243910261942,167.22342543503774,168.8621826171875,1278230,0.0,0.0
2018-08-03 00:00:00-04:00,168.518979283846,170.9280933910224,168.2108363191567,170.40284729003906,1194214,0.0,0.0
2018-08-06 00:00:00-04:00,169.73054292952688,171.95057548252248,169.73054292952688,171.67044067382812,1501238,0.0,0.0
2018-08-07 00:00:00-04:00,172.17465481384514,174.86389022297823,171.36227194753243,173.57530212402344,1420573,0.0,0.0
2018-08-08 00:00:00-04:00,173.54032980670502,173.8764942780309,171.85255845078677,171.92259216308594,1102753,0.0,0.0
2018-08-09 00:00:00-04:00,172.27976820841656,173.0291197283422,171.43237478520962,171.4393768310547,1384460,0.0,0.0
2018-08-10 00:00:00-04:00,171.0121985659184,171.0121985659184,168.31594656238553,169.31040954589844,1840527,0.0,0.0
2018-08-13 00:00:00-04:00,169.47844402881617,169.94766059042846,168.18984236482592,168.7711181640625,1117024,0.0,0.0
2018-08-14 00:00:00-04:00,169.16332976073605,172.31479415540392,169.16332976073605,170.6690216064453,1289151,0.0,0.0
2018-08-15 00:00:00-04:00,170.2278299392279,170.90013245550006,168.00779674653933,170.51495361328125,1135887,0.0,0.0
2018-08-16 00:00:00-04:00,171.59340616373746,174.14258785230024,171.22924682354792,172.45480346679688,1279719,0.0,0.0
2018-08-17 00:00:00-04:00,172.3077459486583,173.29520663720385,171.9155651433729,172.93804931640625,997516,0.0,0.0
2018-08-20 00:00:00-04:00,173.21815852481896,175.0250041794929,173.21815852481896,174.23362731933594,1279967,0.0,0.0
2018-08-21 00:00:00-04:00,174.23366066184894,176.6848009351305,174.23366066184894,175.85841369628906,1568376,0.0,0.0
2018-08-22 00:00:00-04:00,175.1790749114954,175.62028329048454,172.69994001539183,172.93804931640625,1449736,0.0,0.0
2018-08-23 00:00:00-04:00,172.88209412198313,173.44235076193988,170.7460982764898,171.20831298828125,1495901,0.0,0.0
2018-08-24 00:00:00-04:00,172.04160942182554,172.32874626475368,171.21522237365141,171.59339904785156,1323030,0.0,0.0
2018-08-27 00:00:00-04:00,172.51785568168054,174.96899578313793,172.51785568168054,174.31068420410156,2048767,0.0,0.0
2018-08-28 00:00:00-04:00,174.70288169868957,174.84995117972593,173.1621664320706,173.42129516601562,1064654,0.0,0.0
2018-08-29 00:00:00-04:00,173.764427930017,173.94652087913025,172.83999887919873,173.4002685546875,1218290,0.0,0.0
2018-08-30 00:00:00-04:00,173.30226160240306,173.63142410673197,172.17474641594592,172.79803466796875,1453707,0.0,0.0
2018-08-31 00:00:00-04:00,172.5738979351243,172.734971503833,170.48693032593147,170.84410095214844,1831716,0.0,0.0
2018-09-04 00:00:00-04:00,170.80908591973972,170.83009205718957,168.65908653342558,168.9812469482422,2347227,0.0,0.0
2018-09-05 00:00:00-04:00,168.82016720891212,171.71250269925937,168.3439352806135,171.41136169433594,2344497,0.0,0.0
2018-09-06 00:00:00-04:00,170.97714009938443,173.071109595103,170.21379784805254,172.41281127929688,1327125,0.0,0.0
2018-09-07 00:00:00-04:00,172.03362096087187,174.37187316439932,171.36655944082364,172.71473693847656,1510669,0.523771,0.0
2018-09-10 00:00:00-04:00,172.79202058527443,176.23269095468476,172.40582207667381,175.15835571289062,1526306,0.0,0.0
2018-09-11 00:00:00-04:00,174.76513326119715,175.64285229238962,173.64867454714783,175.09515380859375,1429012,0.0,0.0
2018-09-12 00:00:00-04:00,175.0951497183543,178.54285381977004,174.554485125898,177.6370391845703,1933726,0.0,0.0
2018-09-13 00:00:00-04:00,178.69030252447575,180.69150069189556,177.4965909090591,177.77044677734375,2131542,0.0,0.0
2018-09-14 00:00:00-04:00,177.93192680195838,180.39657615402353,177.86872827816487,179.36436462402344,1555345,0.0,0.0
2018-09-17 00:00:00-04:00,180.64937941170956,182.0396939217982,178.12153122157852,179.56802368164062,2763087,0.0,0.0
2018-09-18 00:00:00-04:00,175.36198086034995,175.54454258083427,169.3794213131769,169.6322021484375,8614029,0.0,0.0
2018-09-19 00:00:00-04:00,169.43560582270612,170.98742039655912,167.56781186840752,170.5450439453125,4081277,0.0,0.0
2018-09-20 00:00:00-04:00,171.78789759917,173.83825325569677,171.436802016035,173.30459594726562,2953456,0.0,0.0
2018-09-21 00:00:00-04:00,175.003846236913,176.21159892774543,173.3186275497896,173.66268920898438,2965742,0.0,0.0
2018-09-24 00:00:00-04:00,173.11497680804084,173.5222369605834,170.3694644479427,171.21910095214844,2130301,0.0,0.0
2018-09-25 00:00:00-04:00,171.55616310036777,171.69660132101274,167.68013735265532,167.9610137939453,3625085,0.0,0.0
2018-09-26 00:00:00-04:00,168.22081412290487,170.76270335140816,167.75035539433014,169.3021697998047,2818187,0.0,0.0
2018-09-27 00:00:00-04:00,169.53389835006212,170.05351447356173,167.99612502129278,169.0142822265625,1765074,0.0,0.0
2018-09-28 00:00:00-04:00,168.4665719325448,169.3513247262943,166.77433262825105,169.0774688720703,2280586,0.0,0.0
2018-10-01 00:00:00-04:00,170.26414101255205,171.01547614537657,168.08036801721414,168.4735870361328,1771031,0.0,0.0
2018-10-02 00:00:00-04:00,168.15761298433912,169.18279069811558,167.6871542630665,167.82057189941406,1518612,0.0,0.0
2018-10-03 00:00:00-04:00,168.05930592433805,170.882058157473,168.0522853433501,169.1827850341797,1574829,0.0,0.0
2018-10-04 00:00:00-04:00,169.09151634587207,170.20096767008462,166.88668145354438,167.86973571777344,1366713,0.0,0.0
2018-10-05 00:00:00-04:00,167.8276259492264,168.2419068067766,163.55838040371938,165.75619506835938,1886941,0.0,0.0
2018-10-08 00:00:00-04:00,164.95569492618833,167.53970779272134,163.45303779934287,165.00485229492188,1896000,0.0,0.0
2018-10-09 00:00:00-04:00,164.590537489108,164.8363110053036,160.90410760138448,161.32540893554688,2070857,0.0,0.0
2018-10-10 00:00:00-04:00,160.90415553969828,161.1850320438581,155.42717008105097,155.50440979003906,3195947,0.0,0.0
2018-10-11 00:00:00-04:00,154.83733497698472,157.77946450596528,152.2392804957803,152.6676025390625,3399968,0.0,0.0
2018-10-12 00:00:00-04:00,157.38620069353266,157.82154319617442,152.82905915011884,155.18136596679688,3560677,0.0,0.0
2018-10-15 00:00:00-04:00,155.13223603389247,155.6448183143453,153.8472434485425,155.1954345703125,2824888,0.0,0.0
2018-10-16 00:00:00-04:00,156.52953910340545,158.93801049933418,155.6658614070875,158.81863403320312,2137126,0.0,0.0
2018-10-17 00:00:00-04:00,158.69225531571044,158.69225531571044,156.1924896974358,156.90872192382812,1709850,0.0,0.0
2018-10-18 00:00:00-04:00,156.23459506655044,156.88761533963523,151.73363235762312,152.5762481689453,2366339,0.0,0.0
2018-10-19 00:00:00-04:00,152.82908454520333,154.99881672764806,152.35160518087199,154.33877563476562,2098531,0.0,0.0
2018-10-22 00:00:00-04:00,154.3036663384002,154.94967959250855,152.4007693779813,153.35572814941406,1695578,0.0,0.0
2018-10-23 00:00:00-04:00,151.00339208673145,154.09297936526826,148.98813977519075,153.34164428710938,2424666,0.0,0.0
2018-10-24 00:00:00-04:00,152.10583824195928,154.0719335666243,146.64991540566612,146.8956756591797,2691109,0.0,0.0
2018-10-25 00:00:00-04:00,148.39132855782626,151.32643735256278,147.85065062195375,150.11166381835938,2026181,0.0,0.0
2018-10-26 00:00:00-04:00,148.0753501259298,150.44169866992632,146.12329573721956,147.82958984375,2082522,0.0,0.0
2018-10-29 00:00:00-04:00,149.95716218191384,151.58621633067492,145.9828348966348,148.18768310546875,1683292,0.0,0.0
2018-10-30 00:00:00-04:00,148.21577947339625,152.47098361028586,148.08938240029443,152.0426483154297,1616278,0.0,0.0
2018-10-31 00:00:00-04:00,153.8331429324007,156.48737406553195,153.8331429324007,154.7178955078125,2136754,0.0,0.0
2018-11-01 00:00:00-04:00,155.1813333149496,158.0813246160841,153.32056063327477,157.31594848632812,1908286,0.0,0.0
2018-11-02 00:00:00-04:00,159.1627133514531,159.85084995443992,154.7951673878128,155.64479064941406,2244224,0.0,0.0
2018-11-05 00:00:00-05:00,155.9537430337841,157.35809850628618,155.58861965259047,156.31185913085938,1560185,0.0,0.0
2018-11-06 00:00:00-05:00,156.26268626090018,159.51377324494285,155.82734381963272,159.23291015625,1554601,0.0,0.0
2018-11-07 00:00:00-05:00,160.35647521046013,162.59642702557497,158.10950281159964,162.39981079101562,1599897,0.0,0.0
2018-11-08 00:00:00-05:00,161.7467257382218,162.7719034122454,159.991274679771,161.07965087890625,1290268,0.0,0.0
2018-11-09 00:00:00-05:00,160.79879724567547,161.22009861037117,156.3469907564094,157.5687713623047,2103495,0.0,0.0
2018-11-12 00:00:00-05:00,157.70218216148317,158.12348350790612,153.61549926668278,154.21937561035156,1958050,0.0,0.0
2018-11-13 00:00:00-05:00,155.03392915552084,158.165640572417,154.5072924325452,156.24166870117188,1348347,0.0,0.0
2018-11-14 00:00:00-05:00,157.66707641700168,159.60508933219742,156.57870012862045,158.10243225097656,1712952,0.0,0.0
2018-11-15 00:00:00-05:00,156.74723944934917,161.12180650023603,155.86950716921802,159.9632110595703,1595802,0.0,0.0
2018-11-16 00:00:00-05:00,159.31016017501952,160.21596131279165,157.70216802854628,159.17674255371094,1539957,0.0,0.0
2018-11-19 00:00:00-05:00,159.01523368132166,160.7917462515032,157.77237826985362,158.9028778076172,1372794,0.0,0.0
2018-11-20 00:00:00-05:00,156.38908935453668,157.40724634568272,154.4932135703103,155.4200897216797,2010792,0.0,0.0
2018-11-21 00:00:00-05:00,156.1293219032704,158.9029170829359,156.1293219032704,156.26976013183594,1265696,0.0,0.0
2018-11-23 00:00:00-05:00,155.47627796908588,158.69226266615877,154.87241490020656,156.86659240722656,618266,0.0,0.0
2018-11-26 00:00:00-05:00,158.60802375882224,158.7765443261658,156.65596947673765,158.0181884765625,1446634,0.0,0.0
2018-11-27 00:00:00-05:00,157.13343885124365,158.58693862451284,156.17846686946672,158.15159606933594,1392402,0.0,0.0
2018-11-28 00:00:00-05:00,159.0854605743706,162.7999725341797,158.0813447246256,162.7999725341797,1627572,0.0,0.0
2018-11-29 00:00:00-05:00,162.14701125076715,162.55427154401025,159.6261964858647,159.7455596923828,1443159,0.0,0.0
2018-11-30 00:00:00-05:00,159.53489719508022,161.19906782246065,158.8678354648319,160.798828125,1971825,0.0,0.0
2018-12-03 00:00:00-05:00,163.36873325139035,164.65371210642874,160.28616684078125,161.52902221679688,1819182,0.0,0.0
2018-12-04 00:00:00-05:00,159.39446157496107,159.78066008114396,149.4235195331991,151.3334503173828,4740124,0.0,0.0
2018-12-06 00:00:00-05:00,148.86175168966037,151.18596286889345,147.10631393691315,151.0104217529297,2789892,0.0,0.0
2018-12-07 00:00:00-05:00,151.21468508230146,153.15151799963837,140.94588567103966,141.84036254882812,3848465,0.523771,0.0
2018-12-10 00:00:00-05:00,139.95278774198815,139.96688480636843,132.7688597168464,135.88189697265625,7306139,0.0,0.0
2018-12-11 00:00:00-05:00,137.60046642302956,138.39633075082773,131.72654916762232,133.57183837890625,5689489,0.0,0.0
2018-12-12 00:00:00-05:00,135.50164217772266,136.01579186535758,132.1139304113395,132.5998992919922,4572713,0.0,0.0
2018-12-13 00:00:00-05:00,133.13512505507057,133.43093672868324,129.27552957888557,131.8321533203125,5205747,0.0,0.0
2018-12-14 00:00:00-05:00,130.40244178587764,132.93794045960993,128.958619115973,129.6699676513672,3174726,0.0,0.0
2018-12-17 00:00:00-05:00,128.965644384142,131.12081531206488,127.67675627717459,128.3176727294922,4221882,0.0,0.0
2018-12-18 00:00:00-05:00,129.26146527980632,131.09971257165057,128.85297032724162,130.30384826660156,5337293,0.0,0.0
2018-12-19 00:00:00-05:00,119.1827926922178,120.88017539406111,114.44985968601566,114.45690155029297,18973029,0.0,0.0
2018-12-20 00:00:00-05:00,114.0906811739183,116.20360098303243,111.51996007229941,112.49189758300781,8131901,0.0,0.0
2018-12-21 00:00:00-05:00,111.28753655553116,112.5412020203736,108.92811147696438,111.2804946899414,8649025,0.0,0.0
2018-12-24 00:00:00-05:00,110.54096703543041,111.09032588431432,107.4842773718012,107.54766082763672,3642583,0.0,0.0
2018-12-26 00:00:00-05:00,108.46327297724262,112.79475402832031,106.30809525054129,112.79475402832031,4347347,0.0,0.0
2018-12-27 00:00:00-05:00,111.63263594522262,113.40748596191406,109.36476870078945,113.40748596191406,3574328,0.0,0.0
2018-12-28 00:00:00-05:00,114.28081372317266,115.3584056622937,111.49881057283534,111.97069549560547,3569985,0.0,0.0
2018-12-31 00:00:00-05:00,112.37920805339056,113.85121130468234,111.91436492140369,113.6258316040039,2699547,0.0,0.0
2019-01-02 00:00:00-05:00,111.64673393808616,115.06967417338268,110.97764333037934,114.93585205078125,2637994,0.0,0.0
2019-01-03 00:00:00-05:00,113.94979489970498,114.8513135769713,110.54799427224734,110.7099838256836,3764325,0.0,0.0
2019-01-04 00:00:00-05:00,112.82995057123162,116.19653517328088,112.33694005175727,115.80916595458984,3646803,0.0,0.0
2019-01-07 00:00:00-05:00,116.13317755264298,117.51362339766298,114.20337278348117,117.42910766601562,3709845,0.0,0.0
2019-01-08 00:00:00-05:00,118.81657033686504,119.3236646198799,116.42896474462451,117.6333236694336,3239879,0.0,0.0
2019-01-09 00:00:00-05:00,118.07705181902169,120.59142454035323,117.68968253864384,120.14772033691406,3413867,0.0,0.0
2019-01-10 00:00:00-05:00,119.07714987791708,120.168825543125,118.27424399186573,119.81666564941406,2430499,0.0,0.0
2019-01-11 00:00:00-05:00,119.37299009905614,120.53509802121391,117.76012273978252,120.429443359375,3519972,0.0,0.0
2019-01-14 00:00:00-05:00,119.64058126540934,121.91548995596348,119.11234814230792,120.82381439208984,2761225,0.0,0.0
2019-01-15 00:00:00-05:00,120.76750378293858,121.598577215814,119.04194012203216,120.1758804321289,2687261,0.0,0.0
2019-01-16 00:00:00-05:00,120.57032506538373,122.71141270096261,120.39425171893886,120.6900634765625,2907415,0.0,0.0
2019-01-17 00:00:00-05:00,120.40830452002953,123.25369814727935,120.24631494901608,122.0352554321289,2221018,0.0,0.0
2019-01-18 00:00:00-05:00,123.38044412768096,126.20471137527994,122.93672672846476,124.5988998413086,3812476,0.0,0.0
2019-01-22 00:00:00-05:00,124.17635263355942,124.46512247361454,122.56348532026796,123.8875961303711,2613422,0.0,0.0
2019-01-23 00:00:00-05:00,124.54962891217247,124.71866034945215,120.6336850466849,122.32401275634766,2299697,0.0,0.0
2019-01-24 00:00:00-05:00,122.10570627646291,122.7466227943926,120.99289136595154,122.61984252929688,2022954,0.0,0.0
2019-01-25 00:00:00-05:00,123.88052009014699,125.05671151267461,122.61981295689426,123.50724792480469,2443033,0.0,0.0
2019-01-28 00:00:00-05:00,122.1972458313632,122.78181399662036,120.936538580207,122.52122497558594,1682176,0.0,0.0
2019-01-29 00:00:00-05:00,122.54936119861692,122.76065710976386,121.506992043311,122.2535629272461,1352938,0.0,0.0
2019-01-30 00:00:00-05:00,123.338222965877,125.52862994245926,121.95779057785757,124.99335479736328,1939311,0.0,0.0
2019-01-31 00:00:00-05:00,125.86665704155716,125.86665704155716,124.36648669095212,125.06375122070312,2314589,0.0,0.0
2019-02-01 00:00:00-05:00,125.57794281032905,126.8597892818824,125.40891133508151,126.28929138183594,2249313,0.0,0.0
2019-02-04 00:00:00-05:00,126.20472100662049,128.70500939297784,125.57788844411091,128.69796752929688,2103123,0.0,0.0
2019-02-05 00:00:00-05:00,128.8881618082121,129.81784802920168,128.24019019739583,129.4022979736328,2073463,0.0,0.0
2019-02-06 00:00:00-05:00,129.1628522229448,130.31791829220603,128.7895666431123,129.4586639404297,1843257,0.0,0.0
2019-02-07 00:00:00-05:00,128.72612556080327,129.19802375092408,126.73998672658968,127.74010467529297,2300442,0.0,0.0
2019-02-08 00:00:00-05:00,126.80340782375629,126.90200726903345,122.38739833856046,124.83135223388672,3054597,0.0,0.0
2019-02-11 00:00:00-05:00,125.22577765105922,127.64859289151534,125.12012299196577,127.54293823242188,2041073,0.0,0.0
2019-02-12 00:00:00-05:00,128.6275708927688,131.16308263096116,128.14864400971248,130.6137237548828,2258000,0.0,0.0
2019-02-13 00:00:00-05:00,131.07152043586782,131.73356247540036,130.38129759799656,130.7334442138672,1693220,0.0,0.0
2019-02-14 00:00:00-05:00,129.9727798588592,130.45172002684978,128.86702036098671,129.53611755371094,1932113,0.0,0.0
2019-02-15 00:00:00-05:00,126.07096105492654,126.42312109684585,124.63418009238288,126.28225708007812,5870799,0.0,0.0
2019-02-19 00:00:00-05:00,126.18362017301789,128.04299263431577,126.02163060284715,126.9513168334961,2278972,0.0,0.0
2019-02-20 00:00:00-05:00,127.46548501014502,128.90227924413077,126.9583905771164,128.12049865722656,1755643,0.0,0.0
2019-02-21 00:00:00-05:00,128.02889591560236,129.21212917906175,127.77533545161054,128.38104248046875,1282946,0.0,0.0
2019-02-22 00:00:00-05:00,128.2331551422717,128.38106098863514,124.02844132955755,127.12035369873047,2510915,0.0,0.0
2019-02-25 00:00:00-05:00,128.14160337950952,129.3459624643771,127.25418159786325,127.52885437011719,2051249,0.0,0.0
2019-02-26 00:00:00-05:00,127.35980819560321,129.56428533192047,127.13442850918993,127.97959899902344,2001237,0.0,0.0
2019-02-27 00:00:00-05:00,127.52887259379558,128.35291770204583,126.70484082241407,128.05006408691406,1199054,0.0,0.0
2019-02-28 00:00:00-05:00,127.80351707343873,127.9302839693912,126.9231239818433,127.47953796386719,1564405,0.0,0.0
2019-03-01 00:00:00-05:00,128.19795555498158,129.90238051346606,128.18387182318483,128.747314453125,1828365,0.0,0.0
2019-03-04 00:00:00-05:00,129.64176883645112,130.51510685079714,126.7048175032321,127.57815551757812,2103247,0.0,0.0
2019-03-05 00:00:00-05:00,127.08508192548642,127.58514753110936,125.75394315947445,126.78224182128906,1829855,0.0,0.0
2019-03-06 00:00:00-05:00,127.19075257790763,127.31047759478353,124.90880202510768,125.49337005615234,1789398,0.0,0.0
2019-03-07 00:00:00-05:00,124.09888917520615,124.39470090572658,121.19714681071014,121.74650573730469,4646180,0.0,0.0
2019-03-08 00:00:00-05:00,120.0780371675367,122.03633072545325,118.4944380565581,121.44247436523438,2555343,0.523771,0.0
2019-03-11 00:00:00-04:00,121.661632256868,124.86418597817664,121.49903128498374,124.7439956665039,2088851,0.0,0.0
2019-03-12 00:00:00-04:00,125.13285379100071,125.98121443618552,124.12189213910283,125.25304412841797,1869070,0.0,0.0
2019-03-13 00:00:00-04:00,126.03776782547693,127.32443891227005,125.4509932249564,126.92147064208984,1517619,0.0,0.0
2019-03-14 00:00:00-04:00,126.7164696736202,126.92148135464059,125.4863460386716,126.60334777832031,1510297,0.0,0.0
2019-03-15 00:00:00-04:00,126.88613006782877,128.55456411309572,125.54996646526398,125.82567596435547,3079542,0.0,0.0
2019-03-18 00:00:00-04:00,125.93173529268385,128.9646068604651,125.93173529268385,128.95046997070312,2767802,0.0,0.0
2019-03-19 00:00:00-04:00,129.9543541922483,130.78857788979414,127.73448781132801,128.2505645751953,5307757,0.0,0.0
2019-03-20 00:00:00-04:00,122.12822688771813,124.26325818786908,119.94370309798107,123.76838684082031,11526160,0.0,0.0
2019-03-21 00:00:00-04:00,123.33004364000374,126.7871142439726,121.94440140878281,126.53966522216797,3916720,0.0,0.0
2019-03-22 00:00:00-04:00,125.52168521102188,125.93173533750257,122.89885038143571,123.00489044189453,3027420,0.0,0.0
2019-03-25 00:00:00-04:00,122.95541186431865,123.62702122883259,121.15265050541373,121.64752197265625,2297091,0.0,0.0
2019-03-26 00:00:00-04:00,122.48175707818027,123.88861871617758,121.9303246133335,123.82498931884766,1775251,0.0,0.0
2019-03-27 00:00:00-04:00,123.80374999156759,124.77230090705383,123.42906888992653,124.48950958251953,1950728,0.0,0.0
2019-03-28 00:00:00-04:00,123.61290648274786,126.0236616337949,123.61290648274786,125.76915740966797,2521092,0.0,0.0
2019-03-29 00:00:00-04:00,126.56092523413216,128.7312991171013,126.48315895861191,128.2505645751953,2694832,0.0,0.0
2019-04-01 00:00:00-04:00,128.8585564891281,132.20250630013012,128.82321426755115,131.8136749267578,2905057,0.0,0.0
2019-04-02 00:00:00-04:00,131.8560514579724,131.96210486965865,129.85534755452656,130.102783203125,1927273,0.0,0.0
2019-04-03 00:00:00-04:00,131.20567338376696,132.90946287536315,130.27954659011078,130.92288208007812,1568500,0.0,0.0
2019-04-04 00:00:00-04:00,130.64717128179885,132.73271027012711,130.64717128179885,132.67616271972656,1617147,0.0,0.0
2019-04-05 00:00:00-04:00,132.85996123037816,134.58495593478136,132.38629520036596,134.252685546875,2856037,0.0,0.0
2019-04-08 00:00:00-04:00,133.71539683014106,135.42625473338347,133.1922382830526,135.2989959716797,1979395,0.0,0.0
2019-04-09 00:00:00-04:00,134.25274370526495,134.6274383030024,133.51042295623702,134.2880859375,1781456,0.0,0.0
2019-04-10 00:00:00-04:00,134.32341525785594,135.5606073392007,133.9699260686689,135.03038024902344,1327125,0.0,0.0
2019-04-11 00:00:00-04:00,135.27782068526503,136.44431496927797,135.00209776940423,135.64544677734375,1912505,0.0,0.0
2019-04-12 00:00:00-04:00,137.1512619877304,139.2580198678092,136.57154245084666,139.23680114746094,2049139,0.0,0.0
2019-04-15 00:00:00-04:00,139.2721499690825,139.95084108142913,138.24705155012833,138.69244384765625,2270410,0.0,0.0
2019-04-16 00:00:00-04:00,138.74192540531763,140.38208558204127,138.47328436557365,139.43475341796875,1809254,0.0,0.0
2019-04-17 00:00:00-04:00,140.31848894182994,140.9123454875992,139.21562397443674,140.0215606689453,1385825,0.0,0.0
2019-04-18 00:00:00-04:00,140.31138967964003,140.91231453923984,139.85186047961724,140.0851593017578,1727100,0.0,0.0
2019-04-22 00:00:00-04:00,139.32871866757233,139.63271532688987,137.99962353221454,138.55105590820312,1898234,0.0,0.0
2019-04-23 00:00:00-04:00,138.22587245471027,138.62177233192386,137.6037421637736,137.9501495361328,2143703,0.0,0.0
2019-04-24 00:00:00-04:00,137.92891699225586,140.1982757400058,137.54008563712102,139.88014221191406,1876020,0.0,0.0
2019-04-25 00:00:00-04:00,138.39555601909396,138.501596097778,133.35488378240424,133.52456665039062,3830471,0.0,0.0
2019-04-26 00:00:00-04:00,130.958254431163,131.8773128984596,129.29688877757712,130.10989379882812,4514882,0.0,0.0
2019-04-29 00:00:00-04:00,130.44216852906166,132.42874964349028,129.48776780659418,131.94093322753906,1826007,0.0,0.0
2019-04-30 00:00:00-04:00,132.16009435421932,134.78294260048412,131.1844883028581,133.941650390625,1939435,0.0,0.0
2019-05-01 00:00:00-04:00,134.13247759255827,134.2102438467676,131.2268524169922,131.2268524169922,1778229,0.0,0.0
2019-05-02 00:00:00-04:00,131.04313501490924,132.96607395975192,129.2403730605139,132.2308349609375,1833329,0.0,0.0
2019-05-03 00:00:00-04:00,133.418517335926,134.7334759336832,132.7327575581697,132.95191955566406,1525437,0.0,0.0
2019-05-06 00:00:00-04:00,129.52313066896397,131.65817624314312,128.39199186667227,131.21278381347656,1601262,0.0,0.0
2019-05-07 00:00:00-04:00,129.55846921842738,129.70693334209048,125.91759074049432,127.72035217285156,2671004,0.0,0.0
2019-05-08 00:00:00-04:00,127.29616901006216,128.02433929633975,126.05190855213957,126.85077667236328,2517989,0.0,0.0
2019-05-09 00:00:00-04:00,125.40149183206753,127.02044662962344,124.38346186853286,126.94268035888672,1987337,0.0,0.0
2019-05-10 00:00:00-04:00,126.37711639229681,126.92854881277815,123.5846120648878,125.8398208618164,1831344,0.0,0.0
2019-05-13 00:00:00-04:00,122.17068489762774,122.84229428572988,120.74260461785187,121.81012725830078,2210717,0.0,0.0
2019-05-14 00:00:00-04:00,122.0222202346373,123.25939894071897,120.70726185769772,121.49906158447266,2790637,0.0,0.0
2019-05-15 00:00:00-04:00,120.27597746019617,122.50292537007041,118.38838177105909,121.97976684570312,2872791,0.0,0.0
2019-05-16 00:00:00-04:00,122.33326108638013,126.85075969936334,122.21307076859178,124.26326751708984,3322033,0.0,0.0
2019-05-17 00:00:00-04:00,121.56972102113731,123.16745686025163,119.93662958032795,120.12751770019531,2773759,0.0,0.0
2019-05-20 00:00:00-04:00,118.9327465061086,120.07803515856781,118.28941105143736,118.91860961914062,2075945,0.0,0.0
2019-05-21 00:00:00-04:00,119.83058377046378,120.11336163437409,118.38836713187447,118.7630615234375,2344870,0.0,0.0
2019-05-22 00:00:00-04:00,117.89352111779914,117.99249272203708,114.47887359314588,114.52836608886719,3750054,0.0,0.0
2019-05-23 00:00:00-04:00,113.18514782543797,113.856770578544,111.82070367804224,113.53155517578125,3100266,0.0,0.0
2019-05-24 00:00:00-04:00,114.3516334990393,114.53543982786485,112.18124622631436,113.06494903564453,1673613,0.0,0.0
2019-05-28 00:00:00-04:00,112.39334838778252,113.25584593042726,110.85922809043956,112.0186538696289,3137744,0.0,0.0
2019-05-29 00:00:00-04:00,111.48134499037329,113.6305268382193,110.4421096741503,112.81044006347656,2538962,0.0,0.0
2019-05-30 00:00:00-04:00,112.95891714035874,114.3233545906999,110.99355477492729,111.70758819580078,2072966,0.0,0.0
2019-05-31 00:00:00-04:00,109.50891960155288,110.81680271080057,108.72418839728371,109.07060241699219,2373288,0.0,0.0
2019-06-03 00:00:00-04:00,106.86485021392295,109.86945405596583,106.52551138307128,107.6990737915039,4862983,0.0,0.0
2019-06-04 00:00:00-04:00,108.88679195798727,113.03667846057965,108.66763001374427,112.8245849609375,3542435,0.0,0.0
2019-06-05 00:00:00-04:00,113.82139753801543,114.17488666636662,111.53790194664077,112.11761474609375,2781081,0.0,0.0
2019-06-06 00:00:00-04:00,111.91259539167046,112.12468887944335,110.00379416332918,110.88749694824219,1967357,0.0,0.0
2019-06-07 00:00:00-04:00,111.1561445835921,112.71853849565451,110.46331656725246,111.71464538574219,2642710,0.0,0.0
2019-06-10 00:00:00-04:00,112.95892150881149,115.94231409049362,112.90236056012935,114.41527557373047,2549635,0.0,0.0
2019-06-11 00:00:00-04:00,115.56052500912563,115.87159007579687,112.30142363986897,112.7185287475586,2304661,0.0,0.0
2019-06-12 00:00:00-04:00,112.21660090734954,114.5354457124314,111.75707167447082,114.0829849243164,1753037,0.0,0.0
2019-06-13 00:00:00-04:00,115.23532147046245,117.27138126299914,115.14341831788329,117.12291717529297,2779344,0.0,0.0
2019-06-14 00:00:00-04:00,116.7906525247441,116.98859572661567,114.71216858186719,116.33112335205078,1973438,0.0,0.0
2019-06-17 00:00:00-04:00,116.27456021971874,116.64925467208069,115.27774901092705,115.74434661865234,1629929,0.0,0.0
2019-06-18 00:00:00-04:00,116.65633960152255,119.56196570126649,116.44425948600667,117.59660339355469,2710716,0.0,0.0
2019-06-19 00:00:00-04:00,117.83695568453503,118.3813195678925,117.12292237546689,117.75212097167969,1996149,0.0,0.0
2019-06-20 00:00:00-04:00,119.0458833218774,119.85888829664016,117.91473141437567,119.12364959716797,2590463,0.0,0.0
2019-06-21 00:00:00-04:00,119.03846505270327,119.27266729109107,117.19323040878314,117.349365234375,3136628,0.523771,0.0
2019-06-24 00:00:00-04:00,116.39127965069734,117.08679061470508,113.96409381264843,114.19120025634766,4422552,0.0,0.0
2019-06-25 00:00:00-04:00,113.53118424193065,113.55247169175098,110.699462890625,110.699462890625,5948237,0.0,0.0
2019-06-26 00:00:00-04:00,111.03300954190237,114.44667467980749,108.94648364808896,113.49567413330078,7753272,0.0,0.0
2019-06-27 00:00:00-04:00,113.83634892935895,116.63966662953202,113.58084579593921,115.90158081054688,4294977,0.0,0.0
2019-06-28 00:00:00-04:00,116.55452157422782,118.08748685762323,116.39129090189097,116.52613830566406,6591820,0.0,0.0
2019-07-01 00:00:00-04:00,119.24430150074662,119.24430150074662,114.65962384372553,115.66030883789062,2912379,0.0,0.0
2019-07-02 00:00:00-04:00,115.73127360071311,115.84482011519833,113.20473262270144,113.4034423828125,2308508,0.0,0.0
2019-07-03 00:00:00-04:00,113.82923826626464,114.63830911367678,113.08405664046266,114.56024169921875,1465125,0.0,0.0
2019-07-05 00:00:00-04:00,114.31897959890757,115.26998050343434,113.21184381635254,114.95061492919922,1396497,0.0,0.0
2019-07-08 00:00:00-04:00,113.7369817756841,114.77315907380756,112.87114438124296,114.13441467285156,1968598,0.0,0.0
2019-07-09 00:00:00-04:00,113.13375783828253,113.50988989631024,112.62276493981221,112.97762298583984,1511538,0.0,0.0
2019-07-10 00:00:00-04:00,115.09252102445943,115.5538162524318,113.38213373635908,113.54536437988281,2578302,0.0,0.0
2019-07-11 00:00:00-04:00,113.6305433881388,115.93707360446265,113.38214948041741,115.39769744873047,3101259,0.0,0.0
2019-07-12 00:00:00-04:00,116.83840255055476,119.54236568238514,116.61129609552547,118.85395050048828,4108703,0.0,0.0
2019-07-15 00:00:00-04:00,118.88235671630075,119.83335751334353,118.00232753207216,119.15913391113281,2509054,0.0,0.0
2019-07-16 00:00:00-04:00,119.81207121789912,122.7502368849604,119.81207121789912,120.50047302246094,3405428,0.0,0.0
2019-07-17 00:00:00-04:00,120.34433688118145,120.49337592404083,116.91647921255982,117.13648986816406,3815951,0.0,0.0
2019-07-18 00:00:00-04:00,116.84549725051954,118.16554762817674,116.2209578649203,117.37068176269531,2086866,0.0,0.0
2019-07-19 00:00:00-04:00,117.93134969506718,119.84754282277297,117.91715806106296,118.61265563964844,2565395,0.0,0.0
2019-07-22 00:00:00-04:00,119.61333310669495,121.45145869403078,119.40041829272923,120.33013153076172,2644199,0.0,0.0
2019-07-23 00:00:00-04:00,121.35921115098256,123.45284008928293,121.35921115098256,123.32508850097656,3557202,0.0,0.0
2019-07-24 00:00:00-04:00,124.04898029554542,126.68198536358287,123.7863947460697,124.9148178100586,3324763,0.0,0.0
2019-07-25 00:00:00-04:00,124.62386150510082,125.44711076068441,123.93544622681439,124.81547546386719,2464254,0.0,0.0
2019-07-26 00:00:00-04:00,124.76579671774302,124.85095996494704,123.34639134561205,124.15544891357422,2485971,0.0,0.0
2019-07-29 00:00:00-04:00,123.86447225019153,124.22642614647052,121.8560198741102,122.4947509765625,1723873,0.0,0.0
2019-07-30 00:00:00-04:00,121.74246633783925,122.73605557133612,120.35855335584463,122.34571838378906,1521838,0.0,0.0
2019-07-31 00:00:00-04:00,122.3811795355499,123.48121931748132,119.64172380622395,121.02565002441406,1843381,0.0,0.0
2019-08-01 00:00:00-04:00,120.76304801491902,121.69276118396897,115.46155958214224,115.90158081054688,3771647,0.0,0.0
2019-08-02 00:00:00-04:00,115.52543776619625,116.95903453775139,114.49636971223472,116.19966125488281,2431243,0.0,0.0
2019-08-05 00:00:00-04:00,113.6163460379771,113.66601675359401,110.0181488678733,111.6078872680664,3972069,0.0,0.0
2019-08-06 00:00:00-04:00,112.95632742729417,115.67449583930731,112.53051119100982,114.39703369140625,3477406,0.0,0.0
2019-08-07 00:00:00-04:00,112.00532694481876,114.16992068676625,110.16719453851869,114.02088165283203,2976787,0.0,0.0
2019-08-08 00:00:00-04:00,115.03575193830481,117.24292718161783,114.62412738262009,116.55451202392578,2225485,0.0,0.0
2019-08-09 00:00:00-04:00,116.19256908443506,116.34870392342604,113.85054649957057,115.06413269042969,1576318,0.0,0.0
2019-08-12 00:00:00-04:00,114.2834571741395,114.42540037868038,112.42403748007841,112.70792388916016,1132040,0.0,0.0
2019-08-13 00:00:00-04:00,113.29699224686378,116.10740624453636,111.6504804248602,113.9215316772461,2277235,0.0,0.0
2019-08-14 00:00:00-04:00,111.97693066377062,112.16145549158082,109.52136152844015,110.04653930664062,2095304,0.0,0.0
2019-08-15 00:00:00-04:00,110.29494245473273,110.35172243090946,107.49871341493335,108.4568099975586,2325634,0.0,0.0
2019-08-16 00:00:00-04:00,109.42198574695296,111.35947266935023,109.2871450914986,110.7136459350586,1936456,0.0,0.0
2019-08-19 00:00:00-04:00,112.46663489506052,113.01310690197035,111.77822638319587,112.35308837890625,1809750,0.0,0.0
2019-08-20 00:00:00-04:00,111.82080173066376,112.11177726108546,110.22396742299588,110.60011291503906,1351573,0.0,0.0
2019-08-21 00:00:00-04:00,111.96984294535518,112.70083305387192,111.43756259258879,112.26081848144531,1296100,0.0,0.0
2019-08-22 00:00:00-04:00,112.31761666545329,112.83569874856713,110.54335301494454,112.20406341552734,1434968,0.0,0.0
2019-08-23 00:00:00-04:00,111.07561328442729,111.55820946933713,107.2503161702299,107.85356140136719,3482867,0.0,0.0
2019-08-26 00:00:00-04:00,108.74069921147674,109.81234905425077,107.6335568430446,108.22261047363281,1577063,0.0,0.0
2019-08-27 00:00:00-04:00,108.605830861986,109.37231337544534,105.60379002982309,106.12187194824219,2245714,0.0,0.0
2019-08-28 00:00:00-04:00,105.84510259812552,109.61362646031894,104.90829349527198,108.7123031616211,2562541,0.0,0.0
2019-08-29 00:00:00-04:00,110.00395846200118,112.48082178392372,109.91879522380427,111.74272918701172,2090589,0.0,0.0
2019-08-30 00:00:00-04:00,112.48082339388492,113.77248377708787,112.2466211257296,112.56598663330078,1429012,0.0,0.0
2019-09-03 00:00:00-04:00,110.56462622120586,111.60079019093148,109.23038418701265,110.26654815673828,1576815,0.0,0.0
2019-09-04 00:00:00-04:00,111.8066159718474,113.25440460263455,111.5795095013037,112.88536834716797,1564156,0.0,0.0
2019-09-05 00:00:00-04:00,114.30478651608871,117.3564989781512,114.056379126783,116.6609878540039,2629927,0.0,0.0
2019-09-06 00:00:00-04:00,116.8533203416988,117.43758154644908,115.15752860627543,115.33565521240234,1754029,0.523771,0.0
2019-09-09 00:00:00-04:00,116.21208782925787,119.43980710217379,116.10521453273465,119.29017639160156,2819056,0.0,0.0
2019-09-10 00:00:00-04:00,119.22604451419885,122.90977982845217,118.91253512575176,122.73877716064453,2987459,0.0,0.0
2019-09-11 00:00:00-04:00,123.12351951606088,123.9500503540039,120.9075819607562,123.9500503540039,2038591,0.0,0.0
2019-09-12 00:00:00-04:00,124.04264547402894,124.4630415232562,122.13309376804547,123.62938690185547,1886941,0.0,0.0
2019-09-13 00:00:00-04:00,124.61986405554153,125.58177801372172,123.27320070497406,124.04985046386719,1807392,0.0,0.0
2019-09-16 00:00:00-04:00,122.82429831609609,124.65547354235254,121.84813656686106,123.67218780517578,1919082,0.0,0.0
2019-09-17 00:00:00-04:00,122.81715104173261,124.29205912924958,121.94075227465187,123.47978973388672,5030269,0.0,0.0
2019-09-18 00:00:00-04:00,109.22939712960347,110.1342987214314,105.80929614697972,107.52647399902344,28310188,0.0,0.0
2019-09-19 00:00:00-04:00,107.0348230632978,108.73062207809599,106.52180829198238,108.62374877929688,6897230,0.0,0.0
2019-09-20 00:00:00-04:00,109.27214372321663,109.27214372321663,105.77366551481813,106.00880432128906,6957667,0.0,0.0
2019-09-23 00:00:00-04:00,105.12527697519361,106.23680792164409,103.64323796199308,103.79286193847656,5068865,0.0,0.0
2019-09-24 00:00:00-04:00,103.9781100408861,105.1822729559246,101.52704028952454,102.06855773925781,6828727,0.0,0.0
2019-09-25 00:00:00-04:00,101.99729433471015,105.3247625611532,101.99729433471015,104.76899719238281,4407039,0.0,0.0
2019-09-26 00:00:00-04:00,104.9328915410233,105.08252225794594,102.93783780272166,103.42947387695312,2523201,0.0,0.0
2019-09-27 00:00:00-04:00,103.7928560855686,104.61225627416383,102.538825220868,103.28697204589844,2441916,0.0,0.0
2019-09-30 00:00:00-04:00,103.53633077684087,104.38422673950697,103.28695080185646,103.72158813476562,2101509,0.0,0.0
2019-10-01 00:00:00-04:00,103.73585582486245,104.6265026169345,100.19462712519086,100.92140197753906,4262587,0.0,0.0
2019-10-02 00:00:00-04:00,99.866847703792,101.10663030119645,99.111577070178,100.30860900878906,3401333,0.0,0.0
2019-10-03 00:00:00-04:00,100.1091244966668,101.10665131954482,98.74821362540459,100.97127532958984,2855417,0.0,0.0
2019-10-04 00:00:00-04:00,101.02827578731993,101.93317730419123,100.24450228875425,101.89042663574219,2688130,0.0,0.0
2019-10-07 00:00:00-04:00,101.06390912273808,102.76683222437796,100.55801830888348,101.2420425415039,2207491,0.0,0.0
2019-10-08 00:00:00-04:00,100.3228761653843,100.42263221911172,98.59858127443557,98.60570526123047,2956807,0.0,0.0
2019-10-09 00:00:00-04:00,98.91922826123051,99.58899779750563,98.17108136702747,99.2184829711914,2746085,0.0,0.0
2019-10-10 00:00:00-04:00,99.42509756228726,100.90713630799087,99.1472148758304,100.72188568115234,2173612,0.0,0.0
2019-10-11 00:00:00-04:00,102.01155087716279,104.77612998091126,102.01155087716279,103.70022583007812,4899344,0.0,0.0
2019-10-14 00:00:00-04:00,103.39384723693898,105.23927700527491,102.8808324545653,104.58375549316406,2963756,0.0,0.0
2019-10-15 00:00:00-04:00,105.16801269675467,106.97069160782495,104.86875804012678,106.84956359863281,3955439,0.0,0.0
2019-10-16 00:00:00-04:00,106.8994265038856,108.55959851762225,106.69992117265623,107.42668914794922,4250549,0.0,0.0
2019-10-17 00:00:00-04:00,107.86133544908722,108.6023582036073,107.2200687415714,107.37682342529297,3208481,0.0,0.0
2019-10-18 00:00:00-04:00,107.22006135071528,107.67607739781651,106.3009120168878,106.81392669677734,3461894,0.0,0.0
2019-10-21 00:00:00-04:00,107.36257991603264,109.82077356117021,106.94219049779369,108.33160400390625,4293488,0.0,0.0
2019-10-22 00:00:00-04:00,107.81858068877192,110.21977550377218,106.77117933911533,110.1770248413086,3691975,0.0,0.0
2019-10-23 00:00:00-04:00,110.00602098288229,111.67331703924182,109.50725426468807,111.13892364501953,2698927,0.0,0.0
2019-10-24 00:00:00-04:00,111.36694557694317,111.85145763749671,109.0441278363487,109.76377868652344,2125337,0.0,0.0
2019-10-25 00:00:00-04:00,109.58563216152322,112.74922164239878,109.37900283646579,112.64234161376953,2582025,0.0,0.0
2019-10-28 00:00:00-04:00,113.21948786704095,114.28113720310974,111.98682913261158,112.86322784423828,3223001,0.0,0.0
2019-10-29 00:00:00-04:00,113.24088007672363,113.24088007672363,111.72321440188246,112.58536529541016,1816948,0.0,0.0
2019-10-30 00:00:00-04:00,112.40008766292101,112.40721839525213,109.74238884030311,111.03917694091797,1956064,0.0,0.0
2019-10-31 00:00:00-04:00,110.4406649923128,111.03918104250492,108.03234607255455,108.77336883544922,2619131,0.0,0.0
2019-11-01 00:00:00-04:00,109.84215271204711,111.93696233271575,109.69964599445353,111.52369689941406,2642585,0.0,0.0
2019-11-04 00:00:00-05:00,113.89640464658875,117.58725065756028,113.64702461799878,117.4518814086914,5340768,0.0,0.0
2019-11-05 00:00:00-05:00,117.28089583163664,119.41131911225135,116.14797931842321,117.45902252197266,3115158,0.0,0.0
2019-11-06 00:00:00-05:00,117.25237431906721,117.29513173639639,115.36419381710628,116.26197814941406,2193343,0.0,0.0
2019-11-07 00:00:00-05:00,117.89361604627946,118.86977752564502,116.47569997464714,116.79633331298828,2454946,0.0,0.0
2019-11-08 00:00:00-05:00,116.71086619135944,116.85337293736141,115.14331897014094,116.297607421875,1430253,0.0,0.0
2019-11-11 00:00:00-05:00,115.39980964542453,116.15507363557084,114.95091754773856,115.55656433105469,1319679,0.0,0.0
2019-11-12 00:00:00-05:00,115.67768874425484,116.73935164058658,114.54478598196688,114.87254333496094,1588356,0.0,0.0
2019-11-13 00:00:00-05:00,114.00327958474357,114.0104035720285,111.26007899223922,111.31707763671875,2744968,0.0,0.0
2019-11-14 00:00:00-05:00,111.02493129928858,112.57822341046086,110.78266854231755,111.6376953125,2266314,0.0,0.0
2019-11-15 00:00:00-05:00,112.05809135317438,112.94161412085137,111.40256989102079,112.81336212158203,1981629,0.0,0.0
2019-11-18 00:00:00-05:00,111.95835267813156,112.37874216710826,110.08442681276206,112.25761413574219,2226602,0.0,0.0
2019-11-19 00:00:00-05:00,112.72784761917248,112.74209559091581,110.56178487325641,110.81116485595703,1891656,0.0,0.0
2019-11-20 00:00:00-05:00,110.44066906606164,110.50479169218366,107.98247540466349,108.4954833984375,3072964,0.0,0.0
2019-11-21 00:00:00-05:00,108.65936883113291,109.56427029936576,108.12497538494364,108.360107421875,1979891,0.0,0.0
2019-11-22 00:00:00-05:00,108.52399954672967,111.71609240747297,108.48837286282267,111.54508972167969,2763459,0.0,0.0
2019-11-25 00:00:00-05:00,112.15783440668753,114.24551994312677,111.43106637181207,113.67550659179688,3109698,0.0,0.0
2019-11-26 00:00:00-05:00,113.79665924795808,115.96985345826124,113.02714033673222,115.07208251953125,3436577,0.0,0.0
2019-11-27 00:00:00-05:00,115.25018815794097,115.478196218209,114.15290527082591,115.07918548583984,2042562,0.0,0.0
2019-11-29 00:00:00-05:00,114.79416451736117,115.04354452220532,113.88213233603533,114.03888702392578,979645,0.0,0.0
2019-12-02 00:00:00-05:00,114.33102734286271,116.63959030840603,112.59960174560547,112.59960174560547,3356285,0.0,0.0
2019-12-03 00:00:00-05:00,109.88489603086005,110.06302266974248,107.6048291790116,107.6903305053711,4673730,0.0,0.0
2019-12-04 00:00:00-05:00,108.75912212750158,110.93230917909403,108.56674074966229,109.6355209350586,2855293,0.0,0.0
2019-12-05 00:00:00-05:00,110.32666100205061,110.36228768023615,108.5453608237698,109.68539428710938,2020596,0.0,0.0
2019-12-06 00:00:00-05:00,110.9089902803646,112.54757887782702,110.83743477309238,112.0610122680664,3023324,0.523771,0.0
2019-12-09 00:00:00-05:00,111.7676202317665,112.68351298078517,111.63882440178082,111.98944091796875,2144696,0.0,0.0
2019-12-10 00:00:00-05:00,111.98227905720263,113.155763385859,111.28104607283132,112.34004974365234,2027298,0.0,0.0
2019-12-11 00:00:00-05:00,112.51892890879682,114.14321550827111,111.90356659527191,113.82837677001953,2079916,0.0,0.0
2019-12-12 00:00:00-05:00,113.99296145603955,118.65114168794328,113.59225202523442,117.98567962646484,3707239,0.0,0.0
2019-12-13 00:00:00-05:00,118.52232251386111,120.11797872001078,117.28443019537809,118.54378509521484,3595425,0.0,0.0
2019-12-16 00:00:00-05:00,119.44540744784871,120.47578776810509,115.56001527249886,117.42041778564453,6269656,0.0,0.0
2019-12-17 00:00:00-05:00,115.55998801955049,117.90695658187651,115.21651896072463,116.79786682128906,7355283,0.0,0.0
2019-12-18 00:00:00-05:00,108.34734126172748,109.31332700169568,104.67660899946067,105.08447265625,26732257,0.0,0.0
2019-12-19 00:00:00-05:00,105.23472183781647,106.48691584928139,104.64082209357957,105.19894409179688,7230438,0.0,0.0
2019-12-20 00:00:00-05:00,106.1577659646074,106.2937159761146,104.94849714993781,105.98603820800781,6528032,0.0,0.0
2019-12-23 00:00:00-05:00,107.01644149532358,109.30617025395095,106.25796126471356,108.54054260253906,5420316,0.0,0.0
2019-12-24 00:00:00-05:00,108.09689455904987,109.03424988815134,107.6317906044573,107.88938903808594,2230325,0.0,0.0
2019-12-26 00:00:00-05:00,107.97525414720145,109.32047311354935,107.69619312624661,109.11296081542969,3290263,0.0,0.0
2019-12-27 00:00:00-05:00,109.52798823437986,110.272153280403,108.84107030140804,109.14159393310547,3342013,0.0,0.0
2019-12-30 00:00:00-05:00,109.54943524212283,109.69254622959365,107.28832364387684,107.43143463134766,3242237,0.0,0.0
2019-12-31 00:00:00-05:00,106.77313108348291,108.4546580478262,106.43682975549734,108.19705963134766,2672369,0.0,0.0
2020-01-02 00:00:00-05:00,109.06285863575188,110.98051452636719,108.47611312612477,110.98051452636719,3757252,0.0,0.0
2020-01-03 00:00:00-05:00,109.12010771281516,109.7211616208358,108.64784961905504,109.60667419433594,2750677,0.0,0.0
2020-01-06 00:00:00-05:00,108.22568255021987,109.87143175890537,107.45290085491385,109.69254302978516,2965618,0.0,0.0
2020-01-07 00:00:00-05:00,109.73548889955121,111.066399533774,109.00563905162645,110.765869140625,2655864,0.0,0.0
2020-01-08 00:00:00-05:00,110.60128946232979,112.87670954654378,110.14333970271647,112.43307495117188,3789021,0.0,0.0
2020-01-09 00:00:00-05:00,113.01982938530493,113.27742783894905,112.04668945736935,113.09138488769531,2780088,0.0,0.0
2020-01-10 00:00:00-05:00,113.1056745893392,113.36327300041928,111.72467801069477,112.0752944946289,3039954,0.0,0.0
2020-01-13 00:00:00-05:00,112.13970265637606,114.15037683541674,112.13254846184238,113.97148132324219,2463757,0.0,0.0
2020-01-14 00:00:00-05:00,113.87845701126633,117.70661480817269,113.49922374849078,116.01077270507812,6300061,0.0,0.0
2020-01-15 00:00:00-05:00,116.64760346328347,116.64760346328347,113.53500060116349,113.87845611572266,3688004,0.0,0.0
2020-01-16 00:00:00-05:00,114.90883643587068,115.53851391354566,113.65664244942572,114.15752410888672,2908532,0.0,0.0
2020-01-17 00:00:00-05:00,114.05021632272357,115.33103407009851,113.45630971830015,114.47238159179688,2291010,0.0,0.0
2020-01-21 00:00:00-05:00,113.84269674226934,113.88562191115696,112.20410158788636,112.71929168701172,3053356,0.0,0.0
2020-01-22 00:00:00-05:00,112.69066941896884,113.66380923649868,111.24527146900907,111.29536437988281,2371675,0.0,0.0
2020-01-23 00:00:00-05:00,110.90896874052669,111.15225199815849,109.28468885005051,110.82310485839844,2555343,0.0,0.0
2020-01-24 00:00:00-05:00,111.36692094895979,111.36692094895979,108.98416753546512,110.24352264404297,2449238,0.0,0.0
2020-01-27 00:00:00-05:00,107.40996946645964,107.46006237891318,105.54956720554304,106.25079345703125,4180184,0.0,0.0
2020-01-28 00:00:00-05:00,107.15238796688057,107.29549897350533,105.26335519850345,106.18640899658203,2717790,0.0,0.0
2020-01-29 00:00:00-05:00,106.73018913551,107.38133592249379,105.83576589296034,105.9430923461914,3129306,0.0,0.0
2020-01-30 00:00:00-05:00,104.46908650854026,106.1863912010129,102.58006083154748,106.08621215820312,4194828,0.0,0.0
2020-01-31 00:00:00-05:00,105.25620184628002,105.39215865862387,102.74465243850152,103.4959716796875,4078174,0.0,0.0
2020-02-03 00:00:00-05:00,104.11133793680483,105.47087223620333,102.75181041221285,102.92353820800781,2467604,0.0,0.0
2020-02-04 00:00:00-05:00,104.73385527342076,106.07192013319606,104.46910262461435,105.54957580566406,3193962,0.0,0.0
2020-02-05 00:00:00-05:00,106.97348672287274,107.93947235522963,106.48692019682952,107.29548645019531,2499002,0.0,0.0
2020-02-06 00:00:00-05:00,108.31871058913228,108.31871058913228,106.2507959841369,106.3509750366211,2118139,0.0,0.0
2020-02-07 00:00:00-05:00,105.3992961604114,112.6548889640693,104.76961866563968,111.3812255859375,8106957,0.0,0.0
2020-02-10 00:00:00-05:00,113.6280313350532,114.69419606717871,111.7676222496073,112.1826400756836,4900213,0.0,0.0
2020-02-11 00:00:00-05:00,113.2488001668533,114.17184714468257,112.24703671941077,113.05560302734375,2502849,0.0,0.0
2020-02-12 00:00:00-05:00,113.91425211129156,114.35072574254595,112.50463184140303,113.42052459716797,1994908,0.0,0.0
2020-02-13 00:00:00-05:00,112.90531517880471,115.79611072159915,111.96795322421144,115.53850555419922,3256880,0.0,0.0
2020-02-14 00:00:00-05:00,114.81582478778034,115.4097313281892,113.05559484927618,113.49922943115234,2083639,0.0,0.0
2020-02-18 00:00:00-05:00,113.99295279190186,115.13781356499521,111.90356900887672,113.46344757080078,2387684,0.0,0.0
2020-02-19 00:00:00-05:00,113.77113599002548,115.69593949693022,113.64949435937815,115.3023910522461,2108831,0.0,0.0
2020-02-20 00:00:00-05:00,115.25230588161759,118.2432603608485,114.12890770967384,117.9999771118164,3229703,0.0,0.0
2020-02-21 00:00:00-05:00,116.8193413895328,117.4490189207772,115.69594312572933,116.81218719482422,2041817,0.0,0.0
2020-02-24 00:00:00-05:00,111.81052342501013,112.85521851019539,109.20595684197099,110.8016128540039,3867328,0.0,0.0
2020-02-25 00:00:00-05:00,111.38124561461703,111.48141790235914,103.61761554754099,104.18289184570312,5241736,0.0,0.0
2020-02-26 00:00:00-05:00,105.48516614750484,106.89478639804214,102.72317275370787,103.41725158691406,3432978,0.0,0.0
2020-02-27 00:00:00-05:00,100.71967249693883,104.10418288934638,97.65714833160912,99.28858947753906,4386935,0.0,0.0
2020-02-28 00:00:00-05:00,96.59813347951061,101.03449273422099,95.92552404202604,101.01302337646484,5449479,0.0,0.0
2020-03-02 00:00:00-05:00,101.73572412509121,101.97901416788311,96.79848971933284,99.99696350097656,5483483,0.0,0.0
2020-03-03 00:00:00-05:00,100.1758404395955,101.72856482485454,94.85221204019156,95.2314453125,5427265,0.0,0.0
2020-03-04 00:00:00-05:00,96.64106916907893,97.64282578244595,94.58030883597795,97.60704803466797,3542683,0.0,0.0
2020-03-05 00:00:00-05:00,94.45866682638551,95.26722630844593,92.12599968436692,92.9703369140625,3909150,0.0,0.0
2020-03-06 00:00:00-05:00,90.43176228044601,93.95554158119168,89.02224511305417,91.8197021484375,4822898,0.523771,0.0
2020-03-09 00:00:00-04:00,86.58437813960767,87.43296736422151,81.87401684289418,83.20442199707031,5023692,0.0,0.0
2020-03-10 00:00:00-04:00,86.39739398467151,87.555207782242,81.88838519341087,86.77853393554688,4424041,0.0,0.0
2020-03-11 00:00:00-04:00,84.41976516920239,85.07417905045422,78.0481902967379,79.83165740966797,5890282,0.0,0.0
2020-03-12 00:00:00-04:00,74.21517992795373,75.63907075881463,69.18120023032175,69.75651550292969,6399217,0.0,0.0
2020-03-13 00:00:00-04:00,73.68302261160794,76.7177966243091,69.03738604004691,76.68183898925781,5305275,0.0,0.0
2020-03-16 00:00:00-04:00,66.16081843899907,71.82044437560084,65.07491302490234,65.07491302490234,5481993,0.0,0.0
2020-03-17 00:00:00-04:00,66.80804862889849,72.02181000546284,63.78047181195875,68.28947448730469,6885937,0.0,0.0
2020-03-18 00:00:00-04:00,65.00301453127337,72.41734121248552,64.57871989204324,71.6838150024414,8684146,0.0,0.0
2020-03-19 00:00:00-04:00,71.08692343759249,83.53522942136611,70.02260205601503,80.31348419189453,5766803,0.0,0.0
2020-03-20 00:00:00-04:00,81.89560393276057,85.36184927428664,76.65307450076773,79.86763000488281,5558687,0.0,0.0
2020-03-23 00:00:00-04:00,79.78132860242172,82.7369902710536,77.12770152559993,80.37101745605469,4881970,0.0,0.0
2020-03-24 00:00:00-04:00,84.8584398155251,87.59116519415447,83.01025442199031,86.32548522949219,3740870,0.0,0.0
2020-03-25 00:00:00-04:00,87.2747731363002,91.28756666629579,82.65070655210083,85.0813980102539,5129301,0.0,0.0
2020-03-26 00:00:00-04:00,85.83645918929051,91.33068381358883,85.58476260961885,90.32389068603516,3367950,0.0,0.0
2020-03-27 00:00:00-04:00,86.3326890008866,89.42498435403375,83.42017501520598,86.71382904052734,3250675,0.0,0.0
2020-03-30 00:00:00-04:00,88.00828474629115,90.33110307933667,85.75737487594282,89.39622497558594,2830721,0.0,0.0
2020-03-31 00:00:00-04:00,88.09458064740622,89.78455549059339,85.76457214107535,87.20285034179688,3280956,0.0,0.0
2020-04-01 00:00:00-04:00,83.42735011009269,85.3977886753462,80.75934307908422,81.60792541503906,3188874,0.0,0.0
2020-04-02 00:00:00-04:00,80.924747850905,84.355041791948,80.24875665451144,83.88040924072266,2899100,0.0,0.0
2020-04-03 00:00:00-04:00,82.87361655965418,83.42016437536115,77.44411645986855,78.54439544677734,3977653,0.0,0.0
2020-04-06 00:00:00-04:00,81.291518168951,86.16009753948926,81.26994767317686,85.59197235107422,4359137,0.0,0.0
2020-04-07 00:00:00-04:00,89.82769913416395,90.23760660102018,83.2403781531391,83.38420867919922,3957921,0.0,0.0
2020-04-08 00:00:00-04:00,88.45413162215185,91.49609523349035,86.23918665408307,90.28074645996094,6920437,0.0,0.0
2020-04-09 00:00:00-04:00,93.20766554246534,93.48812967274654,86.41180130531708,87.94356536865234,5889290,0.0,0.0
2020-04-13 00:00:00-04:00,90.02906834885167,90.02906834885167,87.54803233641091,88.83529663085938,3501854,0.0,0.0
2020-04-14 00:00:00-04:00,90.42459907027839,91.31632940653432,87.7709717496046,89.94996643066406,3827492,0.0,0.0
2020-04-15 00:00:00-04:00,87.51207963553492,87.51207963553492,84.96632538038334,86.22481536865234,3654745,0.0,0.0
2020-04-16 00:00:00-04:00,86.10256667687413,87.01587431187195,84.2256134388199,85.63512420654297,2778227,0.0,0.0
2020-04-17 00:00:00-04:00,87.01585530637506,89.86365049995429,86.82168683327943,89.78453826904297,3057824,0.0,0.0
2020-04-20 00:00:00-04:00,88.11613079321961,90.37422333174823,87.6127308545782,88.19523620605469,2782322,0.0,0.0
2020-04-21 00:00:00-04:00,86.74977281798269,87.86443890659288,86.0234436811268,86.64190673828125,1992550,0.0,0.0
2020-04-22 00:00:00-04:00,88.10893350606118,88.43255212830188,85.18204005049728,85.24676513671875,2584383,0.0,0.0
2020-04-23 00:00:00-04:00,85.31868941803079,88.03704141103876,85.21801349729043,86.9295654296875,2508185,0.0,0.0
2020-04-24 00:00:00-04:00,87.31071762005149,88.59079177249913,85.92278417616966,88.49729919433594,2619751,0.0,0.0
2020-04-27 00:00:00-04:00,89.28833613674452,92.40939844777725,87.9651212497307,91.53924560546875,2973312,0.0,0.0
2020-04-28 00:00:00-04:00,93.3514698446685,93.40899796417048,90.00747171917499,91.86285400390625,3398727,0.0,0.0
2020-04-29 00:00:00-04:00,93.48813142966755,94.78258599989385,92.38066202830163,93.11418151855469,2696073,0.0,0.0
2020-04-30 00:00:00-04:00,91.99950057045365,91.99950057045365,90.43177908784376,91.16529846191406,2445266,0.0,0.0
2020-05-01 00:00:00-04:00,89.5472577954583,89.57601846087958,84.49889628757582,85.0022964477539,3898974,0.0,0.0
2020-05-04 00:00:00-04:00,84.22561693807906,84.54203870851164,82.42057889875535,83.31230926513672,2991306,0.0,0.0
2020-05-05 00:00:00-04:00,84.73617968173664,86.3830063004099,84.2327797173004,84.6211166381836,2113547,0.0,0.0
2020-05-06 00:00:00-04:00,85.4984780321879,85.8796248414228,82.7585555310238,82.78732299804688,2379121,0.0,0.0
2020-05-07 00:00:00-04:00,84.09614679187902,85.48408667925608,83.52802854242739,83.95231628417969,2286046,0.0,0.0
2020-05-08 00:00:00-04:00,85.03821804630505,86.93674813720399,84.9878800902526,86.6131362915039,2197687,0.0,0.0
2020-05-11 00:00:00-04:00,85.13890081134024,85.84365943190849,83.6215174941594,84.5420150756836,2312604,0.0,0.0
2020-05-12 00:00:00-04:00,84.85846926510354,84.93757471590219,81.32030128795951,81.36344909667969,2456435,0.0,0.0
2020-05-13 00:00:00-04:00,81.32028475870678,81.3706227238369,77.84684260509374,78.63070678710938,3606222,0.0,0.0
2020-05-14 00:00:00-04:00,77.20680398395858,78.51563865502985,74.35900851767576,78.46529388427734,4039083,0.0,0.0
2020-05-15 00:00:00-04:00,77.3362568570752,78.35743740260438,76.40856889092873,77.3218765258789,3648540,0.0,0.0
2020-05-18 00:00:00-04:00,81.61512298525015,86.29672360796764,81.11172975450154,85.71421813964844,4470454,0.0,0.0
2020-05-19 00:00:00-04:00,85.57757966219478,85.8652338930565,82.449320326079,82.55000305175781,3083389,0.0,0.0
2020-05-20 00:00:00-04:00,83.99548655146039,85.92278454957753,83.29792474373578,84.1465072631836,3231688,0.0,0.0
2020-05-21 00:00:00-04:00,83.83727472694333,85.16768683754007,83.08217798572781,83.25477600097656,2159712,0.0,0.0
2020-05-22 00:00:00-04:00,83.24037039895053,84.54201475016357,82.64348466559214,84.13929748535156,2787162,0.0,0.0
2020-05-26 00:00:00-04:00,88.44694093743833,91.14371538602104,87.7421823200418,89.75577545166016,4744343,0.0,0.0
2020-05-27 00:00:00-04:00,92.04983089003048,94.0490438039057,90.25198342837375,93.7973403930664,3974923,0.0,0.0
2020-05-28 00:00:00-04:00,94.20726604657563,96.29995815767036,92.98472690124468,94.31513214111328,4018358,0.0,0.0
2020-05-29 00:00:00-04:00,93.62474725987033,94.12814726216583,90.92797271928396,93.89083099365234,4231065,0.0,0.0
2020-06-01 00:00:00-04:00,92.80493892784081,93.81892924252159,91.66151202298475,93.27957153320312,2469962,0.0,0.0
2020-06-02 00:00:00-04:00,94.08499835607618,96.78896322447065,93.99870276391346,96.50849914550781,3129802,0.0,0.0
2020-06-03 00:00:00-04:00,98.52209232325568,100.5932137675957,98.18409331076805,99.29875946044922,3386441,0.0,0.0
2020-06-04 00:00:00-04:00,98.7378144018296,100.14013455454418,97.5512331922762,100.11137390136719,2483613,0.0,0.0
2020-06-05 00:00:00-04:00,102.83693244194271,104.82894857588514,102.11779338753806,102.26881408691406,4447620,0.0,0.0
2020-06-08 00:00:00-04:00,104.23204843234059,107.86370083903853,103.6567399914026,107.4250259399414,3362986,0.0,0.0
2020-06-09 00:00:00-04:00,104.9080568791602,104.94401451375134,102.18971145146996,104.05228424072266,2796097,0.0,0.0
2020-06-10 00:00:00-04:00,103.55607270313205,103.85092394037234,100.90964258621132,100.96717071533203,2580784,0.0,0.0
2020-06-11 00:00:00-04:00,96.32871725266686,96.70266708621625,91.91320046842014,92.63233947753906,5447121,0.0,0.0
2020-06-12 00:00:00-04:00,96.78896888910754,97.08382012326581,92.86966171878348,95.44418334960938,2820669,0.0,0.0
2020-06-15 00:00:00-04:00,92.3518638494697,96.81771803549296,91.53923918581751,96.13453674316406,2277607,0.0,0.0
2020-06-16 00:00:00-04:00,99.3491281880748,100.226478266797,95.64555933984654,97.47216796875,2049884,0.0,0.0
2020-06-17 00:00:00-04:00,98.31354545004059,98.80974851848592,96.99032364978359,97.5584487915039,1507070,0.0,0.0
2020-06-18 00:00:00-04:00,97.02631163676634,100.2049101234888,96.72427696418065,99.521728515625,2998504,0.0,0.0
2020-06-19 00:00:00-04:00,101.22606074287185,101.31235633793884,97.52968282246921,98.97515106201172,3510169,0.0,0.0
2020-06-22 00:00:00-04:00,98.19850135240988,99.06146426534036,97.2276587131677,98.7953872680664,1797092,0.0,0.0
2020-06-23 00:00:00-04:00,99.63676182223875,100.56444968111391,98.7953695583006,100.01071166992188,1719033,0.0,0.0
2020-06-24 00:00:00-04:00,98.98954666887691,99.24124331083269,96.45817268305885,97.14854431152344,2925409,0.0,0.0
2020-06-25 00:00:00-04:00,96.16330761890559,98.00430277261282,95.09178936571544,97.88204956054688,2867827,0.0,0.0
2020-06-26 00:00:00-04:00,97.69419647920877,97.82426785840133,93.4164613391629,93.99453735351562,4072962,0.523771,0.0
2020-06-29 00:00:00-04:00,94.87607493458883,97.35455944108801,94.02342071105255,97.22449493408203,2899224,0.0,0.0
2020-06-30 00:00:00-04:00,98.4312200916002,101.70455467924606,97.49184934811157,101.32157897949219,8033365,0.0,0.0
2020-07-01 00:00:00-04:00,114.78344140324144,118.25186946947636,112.55062963258128,113.20096588134766,22297668,0.0,0.0
2020-07-02 00:00:00-04:00,114.60279829922203,115.41209093846044,112.2037985229565,112.34831237792969,5022203,0.0,0.0
2020-07-06 00:00:00-04:00,114.09697793334996,114.45827281799004,111.03319950089485,112.91915893554688,3742608,0.0,0.0
2020-07-07 00:00:00-04:00,111.47397386390524,115.5782887492667,111.37280801728826,114.55943298339844,3205255,0.0,0.0
2020-07-08 00:00:00-04:00,114.2559430245576,115.16640144230477,112.91915406155188,114.57388305664062,2619379,0.0,0.0
2020-07-09 00:00:00-04:00,114.16924132977125,114.71118025044477,112.23269549677563,112.53618621826172,2777730,0.0,0.0
2020-07-10 00:00:00-04:00,112.8685620741024,114.89904201006658,112.70236740046629,114.5955581665039,2167034,0.0,0.0
2020-07-13 00:00:00-04:00,115.61443111990506,115.77340116109961,112.47839198137687,112.89026641845703,2154252,0.0,0.0
2020-07-14 00:00:00-04:00,112.89026062763396,114.83402435749564,112.38444502026834,114.5305404663086,2036605,0.0,0.0
2020-07-15 00:00:00-04:00,115.91791132702166,117.44257591381587,114.9207294851718,116.51765441894531,4136005,0.0,0.0
2020-07-16 00:00:00-04:00,116.89338782389567,120.74479121561433,115.95401713818529,120.02220153808594,5088100,0.0,0.0
2020-07-17 00:00:00-04:00,120.87487185661341,121.48183956991033,119.16232502145441,119.93550109863281,2541444,0.0,0.0
2020-07-20 00:00:00-04:00,119.14789483996495,119.6248049614614,117.64490412224148,118.59872436523438,1977285,0.0,0.0
2020-07-21 00:00:00-04:00,119.29960460838664,121.07717319141791,118.80102063464719,119.5886459350586,2149040,0.0,0.0
2020-07-22 00:00:00-04:00,118.96721848476969,119.90658913858196,118.10010816456433,119.32850646972656,1528664,0.0,0.0
2020-07-23 00:00:00-04:00,119.52364230449828,120.95437262546768,118.97447184647235,119.94274139404297,1721515,0.0,0.0
2020-07-24 00:00:00-04:00,119.00336094187517,120.58583650442931,118.64207289883502,119.25627899169922,1918462,0.0,0.0
2020-07-27 00:00:00-04:00,119.22736306238755,123.36058353303133,118.40361430788958,123.30277252197266,3631662,0.0,0.0
2020-07-28 00:00:00-04:00,122.42124498268375,123.07879922617776,120.46303158800012,120.62200164794922,2946755,0.0,0.0
2020-07-29 00:00:00-04:00,120.74477011416243,123.83023529734488,120.6797344547657,122.5151138305664,5738136,0.0,0.0
2020-07-30 00:00:00-04:00,125.83907568338863,126.09198005768496,122.73916014472023,124.79854583740234,6710459,0.0,0.0
2020-07-31 00:00:00-04:00,124.2854911996027,124.79853826658221,121.38790754599955,121.68417358398438,3087608,0.0,0.0
2020-08-03 00:00:00-04:00,122.51515028482103,123.26665239889621,121.77811118619644,122.27669525146484,1865719,0.0,0.0
2020-08-04 00:00:00-04:00,122.27670793533999,123.90977000730554,122.26225860147045,123.3172378540039,1568624,0.0,0.0
2020-08-05 00:00:00-04:00,124.17709398828954,124.58896832031938,123.01371764424206,124.06871032714844,1624469,0.0,0.0
2020-08-06 00:00:00-04:00,124.28549635329416,125.3549385275505,123.79413694699481,124.45891571044922,1693841,0.0,0.0
2020-08-07 00:00:00-04:00,124.62513747497889,132.8698919566496,124.62513747497889,132.61697387695312,7832075,0.0,0.0
2020-08-10 00:00:00-04:00,135.96256549795518,144.8504245570047,135.37004703391767,144.5035858154297,13421539,0.0,0.0
2020-08-11 00:00:00-04:00,144.51080491121343,147.11212273890422,141.00623956394722,141.9528350830078,7443766,0.0,0.0
2020-08-12 00:00:00-04:00,144.51802996400065,149.02698817502397,143.809889489458,145.93431091308594,7741854,0.0,0.0
2020-08-13 00:00:00-04:00,145.00937982242087,147.97922387310138,144.23620371641636,147.30722045898438,4546776,0.0,0.0
2020-08-14 00:00:00-04:00,146.01380032959133,151.4838035602699,145.86205496025286,150.73231506347656,5749553,0.0,0.0
2020-08-17 00:00:00-04:00,151.7439386793459,152.8711783111262,148.88247791417368,149.3160400390625,3303542,0.0,0.0
2020-08-18 00:00:00-04:00,149.12094224270555,150.60948373770842,147.53848006948104,149.55450439453125,3773136,0.0,0.0
2020-08-19 00:00:00-04:00,149.46053248927893,152.42315171689185,149.46053248927893,150.21202087402344,2752538,0.0,0.0
2020-08-20 00:00:00-04:00,149.01976407740395,151.16585950902652,148.17434125114946,150.8912811279297,1902205,0.0,0.0
2020-08-21 00:00:00-04:00,151.13697749657817,153.86836700759076,150.66006734811043,152.0980224609375,2524318,0.0,0.0
2020-08-24 00:00:00-04:00,153.88281068790315,157.48853533861163,153.18189482580493,157.0911102294922,4211582,0.0,0.0
2020-08-25 00:00:00-04:00,158.37006601354156,158.66633204467655,154.0706509614886,154.8582763671875,2680808,0.0,0.0
2020-08-26 00:00:00-04:00,155.88433986522972,156.88874618583222,154.69206488742574,155.91323852539062,1884086,0.0,0.0
2020-08-27 00:00:00-04:00,156.1517118617287,158.16051105579922,155.41467279335683,157.67637634277344,2500491,0.0,0.0
2020-08-28 00:00:00-04:00,157.69083900307584,161.61448935968176,157.53186898772094,160.34274291992188,3718160,0.0,0.0
2020-08-31 00:00:00-04:00,160.27045229174354,162.0046591181092,158.82527309490044,158.8541717529297,2282571,0.0,0.0
2020-09-01 00:00:00-04:00,158.96261454062451,163.70281720546583,158.3484220474752,162.91519165039062,2360134,0.0,0.0
2020-09-02 00:00:00-04:00,164.1146719360178,165.47314181788025,161.18817579956576,164.68551635742188,2085749,0.0,0.0
2020-09-03 00:00:00-04:00,165.3159430931474,167.81600696526934,158.402719176229,160.1273956298828,4968716,0.523771,0.0
2020-09-04 00:00:00-04:00,161.20717697267204,165.39569156885426,157.54040850727404,163.8594207763672,3573832,0.0,0.0
2020-09-08 00:00:00-04:00,162.17092685197954,163.5912445285645,159.22157040367821,160.18536376953125,2632285,0.0,0.0
2020-09-09 00:00:00-04:00,163.77245249411797,165.83771461431627,162.4100971666843,163.59127807617188,3999371,0.0,0.0
2020-09-10 00:00:00-04:00,166.3014920762535,166.3014920762535,161.5187648036431,162.64198303222656,3032135,0.0,0.0
2020-09-11 00:00:00-04:00,164.09133396305683,169.33060055820982,163.38841331074974,168.69290161132812,6037713,0.0,0.0
2020-09-14 00:00:00-04:00,174.63505085030593,174.64229618019644,168.53344019411176,171.26539611816406,8170372,0.0,0.0
2020-09-15 00:00:00-04:00,170.28712576529196,173.8089601559858,167.0406550994787,171.50454711914062,12220499,0.0,0.0
2020-09-16 00:00:00-04:00,183.3599406117705,185.64260395910694,178.48299609208817,181.38162231445312,21187965,0.0,0.0
2020-09-17 00:00:00-04:00,175.82348586701448,181.01926547495856,175.4466601121715,176.87423706054688,5279586,0.0,0.0
2020-09-18 00:00:00-04:00,176.069893928781,179.85984685252097,175.3307466928564,175.9322052001953,5396737,0.0,0.0
2020-09-21 00:00:00-04:00,172.43211572664742,173.33068765906393,166.86674131011347,173.0045928955078,5099890,0.0,0.0
2020-09-22 00:00:00-04:00,173.5625613488032,176.65683861543664,170.75089311081936,176.39596557617188,3290760,0.0,0.0
2020-09-23 00:00:00-04:00,177.53363070712413,181.53373787878007,174.6712321438742,174.9466094970703,3826003,0.0,0.0
2020-09-24 00:00:00-04:00,176.82349812915973,179.13515614052068,173.55530569738139,176.97567749023438,3782940,0.0,0.0
2020-09-25 00:00:00-04:00,175.1350429768035,182.5410318088681,174.98286362028554,181.28738403320312,3986588,0.0,0.0
2020-09-28 00:00:00-04:00,184.98314021080049,188.3745307146474,184.12079506488166,184.3816680908203,4107462,0.0,0.0
2020-09-29 00:00:00-04:00,184.7802329798373,187.10638170921536,180.52649725733653,183.70050048828125,2724491,0.0,0.0
2020-09-30 00:00:00-04:00,183.6787569803926,186.60636399797315,180.80186726757688,182.2656707763672,3109946,0.0,0.0
2020-10-01 00:00:00-04:00,184.975903690223,186.8092877329567,183.25121331625286,184.1208038330078,3552114,0.0,0.0
2020-10-02 00:00:00-04:00,181.56274915124922,187.36000051446942,181.16418743391714,184.93240356445312,3741987,0.0,0.0
2020-10-05 00:00:00-04:00,187.54123337323117,189.10648569146048,186.7658456844705,187.8383331298828,3012900,0.0,0.0
2020-10-06 00:00:00-04:00,188.49776832805236,192.0195892230488,187.09192712465796,187.88180541992188,3911880,0.0,0.0
2020-10-07 00:00:00-04:00,191.20068426190957,196.13560424317726,190.94705657230145,194.39642333984375,3706247,0.0,0.0
2020-10-08 00:00:00-04:00,195.461652166697,197.48344194251172,193.01231938372825,196.42544555664062,2473313,0.0,0.0
2020-10-09 00:00:00-04:00,198.84585623534565,199.2806584229324,195.32403536031177,196.7805938720703,2695452,0.0,0.0
2020-10-12 00:00:00-04:00,197.29504701501688,198.70813319981602,196.61387629686902,198.19361877441406,2560928,0.0,0.0
2020-10-13 00:00:00-04:00,197.3385703058608,199.4545635993728,196.9979711596872,197.64292907714844,2056461,0.0,0.0
2020-10-14 00:00:00-04:00,199.0994666933068,202.15027197324184,198.38930087530764,200.17919921875,2580535,0.0,0.0
2020-10-15 00:00:00-04:00,197.89652381219443,204.4546583512581,196.92548501598688,204.43292236328125,2798083,0.0,0.0
2020-10-16 00:00:00-04:00,205.80254652012627,208.09246879424404,204.35323348868533,205.70834350585938,3710962,0.0,0.0
2020-10-19 00:00:00-04:00,206.3894985970327,211.03455076285866,202.5850556098516,204.33148193359375,4285297,0.0,0.0
2020-10-20 00:00:00-04:00,205.80253517416023,212.09981078915087,205.15759104794716,208.26637268066406,4870801,0.0,0.0
2020-10-21 00:00:00-04:00,209.54182173687107,212.54189671559837,204.5416784760338,204.55618286132812,3995027,0.0,0.0
2020-10-22 00:00:00-04:00,205.49818895097954,206.9909876942011,198.57047316958673,199.96905517578125,3676959,0.0,0.0
2020-10-23 00:00:00-04:00,201.66475457981468,205.70833474646514,200.62849402257197,205.4836883544922,3100390,0.0,0.0
2020-10-26 00:00:00-04:00,202.89663025283528,203.26619689800884,198.1211354020951,201.17919921875,2880857,0.0,0.0
2020-10-27 00:00:00-04:00,202.8604282155711,203.1575416313271,198.83858399684206,198.85308837890625,2373164,0.0,0.0
2020-10-28 00:00:00-04:00,190.3890974841585,193.42541231032143,186.96146621248698,188.40353393554688,5012647,0.0,0.0
2020-10-29 00:00:00-04:00,188.5629732164277,195.46895360527728,188.45427953180496,193.49789428710938,3326749,0.0,0.0
2020-10-30 00:00:00-04:00,191.74421927531873,192.7514986330112,185.19331509050517,188.0267333984375,3359263,0.0,0.0
2020-11-02 00:00:00-05:00,190.36736448184487,193.83846778961055,187.69338473814437,193.46888732910156,2535239,0.0,0.0
2020-11-03 00:00:00-05:00,197.0704396033223,200.67198640426597,194.29501143355512,198.90382385253906,3264823,0.0,0.0
2020-11-04 00:00:00-05:00,200.519786595673,202.0343212559962,194.59209133607493,195.00515747070312,3487955,0.0,0.0
2020-11-05 00:00:00-05:00,197.8313255835241,204.54888560870242,197.8313255835241,202.22999572753906,2773139,0.0,0.0
2020-11-06 00:00:00-05:00,201.83142646848103,206.01994071509932,200.81690189144808,202.73724365234375,2351447,0.0,0.0
2020-11-09 00:00:00-05:00,198.72994364386813,198.9183497168776,185.76583565450872,191.22250366210938,7330835,0.0,0.0
2020-11-10 00:00:00-05:00,191.5847742409217,194.76602297454713,186.96145784874744,193.6790313720703,3566634,0.0,0.0
2020-11-11 00:00:00-05:00,196.50517003468198,196.6066320878383,192.7587036190955,194.07032775878906,2404686,0.0,0.0
2020-11-12 00:00:00-05:00,195.09937885872384,196.3023095600342,191.3021807165669,193.59933471679688,2387684,0.0,0.0
2020-11-13 00:00:00-05:00,194.20082330361464,198.35309788075253,194.20082330361464,197.04147338867188,1977782,0.0,0.0
2020-11-16 00:00:00-05:00,198.2081144849286,203.54158217478707,195.96167832359197,202.7806854248047,3071227,0.0,0.0
2020-11-17 00:00:00-05:00,204.25903308108073,207.39679624585958,200.6574864469903,206.56344604492188,3495525,0.0,0.0
2020-11-18 00:00:00-05:00,207.03449699335246,209.9766093066974,204.70834763572884,204.71560668945312,3567627,0.0,0.0
2020-11-19 00:00:00-05:00,205.63590769899307,206.52723438808354,200.6430236849475,202.79525756835938,2947375,0.0,0.0
2020-11-20 00:00:00-05:00,203.60681562875027,204.10682568066923,200.50527954101562,200.50527954101562,2339906,0.0,0.0
2020-11-23 00:00:00-05:00,203.05609066740706,207.5417182766422,203.0488453375764,207.50547790527344,3017616,0.0,0.0
2020-11-24 00:00:00-05:00,209.8534139752648,214.55642976512155,206.74463175541874,211.36793518066406,4605847,0.0,0.0
2020-11-25 00:00:00-05:00,211.46214460873082,212.16505148142707,207.6576872324757,208.91859436035156,2853804,0.0,0.0
2020-11-27 00:00:00-05:00,210.7301990906073,211.02006717341314,206.78082193456368,208.27362060546875,1548768,0.0,0.0
2020-11-30 00:00:00-05:00,208.69391956159947,210.8026673374087,203.2952294045573,207.67214965820312,3957549,0.0,0.0
2020-12-01 00:00:00-05:00,212.7302882755497,215.7013817255496,208.41134369592584,208.52728271484375,3786415,0.0,0.0
2020-12-02 00:00:00-05:00,208.13593526675763,212.9331670371965,206.54893355988796,211.3968963623047,3124838,0.0,0.0
2020-12-03 00:00:00-05:00,211.39688984933213,214.7447948013248,209.99104887935687,212.1070556640625,2427148,0.0,0.0
2020-12-04 00:00:00-05:00,213.3099860605248,216.65789100978546,212.41140050656938,213.68679809570312,2292996,0.0,0.0
2020-12-07 00:00:00-05:00,215.15058262598373,215.25204467773438,212.4693580279696,215.25204467773438,1840899,0.0,0.0
2020-12-08 00:00:00-05:00,215.94773693538295,220.04204829227666,215.74484024728983,218.44781494140625,3585373,0.0,0.0
2020-12-09 00:00:00-05:00,219.93337223529738,221.49863811324258,212.65781147957117,214.00567626953125,3282321,0.0,0.0
2020-12-10 00:00:00-05:00,211.0635906675475,213.32451820718236,209.14324858064342,210.80270385742188,3674601,0.0,0.0
2020-12-11 00:00:00-05:00,210.46132502264132,211.9865130255737,207.8539864321407,210.23617553710938,2921935,0.523771,0.0
2020-12-14 00:00:00-05:00,214.9787609805702,215.2329704160075,207.2874677464209,207.3818817138672,3640970,0.0,0.0
2020-12-15 00:00:00-05:00,207.72318906076325,210.22885137229926,205.61698095848328,207.527099609375,3745462,0.0,0.0
2020-12-16 00:00:00-05:00,208.71822435805228,211.23841006252172,208.15898840166096,209.75680541992188,3241244,0.0,0.0
2020-12-17 00:00:00-05:00,210.192611206716,213.4535999113972,207.87577604789107,212.26251220703125,7454563,0.0,0.0
2020-12-18 00:00:00-05:00,205.90030370319388,206.64110618204515,199.6978622303053,200.14089965820312,19182261,0.0,0.0
2020-12-21 00:00:00-05:00,197.3011350281207,198.6374812607841,195.01334625550706,197.50448608398438,6191970,0.0,0.0
2020-12-22 00:00:00-05:00,197.91117886926375,198.52125947160175,194.84628025444326,198.47767639160156,4410018,0.0,0.0
2020-12-23 00:00:00-05:00,198.73922898818174,200.9180675653286,196.54585354310169,196.61122131347656,2917343,0.0,0.0
2020-12-24 00:00:00-05:00,197.0832616461251,197.56986840855532,194.05467022727336,195.23851013183594,2046905,0.0,0.0
2020-12-28 00:00:00-05:00,195.97929766772248,196.16813936535178,190.1472785190886,190.9679718017578,4508677,0.0,0.0
2020-12-29 00:00:00-05:00,191.70151405118634,192.79093990101416,188.593031979133,189.96571350097656,3321661,0.0,0.0
2020-12-30 00:00:00-05:00,190.43051658087546,190.77913999477786,187.6416117873287,188.81817626953125,3343378,0.0,0.0
2020-12-31 00:00:00-05:00,188.54219380872513,189.1667975717551,187.02426748475602,188.5567169189453,3236280,0.0,0.0
2021-01-04 00:00:00-05:00,189.12324042019605,189.19586973420095,182.22357936625446,183.8867645263672,4712201,0.0,0.0
2021-01-05 00:00:00-05:00,182.65935363359526,185.03428129463106,181.60624921926572,183.87950134277344,4059435,0.0,0.0
2021-01-06 00:00:00-05:00,181.90401954000745,188.09192444336503,181.84592708999426,184.15548706054688,4474177,0.0,0.0
2021-01-07 00:00:00-05:00,184.54040226788237,186.08011336541418,178.26534548193408,178.68658447265625,7020709,0.0,0.0
2021-01-08 00:00:00-05:00,179.04244943702918,179.6525163115422,176.06470310665796,177.90945434570312,5688620,0.0,0.0
2021-01-11 00:00:00-05:00,176.48598788082467,178.99891283836027,176.2826367874949,178.1636962890625,4235781,0.0,0.0
2021-01-12 00:00:00-05:00,178.72291922932789,181.2939502035348,176.48597485017316,180.87271118164062,5431112,0.0,0.0
2021-01-13 00:00:00-05:00,181.93308747004465,184.38064462225333,180.26264064725592,183.18228149414062,3738885,0.0,0.0
2021-01-14 00:00:00-05:00,184.66385244056966,187.62707561119083,184.03924871406264,186.12367248535156,3558071,0.0,0.0
2021-01-15 00:00:00-05:00,185.75326504357102,185.75326504357102,182.28165051586336,183.42916870117188,3481129,0.0,0.0
2021-01-19 00:00:00-05:00,184.42424078602133,186.21814795057827,180.77104493725594,181.22134399414062,2925782,0.0,0.0
2021-01-20 00:00:00-05:00,182.43421785162758,183.27669594524414,179.84140205559532,182.9934539794922,2677209,0.0,0.0
2021-01-21 00:00:00-05:00,184.30801407036574,186.85726050337948,183.2912311221268,184.43148803710938,2418461,0.0,0.0
2021-01-22 00:00:00-05:00,183.0224923373909,185.5208940374286,181.57719508557318,184.5331573486328,2098159,0.0,0.0
2021-01-25 00:00:00-05:00,183.34930382130418,185.04153512016575,180.32798777522018,184.09738159179688,2494038,0.0,0.0
2021-01-26 00:00:00-05:00,184.62029456408655,185.08511664508214,181.09057337550507,181.3302459716797,2278600,0.0,0.0
2021-01-27 00:00:00-05:00,178.38152848768533,178.9552875577989,174.7501323931448,176.3624725341797,3348839,0.0,0.0
2021-01-28 00:00:00-05:00,178.67208563919414,178.87545048304085,176.2100053609009,176.33346557617188,2704139,0.0,0.0
2021-01-29 00:00:00-05:00,176.45690727427444,176.76193385483958,170.52319889315564,170.9226531982422,4022453,0.0,0.0
2021-02-01 00:00:00-05:00,172.40427426149145,174.1255655895496,170.90814618007326,173.75515747070312,3389419,0.0,0.0
2021-02-02 00:00:00-05:00,178.94804430615085,179.09328916243288,174.90991823317668,176.12281799316406,3548764,0.0,0.0
2021-02-03 00:00:00-05:00,176.19544890567605,176.9217282621854,173.8350444352572,175.24403381347656,2681181,0.0,0.0
2021-02-04 00:00:00-05:00,175.30937121565938,180.24808137463475,174.93897689315065,180.20449829101562,3597535,0.0,0.0
2021-02-05 00:00:00-05:00,182.29616348760536,185.49179749980973,180.8436050735022,185.2085418701172,3495401,0.0,0.0
2021-02-08 00:00:00-05:00,186.47958299400204,188.38244079346285,185.61532027476443,186.980712890625,2650031,0.0,0.0
2021-02-09 00:00:00-05:00,186.84995319946438,189.19583421670794,184.47501221030592,188.20083618164062,2181802,0.0,0.0
2021-02-10 00:00:00-05:00,190.08189041128804,190.16904281895808,186.1091461724354,186.98794555664062,2444274,0.0,0.0
2021-02-11 00:00:00-05:00,187.38011122077688,187.43821740608257,182.7028727448914,184.73646545410156,2161450,0.0,0.0
2021-02-12 00:00:00-05:00,185.26665573868544,191.1059496073619,184.48227031172476,191.01153564453125,3318434,0.0,0.0
2021-02-16 00:00:00-05:00,191.73785217306062,192.79821814013874,189.6389049069612,190.1618194580078,2168772,0.0,0.0
2021-02-17 00:00:00-05:00,188.73829631431332,189.18133372424376,185.49909239408947,188.1717987060547,1779098,0.0,0.0
2021-02-18 00:00:00-05:00,185.5716915880093,187.73600613831624,183.7487251077954,185.65884399414062,2086369,0.0,0.0
2021-02-19 00:00:00-05:00,187.40194346050455,188.38241846890824,184.315246069337,184.93984985351562,1979147,0.0,0.0
2021-02-22 00:00:00-05:00,183.92304299956234,186.94437247012098,183.82136747733588,184.9616241455078,2261102,0.0,0.0
2021-02-23 00:00:00-05:00,184.1118933924666,185.36834875217158,178.2145065303103,184.93258666992188,2176218,0.0,0.0
2021-02-24 00:00:00-05:00,184.7365088193616,189.76961963671826,184.48229935632946,188.8762969970703,2097538,0.0,0.0
2021-02-25 00:00:00-05:00,188.8835658440141,190.98977466939402,183.95213036974147,184.63482666015625,2022085,0.0,0.0
2021-02-26 00:00:00-05:00,185.15048244458472,186.98797232919276,181.93306319585716,184.8381805419922,2157975,0.0,0.0
2021-03-01 00:00:00-05:00,187.89582845561432,192.6820052847194,187.59804964774966,190.35064697265625,2498754,0.0,0.0
2021-03-02 00:00:00-05:00,190.8154732299429,191.48364642024208,188.45506864246855,188.54222106933594,1738021,0.0,0.0
2021-03-03 00:00:00-05:00,188.09192753832195,190.79369410860443,185.53543335430518,187.9394073486328,1942165,0.0,0.0
2021-03-04 00:00:00-05:00,186.33429977718595,187.69244441057182,179.4564379471564,181.7877960205078,2943156,0.0,0.0
2021-03-05 00:00:00-05:00,183.63734350095748,188.02092595793118,178.80228969421114,187.35101318359375,2398729,0.523771,0.0
2021-03-08 00:00:00-05:00,189.3243556255243,190.30010290281342,182.7780902521408,183.0183868408203,2782818,0.0,0.0
2021-03-09 00:00:00-05:00,184.36553234985604,190.8608216131114,183.68105858335218,187.80978393554688,2918832,0.0,0.0
2021-03-10 00:00:00-05:00,188.69085674860023,190.64235142278628,187.91170945577082,189.63018798828125,1986345,0.0,0.0
2021-03-11 00:00:00-05:00,191.90205168972008,196.72254401707113,191.00640334384917,195.50650024414062,4708850,0.0,0.0
2021-03-12 00:00:00-05:00,194.61088091471117,197.47259880274362,193.1545403543459,196.751708984375,2652389,0.0,0.0
2021-03-15 00:00:00-04:00,197.33425869627857,198.681364862827,192.08414902718448,194.33419799804688,3985472,0.0,0.0
2021-03-16 00:00:00-04:00,194.4215490795555,194.4433904636213,189.542798857614,189.90689086914062,2644695,0.0,0.0
2021-03-17 00:00:00-04:00,188.59618305507826,193.824450844287,187.20538045634643,193.57687377929688,2309997,0.0,0.0
2021-03-18 00:00:00-04:00,195.01866599196768,196.07451226440776,191.43607188561984,191.8802490234375,5629300,0.0,0.0
2021-03-19 00:00:00-04:00,203.19603673845342,206.02133894213716,200.45811387807905,203.58197021484375,16057051,0.0,0.0
2021-03-22 00:00:00-04:00,203.58193605597756,203.74213378995782,197.8293923447569,199.53330993652344,4066012,0.0,0.0
2021-03-23 00:00:00-04:00,197.63279638825182,201.66686194924344,193.36572845562745,194.28321838378906,2825881,0.0,0.0
2021-03-24 00:00:00-04:00,195.8778796125963,199.71533062354945,194.7127990235603,195.36087036132812,2634271,0.0,0.0
2021-03-25 00:00:00-04:00,193.8390096071151,200.26147987932225,192.19334950000913,199.64981079101562,2836181,0.0,0.0
2021-03-26 00:00:00-04:00,202.21301234447714,204.9727766420737,199.9556827269432,204.86355590820312,2564651,0.0,0.0
2021-03-29 00:00:00-04:00,202.43144091383004,205.3077198178721,201.44113261027533,203.31980895996094,1882845,0.0,0.0
2021-03-30 00:00:00-04:00,203.4290311509571,209.82237997553037,202.65717806951636,208.19854736328125,3381353,0.0,0.0
2021-03-31 00:00:00-04:00,208.25682400307946,209.62578541270358,205.94853121980057,206.82960510253906,2514266,0.0,0.0
2021-04-01 00:00:00-04:00,206.4654998779297,207.52862655751443,205.19119843929073,206.4654998779297,1791384,0.0,0.0
2021-04-05 00:00:00-04:00,208.25680207713128,208.700992991875,204.30283556022866,205.031005859375,2143455,0.0,0.0
2021-04-06 00:00:00-04:00,205.0965230394615,207.1208359903449,204.3974746591106,205.4678955078125,1746335,0.0,0.0
2021-04-07 00:00:00-04:00,204.97275515418485,205.66452316619373,201.4775403604269,203.23971557617188,1823277,0.0,0.0
2021-04-08 00:00:00-04:00,205.9994654580724,207.120849609375,203.70573392325102,207.120849609375,2824516,0.0,0.0
2021-04-09 00:00:00-04:00,205.9994731326796,208.98497274329816,205.18392349930375,208.67913818359375,2530895,0.0,0.0
2021-04-12 00:00:00-04:00,207.98736806341614,213.41951615840568,207.63055650815213,211.74472045898438,2200665,0.0,0.0
2021-04-13 00:00:00-04:00,214.61376154202088,214.63560293076165,210.52143815804988,211.8175811767578,2126702,0.0,0.0
2021-04-14 00:00:00-04:00,210.81269781710162,212.00690048688625,209.40003990816314,209.57479858398438,1364976,0.0,0.0
2021-04-15 00:00:00-04:00,210.31753013569647,212.9170962963274,208.74467457678293,212.0432891845703,1724742,0.0,0.0
2021-04-16 00:00:00-04:00,213.28116984570568,213.35398825247563,209.07962637097407,209.4145965576172,1753533,0.0,0.0
2021-04-19 00:00:00-04:00,208.30050185834503,208.74467899120216,205.40966200307656,206.25433349609375,2081157,0.0,0.0
2021-04-20 00:00:00-04:00,205.64997419778993,206.65484351099303,201.95086487986632,204.1353759765625,1768797,0.0,0.0
2021-04-21 00:00:00-04:00,203.1959957706387,204.6669109620878,201.76879092516467,202.62074279785156,2309997,0.0,0.0
2021-04-22 00:00:00-04:00,201.94358498282452,204.6669468458437,201.25181692866005,201.3683319091797,1792997,0.0,0.0
2021-04-23 00:00:00-04:00,202.81008373865203,203.297957403976,201.681419135141,202.2421112060547,1629185,0.0,0.0
2021-04-26 00:00:00-04:00,203.38534397496184,203.79311878753222,199.6643936394744,200.8003387451172,2168027,0.0,0.0
2021-04-27 00:00:00-04:00,208.66455532456362,212.77143869654333,207.04073669052548,209.3563232421875,6157718,0.0,0.0
2021-04-28 00:00:00-04:00,208.73014640136017,210.55057931886523,207.83449776319455,209.2689971923828,2213820,0.0,0.0
2021-04-29 00:00:00-04:00,211.16949573932663,215.7569730313795,210.6088036106728,215.58221435546875,3068000,0.0,0.0
2021-04-30 00:00:00-04:00,213.73266148824487,215.24725967300424,210.44132710273553,211.39523315429688,2260978,0.0,0.0
2021-05-03 00:00:00-04:00,214.73023413135732,222.38330956578724,214.22779952471984,221.76437377929688,5684152,0.0,0.0
2021-05-04 00:00:00-04:00,220.41725823002577,222.23767710420364,217.95603459346233,221.56776428222656,3065891,0.0,0.0
2021-05-05 00:00:00-04:00,222.74015817217824,225.72565824927892,220.08961455518428,223.2061767578125,3139854,0.0,0.0
2021-05-06 00:00:00-04:00,222.30319050959216,227.1600855102355,220.98520639740178,226.43191528320312,3178697,0.0,0.0
2021-05-07 00:00:00-04:00,224.27656896546094,229.44657961853613,224.27656896546094,229.1480255126953,2266190,0.0,0.0
2021-05-10 00:00:00-04:00,229.14074543569225,230.83010223630157,225.2013397216797,225.2013397216797,2151398,0.0,0.0
2021-05-11 00:00:00-04:00,221.80079799424206,224.18920341026742,218.866275145982,222.55809020996094,2693591,0.0,0.0
2021-05-12 00:00:00-04:00,220.03859490331047,221.91727117452749,214.65742361695104,215.54579162597656,2418957,0.0,0.0
2021-05-13 00:00:00-04:00,216.31038749289104,222.3250699084434,215.8953321850508,220.92698669433594,1792376,0.0,0.0
2021-05-14 00:00:00-04:00,222.25953771129198,226.0969893960296,222.25953771129198,225.31785583496094,1805903,0.0,0.0
2021-05-17 00:00:00-04:00,225.73288141964014,226.86882642593199,223.31535460342874,225.19403076171875,1167409,0.0,0.0
2021-05-18 00:00:00-04:00,225.5071871070877,225.93680334669645,222.8566436767578,222.8566436767578,1298210,0.0,0.0
2021-05-19 00:00:00-04:00,221.3638968211914,224.58969326584926,218.38567746833252,224.22560119628906,2152763,0.0,0.0
2021-05-20 00:00:00-04:00,225.10667564286746,227.15283020872522,223.3736361018525,225.0411376953125,1586122,0.0,0.0
2021-05-21 00:00:00-04:00,226.046023803506,229.58492134349493,225.2887178483713,225.44163513183594,2176218,0.0,0.0
2021-05-24 00:00:00-04:00,228.2960769378608,228.2960769378608,225.18678176435185,227.07273864746094,2243604,0.0,0.0
2021-05-25 00:00:00-04:00,227.91742750138334,228.19412644024285,224.06540101213253,224.70619201660156,2025064,0.0,0.0
2021-05-26 00:00:00-04:00,226.25719755782183,227.79363715264188,224.29114172586168,226.279052734375,2103619,0.0,0.0
2021-05-27 00:00:00-04:00,227.56060681799096,232.94180597932413,227.08730783471634,229.80337524414062,3297709,0.0,0.0
2021-05-28 00:00:00-04:00,230.10189335745258,230.64802445427847,227.92466321990847,229.23536682128906,1269171,0.0,0.0
2021-06-01 00:00:00-04:00,231.75484814830543,231.95144818519952,225.79112984581437,226.35182189941406,1591458,0.0,0.0
2021-06-02 00:00:00-04:00,227.9173964668022,227.9173964668022,221.24006885491372,223.23526000976562,2591704,0.0,0.0
2021-06-03 00:00:00-04:00,222.37601618514603,224.1163498411688,220.0385881631515,223.04592895507812,1633528,0.0,0.0
2021-06-04 00:00:00-04:00,223.38819322666967,224.27656126271185,218.20360803847373,219.9949188232422,2619999,0.0,0.0
2021-06-07 00:00:00-04:00,220.63570845088222,221.5167822308731,217.87593077640358,220.88328552246094,2432856,0.0,0.0
2021-06-08 00:00:00-04:00,220.49003169512835,220.98518574859295,217.44627519081507,220.329833984375,1860259,0.0,0.0
2021-06-09 00:00:00-04:00,220.32988077754572,220.35900262613984,211.50444389058129,213.43409729003906,5409023,0.0,0.0
2021-06-10 00:00:00-04:00,213.7836342490747,215.23997491608347,212.0505808578567,213.2375030517578,2248444,0.0,0.0
2021-06-11 00:00:00-04:00,213.54330392712765,215.66227664337734,213.54330392712765,215.60401916503906,2021465,0.0,0.0
2021-06-14 00:00:00-04:00,216.06282221154063,216.3904981982084,212.65498643469337,213.34674072265625,1583020,0.0,0.0
2021-06-15 00:00:00-04:00,214.80306549552097,218.36381830592182,214.0093572082477,217.9414825439453,2275994,0.0,0.0
2021-06-16 00:00:00-04:00,217.3370939599051,218.00700676697912,212.9680722125679,214.5773162841797,2092450,0.0,0.0
2021-06-17 00:00:00-04:00,214.43898836005948,214.62102749810583,207.9582599158146,209.40003967285156,2940425,0.0,0.0
2021-06-18 00:00:00-04:00,206.90969194399693,210.82725633541588,205.35141101549792,207.76165771484375,3169266,0.0,0.0
2021-06-21 00:00:00-04:00,209.68398654885675,214.83215482405214,209.56747159833873,213.47047424316406,2385202,0.0,0.0
2021-06-22 00:00:00-04:00,214.75210172756843,217.81041989346124,213.97295436698838,216.76913452148438,2792374,0.0,0.0
2021-06-23 00:00:00-04:00,218.45121007863798,218.92450907436202,215.6550299345479,216.53611755371094,2677333,0.0,0.0
2021-06-24 00:00:00-04:00,219.68906257304093,221.79347438077812,217.70843239524288,221.13812255859375,6225352,0.0,0.0
2021-06-25 00:00:00-04:00,213.69241511210367,215.1596597191082,209.15198240100779,213.11573791503906,14422902,0.604351,0.0
2021-06-28 00:00:00-04:00,213.88219909809987,215.08665669664435,211.2834956089582,214.60487365722656,4389541,0.0,0.0
2021-06-29 00:00:00-04:00,216.0721028891603,218.6270152784811,215.23263878444112,217.45175170898438,4460775,0.0,0.0
2021-06-30 00:00:00-04:00,216.09402094116223,217.98464678643697,215.3421386364437,217.77294921875,2247327,0.0,0.0
2021-07-01 00:00:00-04:00,218.9555263054155,219.06501742839276,216.67071293599764,218.3496551513672,2171130,0.0,0.0
2021-07-02 00:00:00-04:00,218.91903439204958,218.91903439204958,217.07219933304546,218.53944396972656,1657728,0.0,0.0
2021-07-06 00:00:00-04:00,218.53942151843745,218.72191131271572,213.59020485487417,215.0574493408203,2832583,0.0,0.0
2021-07-07 00:00:00-04:00,214.61216331328538,215.45164126597365,212.59743557887998,214.28367614746094,2845861,0.0,0.0
2021-07-08 00:00:00-04:00,209.61914724274084,215.0647437852248,208.66287972790022,214.057373046875,2446507,0.0,0.0
2021-07-09 00:00:00-04:00,215.93344065670507,217.6780692463141,214.0136069188681,216.36412048339844,2876018,0.0,0.0
2021-07-12 00:00:00-04:00,217.0065005394935,220.6271719912308,215.05017434454487,218.75112915039062,2364601,0.0,0.0
2021-07-13 00:00:00-04:00,218.25476487961933,220.92646737380988,218.035782615905,218.32046508789062,2168896,0.0,0.0
2021-07-14 00:00:00-04:00,218.00653279419413,219.61977462629005,215.05014839825432,215.96990966796875,1776864,0.0,0.0
2021-07-15 00:00:00-04:00,214.6121606987278,218.07223744976375,214.37126919186522,216.13050842285156,1447006,0.0,0.0
2021-07-16 00:00:00-04:00,216.58310621493277,216.8020884497067,213.21792346933773,213.50991821289062,2451968,0.0,0.0
2021-07-19 00:00:00-04:00,209.88926048749997,215.59034625690134,209.00599153658132,215.2107696533203,3540945,0.0,0.0
2021-07-20 00:00:00-04:00,215.6414550491489,218.2912619702504,214.9406758951763,217.54669189453125,2055592,0.0,0.0
2021-07-21 00:00:00-04:00,217.17438369696072,220.4154645793976,217.04298329576807,217.78756713867188,1661699,0.0,0.0
2021-07-22 00:00:00-04:00,217.2036197067474,218.1525889987405,216.1159653231828,216.52474975585938,1218414,0.0,0.0
2021-07-23 00:00:00-04:00,217.38608145918099,218.0138480513664,216.13781911544626,216.8531951904297,1241745,0.0,0.0
2021-07-26 00:00:00-04:00,216.13784783850926,217.89708740263978,215.81665910186956,217.1671142578125,1496026,0.0,0.0
2021-07-27 00:00:00-04:00,209.8673644425564,210.50974185961684,203.75018200698403,206.31239318847656,6002965,0.0,0.0
2021-07-28 00:00:00-04:00,207.4657388672475,207.53143906811135,204.59694989458117,205.72840881347656,3390536,0.0,0.0
2021-07-29 00:00:00-04:00,205.72839626763442,207.78691489085847,205.2612102265272,205.79408264160156,2259613,0.0,0.0
2021-07-30 00:00:00-04:00,204.3925410144434,205.85248704483064,202.7792991303476,204.35604858398438,2900465,0.0,0.0
2021-08-02 00:00:00-04:00,204.96921127073438,206.297770683821,201.02735159232978,201.5894317626953,3090586,0.0,0.0
2021-08-03 00:00:00-04:00,201.67705958818007,205.64081535643882,200.19521791304894,204.9838409423828,2669515,0.0,0.0
2021-08-04 00:00:00-04:00,203.90347997092834,204.6042591120788,200.80109780075,200.83029174804688,2455691,0.0,0.0
2021-08-05 00:00:00-04:00,201.3996283145224,202.77197853931253,200.50176257131636,201.32662963867188,2593318,0.0,0.0
2021-08-06 00:00:00-04:00,201.96174879005653,203.26110059857797,200.76458961898615,201.6697540283203,2111934,0.0,0.0
2021-08-09 00:00:00-04:00,200.77916958064105,201.4580531972891,198.96154242922458,199.04183959960938,2292872,0.0,0.0
2021-08-10 00:00:00-04:00,198.91770691722203,200.28275860259194,197.79354670574094,198.01254272460938,2661573,0.0,0.0
2021-08-11 00:00:00-04:00,198.85936664962108,202.31942993258102,198.01259013432093,201.6697540283203,2504090,0.0,0.0
2021-08-12 00:00:00-04:00,201.8376504997604,203.37789386755,199.78643011263335,201.54566955566406,1503099,0.0,0.0
2021-08-13 00:00:00-04:00,200.91059164809658,203.48010137757032,200.56750747114307,202.33404541015625,2415234,0.0,0.0
2021-08-16 00:00:00-04:00,202.0566214311104,206.49486116426377,200.85946238748184,205.6042938232422,3422554,0.0,0.0
2021-08-17 00:00:00-04:00,203.81586003820357,204.75751677821555,200.58937633040097,202.8303985595703,3648416,0.0,0.0
2021-08-18 00:00:00-04:00,201.51644528414556,202.66251497470432,198.85935394285224,199.1075439453125,2651521,0.0,0.0
2021-08-19 00:00:00-04:00,197.0928107342193,197.62568315591633,193.47213960497518,195.31167602539062,3848465,0.0,0.0
2021-08-20 00:00:00-04:00,194.46491217008597,195.9978569824709,192.76407452105482,194.5744171142578,2984109,0.0,0.0
2021-08-23 00:00:00-04:00,195.6328514046313,196.46501699088387,194.6619869463735,194.8298797607422,2533377,0.0,0.0
2021-08-24 00:00:00-04:00,194.74233304934864,196.4212616149489,194.3919365384858,195.49420166015625,2620620,0.0,0.0
2021-08-25 00:00:00-04:00,195.63288339049103,198.4432707807102,195.1291910421422,197.3629150390625,2626204,0.0,0.0
2021-08-26 00:00:00-04:00,197.04900663759798,197.04900663759798,194.74959647174555,195.23867797851562,1628316,0.0,0.0
2021-08-27 00:00:00-04:00,195.23138830690004,196.54533703242487,194.8372009246644,195.55987548828125,1925660,0.0,0.0
2021-08-30 00:00:00-04:00,196.18034413913455,196.2533428266315,193.764144256839,193.83714294433594,2186146,0.0,0.0
2021-08-31 00:00:00-04:00,194.21674077068803,194.85181974533765,193.20938365427318,193.9466552734375,2032262,0.0,0.0
2021-09-01 00:00:00-04:00,194.23861577860893,195.2240911523669,192.37718379711887,194.121826171875,2184905,0.0,0.0
2021-09-02 00:00:00-04:00,194.94898480526868,196.90353829716116,194.90507004252007,195.5199737548828,1627323,0.604351,0.0
2021-09-03 00:00:00-04:00,195.12474872295198,196.61078152691107,193.90956529639777,194.75140380859375,1892277,0.0,0.0
2021-09-07 00:00:00-04:00,194.94903167698905,195.7249979586123,192.49670764108265,192.99449157714844,2028415,0.0,0.0
2021-09-08 00:00:00-04:00,192.7089654821378,192.73824199182954,189.48067580927375,191.07652282714844,2436331,0.0,0.0
2021-09-09 00:00:00-04:00,189.69300845579988,192.32833841674514,188.34605309803663,189.75888061523438,2646805,0.0,0.0
2021-09-10 00:00:00-04:00,191.45719287217673,191.95499062274834,188.30944099658714,188.53636169433594,2131418,0.0,0.0
2021-09-13 00:00:00-04:00,189.93455499090288,191.72072714081264,188.6827623432129,191.69143676757812,2293368,0.0,0.0
2021-09-14 00:00:00-04:00,191.94768394129738,192.49671566442515,186.45740829598122,186.81610107421875,3206124,0.0,0.0
2021-09-15 00:00:00-04:00,187.6286562270187,190.07366114724533,186.5818405850555,187.83363342285156,2836802,0.0,0.0
2021-09-16 00:00:00-04:00,188.8438421955701,189.89797698117923,187.4310146397273,189.14398193359375,2124468,0.0,0.0
2021-09-17 00:00:00-04:00,186.96250629873353,188.65351619727798,186.00353405712724,186.8307342529297,3825258,0.0,0.0
2021-09-20 00:00:00-04:00,184.55406484797035,185.92297738448872,181.66252423092527,183.5950927734375,4311855,0.0,0.0
2021-09-21 00:00:00-04:00,185.2055853321817,185.84977949213274,182.11638656041097,184.52479553222656,5561045,0.0,0.0
2021-09-22 00:00:00-04:00,171.42862912086918,172.01427025416146,167.62204492637795,167.6952362060547,22080368,0.0,0.0
2021-09-23 00:00:00-04:00,167.68791051841563,169.31303410336312,166.9631921201025,167.57810974121094,8802041,0.0,0.0
2021-09-24 00:00:00-04:00,166.9046545385356,167.63669213224884,165.87979636254283,165.90907287597656,6171989,0.0,0.0
2021-09-27 00:00:00-04:00,165.44060327795657,167.81972233610836,165.2063495506511,165.81393432617188,5380356,0.0,0.0
2021-09-28 00:00:00-04:00,165.3088239471975,166.94126697506724,162.33674464120918,162.8052520751953,5854666,0.0,0.0
2021-09-29 00:00:00-04:00,163.24448615896645,164.15221066617823,161.63400048714524,161.84628295898438,4637865,0.0,0.0
2021-09-30 00:00:00-04:00,162.21228555633863,163.3689018783206,160.3382699137649,160.52859497070312,4788523,0.0,0.0
2021-10-01 00:00:00-04:00,161.0556955730713,164.04971852432277,159.71605924127556,162.90042114257812,5005077,0.0,0.0
2021-10-04 00:00:00-04:00,161.95609674441417,163.97652295248548,159.04258429244112,159.48912048339844,4869808,0.0,0.0
2021-10-05 00:00:00-04:00,159.21826787174163,165.77733031958377,158.36909642033132,164.17416381835938,6610683,0.0,0.0
2021-10-06 00:00:00-04:00,162.570975757022,164.66460679871926,160.9238946999457,164.12289428710938,4533249,0.0,0.0
2021-10-07 00:00:00-04:00,166.17261506978676,166.655760707905,162.863800747703,163.20785522460938,4907038,0.0,0.0
2021-10-08 00:00:00-04:00,162.8052460789956,163.9325859858849,162.0878466962491,163.5665740966797,2934965,0.0,0.0
2021-10-11 00:00:00-04:00,163.99842886272842,164.40105015212475,160.57981439730077,160.9165496826172,3579913,0.0,0.0
2021-10-12 00:00:00-04:00,160.916598861191,162.57099928578452,160.81411719129272,162.0146484375,3154002,0.0,0.0
2021-10-13 00:00:00-04:00,162.52706028576006,165.02331267083557,160.68964032066614,163.77883911132812,5702767,0.0,0.0
2021-10-14 00:00:00-04:00,165.73336715041805,167.32189506255438,165.27219280655908,166.50201416015625,3526177,0.0,0.0
2021-10-15 00:00:00-04:00,167.16090879432895,168.0027473928493,166.41423275103406,167.72457885742188,5184774,0.0,0.0
2021-10-18 00:00:00-04:00,166.91930642305053,168.18572366223685,165.93837679910783,166.89002990722656,3321909,0.0,0.0
2021-10-19 00:00:00-04:00,167.7464882595023,168.6542126325719,166.67039621489505,167.87094116210938,2591332,0.0,0.0
2021-10-20 00:00:00-04:00,168.61032236384162,169.80353449429737,167.753831763404,169.3203887939453,3123473,0.0,0.0
2021-10-21 00:00:00-04:00,169.32038345671916,170.82838740597697,168.82991864260865,170.44772338867188,4757249,0.0,0.0
2021-10-22 00:00:00-04:00,170.46967714342554,171.80929940252446,170.0963322934223,170.55020141601562,3198553,0.0,0.0
2021-10-25 00:00:00-04:00,170.81372642195436,172.96591046971656,170.1988087728881,172.32171630859375,3159338,0.0,0.0
2021-10-26 00:00:00-04:00,174.9497266833066,176.63341709323777,173.41976567331565,174.10055541992188,3804161,0.0,0.0
2021-10-27 00:00:00-04:00,174.5910223515117,175.6890855473502,172.08746488000907,172.24118041992188,3322157,0.0,0.0
2021-10-28 00:00:00-04:00,172.43886885274324,172.8634476337077,170.67465384561456,172.731689453125,2132907,0.0,0.0
2021-10-29 00:00:00-04:00,171.2383281949399,174.49589507889456,170.96747883602248,172.4169158935547,2481876,0.0,0.0
2021-11-01 00:00:00-04:00,173.6979830866373,173.79315949400035,171.80200972265817,172.49745178222656,1776740,0.0,0.0
2021-11-02 00:00:00-04:00,173.10504310529436,173.7711948100825,172.0289508235606,172.59262084960938,1848345,0.0,0.0
2021-11-03 00:00:00-04:00,172.3363830958404,176.04048597560407,171.750741908981,175.70375061035156,2518734,0.0,0.0
2021-11-04 00:00:00-04:00,176.9628561830638,179.75191540134256,176.17957082711274,179.3566131591797,3585994,0.0,0.0
2021-11-05 00:00:00-04:00,180.49130997101264,180.65235855299684,176.74327780591983,177.71688842773438,2462889,0.0,0.0
2021-11-08 00:00:00-05:00,179.2175273697776,182.7459572795561,179.07113093590797,181.9333953857422,3241740,0.0,0.0
2021-11-09 00:00:00-05:00,183.00949536605668,183.36820199252926,180.1545499220268,182.62884521484375,2273636,0.0,0.0
2021-11-10 00:00:00-05:00,181.3331247335518,183.5219183955927,180.51322987209778,181.9260711669922,2308136,0.0,0.0
2021-11-11 00:00:00-05:00,182.58487956222922,185.35198103636395,182.0797765979949,183.7341766357422,2544546,0.0,0.0
2021-11-12 00:00:00-05:00,184.4296458953184,186.58183008957383,183.712246543238,185.84979248046875,2625336,0.0,0.0
2021-11-15 00:00:00-05:00,186.30364639152805,186.85267801897498,183.19249027263655,184.6931610107422,2473561,0.0,0.0
2021-11-16 00:00:00-05:00,184.47353179747577,186.88925968807243,184.23927813578305,185.33734130859375,1996645,0.0,0.0
2021-11-17 00:00:00-05:00,184.9200913905322,185.43983263261373,180.9378066578705,181.06956481933594,2612181,0.0,0.0
2021-11-18 00:00:00-05:00,181.50149424858185,182.2628083666595,176.59683259689382,179.1443328857422,2898604,0.0,0.0
2021-11-19 00:00:00-05:00,179.3346816781766,180.2277679507365,177.54850913305677,177.65830993652344,2519106,0.0,0.0
2021-11-22 00:00:00-05:00,177.658312426372,183.81475387596998,177.18248583470185,181.53811645507812,2712454,0.0,0.0
2021-11-23 00:00:00-05:00,180.8133778111718,181.32579999365885,178.8954472602135,180.3961181640625,1765447,0.0,0.0
2021-11-24 00:00:00-05:00,179.34925982173607,180.732810474415,178.29512533102914,178.3024444580078,2042686,0.0,0.0
2021-11-26 00:00:00-05:00,173.7199350243593,175.25721542440897,172.4022700705985,174.3348388671875,2203768,0.0,0.0
2021-11-29 00:00:00-05:00,175.68912460599614,176.8530602082809,173.55157848323793,176.10638427734375,2103867,0.0,0.0
2021-11-30 00:00:00-05:00,174.3714336140598,174.96438002066898,168.3028368049375,168.6395721435547,4177206,0.0,0.0
2021-12-01 00:00:00-05:00,172.02893403196268,174.36413819765602,166.61916890828826,166.74362182617188,2900589,0.0,0.0
2021-12-02 00:00:00-05:00,166.75091230763908,173.661347215846,166.46541087565294,172.24851989746094,2659587,0.0,0.0
2021-12-03 00:00:00-05:00,173.22210646115954,176.6846356367895,173.03908670542526,176.30398559570312,3025930,0.0,0.0
2021-12-06 00:00:00-05:00,177.88525554754074,180.79876827337736,177.31426638258716,179.3859405517578,2270410,0.0,0.0
2021-12-07 00:00:00-05:00,180.9085184407516,182.2701118720161,180.22772865611162,180.85728454589844,2103247,0.0,0.0
2021-12-08 00:00:00-05:00,181.2159928027701,181.2159928027701,178.45621006432228,179.16629028320312,1607716,0.0,0.0
2021-12-09 00:00:00-05:00,178.25126259035696,181.08425072729062,177.958441977821,179.53231811523438,1587239,0.0,0.0
2021-12-10 00:00:00-05:00,180.47950281404687,182.32255886885645,179.53228621347958,180.8393096923828,1582647,0.604351,0.0
2021-12-13 00:00:00-05:00,179.69380913266332,180.25185247920115,176.59512098813047,176.8888397216797,2098283,0.0,0.0
2021-12-14 00:00:00-05:00,176.2280036806967,179.811305838215,175.75805922293907,176.2573699951172,2094560,0.0,0.0
2021-12-15 00:00:00-05:00,176.2573917757508,177.87281735859986,175.50108394541934,176.80076599121094,2109452,0.0,0.0
2021-12-16 00:00:00-05:00,178.11515226196772,179.7158948751143,175.06788193719308,175.1413116455078,5542182,0.0,0.0
2021-12-17 00:00:00-05:00,186.3170677195987,191.28082332123935,182.14634169865653,183.80581665039062,12555569,0.0,0.0
2021-12-20 00:00:00-05:00,183.79114714402783,185.68559447907444,180.2298692498982,180.3032989501953,3424043,0.0,0.0
2021-12-21 00:00:00-05:00,182.30788247774552,185.59746603316492,181.9701142274486,185.00270080566406,3137372,0.0,0.0
2021-12-22 00:00:00-05:00,185.2963873226967,185.5827644918884,183.05683053933086,183.5414581298828,2884456,0.0,0.0
2021-12-23 00:00:00-05:00,184.2096675436145,188.1454212049591,184.04812500066365,186.3758087158203,2605231,0.0,0.0
2021-12-27 00:00:00-05:00,187.23493509466132,188.8577022989672,186.76500447119142,188.16014099121094,1834943,0.0,0.0
2021-12-28 00:00:00-05:00,187.9912487930262,189.70947036433523,187.59473398356926,188.2996368408203,1665918,0.0,0.0
2021-12-29 00:00:00-05:00,188.329023509279,189.81961445707853,188.15279778893412,189.07064819335938,1821043,0.0,0.0
2021-12-30 00:00:00-05:00,189.36436919629801,191.06790781201508,189.0780058525115,189.85633850097656,2215557,0.0,0.0
2021-12-31 00:00:00-05:00,189.12939541533865,191.08993089411516,188.65945088972387,189.91506958007812,1578924,0.0,0.0
2022-01-03 00:00:00-05:00,190.7668787531533,192.15467392643578,188.68150825050762,189.84901428222656,2174728,0.0,0.0
2022-01-04 00:00:00-05:00,190.65670444238148,195.2753508551936,190.4070490069193,194.51904296875,3209971,0.0,0.0
2022-01-05 00:00:00-05:00,194.58514786070447,195.89951327629214,192.27948829339994,192.47775268554688,3025062,0.0,0.0
2022-01-06 00:00:00-05:00,192.37491523292655,194.59246161028742,191.00915894784535,193.2560577392578,2305530,0.0,0.0
2022-01-07 00:00:00-05:00,192.88894878401834,195.7673350431782,192.41166261694545,193.84352111816406,2042686,0.0,0.0
2022-01-10 00:00:00-05:00,192.8375048934291,192.8375048934291,185.41390307902068,188.38040161132812,5651266,0.0,0.0
2022-01-11 00:00:00-05:00,188.38041864545008,188.99722258451868,185.14223967886142,187.6387939453125,2504710,0.0,0.0
2022-01-12 00:00:00-05:00,188.03529812700495,190.1867563075861,187.08072595327596,188.13075256347656,1754154,0.0,0.0
2022-01-13 00:00:00-05:00,188.86505152621683,190.9944712432349,188.19685651021234,189.20281982421875,2058199,0.0,0.0
2022-01-14 00:00:00-05:00,186.94123511375878,188.46119243322977,185.96463813358824,188.1381072998047,1729458,0.0,0.0
2022-01-18 00:00:00-05:00,185.5240524682241,186.6842306127457,183.75443978979897,186.01602172851562,2381107,0.0,0.0
2022-01-19 00:00:00-05:00,186.01601892628003,187.83705044349122,185.1715982398458,185.17893981933594,1616775,0.0,0.0
2022-01-20 00:00:00-05:00,186.30243969251734,187.9765982977392,184.0408433547167,184.11427307128906,2074456,0.0,0.0
2022-01-21 00:00:00-05:00,183.29916675041832,183.56350531272625,179.1210990939052,179.83334350585938,3801928,0.0,0.0
2022-01-24 00:00:00-05:00,175.90499899839108,180.59707633278524,173.91509657883316,180.42819213867188,3786912,0.0,0.0
2022-01-25 00:00:00-05:00,177.50567771306146,181.17709306754338,175.50107895057664,179.19451904296875,2521960,0.0,0.0
2022-01-26 00:00:00-05:00,180.4942087635105,182.28586008922747,177.1238536344923,178.54837036132812,2495403,0.0,0.0
2022-01-27 00:00:00-05:00,180.08300892080294,181.83795233029272,175.99305389102986,177.6451873779297,2315334,0.0,0.0
2022-01-28 00:00:00-05:00,177.06509093603287,179.83333895230308,175.58918328655264,179.73788452148438,2838912,0.0,0.0
2022-01-31 00:00:00-05:00,179.18716898112348,180.75120338883315,176.96229513584746,180.53091430664062,4214312,0.0,0.0
2022-02-01 00:00:00-05:00,187.08075092301988,188.3363836370238,184.52544991734936,185.03944396972656,5707111,0.0,0.0
2022-02-02 00:00:00-05:00,186.09683367480122,186.14089706654138,182.72647781677966,184.9073028564453,2167903,0.0,0.0
2022-02-03 00:00:00-05:00,183.48276116579572,184.584192861685,181.41208793147447,181.60299682617188,2237895,0.0,0.0
2022-02-04 00:00:00-05:00,180.80994649714842,181.41940882184346,177.72595478577975,179.2459259033203,2658222,0.0,0.0
2022-02-07 00:00:00-05:00,179.82599218482045,180.29593665091303,178.1518341430603,178.96688842773438,2013647,0.0,0.0
2022-02-08 00:00:00-05:00,179.70854822100725,180.8687125515103,178.43089079871447,179.0623779296875,2461027,0.0,0.0
2022-02-09 00:00:00-05:00,180.47952438374088,182.54286975936316,178.8787958524137,179.3413848876953,2145937,0.0,0.0
2022-02-10 00:00:00-05:00,177.9755800036786,179.03294801377336,175.8902242005359,176.529052734375,3243974,0.0,0.0
2022-02-11 00:00:00-05:00,176.26475262931086,176.59517936152423,169.78838033522374,170.5079803466797,5809121,0.0,0.0
2022-02-14 00:00:00-05:00,169.8618047925545,170.51531665646644,166.6603196937885,167.75440979003906,3115282,0.0,0.0
2022-02-15 00:00:00-05:00,170.14818005421196,171.94717320107287,168.89256120351422,169.17892456054688,3247697,0.0,0.0
2022-02-16 00:00:00-05:00,168.1509530964036,169.17159975549816,164.7879248574989,168.15829467773438,3032508,0.0,0.0
2022-02-17 00:00:00-05:00,166.99808756711442,167.31381719733162,164.55291056786993,164.7511749267578,1757132,0.0,0.0
2022-02-18 00:00:00-05:00,164.2077975285727,165.26516570860164,162.13712454891478,163.1798095703125,2058199,0.0,0.0
2022-02-22 00:00:00-05:00,161.6525062539573,162.75392397370123,158.84753613514275,159.9196014404297,3129057,0.0,0.0
2022-02-23 00:00:00-05:00,160.57311709044012,161.57173881304112,157.68737562137002,157.7534637451172,2796345,0.0,0.0
2022-02-24 00:00:00-05:00,152.73093171045008,159.0237490427083,151.48999637511918,158.5464630126953,3725978,0.0,0.0
2022-02-25 00:00:00-05:00,159.00173623590425,163.4808646009421,158.72271449377374,162.071044921875,2437200,0.0,0.0
2022-02-28 00:00:00-05:00,159.47166419405977,163.48084761467044,158.3922713316849,163.20916748046875,3074826,0.0,0.0
2022-03-01 00:00:00-05:00,162.30602389568932,162.97421891209194,156.1380399499565,157.80487060546875,2583514,0.0,0.0
2022-03-02 00:00:00-05:00,158.92832307349448,163.4368321310247,157.35696066848183,160.99166870117188,2817815,0.0,0.0
2022-03-03 00:00:00-05:00,163.47352786416891,165.17706639974165,161.6892180449936,162.5042724609375,3062416,0.0,0.0
2022-03-04 00:00:00-05:00,160.61808891335903,161.35486881773713,156.41844764393988,158.06883239746094,3049509,0.604351,0.0
2022-03-07 00:00:00-05:00,156.19741558991223,157.20681344604571,147.827598897587,148.15914916992188,4307635,0.0,0.0
2022-03-08 00:00:00-05:00,149.2569731792218,154.2597222685669,146.64140323472583,150.29583740234375,3633896,0.0,0.0
2022-03-09 00:00:00-05:00,153.98711432458262,160.92021955567873,153.98711432458262,159.67506408691406,3961768,0.0,0.0
2022-03-10 00:00:00-05:00,156.78685887495521,161.885386777349,156.4553085558254,161.5612030029297,3146307,0.0,0.0
2022-03-11 00:00:00-05:00,162.0916677315655,162.3937518528416,156.73528319783006,157.06683349609375,2911758,0.0,0.0
2022-03-14 00:00:00-04:00,156.57319148232193,158.34883558699886,153.847095747355,155.55642700195312,2706249,0.0,0.0
2022-03-15 00:00:00-04:00,158.25304684581093,160.30867549435763,156.14586633789065,159.3140106201172,2306274,0.0,0.0
2022-03-16 00:00:00-04:00,161.29598790857477,166.52712829306842,161.1707287275451,166.4608154296875,3832208,0.0,0.0
2022-03-17 00:00:00-04:00,163.36633560185692,169.03218587961243,162.37905105498177,167.97122192382812,7075437,0.0,0.0
2022-03-18 00:00:00-04:00,162.0916837044722,162.23167596253506,156.8826574459413,161.28860473632812,11502084,0.0,0.0
2022-03-21 00:00:00-04:00,160.41180204849877,164.44935156697758,160.22761055546695,163.68310546875,4262090,0.0,0.0
2022-03-22 00:00:00-04:00,164.36832337141087,168.50166630597556,163.9262609500779,166.9323272705078,3260976,0.0,0.0
2022-03-23 00:00:00-04:00,165.5840082021434,166.56392599998182,162.87265953367532,163.17474365234375,2151398,0.0,0.0
2022-03-24 00:00:00-04:00,164.06623953756463,166.10712095373495,162.54109989530997,165.86398315429688,2490191,0.0,0.0
2022-03-25 00:00:00-04:00,166.504979275459,167.2859584575771,165.00930585136322,166.92494201660156,1803049,0.0,0.0
2022-03-28 00:00:00-04:00,167.13124216476012,169.57735330823294,166.232370333768,169.49630737304688,2144572,0.0,0.0
2022-03-29 00:00:00-04:00,174.43274737935272,177.98402157955647,173.91699162735034,175.773681640625,5033248,0.0,0.0
2022-03-30 00:00:00-04:00,174.8011049104853,175.49368552435055,172.5170859113787,173.32754516601562,2620123,0.0,0.0
2022-03-31 00:00:00-04:00,171.90557557201274,173.75488493161893,170.4025356126032,170.48358154296875,2207243,0.0,0.0
2022-04-01 00:00:00-04:00,170.4835788899395,170.69725050368243,162.82844278895757,163.01263427734375,4263704,0.0,0.0
2022-04-04 00:00:00-04:00,160.90548116783478,162.72532478933692,159.68979192114602,160.6107635498047,4318432,0.0,0.0
2022-04-05 00:00:00-04:00,158.6509172541319,161.23702093210008,155.2175214076106,155.48277282714844,3877008,0.0,0.0
2022-04-06 00:00:00-04:00,154.35547350854708,154.35547350854708,149.97162660588185,150.3031768798828,4334565,0.0,0.0
2022-04-07 00:00:00-04:00,150.09691056150578,151.06944796134533,146.77402677677273,150.1337432861328,4000115,0.0,0.0
2022-04-08 00:00:00-04:00,148.8959301583747,150.0674059353557,147.0539733365139,148.47596740722656,2880609,0.0,0.0
2022-04-11 00:00:00-04:00,147.0687031356498,152.99242263697548,147.0687031356498,150.39158630371094,2582521,0.0,0.0
2022-04-12 00:00:00-04:00,150.3989549534924,152.63877487661915,149.07275386583365,150.58316040039062,2521464,0.0,0.0
2022-04-13 00:00:00-04:00,150.597910293937,152.91876245633915,149.63272554512736,152.00515747070312,1694586,0.0,0.0
2022-04-14 00:00:00-04:00,152.55032846938263,153.61865843590172,151.0030895606681,151.58514404296875,2385574,0.0,0.0
2022-04-18 00:00:00-04:00,151.42309706574508,152.49879389290373,148.80752741579133,149.75796508789062,1874034,0.0,0.0
2022-04-19 00:00:00-04:00,150.7084137375179,154.79017673587543,150.50212260027618,153.8470916748047,2185897,0.0,0.0
2022-04-20 00:00:00-04:00,155.1217260585985,157.7225625525996,154.0460292593754,154.1270751953125,2264701,0.0,0.0
2022-04-21 00:00:00-04:00,154.7091376299524,155.27645921009682,151.4083676740495,152.41038513183594,2605480,0.0,0.0
2022-04-22 00:00:00-04:00,151.49675570903563,153.18397313661788,150.49472446117417,151.19467163085938,2624467,0.0,0.0
2022-04-25 00:00:00-04:00,150.34003537903442,151.62938990615885,145.6614705527956,151.33468627929688,2683787,0.0,0.0
2022-04-26 00:00:00-04:00,150.64946710163588,151.25363532748813,146.05196231850636,147.35606384277344,2392028,0.0,0.0
2022-04-27 00:00:00-04:00,146.04456031387141,148.50540398045493,144.51942098325617,146.81080627441406,2002602,0.0,0.0
2022-04-28 00:00:00-04:00,148.6970016128362,152.5651070130899,147.79076320435902,152.40301513671875,2806397,0.0,0.0
2022-04-29 00:00:00-04:00,151.29047688303442,153.89131353941357,145.88251242144108,146.427734375,2902203,0.0,0.0
2022-05-02 00:00:00-04:00,146.57508702903863,147.70973026347642,142.06599422254163,145.15310668945312,2761970,0.0,0.0
2022-05-03 00:00:00-04:00,145.33726547296993,147.79810945756273,144.11421002388013,146.94345092773438,2429630,0.0,0.0
2022-05-04 00:00:00-04:00,147.79811165226383,154.74594790109205,146.71504841158927,154.3480987548828,3045910,0.0,0.0
2022-05-05 00:00:00-04:00,152.51351318626624,155.1290825996383,150.98837358983172,152.69033813476562,3284307,0.0,0.0
2022-05-06 00:00:00-04:00,152.08617633372893,156.52158871971645,149.75057754641102,154.87857055664062,2925782,0.0,0.0
2022-05-09 00:00:00-04:00,152.74930198491205,156.62477401723987,151.54097942895393,153.44924926757812,2879865,0.0,0.0
2022-05-10 00:00:00-04:00,154.9301462054705,155.86585063316704,149.49270271894792,153.29449462890625,2827743,0.0,0.0
2022-05-11 00:00:00-04:00,153.03665219241,156.32268904179804,152.09356709479428,152.660888671875,3484604,0.0,0.0
2022-05-12 00:00:00-04:00,151.27573191353463,153.50080486807468,149.05802550288954,153.3976593017578,2910766,0.0,0.0
2022-05-13 00:00:00-04:00,153.75868009662875,158.45197789377036,153.70711428790972,155.67431640625,2577681,0.0,0.0
2022-05-16 00:00:00-04:00,155.07016797276677,156.15324541917235,153.50819533960515,154.51759338378906,1615286,0.0,0.0
2022-05-17 00:00:00-04:00,158.01732333460237,163.9483974162707,157.61946009012343,163.19688415527344,3633028,0.0,0.0
2022-05-18 00:00:00-04:00,160.04339052119408,161.0233081492251,149.279043650452,149.98634338378906,4617885,0.0,0.0
2022-05-19 00:00:00-04:00,148.15916811467804,149.69167447811952,144.07003826515583,146.6561279296875,3224987,0.0,0.0
2022-05-20 00:00:00-04:00,148.80014288949153,148.80014288949153,143.9889669496206,148.01914978027344,2797090,0.0,0.0
2022-05-23 00:00:00-04:00,148.96965628350068,152.49146521484786,147.82764632313,150.8115997314453,2104984,0.0,0.0
2022-05-24 00:00:00-04:00,149.30852931440674,151.77674006397783,145.3520116194369,151.22415161132812,2394758,0.0,0.0
2022-05-25 00:00:00-04:00,149.36746128998303,151.3714958728891,146.48664064937614,150.5315704345703,2726849,0.0,0.0
2022-05-26 00:00:00-04:00,152.70508868891523,157.376287030319,152.37353838460797,156.41110229492188,2189372,0.0,0.0
2022-05-27 00:00:00-04:00,156.85314327549438,162.1653279144247,156.85314327549438,161.8485107421875,2663931,0.0,0.0
2022-05-31 00:00:00-04:00,160.45599575877657,166.4460279129503,158.53300706026417,165.4661102294922,3802176,0.0,0.0
2022-06-01 00:00:00-04:00,165.77557288508606,166.75549063964812,159.33611136199423,161.11175537109375,2466239,0.0,0.0
2022-06-02 00:00:00-04:00,161.05280309357428,165.34085695279006,160.8022987563337,163.21156311035156,2037846,0.0,0.0
2022-06-03 00:00:00-04:00,162.0106222597296,163.02737270263103,160.42653634273316,161.13385009765625,1712084,0.0,0.0
2022-06-06 00:00:00-04:00,162.82846387006316,165.88609598992915,162.05483719582244,164.19149780273438,1939559,0.0,0.0
2022-06-07 00:00:00-04:00,161.30331529829763,163.5431213555389,159.57925102786197,163.10105895996094,1383839,0.0,0.0
2022-06-08 00:00:00-04:00,160.52966954774595,162.48213830327586,158.9455977044793,160.00656127929688,1931368,0.0,0.0
2022-06-09 00:00:00-04:00,160.02866064454506,163.09367272308978,158.70245966615704,159.8813018798828,2291507,0.0,0.0
2022-06-10 00:00:00-04:00,157.77416415281982,158.49619718040182,152.24094011110336,152.34408569335938,2808755,0.0,0.0
2022-06-13 00:00:00-04:00,148.46123978785536,151.07680936305383,146.19195358754183,148.07810974121094,2460903,0.0,0.0
2022-06-14 00:00:00-04:00,162.38638820439442,171.14670231152675,161.78223390285683,169.42263793945312,16143797,0.0,0.0
2022-06-15 00:00:00-04:00,170.012031157723,176.24518649978702,168.98053382601134,171.5076904296875,6249428,0.0,0.0
2022-06-16 00:00:00-04:00,166.77760925496824,167.55858855889844,164.60410187119678,166.0039825439453,3802052,0.0,0.0
2022-06-17 00:00:00-04:00,165.11246808879747,170.5130798242943,164.19886312697832,169.38580322265625,6561912,0.0,0.0
2022-06-21 00:00:00-04:00,172.51710618665882,174.24853699713125,168.61953476327318,169.84259033203125,2906670,0.0,0.0
2022-06-22 00:00:00-04:00,167.35964586800046,170.74884203738185,167.3522793240998,168.7374267578125,2523698,0.0,0.0
2022-06-23 00:00:00-04:00,169.09109485984143,169.643683374341,165.3040491053349,168.0817108154297,5342629,0.0,0.0
2022-06-24 00:00:00-04:00,175.51641634869173,184.21004093669765,175.0128693535479,180.12240600585938,10418443,0.926672,0.0
2022-06-27 00:00:00-04:00,182.86234188884004,183.59545090043773,177.8712803210621,178.0712127685547,3148169,0.0,0.0
2022-06-28 00:00:00-04:00,180.68522815684685,183.75836574560023,177.44178760851446,177.78982543945312,3211460,0.0,0.0
2022-06-29 00:00:00-04:00,178.46369620909329,179.2042091222644,167.87435734400358,173.139404296875,4637369,0.0,0.0
2022-06-30 00:00:00-04:00,170.05147272656413,170.99193219579965,165.11965548129237,167.88177490234375,4562909,0.0,0.0
2022-07-01 00:00:00-04:00,164.8308305607526,166.31185622024202,161.21712682980046,165.58615112304688,3216300,0.0,0.0
2022-07-05 00:00:00-04:00,163.35720154218356,171.03631461956957,161.96503636204162,170.0292205810547,3552611,0.0,0.0
2022-07-06 00:00:00-04:00,168.79255175523556,170.44389418498895,166.6228546138703,168.629638671875,2077682,0.0,0.0
2022-07-07 00:00:00-04:00,170.45876135113986,171.6954316607825,167.16347920802008,171.31776428222656,2017866,0.0,0.0
2022-07-08 00:00:00-04:00,171.95459776860358,172.48776036172745,168.83703670714294,170.680908203125,1355917,0.0,0.0
2022-07-11 00:00:00-04:00,169.31835499726665,171.24368286202926,165.7564781148673,166.01565551757812,2131666,0.0,0.0
2022-07-12 00:00:00-04:00,165.37883560712766,168.48157479775205,164.2458476100559,165.11964416503906,2554847,0.0,0.0
2022-07-13 00:00:00-04:00,163.40163145151834,163.59417404147953,159.12146758949848,160.047119140625,2472693,0.0,0.0
2022-07-14 00:00:00-04:00,156.8481029767705,158.81045006199867,155.81137940322856,158.6845703125,1903198,0.0,0.0
2022-07-15 00:00:00-04:00,160.89132831950656,161.96507140634588,159.21775978136404,161.30601501464844,1564405,0.0,0.0
2022-07-18 00:00:00-04:00,162.25381496723855,164.20877194518576,160.76538563788478,161.4170379638672,1878502,0.0,0.0
2022-07-19 00:00:00-04:00,162.6019235401031,167.45228433008165,162.04653529148518,166.93392944335938,1710843,0.0,0.0
2022-07-20 00:00:00-04:00,167.29678393233445,169.244337828491,166.05272372473468,168.5852813720703,1677212,0.0,0.0
2022-07-21 00:00:00-04:00,167.68925906337188,169.12584789111324,167.14127465357475,168.5852813720703,1249067,0.0,0.0
2022-07-22 00:00:00-04:00,169.42939488676308,170.54757486443035,166.9042421166,168.31861877441406,1794238,0.0,0.0
2022-07-25 00:00:00-04:00,169.93299607842727,170.74756174803522,167.96323073600746,168.96292114257812,1209727,0.0,0.0
2022-07-26 00:00:00-04:00,165.13444817842657,167.83732215964108,163.7348790449187,166.51919555664062,1935836,0.0,0.0
2022-07-27 00:00:00-04:00,167.06718533025725,169.45904091113488,164.14957108212613,168.56301879882812,1516254,0.0,0.0
2022-07-28 00:00:00-04:00,168.84441732474156,170.55500494813288,168.31864464901625,170.17733764648438,1732684,0.0,0.0
2022-07-29 00:00:00-04:00,169.6664068080101,173.26530332066366,167.25972925059096,172.6062469482422,2499002,0.0,0.0
2022-08-01 00:00:00-04:00,171.8435228576449,177.53067502137114,171.799099649908,176.02001953125,2365222,0.0,0.0
2022-08-02 00:00:00-04:00,174.67227840509554,175.23507048586663,171.45104920358432,172.73953247070312,1772769,0.0,0.0
2022-08-03 00:00:00-04:00,173.90955149811066,174.82779938869058,171.59915208079485,172.68031311035156,1290268,0.0,0.0
2022-08-04 00:00:00-04:00,173.12458688205263,174.99068380608952,172.79876065757753,174.83517456054688,1343879,0.0,0.0
2022-08-05 00:00:00-04:00,173.76884621853475,176.88640714407288,172.9098433815407,173.9391632080078,1870559,0.0,0.0
2022-08-08 00:00:00-04:00,174.76112876423613,174.8796046585025,169.23690448613183,169.59234619140625,2308508,0.0,0.0
2022-08-09 00:00:00-04:00,168.7777656342628,168.7777656342628,165.03076423721492,166.59324645996094,2400342,0.0,0.0
2022-08-10 00:00:00-04:00,170.1847553838067,173.6873874695653,169.58494399462984,172.13230895996094,2712702,0.0,0.0
2022-08-11 00:00:00-04:00,172.90244069791984,173.28010803769237,169.20727995181514,169.75526428222656,2533626,0.0,0.0
2022-08-12 00:00:00-04:00,170.36988944679783,170.8660327018652,168.7333542873268,170.8216094970703,2085749,0.0,0.0
2022-08-15 00:00:00-04:00,169.60713851118544,173.41337083042066,169.5404896918848,172.69508361816406,1955692,0.0,0.0
2022-08-16 00:00:00-04:00,172.64325051905723,178.38963261781836,172.287808829641,176.40505981445312,2717045,0.0,0.0
2022-08-17 00:00:00-04:00,174.33161154556885,175.3609171917152,172.4210775736307,172.8505859375,1477535,0.0,0.0
2022-08-18 00:00:00-04:00,172.7173214529638,174.3168232467738,171.7990876433251,173.9243621826172,1233430,0.0,0.0
2022-08-19 00:00:00-04:00,173.4059884514936,173.6799876289625,170.49577784285958,171.59913635253906,1562667,0.0,0.0
2022-08-22 00:00:00-04:00,168.3778835968537,168.76295475122254,165.06039064374937,165.55653381347656,2317319,0.0,0.0
2022-08-23 00:00:00-04:00,165.3862330854335,167.607771768051,165.09742618568038,166.80801391601562,1267309,0.0,0.0
2022-08-24 00:00:00-04:00,166.5265942645514,168.40008074486232,165.06037647976424,167.400390625,1370312,0.0,0.0
2022-08-25 00:00:00-04:00,167.96320033770445,169.55529802790088,166.6228761705043,168.85922241210938,1444400,0.0,0.0
2022-08-26 00:00:00-04:00,169.11839526857872,169.87371581732282,161.446685855445,161.55035400390625,1920944,0.0,0.0
2022-08-29 00:00:00-04:00,160.09899519312054,161.75774219049887,159.0178480974178,160.49147033691406,1505333,0.0,0.0
2022-08-30 00:00:00-04:00,161.68364305726388,162.16496444331182,157.44049881450886,158.08474731445312,1762716,0.0,0.0
2022-08-31 00:00:00-04:00,158.7882535533859,159.20294021771718,155.818798077599,156.10760498046875,2132286,0.0,0.0
2022-09-01 00:00:00-04:00,155.95123714705701,157.92436217192468,154.1046964450132,157.74566650390625,1963758,0.926672,0.0
2022-09-02 00:00:00-04:00,159.48794851696724,159.64431072986085,154.2982598821911,155.40768432617188,1765571,0.0,0.0
2022-09-06 00:00:00-04:00,152.63047401272811,154.05260933224042,150.64990401716437,152.01992797851562,2927767,0.0,0.0
2022-09-07 00:00:00-04:00,149.95743960127416,150.67966685867142,146.59940150063687,150.12124633789062,3845611,0.0,0.0
2022-09-08 00:00:00-04:00,149.42128806274215,151.15614717054797,147.098216617023,151.05191040039062,3071103,0.0,0.0
2022-09-09 00:00:00-04:00,152.4889625153045,156.04058473457806,152.29537789182197,155.66830444335938,2158595,0.0,0.0
2022-09-12 00:00:00-04:00,156.55435069674292,160.70162979638516,156.55435069674292,159.2199249267578,2828115,0.0,0.0
2022-09-13 00:00:00-04:00,155.53426232768615,156.56178347828865,151.96775145799265,152.89102172851562,1972942,0.0,0.0
2022-09-14 00:00:00-04:00,152.42197740857924,152.98039790107325,149.5925820560762,152.6453399658203,1874779,0.0,0.0
2022-09-15 00:00:00-04:00,152.34006281237197,153.50159878219415,151.31254154713525,152.5410919189453,3822528,0.0,0.0
2022-09-16 00:00:00-04:00,118.61824707820996,120.50202418919483,115.40912736966224,119.89146423339844,42444558,0.0,0.0
2022-09-19 00:00:00-04:00,119.13200977930894,123.11548235560255,118.7597294746862,121.29127502441406,11696425,0.0,0.0
2022-09-20 00:00:00-04:00,120.00316044955797,120.01804940480248,116.93550694208392,117.19610595703125,6666776,0.0,0.0
2022-09-21 00:00:00-04:00,117.02485295955731,118.49166176772798,114.10611724853516,114.10611724853516,6815076,0.0,0.0
2022-09-22 00:00:00-04:00,113.63703293167785,119.62341480601866,111.93940309264917,115.06661224365234,12739486,0.0,0.0
2022-09-23 00:00:00-04:00,111.51499897879206,113.87530731613745,109.1919271297172,111.18738555908203,8929616,0.0,0.0
2022-09-26 00:00:00-04:00,110.5470510160086,112.31169532663351,106.02747769107697,106.39976501464844,7071466,0.0,0.0
2022-09-27 00:00:00-04:00,106.84652999653888,108.40269396152586,105.67010494910265,107.92616271972656,5542802,0.0,0.0
2022-09-28 00:00:00-04:00,108.49946033216634,112.51272433450855,107.76978173603571,111.67879486083984,6154367,0.0,0.0
2022-09-29 00:00:00-04:00,110.12264789017493,113.62959611163542,109.58655384963515,113.40621948242188,6452207,0.0,0.0
2022-09-30 00:00:00-04:00,112.39360588669369,114.19547270050558,110.45026579202899,110.54705810546875,4520467,0.0,0.0
2022-10-03 00:00:00-04:00,111.77560150542317,113.66682308657838,110.18220837373701,112.77333068847656,3352189,0.0,0.0
2022-10-04 00:00:00-04:00,115.5506032937192,118.84161958152404,114.99962026130284,118.4767837524414,12520945,0.0,0.0
2022-10-05 00:00:00-04:00,115.58782125856375,118.3427431968259,115.066616190671,116.80147552490234,8897101,0.0,0.0
2022-10-06 00:00:00-04:00,116.45151968142882,117.64284042327365,115.27508789334296,115.55058288574219,5279959,0.0,0.0
2022-10-07 00:00:00-04:00,113.55512778012125,115.11129137856221,110.91188723571265,114.96981811523438,9659324,0.0,0.0
2022-10-10 00:00:00-04:00,116.07178973288181,116.48875094160974,113.28707595710605,114.07632446289062,6590331,0.0,0.0
2022-10-11 00:00:00-04:00,112.82543811214185,115.10383575113315,112.49038025785143,113.23495483398438,7502590,0.0,0.0
2022-10-12 00:00:00-04:00,113.22752082964281,115.4389042824305,112.91479637687759,113.83807373046875,3062912,0.0,0.0
2022-10-13 00:00:00-04:00,112.01386200514708,117.67263789305214,110.88955553505401,116.33984375,3714809,0.0,0.0
2022-10-14 00:00:00-04:00,116.80892925600492,117.94812466989683,115.34211338065195,116.86849212646484,2816822,0.0,0.0
2022-10-17 00:00:00-04:00,117.85134370727653,119.03522020010318,115.70696736916543,116.88339233398438,3955067,0.0,0.0
2022-10-18 00:00:00-04:00,119.64575787518488,120.18930345027611,115.45380485488816,116.3770751953125,3892024,0.0,0.0
2022-10-19 00:00:00-04:00,115.94521059749732,116.67488917610928,112.84777949017581,113.89018249511719,4261222,0.0,0.0
2022-10-20 00:00:00-04:00,113.88273912415306,115.70694616293878,111.58944544131793,111.79048156738281,4532256,0.0,0.0
2022-10-21 00:00:00-04:00,111.827723325021,114.56031194585171,111.41820655081531,114.09123229980469,7538951,0.0,0.0
2022-10-24 00:00:00-04:00,113.31686798036729,116.5185431645032,112.75098899765513,115.23042297363281,3546282,0.0,0.0
2022-10-25 00:00:00-04:00,116.07181329511785,117.14400149226758,115.29745358613292,116.00479888916016,3819426,0.0,0.0
2022-10-26 00:00:00-04:00,116.43663521384043,118.513989778263,115.84097129512075,117.6130599975586,4633646,0.0,0.0
2022-10-27 00:00:00-04:00,118.34274339610577,119.3553756237757,116.6227800635831,116.83126068115234,2043555,0.0,0.0
2022-10-28 00:00:00-04:00,117.3003538662994,119.52663343618094,115.98245569116234,119.4074935913086,3187633,0.0,0.0
2022-10-31 00:00:00-04:00,118.40231128165047,120.79239739002615,118.1044828401946,119.34048461914062,2371551,0.0,0.0
2022-11-01 00:00:00-04:00,120.58391137750812,121.03065046872653,116.68233593321546,117.7843017578125,2729580,0.0,0.0
2022-11-02 00:00:00-04:00,116.73446069870431,119.28090890628688,114.90280917552386,115.08150482177734,2831838,0.0,0.0
2022-11-03 00:00:00-04:00,113.91999167434429,116.30262661371454,112.68399675936479,115.34957122802734,7512021,0.0,0.0
2022-11-04 00:00:00-04:00,117.06207228530097,118.31295588925076,114.73899367121624,116.64511108398438,1828986,0.0,0.0
2022-11-07 00:00:00-05:00,117.56840232106109,118.89374502991254,116.92807145091382,118.56613159179688,2124468,0.0,0.0
2022-11-08 00:00:00-05:00,119.13200739007166,121.58166363111732,117.14399338086584,118.78950500488281,4470951,0.0,0.0
2022-11-09 00:00:00-05:00,117.64286060652566,119.97337705250307,117.35992108870477,117.67264556884766,2801185,0.0,0.0
2022-11-10 00:00:00-05:00,121.14234108807285,124.7460884004358,121.14234108807285,123.59944152832031,4694827,0.0,0.0
2022-11-11 00:00:00-05:00,124.26212330387578,131.71532860327352,123.77814765202233,130.75482177734375,5505697,0.0,0.0
2022-11-14 00:00:00-05:00,129.94325254946756,133.1970397111721,129.94325254946756,130.1219482421875,3721883,0.0,0.0
2022-11-15 00:00:00-05:00,131.49938378531127,133.65864871686784,129.29543789200514,131.23878479003906,6474173,0.0,0.0
2022-11-16 00:00:00-05:00,129.55603698626464,130.76225376176473,126.25012519347372,127.15106201171875,2964004,0.0,0.0
2022-11-17 00:00:00-05:00,125.83318917146816,127.79886989569545,124.4929574410918,127.72441101074219,2036605,0.0,0.0
2022-11-18 00:00:00-05:00,129.5560467423152,130.40487228501868,128.14880078128846,130.09214782714844,2290762,0.0,0.0
2022-11-21 00:00:00-05:00,129.50391123502266,130.41973690548224,128.7146557599863,129.28797912597656,1719033,0.0,0.0
2022-11-22 00:00:00-05:00,130.23360417174771,131.68551680979908,129.9655466144812,130.79946899414062,1808509,0.0,0.0
2022-11-23 00:00:00-05:00,130.90373093287218,131.70786137449085,130.50165866236844,131.31324768066406,2181678,0.0,0.0
2022-11-25 00:00:00-05:00,131.9759383166613,132.3631075900017,131.05265380481052,131.56642150878906,552617,0.0,0.0
2022-11-28 00:00:00-05:00,130.85905607806654,131.22390597916024,127.98499423207818,128.96783447265625,3297213,0.0,0.0
2022-11-29 00:00:00-05:00,130.10703571676422,132.8694021734178,129.7943112614553,132.40032958984375,2063659,0.0,0.0
2022-11-30 00:00:00-05:00,131.80464712355095,136.3018720678465,131.60360397010916,135.6764373779297,6222995,0.0,0.0
2022-12-01 00:00:00-05:00,135.5126730942338,136.66676464549886,133.92671719650738,134.35858154296875,1939063,0.0,0.0
2022-12-02 00:00:00-05:00,132.65346990849355,135.85514479471834,131.84932542370657,135.07333374023438,2556832,0.0,0.0
2022-12-05 00:00:00-05:00,133.68844625758118,133.96394834682033,131.2760264535429,131.49195861816406,1936829,0.0,0.0
2022-12-06 00:00:00-05:00,131.37284112937095,131.46964756062363,127.38936786852689,128.84873962402344,2561548,0.0,0.0
2022-12-07 00:00:00-05:00,128.26794614705284,129.77198448139774,127.83608182977794,128.275390625,1861748,0.0,0.0
2022-12-08 00:00:00-05:00,127.5382585953893,130.04747060950558,126.95749062806146,127.9999008178711,2766810,0.0,0.0
2022-12-09 00:00:00-05:00,127.54264716999845,131.05072233919145,127.54264716999845,129.17674255371094,1830475,0.926672,0.0
2022-12-12 00:00:00-05:00,128.98936443151,133.59934702853533,128.98936443151,132.95469665527344,3054846,0.0,0.0
2022-12-13 00:00:00-05:00,137.69206759423986,138.21677562143114,131.62039544266412,132.5873565673828,3418086,0.0,0.0
2022-12-14 00:00:00-05:00,132.20511846393106,135.6232447767156,131.78534906391704,133.4794158935547,2000120,0.0,0.0
2022-12-15 00:00:00-05:00,131.268087293988,132.15260774808002,128.75696615889342,129.806396484375,2237027,0.0,0.0
2022-12-16 00:00:00-05:00,129.23669583170962,130.19617652909093,127.12286032465707,128.719482421875,4199172,0.0,0.0
2022-12-19 00:00:00-05:00,127.64756353038014,128.7119829531437,125.20389420575752,126.51567840576172,3454696,0.0,0.0
2022-12-20 00:00:00-05:00,125.87103822038009,126.31330552636432,121.89073182691556,123.19500732421875,6765187,0.0,0.0
2022-12-21 00:00:00-05:00,130.83333765020313,131.01323675949405,126.05096524990311,127.4227066040039,9809857,0.0,0.0
2022-12-22 00:00:00-05:00,125.96850955387623,131.755330441665,125.65367901733171,131.69537353515625,6356526,0.0,0.0
2022-12-23 00:00:00-05:00,131.71034953438976,134.22147057255896,131.5604288944873,131.87525939941406,3767552,0.0,0.0
2022-12-27 00:00:00-05:00,131.71785931491095,133.41942044902365,131.25310811656337,132.71481323242188,2403321,0.0,0.0
2022-12-28 00:00:00-05:00,132.78231460359981,133.13461830650476,129.69400785290927,129.71649169921875,2116153,0.0,0.0
2022-12-29 00:00:00-05:00,130.30863176275372,132.57988289623697,130.13622726389247,131.59042358398438,1691359,0.0,0.0
2022-12-30 00:00:00-05:00,130.37609407001813,131.29808764245075,128.59206383147196,129.82888793945312,1933850,0.0,0.0
2023-01-03 00:00:00-05:00,131.1556709636556,133.1196004500386,130.82585117798348,132.87973022460938,2722630,0.0,0.0
2023-01-04 00:00:00-05:00,134.17652397577808,137.21236805168218,134.15404013218463,136.01303100585938,2836926,0.0,0.0
2023-01-05 00:00:00-05:00,134.66372431376914,136.33530680949536,133.68177392594396,135.88555908203125,3030026,0.0,0.0
2023-01-06 00:00:00-05:00,136.7025974420657,139.7684188176211,135.58570157812375,139.25120544433594,2530895,0.0,0.0
2023-01-09 00:00:00-05:00,139.25873282435987,144.02611606422573,139.19126710885192,142.2270965576172,3591826,0.0,0.0
2023-01-10 00:00:00-05:00,141.40254821537758,142.3620290780696,139.79843122955458,141.47750854492188,2102750,0.0,0.0
2023-01-11 00:00:00-05:00,142.41455765272062,145.35294402927747,142.41455765272062,144.07115173339844,2374033,0.0,0.0
2023-01-12 00:00:00-05:00,144.0186289795951,144.77571272799867,142.75932093687402,143.83872985839844,1936705,0.0,0.0
2023-01-13 00:00:00-05:00,142.75934179106952,143.17161658501357,141.0802641554961,141.39508056640625,1667656,0.0,0.0
2023-01-17 00:00:00-05:00,140.89281161058454,141.29759166147915,139.46109930446946,141.02024841308594,2300194,0.0,0.0
2023-01-18 00:00:00-05:00,141.08772023798838,143.70378016556396,140.56299797441866,140.67544555664062,1660210,0.0,0.0
2023-01-19 00:00:00-05:00,139.37866995289508,140.06828799133072,137.65461066246138,138.0968780517578,1639609,0.0,0.0
2023-01-20 00:00:00-05:00,138.80894083056052,140.1581980715435,138.08934453901793,140.083251953125,1980512,0.0,0.0
2023-01-23 00:00:00-05:00,140.32315861493436,144.13857036048873,139.6560243652708,143.28404235839844,2037970,0.0,0.0
2023-01-24 00:00:00-05:00,141.65740405899683,144.03359368800852,141.5074834187396,141.8597869873047,1537475,0.0,0.0
2023-01-25 00:00:00-05:00,139.95584607965816,141.1626917679,139.31119576412954,140.7803955078125,1266316,0.0,0.0
2023-01-26 00:00:00-05:00,141.5974587546708,142.65438384721705,140.02332013393934,142.52694702148438,1297838,0.0,0.0
2023-01-27 00:00:00-05:00,142.26455137444282,144.79815597733176,142.12961997419933,142.84173583984375,1781952,0.0,0.0
2023-01-30 00:00:00-05:00,140.96027771554483,141.3350793171862,137.61711272287744,137.98440551757812,2595676,0.0,0.0
2023-01-31 00:00:00-05:00,138.29922077344065,145.38283541708236,138.2167658496063,145.3153839111328,3007191,0.0,0.0
2023-02-01 00:00:00-05:00,144.74573033640394,152.9612321376155,144.34095022754673,151.49952697753906,6530266,0.0,0.0
2023-02-02 00:00:00-05:00,156.87404144333112,162.953207512593,156.87404144333112,160.78689575195312,4761097,0.0,0.0
2023-02-03 00:00:00-05:00,159.0928642605457,161.86635395333232,158.47820657317178,160.91436767578125,2798579,0.0,0.0
2023-02-06 00:00:00-05:00,159.66254851229468,160.76445541369824,156.80661817123843,157.85604858398438,2345490,0.0,0.0
2023-02-07 00:00:00-05:00,157.19640701468532,157.89351961346492,154.37045516399647,157.3463134765625,2261474,0.0,0.0
2023-02-08 00:00:00-05:00,156.8440735303261,158.13337401168556,156.1019791311501,157.02398681640625,1769542,0.0,0.0
2023-02-09 00:00:00-05:00,157.48873603656358,158.16336478029382,155.8171534036599,156.3793487548828,1545541,0.0,0.0
2023-02-10 00:00:00-05:00,154.7077656024759,157.66113999968107,154.4978738502448,156.94154357910156,1596795,0.0,0.0
2023-02-13 00:00:00-05:00,155.62229686406917,158.84553478264397,155.35243395597135,158.6581268310547,1438940,0.0,0.0
2023-02-14 00:00:00-05:00,157.66864854259535,159.67755991244505,156.36437281789316,159.41519165039062,1367458,0.0,0.0
2023-02-15 00:00:00-05:00,158.45571130673443,159.76000111356154,157.4137755450447,159.69253540039062,1182797,0.0,0.0
2023-02-16 00:00:00-05:00,157.0539617488605,159.48262782160546,156.66417092926477,158.6655731201172,1586619,0.0,0.0
2023-02-17 00:00:00-05:00,157.69864298080782,158.80053575542436,156.8441008546663,157.638671875,1232685,0.0,0.0
2023-02-21 00:00:00-05:00,154.92511846529683,155.90708300236918,152.2415930602556,154.15304565429688,2129432,0.0,0.0
2023-02-22 00:00:00-05:00,154.15306614112748,155.2999406888393,149.61054982410997,152.0392303466797,2964625,0.0,0.0
2023-02-23 00:00:00-05:00,153.53088789884956,154.09308320966898,151.83682154806115,153.80075073242188,1669145,0.0,0.0
2023-02-24 00:00:00-05:00,152.34653323528056,153.02116189890683,150.39760756195372,152.37652587890625,1722012,0.0,0.0
2023-02-27 00:00:00-05:00,154.4454329915613,155.98959335656235,152.72888228917674,152.9612579345703,1643332,0.0,0.0
2023-02-28 00:00:00-05:00,152.9462158556206,154.9701162297289,152.2266194509091,152.33155822753906,1816948,0.0,0.0
2023-03-01 00:00:00-05:00,152.35402939522734,154.84266654133992,151.85180519856652,153.16358947753906,1464132,0.0,0.0
2023-03-02 00:00:00-05:00,152.40653999251555,155.62977762414738,151.8518391905632,155.11256408691406,1355793,0.0,0.0
2023-03-03 00:00:00-05:00,156.25940044436453,157.48872987803435,155.2624465941765,156.72415161132812,2000864,0.0,0.0
2023-03-06 00:00:00-05:00,157.11395916448106,158.83050959208757,156.92655123857486,157.51123046875,2665668,0.0,0.0
2023-03-07 00:00:00-05:00,157.20388168693307,157.20388168693307,154.53534544434228,154.6552734375,1894883,0.0,0.0
2023-03-08 00:00:00-05:00,154.3404320648688,157.39126429796124,153.95815008070792,157.06893920898438,1332710,0.0,0.0
2023-03-09 00:00:00-05:00,158.22336226346334,159.89494517509706,155.3899153895927,155.78720092773438,2425659,0.0,0.0
2023-03-10 00:00:00-05:00,156.17157636260748,156.17157636260748,149.62139209356098,151.64901733398438,3149534,0.926672,0.0
2023-03-13 00:00:00-04:00,148.46816098280934,150.27717615760727,146.26717182382077,148.78472900390625,2814464,0.0,0.0
2023-03-14 00:00:00-04:00,150.75205466023087,152.2143566057734,147.39028743104848,149.16162109375,3205131,0.0,0.0
2023-03-15 00:00:00-04:00,146.22950412880832,147.22446899236022,143.84007833861338,147.2093963623047,3318806,0.0,0.0
2023-03-16 00:00:00-04:00,147.9556295970825,154.59625115942623,147.23955116312973,153.8048095703125,6290009,0.0,0.0
2023-03-17 00:00:00-04:00,170.38748398223572,170.38748398223572,164.7116693395721,166.06089782714844,15711681,0.0,0.0
2023-03-20 00:00:00-04:00,165.819722628163,166.79207852191158,162.42027370410807,162.99313354492188,4140472,0.0,0.0
2023-03-21 00:00:00-04:00,164.4855664096692,167.39508350064477,164.3725074138851,165.69912719726562,2490439,0.0,0.0
2023-03-22 00:00:00-04:00,166.14382046355453,168.54078220781727,163.60365448200557,163.61119079589844,2719031,0.0,0.0
2023-03-23 00:00:00-04:00,164.23682826713969,167.81719163149367,162.84991793921526,163.5056915283203,3206372,0.0,0.0
2023-03-24 00:00:00-04:00,163.47551970252948,164.47802079823234,161.8097087526279,164.0182342529297,2199797,0.0,0.0
2023-03-27 00:00:00-04:00,163.80718237871753,166.85238165522915,163.67905075445285,165.69158935546875,2320546,0.0,0.0
2023-03-28 00:00:00-04:00,165.7368000543607,168.01316666656507,165.52575470355401,166.15890502929688,1685154,0.0,0.0
2023-03-29 00:00:00-04:00,167.1613910609539,168.72167920134737,167.1613910609539,168.57846069335938,2078551,0.0,0.0
2023-03-30 00:00:00-04:00,169.4001069018335,170.08602582343767,168.02073274285598,169.14382934570312,2044051,0.0,0.0
2023-03-31 00:00:00-04:00,169.58851695178285,172.50555574808968,169.46037106778206,172.22666931152344,2053235,0.0,0.0
2023-04-03 00:00:00-04:00,171.3448187430878,172.51314751260057,170.70411771679846,172.4905242919922,2458297,0.0,0.0
2023-04-04 00:00:00-04:00,172.27192936687572,172.94277560472355,168.4126651471308,170.71917724609375,2176094,0.0,0.0
2023-04-05 00:00:00-04:00,174.94776904888263,177.63869017772947,171.70659702659725,173.31210327148438,8192213,0.0,0.0
2023-04-06 00:00:00-04:00,174.12613774413649,177.74418197083799,174.09597821686634,174.94773864746094,4561544,0.0,0.0
2023-04-10 00:00:00-04:00,172.88247225250234,175.91258482087537,172.3171486958184,174.57089233398438,2334197,0.0,0.0
2023-04-11 00:00:00-04:00,174.61609853956614,175.70151332677398,174.14876142387465,174.5181121826172,2446756,0.0,0.0
2023-04-12 00:00:00-04:00,174.6914628348298,175.1211040743074,172.83720141289112,172.96534729003906,3111808,0.0,0.0
2023-04-13 00:00:00-04:00,173.36487257173937,174.63118756348587,171.65382936492242,174.17138671875,2231194,0.0,0.0
2023-04-14 00:00:00-04:00,174.20151573248415,175.33214831251584,172.9050414352168,173.8849334716797,1893394,0.0,0.0
2023-04-17 00:00:00-04:00,173.9302025268939,174.54074396417633,172.42266831147995,172.84478759765625,1905431,0.0,0.0
2023-04-18 00:00:00-04:00,173.56840236615935,174.70658586847782,172.1211870987899,172.76942443847656,1591831,0.0,0.0
2023-04-19 00:00:00-04:00,171.39003494693273,173.03323723313193,171.23928008654883,172.98046875,1664057,0.0,0.0
2023-04-20 00:00:00-04:00,172.42264853516744,174.45781021488924,171.95532568524794,172.89752197265625,1631791,0.0,0.0
2023-04-21 00:00:00-04:00,173.19902033776896,175.24924023892294,172.40756466024882,173.69650268554688,2705504,0.0,0.0
2023-04-24 00:00:00-04:00,174.11862573723766,175.35479542153462,173.3045610337588,174.99298095703125,1705506,0.0,0.0
2023-04-25 00:00:00-04:00,171.9327568280391,173.32720366198362,169.1061530334787,169.9503631591797,2731937,0.0,0.0
2023-04-26 00:00:00-04:00,169.17395497263445,170.64377889955466,167.10864803270053,167.91517639160156,2250554,0.0,0.0
2023-04-27 00:00:00-04:00,168.9478006671086,170.60607505395862,168.09605453385944,170.3045654296875,1905183,0.0,0.0
2023-04-28 00:00:00-04:00,168.55589388696845,172.31715769040537,168.55589388696845,171.69154357910156,1995900,0.0,0.0
2023-05-01 00:00:00-04:00,172.19654149978913,174.26183429437245,172.09855513503257,173.8020477294922,1392526,0.0,0.0
2023-05-02 00:00:00-04:00,172.73924013568572,173.34979580916612,170.74931050753108,172.15884399414062,1367706,0.0,0.0
2023-05-03 00:00:00-04:00,171.90257052021406,174.6387238232985,171.11112900311818,172.24929809570312,1683417,0.0,0.0
2023-05-04 00:00:00-04:00,171.94780664340016,172.4829706486221,169.60361302411093,170.62872314453125,1185279,0.0,0.0
2023-05-05 00:00:00-04:00,171.20911926354015,174.09601320221955,170.7794779418214,172.8372344970703,1436954,0.0,0.0
2023-05-08 00:00:00-04:00,172.6487700244593,174.60855416627177,172.6487700244593,173.9150848388672,1313102,0.0,0.0
2023-05-09 00:00:00-04:00,173.20659923135614,174.17895522468294,172.1287205461929,172.3322296142578,1203150,0.0,0.0
2023-05-10 00:00:00-04:00,173.11609813031413,173.5155941063762,168.78197572068166,170.59854125976562,1837673,0.0,0.0
2023-05-11 00:00:00-04:00,170.7342271763994,170.7342271763994,168.37496118483548,169.47544860839844,1596050,0.0,0.0
2023-05-12 00:00:00-04:00,169.7769548823261,170.334727760501,166.02322819574175,168.0357666015625,2037474,0.0,0.0
2023-05-15 00:00:00-04:00,167.1689564391012,168.43527136180694,166.72422824827777,167.65135192871094,2313100,0.0,0.0
2023-05-16 00:00:00-04:00,166.85238700678806,168.3599069272113,165.32224386803207,166.7845458984375,1898358,0.0,0.0
2023-05-17 00:00:00-04:00,166.9428062438284,170.37241414337896,166.67899244745084,170.2668914794922,3353678,0.0,0.0
2023-05-18 00:00:00-04:00,172.68647901397657,176.49296006078006,172.1513007817929,173.68898010253906,3177705,0.0,0.0
2023-05-19 00:00:00-04:00,174.31461947040418,174.5030559032442,171.7895255957091,172.67141723632812,1965868,0.0,0.0
2023-05-22 00:00:00-04:00,172.62621164548767,173.6965540685471,171.4126506720678,172.36993408203125,1271280,0.0,0.0
2023-05-23 00:00:00-04:00,171.29955147684913,173.0105945438492,170.19906404799477,170.83221435546875,1114418,0.0,0.0
2023-05-24 00:00:00-04:00,169.59607929721625,170.28953447475078,167.73428117638576,168.5031280517578,1280588,0.0,0.0
2023-05-25 00:00:00-04:00,169.29455662025558,170.61364003812722,168.74430574548964,169.65635681152344,1260111,0.0,0.0
2023-05-26 00:00:00-04:00,170.18398606170837,170.99050011742392,168.76691638706905,168.95535278320312,1511414,0.0,0.0
2023-05-30 00:00:00-04:00,170.02569625759048,171.38999747177158,168.540785472144,170.45533752441406,2573462,0.0,0.0
2023-05-31 00:00:00-04:00,168.62372300801772,168.77447785672365,164.18407692624064,164.30467224121094,3724986,0.0,0.0
2023-06-01 00:00:00-04:00,163.95040389042873,164.2895951541534,161.1614963583232,163.78457641601562,2693715,0.0,0.0
2023-06-02 00:00:00-04:00,164.71919305664844,167.83223267553376,164.5609019388529,167.13876342773438,1913126,0.0,0.0
2023-06-05 00:00:00-04:00,167.30462148978216,168.2468177828273,166.0910750622582,166.6413116455078,1474184,0.0,0.0
2023-06-06 00:00:00-04:00,165.8272512355549,166.34735684834166,164.73430008190303,165.45037841796875,1830103,0.0,0.0
2023-06-07 00:00:00-04:00,166.1664420573479,169.46036785594214,165.84232346982984,169.29454040527344,2657602,0.0,0.0
2023-06-08 00:00:00-04:00,169.64882506619924,170.65132620705074,167.4177047955252,169.60360717773438,2024692,0.0,0.0
2023-06-09 00:00:00-04:00,170.12663127258887,170.14936753404078,167.67068442477026,169.61117553710938,2052862,1.01531,0.0
2023-06-12 00:00:00-04:00,170.11903296344036,170.61931682228797,168.81527204122239,170.2100067138672,1783317,0.0,0.0
2023-06-13 00:00:00-04:00,169.9446785305,173.57553275328104,168.28465891555174,173.4845733642578,2906174,0.0,0.0
2023-06-14 00:00:00-04:00,174.1592112948909,176.20581924402757,172.87817228459136,174.0909881591797,2595179,0.0,0.0
2023-06-15 00:00:00-04:00,174.16679672925375,179.5562093516709,174.16679672925375,179.22268676757812,2881106,0.0,0.0
2023-06-16 00:00:00-04:00,179.91247439774457,180.40517953701664,176.88803477513378,176.96383666992188,4087358,0.0,0.0
2023-06-20 00:00:00-04:00,177.82036943034336,177.93407944298716,174.31080361975486,175.5918426513672,6472808,0.0,0.0
2023-06-21 00:00:00-04:00,169.6414963670682,176.13001454300792,169.21701440616374,171.1878204345703,8843366,0.0,0.0
2023-06-22 00:00:00-04:00,170.5586662652124,177.97194950523897,170.09627622994577,176.5620574951172,4457796,0.0,0.0
2023-06-23 00:00:00-04:00,174.83382829917127,177.21395872578353,174.4548188677716,176.11485290527344,3757748,0.0,0.0
2023-06-26 00:00:00-04:00,176.51661281886075,179.68506302289572,176.30436464943566,178.07809448242188,2737398,0.0,0.0
2023-06-27 00:00:00-04:00,178.9573655027049,187.14381096885256,178.89672112561823,187.04527282714844,5165042,0.0,0.0
2023-06-28 00:00:00-04:00,186.46919402285613,189.34960826602892,185.77941265172728,188.3187255859375,3699173,0.0,0.0
2023-06-29 00:00:00-04:00,188.5158455328006,189.4936627387567,188.09894227329949,189.486083984375,2872170,0.0,0.0
2023-06-30 00:00:00-04:00,189.50120413724318,189.56184851404362,186.20388683683606,187.90939331054688,3231812,0.0,0.0
2023-07-03 00:00:00-04:00,187.3105966757578,188.26569191309733,186.605657732322,187.6441192626953,1590466,0.0,0.0
2023-07-05 00:00:00-04:00,186.62837828319925,189.78168508582766,186.61322077665093,188.22776794433594,2002105,0.0,0.0
2023-07-06 00:00:00-04:00,186.96191482919542,188.99336534743472,186.96191482919542,187.73507690429688,2125709,0.0,0.0
2023-07-07 00:00:00-04:00,187.04528085332157,191.87377918730442,187.04528085332157,190.44871520996094,3007564,0.0,0.0
2023-07-10 00:00:00-04:00,189.84989726119667,191.4189719373032,188.98577583549144,190.78224182128906,1952093,0.0,0.0
2023-07-11 00:00:00-04:00,191.01723433582035,196.23230683217074,191.00207682835833,195.86846923828125,3771895,0.0,0.0
2023-07-12 00:00:00-04:00,197.02822032220868,199.07482832681444,196.6340533580719,198.30166625976562,2566760,0.0,0.0
2023-07-13 00:00:00-04:00,198.6655026052597,199.25674587089495,194.81484980176617,195.91395568847656,2168772,0.0,0.0
2023-07-14 00:00:00-04:00,195.70928946597155,196.87661850883345,194.17054407024472,195.1483612060547,1296100,0.0,0.0
2023-07-17 00:00:00-04:00,194.34486669899312,194.73144052488988,192.44984827420598,193.08657836914062,1854550,0.0,0.0
2023-07-18 00:00:00-04:00,198.59727453841603,201.32608492909333,197.07367246942923,198.57452392578125,3433475,0.0,0.0
2023-07-19 00:00:00-04:00,198.21828946433993,198.43811638881445,195.49705749244455,197.2783660888672,3295476,0.0,0.0
2023-07-20 00:00:00-04:00,196.51275696150353,200.50743437124598,196.32324507754674,199.76458740234375,2654003,0.0,0.0
2023-07-21 00:00:00-04:00,197.41479550094687,198.9535552452875,196.5203590140123,196.8311309814453,2217419,0.0,0.0
2023-07-24 00:00:00-04:00,193.2912626412533,197.70285839286515,192.86678063167327,196.14894104003906,2494906,0.0,0.0
2023-07-25 00:00:00-04:00,195.75478603359355,198.40779497295358,193.0183820904859,196.8235626220703,2933352,0.0,0.0
2023-07-26 00:00:00-04:00,197.81653028738566,204.14588025259675,197.77863652041535,203.2438507080078,3414363,0.0,0.0
2023-07-27 00:00:00-04:00,203.71381327592937,204.86598478937114,200.84855635341512,201.15176391601562,2413869,0.0,0.0
2023-07-28 00:00:00-04:00,202.5768254613225,204.57038228840568,201.77333398569854,203.7896270751953,1313599,0.0,0.0
2023-07-31 00:00:00-04:00,203.7896066772205,205.38141760716206,203.2438503117146,204.6234130859375,1310000,0.0,0.0
2023-08-01 00:00:00-04:00,204.11556554058555,205.1009757969601,201.35642543495717,203.2666015625,1553608,0.0,0.0
2023-08-02 00:00:00-04:00,202.3873100835016,203.39545653949878,200.9319310505359,201.21240234375,1523203,0.0,0.0
2023-08-03 00:00:00-04:00,200.57567837423542,201.77332241113058,198.8777504707334,199.74945068359375,2247203,0.0,0.0
2023-08-04 00:00:00-04:00,200.8712946572205,202.5919587145321,199.02934184082216,199.35528564453125,1977409,0.0,0.0
2023-08-07 00:00:00-04:00,199.92379458536584,202.20540139765208,198.77921615599848,200.3861846923828,1855171,0.0,0.0
2023-08-08 00:00:00-04:00,199.73427309986164,204.59308624978627,199.57509058069607,203.34237670898438,2545043,0.0,0.0
2023-08-09 00:00:00-04:00,202.7814620089592,203.3727052536174,200.84854974522676,201.23513793945312,1571478,0.0,0.0
2023-08-10 00:00:00-04:00,202.11444754878679,203.2287254261938,200.86375208865562,202.03106689453125,1289399,0.0,0.0
2023-08-11 00:00:00-04:00,201.19725062695744,202.03104271602504,200.11330225135936,201.45497131347656,1494785,0.0,0.0
2023-08-14 00:00:00-04:00,201.65962473651393,202.69808622786496,200.7651739177831,202.34182739257812,2739880,0.0,0.0
2023-08-15 00:00:00-04:00,202.18264447112736,202.5085882912794,200.81066040800368,201.2882080078125,1726355,0.0,0.0
2023-08-16 00:00:00-04:00,200.33311890691667,203.46367533122196,200.33311890691667,200.9243621826172,1830599,0.0,0.0
2023-08-17 00:00:00-04:00,200.98500412458392,202.29635818279002,199.73429445008972,200.80308532714844,2723623,0.0,0.0
2023-08-18 00:00:00-04:00,199.15820421503233,200.70454266589618,198.1197427300085,199.08998107910156,2448245,0.0,0.0
2023-08-21 00:00:00-04:00,198.46084682518983,199.65091210584316,196.24747755239645,197.03579711914062,2021093,0.0,0.0
2023-08-22 00:00:00-04:00,197.03577968281397,198.09699170317893,194.83756811192123,196.30809020996094,1828241,0.0,0.0
2023-08-23 00:00:00-04:00,196.14133955177283,198.23343433996715,195.0119186931348,197.42237854003906,2052242,0.0,0.0
2023-08-24 00:00:00-04:00,196.07312875887897,198.21069604569686,195.38333302085272,196.15650939941406,2228464,0.0,0.0
2023-08-25 00:00:00-04:00,196.6037635100451,197.11162619932634,192.91227839248947,196.11863708496094,1756015,0.0,0.0
2023-08-28 00:00:00-04:00,196.91453008096917,199.32497574729564,194.99677519124666,195.83058166503906,1315212,0.0,0.0
2023-08-29 00:00:00-04:00,195.08770858347023,197.5587983058175,194.93610481686514,197.52090454101562,2225982,0.0,0.0
2023-08-30 00:00:00-04:00,198.34713695462688,200.73484609854125,196.99029612897775,200.0299072265625,1891780,0.0,0.0
2023-08-31 00:00:00-04:00,199.86316063060067,200.59083581546136,197.53608134090618,197.8544464111328,1891656,0.0,0.0
2023-09-01 00:00:00-04:00,199.16580679596171,199.8176945115336,196.7250315935128,197.81655883789062,1782697,0.0,0.0
2023-09-05 00:00:00-04:00,197.21773725597137,197.3314472809805,194.35248002644934,194.5192413330078,1520101,0.0,0.0
2023-09-06 00:00:00-04:00,195.14835658136587,196.14892430867857,193.65509809775537,195.1635284423828,1364976,0.0,0.0
2023-09-07 00:00:00-04:00,195.1028921145316,195.1407858843882,192.9349952825159,194.17054748535156,1500493,0.0,0.0
2023-09-08 00:00:00-04:00,193.858207454069,194.40666153430286,191.8014685915645,192.95933532714844,1464008,1.01531,0.0
2023-09-11 00:00:00-04:00,194.33051189740567,194.87136426155598,192.95936208205234,194.01820373535156,1568252,0.0,0.0
2023-09-12 00:00:00-04:00,193.2412125565553,193.97249921675163,190.97882104702782,191.55775451660156,1407046,0.0,0.0
2023-09-13 00:00:00-04:00,191.138773999831,194.01819424102914,190.3693918958873,192.08334350585938,1892029,0.0,0.0
2023-09-14 00:00:00-04:00,193.48497317815173,196.66910002217503,193.27930646976782,195.7930908203125,1946012,0.0,0.0
2023-09-15 00:00:00-04:00,196.99662028275233,197.00423649841096,192.43372817209084,193.54588317871094,2575447,0.0,0.0
2023-09-18 00:00:00-04:00,193.3249976927527,194.0105870233323,189.72192132825612,189.9047393798828,2209601,0.0,0.0
2023-09-19 00:00:00-04:00,189.67619315309412,191.34443297265017,187.42903436181203,190.43032836914062,2752042,0.0,0.0
2023-09-20 00:00:00-04:00,191.69485266596027,193.62208726836914,190.56746506785186,190.83407592773438,4982119,0.0,0.0
2023-09-21 00:00:00-04:00,199.57900904813275,204.43897792688506,197.4689562240204,199.46473693847656,8785660,0.0,0.0
2023-09-22 00:00:00-04:00,199.6018268477989,201.67378384021262,197.3470373931264,198.88577270507812,3507935,0.0,0.0
2023-09-25 00:00:00-04:00,198.27638742514918,204.47705522547534,198.22305948374927,202.95355224609375,2923672,0.0,0.0
2023-09-26 00:00:00-04:00,201.9708596327015,202.89258039613773,198.07830990741127,199.11428833007812,2939060,0.0,0.0
2023-09-27 00:00:00-04:00,199.50282796471058,200.40168583911455,198.09358256631464,200.11984252929688,2340278,0.0,0.0
2023-09-28 00:00:00-04:00,199.62470153284985,204.27900358130145,198.81725269066413,202.961181640625,2529779,0.0,0.0
2023-09-29 00:00:00-04:00,205.20830923077676,206.02338858960547,200.8358511632159,201.80328369140625,2946382,0.0,0.0
2023-10-02 00:00:00-04:00,202.62597190249892,203.17442598268735,200.76729792299764,201.94801330566406,2374033,0.0,0.0
2023-10-03 00:00:00-04:00,201.35385690709722,202.24509843517566,197.5222366840132,198.2001953125,2594062,0.0,0.0
2023-10-04 00:00:00-04:00,198.17732917110735,199.198075131777,194.7570570416028,198.09353637695312,2671377,0.0,0.0
2023-10-05 00:00:00-04:00,197.06518475270812,198.11639563130248,196.14346396765814,197.41558837890625,1811984,0.0,0.0
2023-10-06 00:00:00-04:00,197.43844584355708,198.38301531824135,196.02158441920474,196.45579528808594,1961525,0.0,0.0
2023-10-09 00:00:00-04:00,194.24671271148586,195.67119042220963,192.63180073813737,194.79518127441406,2141842,0.0,0.0
2023-10-10 00:00:00-04:00,194.71137260217318,197.45367191940508,194.52093835506574,195.61024475097656,1862741,0.0,0.0
2023-10-11 00:00:00-04:00,195.3893538195509,195.70929262348105,192.40329197372674,194.59713745117188,2667157,0.0,0.0
2023-10-12 00:00:00-04:00,194.36859143177963,195.00845456151927,190.4988900901071,191.99192810058594,3120867,0.0,0.0
2023-10-13 00:00:00-04:00,191.71766918373925,193.33259535515518,183.61263116340493,184.98379516601562,3622727,0.0,0.0
2023-10-16 00:00:00-04:00,186.06550042580386,191.245422092929,185.21995612840774,188.57928466796875,2514018,0.0,0.0
2023-10-17 00:00:00-04:00,186.90344071789227,190.0190072534673,186.46162799864206,188.93731689453125,1814963,0.0,0.0
2023-10-18 00:00:00-04:00,186.70537733596055,187.44428017253932,184.28300212746504,185.57037353515625,2286418,0.0,0.0
2023-10-19 00:00:00-04:00,185.98170999483136,188.35838794257987,184.6029439646818,185.3266143798828,1723004,0.0,0.0
2023-10-20 00:00:00-04:00,186.15695883137616,187.24625111620654,181.76926712101394,183.2927703857422,2085128,0.0,0.0
2023-10-23 00:00:00-04:00,182.59190012193042,184.23729128971056,180.4970800817713,181.27407836914062,1666539,0.0,0.0
2023-10-24 00:00:00-04:00,182.29484289576217,185.15903087283118,182.11964105870635,184.10018920898438,1823650,0.0,0.0
2023-10-25 00:00:00-04:00,183.36127186748712,183.87164490462115,178.50130369032806,179.17164611816406,2000988,0.0,0.0
2023-10-26 00:00:00-04:00,178.56987432217966,179.56014116366975,171.1580261088027,173.6260986328125,3707860,0.0,0.0
2023-10-27 00:00:00-04:00,174.02984588554403,177.6329369661062,172.98625100872292,174.31930541992188,2487585,0.0,0.0
2023-10-30 00:00:00-04:00,174.8449116533313,181.0151002455405,174.49449355814426,180.3980712890625,2583390,0.0,0.0
2023-10-31 00:00:00-04:00,181.43404773771982,183.33841910155954,180.3066458118667,182.8966064453125,1924046,0.0,0.0
2023-11-01 00:00:00-04:00,183.24702301769267,186.8729623905797,182.58429677422018,185.28089904785156,2580411,0.0,0.0
2023-11-02 00:00:00-04:00,186.7967880117912,189.851410201515,186.7967880117912,188.3431396484375,1849338,0.0,0.0
2023-11-03 00:00:00-04:00,189.83618462278656,190.4379667374737,188.07653558065786,188.2593536376953,1749190,0.0,0.0
2023-11-06 00:00:00-05:00,188.42692100063638,188.68591562711626,184.27537633605561,186.8805694580078,1263338,0.0,0.0
2023-11-07 00:00:00-05:00,185.0828525720456,187.1167286462233,184.5877119328809,186.01980590820312,1177213,0.0,0.0
2023-11-08 00:00:00-05:00,186.62158175754033,187.05577822320453,185.00666978406986,186.91104125976562,1371057,0.0,0.0
2023-11-09 00:00:00-05:00,187.80991314890116,188.15270059090477,183.39175748545378,183.7269287109375,1171628,0.0,0.0
2023-11-10 00:00:00-05:00,184.47340794387256,187.99269062736627,183.39171791099034,187.41375732421875,1538220,0.0,0.0
2023-11-13 00:00:00-05:00,186.54538661919085,187.42139567995028,184.57245496621255,186.92626953125,1174234,0.0,0.0
2023-11-14 00:00:00-05:00,189.638111347321,194.9322902716049,189.11250589032497,193.6220703125,2356783,0.0,0.0
2023-11-15 00:00:00-05:00,193.43161216273683,199.51800662857312,193.43161216273683,196.09011840820312,2633278,0.0,0.0
2023-11-16 00:00:00-05:00,195.6787951681462,196.3339051487837,191.60342717868093,194.2010040283203,1856660,0.0,0.0
2023-11-17 00:00:00-05:00,195.65592694925925,196.21201164050007,193.20308729991055,194.97035217285156,1528167,0.0,0.0
2023-11-20 00:00:00-05:00,194.52094422190342,195.46551369466854,192.25092234601925,194.65805053710938,1491186,0.0,0.0
2023-11-21 00:00:00-05:00,194.2924114379586,195.45027821862072,192.9288779753645,194.9018096923828,1056960,0.0,0.0
2023-11-22 00:00:00-05:00,196.1968607756713,196.1968607756713,194.33817169681436,195.3589324951172,1184783,0.0,0.0
2023-11-24 00:00:00-05:00,195.9454046321802,197.45367505043498,195.3588694497327,196.23487854003906,561180,0.0,0.0
2023-11-27 00:00:00-05:00,194.87897209654875,195.6483397803986,191.7024616979265,193.18026733398438,2218163,0.0,0.0
2023-11-28 00:00:00-05:00,193.5306630581497,195.2369839672399,192.0833367718803,193.0355224609375,1417098,0.0,0.0
2023-11-29 00:00:00-05:00,194.69617960992332,195.96830429472354,193.05078814655644,193.43167114257812,1256016,0.0,0.0
2023-11-30 00:00:00-05:00,193.35545797134856,197.43844213836528,192.0909497431775,197.16421508789062,2241991,0.0,0.0
2023-12-01 00:00:00-05:00,197.40800005491218,202.09276680024635,196.9357080596055,201.42242431640625,2475671,0.0,0.0
2023-12-04 00:00:00-05:00,200.05885308729026,203.99711443946381,199.49516659523562,202.32125854492188,1762592,0.0,0.0
2023-12-05 00:00:00-05:00,201.27008826907735,203.60104013552302,199.96748436829137,202.6869354248047,1459664,0.0,0.0
2023-12-06 00:00:00-05:00,203.7152998464239,204.94171265333136,202.92306908049304,203.54771423339844,2046781,0.0,0.0
2023-12-07 00:00:00-05:00,204.1495182630892,204.89603738544,202.26036459283014,203.86766052246094,1739137,0.0,0.0
2023-12-08 00:00:00-05:00,204.67124879383562,209.5236113283311,204.6406398225598,208.33731079101562,2539582,1.01531,0.0
2023-12-11 00:00:00-05:00,208.1460053030197,209.63080159611812,207.48015858663297,207.7021026611328,1607716,0.0,0.0
2023-12-12 00:00:00-05:00,209.30931361847814,211.42934728821132,208.28373912414872,208.94960021972656,1911016,0.0,0.0
2023-12-13 00:00:00-05:00,208.20719559174285,210.37315714440933,205.5437657868497,209.57717895507812,1861500,0.0,0.0
2023-12-14 00:00:00-05:00,212.38603838114398,216.0138248417008,211.21505676736288,213.88613891601562,3586118,0.0,0.0
2023-12-15 00:00:00-05:00,212.65392226349653,217.75883797408017,211.91917649140208,215.2867431640625,3434840,0.0,0.0
2023-12-18 00:00:00-05:00,216.78682787838335,218.5318436417366,214.78925910899056,215.76890563964844,3064153,0.0,0.0
2023-12-19 00:00:00-05:00,215.1183428140812,217.03937447519834,213.1513687133885,214.29940795898438,8538452,0.0,0.0
2023-12-20 00:00:00-05:00,188.66003852042675,193.38992185076958,188.22378820060518,188.46868896484375,23351277,0.0,0.0
2023-12-21 00:00:00-05:00,189.89227230415176,190.38210286933824,187.22884215689032,189.31825256347656,7261960,0.0,0.0
2023-12-22 00:00:00-05:00,189.21109101724906,190.8948743878517,188.1625597786851,189.83102416992188,4154123,0.0,0.0
2023-12-26 00:00:00-05:00,191.33877440856742,193.85679718765104,190.72649350730032,192.86183166503906,4460775,0.0,0.0
2023-12-27 00:00:00-05:00,193.45116776227994,194.89768818365403,191.88984919386795,192.0582275390625,3889790,0.0,0.0
2023-12-28 00:00:00-05:00,191.93574577298048,194.38488380648718,191.79799090722898,194.07875061035156,2788403,0.0,0.0
2023-12-29 00:00:00-05:00,194.45376909596854,195.64772189827787,192.76998578684396,193.61187744140625,2418709,0.0,0.0
2024-01-02 00:00:00-05:00,192.49446092946357,193.58892007680046,191.51479991905023,193.05316162109375,3087608,0.0,0.0
2024-01-03 00:00:00-05:00,191.5454194179854,191.5454194179854,188.12427268818928,189.53253173828125,3660826,0.0,0.0
2024-01-04 00:00:00-05:00,189.23401831598997,189.60905064087018,187.57320642629463,187.7339324951172,3613544,0.0,0.0
2024-01-05 00:00:00-05:00,187.54261413662584,190.44332160672556,187.1369872690078,188.8972930908203,2814836,0.0,0.0
2024-01-08 00:00:00-05:00,190.01469780528262,191.21630274467282,188.36152361367294,190.25961303710938,2763335,0.0,0.0
2024-01-09 00:00:00-05:00,189.11925641980125,190.35148501919085,188.76719524651435,189.2340545654297,1878998,0.0,0.0
2024-01-10 00:00:00-05:00,188.88200196446547,192.17303204832498,188.3003299806374,191.958740234375,2443157,0.0,0.0
2024-01-11 00:00:00-05:00,191.44590816908337,192.66283214421952,190.10654831149398,191.98931884765625,2507316,0.0,0.0
2024-01-12 00:00:00-05:00,191.5454062819842,192.50974822754225,189.50190977131103,190.24429321289062,1990564,0.0,0.0
2024-01-16 00:00:00-05:00,189.23405346278446,189.23405346278446,186.48643428414513,187.54261779785156,3481005,0.0,0.0
2024-01-17 00:00:00-05:00,185.21594898260906,187.35128728529483,184.8332788281732,186.20326232910156,2363112,0.0,0.0
2024-01-18 00:00:00-05:00,187.45075875892414,187.45075875892414,185.2159270603168,186.8002166748047,2476167,0.0,0.0
2024-01-19 00:00:00-05:00,187.35127645159514,188.7748400686958,185.2312427588173,188.68299865722656,3016251,0.0,0.0
2024-01-22 00:00:00-05:00,189.3488437085807,192.66282996241068,189.3488437085807,191.86685180664062,2854300,0.0,0.0
2024-01-23 00:00:00-05:00,192.24188633386748,192.74702130628992,190.8030183360172,191.98931884765625,2027422,0.0,0.0
2024-01-24 00:00:00-05:00,192.99959193576206,194.03281862539444,190.4126845974081,191.1321258544922,3060927,0.0,0.0
2024-01-25 00:00:00-05:00,192.75468345782912,195.05074767972326,192.45618800746945,193.73434448242188,2127695,0.0,0.0
2024-01-26 00:00:00-05:00,193.95630137285735,194.7369606513278,191.93576124536756,192.52508544921875,2178948,0.0,0.0
2024-01-29 00:00:00-05:00,191.99698582198386,192.1117839634759,188.2850101634176,189.83102416992188,3241740,0.0,0.0
2024-01-30 00:00:00-05:00,186.22623921992894,189.08101917146814,184.71848618416644,186.57064819335938,4916222,0.0,0.0
2024-01-31 00:00:00-05:00,186.29511274417396,187.0910765590089,184.09854189324244,184.6725616455078,3711335,0.0,0.0
2024-02-01 00:00:00-05:00,184.7490600404886,185.66747406107066,183.05762460551784,185.1776580810547,2999621,0.0,0.0
2024-02-02 00:00:00-05:00,184.83327594241433,186.60888630102994,183.18010148041296,185.49147033691406,2481007,0.0,0.0
2024-02-05 00:00:00-05:00,184.28985985389767,184.90979301271835,182.11626042992458,182.39178466796875,3257501,0.0,0.0
2024-02-06 00:00:00-05:00,182.84334904145337,186.578281661927,182.69792742507423,184.6955108642578,3257625,0.0,0.0
2024-02-07 00:00:00-05:00,185.23124052026355,186.19559706836355,183.9377940392254,185.3154296875,2674976,0.0,0.0
2024-02-08 00:00:00-05:00,185.13939530533767,186.2415066998862,183.99902269596095,185.02459716796875,2292499,0.0,0.0
2024-02-09 00:00:00-05:00,185.2618469064961,185.84350428752106,183.78470324803126,185.69044494628906,2216798,0.0,0.0
2024-02-12 00:00:00-05:00,185.75934972882507,187.20588468706146,185.1088075519855,187.0834197998047,2200541,0.0,0.0
2024-02-13 00:00:00-05:00,184.259244676279,184.32812935669185,179.89671250282458,180.9222869873047,3119378,0.0,0.0
2024-02-14 00:00:00-05:00,181.71061777166392,181.92490956876134,180.09571907863176,181.25904846191406,1804414,0.0,0.0
2024-02-15 00:00:00-05:00,180.83042475890093,182.39940977010488,180.42479795195115,181.0217742919922,1886816,0.0,0.0
2024-02-16 00:00:00-05:00,180.47836722145013,182.2999197392416,179.43748835007398,181.8406982421875,2621985,0.0,0.0
2024-02-20 00:00:00-05:00,181.0218067986161,183.42501707468725,180.10337815065503,183.3331756591797,2074456,0.0,0.0
2024-02-21 00:00:00-05:00,183.47091285750076,184.86386742876948,182.315235785018,184.76437377929688,1856536,0.0,0.0
2024-02-22 00:00:00-05:00,185.32306650171384,186.97624073631758,184.8944684580913,186.8690948486328,1669021,0.0,0.0
2024-02-23 00:00:00-05:00,186.92268295689615,187.47374593212757,185.61393194166004,186.33335876464844,1400841,0.0,0.0
2024-02-26 00:00:00-05:00,184.92511933782717,186.6624684973533,184.08322761073524,184.5424346923828,1606723,0.0,0.0
2024-02-27 00:00:00-05:00,184.69551194179311,185.675158564924,184.3740597322947,184.75674438476562,1278106,0.0,0.0
2024-02-28 00:00:00-05:00,183.17244803473858,187.14464357071049,182.97346071827545,187.0298309326172,1790267,0.0,0.0
2024-02-29 00:00:00-05:00,188.10897498770026,190.92547869659106,187.67272466922606,190.5504608154297,3461397,0.0,0.0
2024-03-01 00:00:00-05:00,189.83868365767665,190.71118428262628,187.94824631310664,188.736572265625,2088107,0.0,0.0
2024-03-04 00:00:00-05:00,187.54261398016,189.8846062355881,187.15229159951207,188.86668395996094,1978899,0.0,0.0
2024-03-05 00:00:00-05:00,187.95589111629928,190.41268129910375,187.634453446541,190.35911560058594,1713821,0.0,0.0
2024-03-06 00:00:00-05:00,191.19338206832052,192.60162680075223,189.37182921717186,190.11422729492188,2047526,0.0,0.0
2024-03-07 00:00:00-05:00,191.1168340717717,192.23424999911617,190.56577110494354,191.5224609375,1906921,0.0,0.0
2024-03-08 00:00:00-05:00,192.3609382489828,192.53016869986936,190.3763332186901,190.52247619628906,1386197,1.01531,0.0
2024-03-11 00:00:00-04:00,190.6455510204239,194.9224578865698,190.6455510204239,194.38400268554688,1830475,0.0,0.0
2024-03-12 00:00:00-04:00,194.80708215704038,198.62244357432465,194.76092177827272,195.55322265625,2373164,0.0,0.0
2024-03-13 00:00:00-04:00,196.57629439566574,198.59936874855933,196.2763029183758,196.32244873046875,1851944,0.0,0.0
2024-03-14 00:00:00-04:00,195.89934283246185,197.199349401719,195.0378088087831,196.56088256835938,1655370,0.0,0.0
2024-03-15 00:00:00-04:00,194.51476589790758,196.77630398675552,194.09938075643637,194.8378448486328,4091205,0.0,0.0
2024-03-18 00:00:00-04:00,194.86090772711603,196.1070630874018,193.59937043020227,194.7532196044922,1934223,0.0,0.0
2024-03-19 00:00:00-04:00,194.56092023482017,197.899368634114,194.23784129412732,197.3993682861328,1792376,0.0,0.0
2024-03-20 00:00:00-04:00,197.39936018718257,200.13781096979073,196.160895820748,199.9916534423828,2345738,0.0,0.0
2024-03-21 00:00:00-04:00,199.65319028461565,204.25317576498568,199.6454993165486,203.7301025390625,6055335,0.0,0.0
2024-03-22 00:00:00-04:00,219.99928662861288,224.05312606137892,216.46084403042184,218.7069854736328,10159571,0.0,0.0
2024-03-25 00:00:00-04:00,215.98390826644112,217.70697640657258,213.49930320551863,217.36082458496094,3758244,0.0,0.0
2024-03-26 00:00:00-04:00,217.7915914189389,223.74542022463538,217.5839061526545,222.2992706298828,5618752,0.0,0.0
2024-03-27 00:00:00-04:00,222.93006897918738,222.93006897918738,218.69161691728056,221.44544982910156,2217047,0.0,0.0
2024-03-28 00:00:00-04:00,220.9839219212607,223.41467591650652,220.3531459498201,222.876220703125,2048519,0.0,0.0
2024-04-01 00:00:00-04:00,218.64544414081078,220.83774881627474,214.89930168512254,215.48391723632812,3454944,0.0,0.0
2024-04-02 00:00:00-04:00,212.69930736083154,213.79161422121035,210.64546923372737,211.76084899902344,3122852,0.0,0.0
2024-04-03 00:00:00-04:00,212.83008326676728,215.10700317676267,211.53778209608703,214.22238159179688,2240998,0.0,0.0
2024-04-04 00:00:00-04:00,215.71471173209275,216.29932734224195,211.07625626229597,211.9300994873047,2279097,0.0,0.0
2024-04-05 00:00:00-04:00,211.53777514423595,212.2685336401622,209.3531614920667,210.39932250976562,1947005,0.0,0.0
2024-04-08 00:00:00-04:00,211.5223868733027,212.70699984690862,210.9685352256695,211.97622680664062,2542437,0.0,0.0
2024-04-09 00:00:00-04:00,211.5608796179537,212.73011086538355,210.46088165966097,212.59164428710938,1518736,0.0,0.0
2024-04-10 00:00:00-04:00,209.4070128272753,210.668550083184,205.9685674535667,207.92239379882812,3230447,0.0,0.0
2024-04-11 00:00:00-04:00,207.99164433368335,210.04548256662864,207.4608800958673,209.36856079101562,1280588,0.0,0.0
2024-04-12 00:00:00-04:00,208.54547599576372,209.01469787262678,204.5377970744985,205.99932861328125,1460037,0.0,0.0
2024-04-15 00:00:00-04:00,208.32241414015286,208.93010263088988,204.73011997661638,205.1839599609375,1239635,0.0,0.0
2024-04-16 00:00:00-04:00,205.0608842489806,205.2685695305632,202.43012147364126,203.79934692382812,1763585,0.0,0.0
2024-04-17 00:00:00-04:00,203.38395921051648,204.5608813011407,201.70705134350328,202.3608856201172,1702404,0.0,0.0
2024-04-18 00:00:00-04:00,203.16087787187956,203.99932446398677,201.59933463924517,202.59164428710938,1319928,0.0,0.0
2024-04-19 00:00:00-04:00,203.2608860492406,206.9993375430256,202.66088856049907,205.3762664794922,2350826,0.0,0.0
2024-04-22 00:00:00-04:00,206.66856941984923,209.18393848674268,205.39934115078267,207.80702209472656,1547031,0.0,0.0
2024-04-23 00:00:00-04:00,208.0147072503686,210.69930656357505,207.69162833810498,209.03778076171875,1473067,0.0,0.0
2024-04-24 00:00:00-04:00,208.08395187663172,208.71472784413143,202.75320742526446,204.6685791015625,2105481,0.0,0.0
2024-04-25 00:00:00-04:00,203.0300913569926,204.46085892664155,202.07625116596873,204.24546813964844,1087240,0.0,0.0
2024-04-26 00:00:00-04:00,203.17627931965583,205.73011787918577,202.54550336525156,204.4916534423828,1189995,0.0,0.0
2024-04-29 00:00:00-04:00,205.02240129486,206.33778987873842,203.0454875012806,204.50701904296875,976419,0.0,0.0
2024-04-30 00:00:00-04:00,203.72243637057397,203.82243353384578,201.2762858068851,201.3686065673828,1059690,0.0,0.0
2024-05-01 00:00:00-04:00,201.26858346529608,202.3301264887459,199.83013928329467,200.56089782714844,1118141,0.0,0.0
2024-05-02 00:00:00-04:00,202.53010475974716,202.98395926671694,200.00704484846423,201.56088256835938,1627696,0.0,0.0
2024-05-03 00:00:00-04:00,202.69164850881066,204.28395566842732,199.88396445870228,200.4993438720703,1346609,0.0,0.0
2024-05-06 00:00:00-04:00,202.18395928261177,202.30704390628037,200.13012118352646,200.22242736816406,1153634,0.0,0.0
2024-05-07 00:00:00-04:00,200.94551832731673,201.56858874262556,198.8378287917482,199.5916748046875,1682920,0.0,0.0
2024-05-08 00:00:00-04:00,198.2916461977331,199.23010448460371,196.7762779366312,198.4685821533203,1804290,0.0,0.0
2024-05-09 00:00:00-04:00,198.5993635279893,201.93012096272312,198.5993635279893,201.58396911621094,1146312,0.0,0.0
2024-05-10 00:00:00-04:00,201.5839621777261,204.5762586314334,201.5839621777261,204.4070281982422,1355668,0.0,0.0
2024-05-13 00:00:00-04:00,204.63779189794624,206.40702040003495,203.86856401437205,205.29933166503906,2526924,0.0,0.0
2024-05-14 00:00:00-04:00,205.55320036286096,205.86857377980877,198.73014579387927,199.2609100341797,3144694,0.0,0.0
2024-05-15 00:00:00-04:00,199.9993756836537,200.56090380327115,198.6070627053494,199.47628784179688,1421690,0.0,0.0
2024-05-16 00:00:00-04:00,198.89166807724834,200.7608939129525,198.0070610217622,199.0609130859375,1410148,0.0,0.0
2024-05-17 00:00:00-04:00,200.06091109441888,200.06091109441888,197.13784758752368,197.88400268554688,1761848,0.0,0.0
2024-05-20 00:00:00-04:00,197.68397739586612,198.0070563358687,195.4378358852135,195.93014526367188,1116155,0.0,0.0
2024-05-21 00:00:00-04:00,195.38397539960764,195.9993693770061,193.02245490638256,194.099365234375,1274755,0.0,0.0
2024-05-22 00:00:00-04:00,193.84550168942562,194.35319293416413,192.1455065729127,193.89935302734375,2191606,0.0,0.0
2024-05-23 00:00:00-04:00,193.49937547625845,193.96092097771398,189.92246338800405,191.76092529296875,1795107,0.0,0.0
2024-05-24 00:00:00-04:00,192.30707639353795,192.991689128702,189.46862829486247,190.4532470703125,1360881,0.0,0.0
2024-05-28 00:00:00-04:00,190.15326524332684,191.86864278396547,189.77634946905314,190.79942321777344,1526182,0.0,0.0
2024-05-29 00:00:00-04:00,189.10709014374578,190.02246104823098,187.93016804800416,188.54554748535156,1375028,0.0,0.0
2024-05-30 00:00:00-04:00,189.34553980147052,192.07631428403806,188.85324499001854,191.98399353027344,1345616,0.0,0.0
2024-05-31 00:00:00-04:00,192.30709275804128,195.63785052787486,190.86094291243072,195.35324096679688,2167903,0.0,0.0
2024-06-03 00:00:00-04:00,194.9070717676961,195.37629367481125,189.77632183212327,191.24554443359375,1749562,0.0,0.0
2024-06-04 00:00:00-04:00,190.76862219490968,191.02246785965133,187.89170466117105,189.19171142578125,1555718,0.0,0.0
2024-06-05 00:00:00-04:00,190.69167422296437,191.03013506718736,188.0532207448126,190.80706787109375,1154378,0.0,0.0
2024-06-06 00:00:00-04:00,190.80709932852517,193.29939569859332,190.23786566042332,192.51478576660156,1453459,0.0,0.0
2024-06-07 00:00:00-04:00,190.737865021561,193.3609369827162,190.11479457393293,190.56094360351562,1590838,0.0,0.0
2024-06-10 00:00:00-04:00,189.99939024259695,195.54552534089052,189.1686199815719,195.16860961914062,1830847,0.0,0.0
2024-06-11 00:00:00-04:00,193.96863000898162,194.29939994595853,192.2301650975735,194.1763153076172,1460533,0.0,0.0
2024-06-12 00:00:00-04:00,194.90707286595693,195.61475849796068,190.86861522348673,191.23016357421875,1930872,0.0,0.0
2024-06-13 00:00:00-04:00,191.64554870446432,191.92246726921863,187.89170059525034,191.23016357421875,1260360,0.0,0.0
2024-06-14 00:00:00-04:00,189.6532345311568,190.69938102151824,186.86093233451498,189.56092834472656,1546038,0.0,0.0
2024-06-17 00:00:00-04:00,188.8762809197894,192.66856853351163,188.34551680380306,192.3531951904297,1553980,0.0,0.0
2024-06-18 00:00:00-04:00,192.46093129415235,194.16092673566058,190.46094436861677,190.83786010742188,1869070,0.0,0.0
2024-06-20 00:00:00-04:00,191.35322982394416,194.88398151134223,191.1301480431481,194.2455291748047,1847353,0.0,0.0
2024-06-21 00:00:00-04:00,194.59934808381115,196.83779832029091,193.54551075473245,195.12242126464844,3899843,0.0,0.0
2024-06-24 00:00:00-04:00,196.43729302145317,199.01283438672004,195.7876152238377,198.3940887451172,2354425,1.112006,0.0
2024-06-25 00:00:00-04:00,198.11565939151635,198.61839481228515,195.36996182109243,198.29354858398438,6933095,0.0,0.0
2024-06-26 00:00:00-04:00,223.08216668695184,229.6022316386803,219.65584458113585,229.0840301513672,13807490,0.0,0.0
2024-06-27 00:00:00-04:00,226.70957429600205,228.82106005997932,223.06669785187003,228.52716064453125,4950597,0.0,0.0
2024-06-28 00:00:00-04:00,227.31287287079604,233.89481724968235,226.95709446857109,231.90708923339844,5310115,0.0,0.0
2024-07-01 00:00:00-04:00,230.57674964809883,233.02081463440015,229.87292595171348,231.0098876953125,3064153,0.0,0.0
2024-07-02 00:00:00-04:00,229.31606309070148,232.96667258433106,229.31606309070148,230.6540985107422,2276490,0.0,0.0
2024-07-03 00:00:00-04:00,231.4430115637056,231.64409986424818,226.3460602418982,227.16590881347656,1581406,0.0,0.0
2024-07-05 00:00:00-04:00,227.1659103354692,228.14043433542895,225.89747227561685,227.39019775390625,1836928,0.0,0.0
2024-07-08 00:00:00-04:00,227.78464562332928,230.39885201283985,227.09628802975752,228.57354736328125,1902453,0.0,0.0
2024-07-09 00:00:00-04:00,228.93707219416382,229.58676463338037,226.2455206157818,226.40794372558594,1553856,0.0,0.0
2024-07-10 00:00:00-04:00,226.4079347246815,227.12722448586965,223.87879171074326,226.82559204101562,1820051,0.0,0.0
2024-07-11 00:00:00-04:00,228.15587035683996,232.75781874477295,227.91610224638384,231.6750030517578,2308260,0.0,0.0
2024-07-12 00:00:00-04:00,230.91706464834948,232.8119960279527,230.2364547062277,231.27285766601562,1794114,0.0,0.0
2024-07-15 00:00:00-04:00,232.3866162965845,236.35433913145607,231.30380040809544,235.91348266601562,2567257,0.0,0.0
2024-07-16 00:00:00-04:00,236.54770188868878,242.73518797090517,236.4935706123915,242.48770141601562,3490437,0.0,0.0
2024-07-17 00:00:00-04:00,240.09776306152344,242.60369238241364,238.29565744385351,240.09776306152344,1970832,0.0,0.0
2024-07-18 00:00:00-04:00,238.97627452299952,242.20922656211627,236.3929856028826,237.1509552001953,1989323,0.0,0.0
2024-07-19 00:00:00-04:00,237.15094671503627,238.78289607638507,235.140019891544,236.9111785888672,1606599,0.0,0.0
2024-07-22 00:00:00-04:00,237.44487131461304,238.01720405244836,233.1136227120032,237.77745056152344,1755022,0.0,0.0
2024-07-23 00:00:00-04:00,231.25737071045336,235.19416110214738,230.29057977247723,232.64956665039062,2815084,0.0,0.0
2024-07-24 00:00:00-04:00,232.6573114841253,232.6573114841253,229.385679418928,230.7005157470703,1912505,0.0,0.0
2024-07-25 00:00:00-04:00,230.70824199703335,234.5754204770994,230.49168761802122,230.94027709960938,1566887,0.0,0.0
2024-07-26 00:00:00-04:00,231.9148123052949,233.7169180034777,230.0740414111009,232.1391143798828,1490193,0.0,0.0
2024-07-29 00:00:00-04:00,232.27830523588213,233.5544762912494,230.53034559720686,231.43527221679688,1073341,0.0,0.0
2024-07-30 00:00:00-04:00,231.99989949700583,234.35115359227493,231.4971640536633,232.71145629882812,1288779,0.0,0.0
2024-07-31 00:00:00-04:00,232.84291614842243,236.36978217413755,232.71142520257376,233.7710418701172,1175723,0.0,0.0
2024-08-01 00:00:00-04:00,234.52128833101915,236.57088046879258,229.1613697507077,230.3524627685547,1901957,0.0,0.0
2024-08-02 00:00:00-04:00,226.6012976803091,227.80785679252526,222.54076389641702,226.0753631591797,2795601,0.0,0.0
2024-08-05 00:00:00-04:00,220.12763802414142,223.66223716410232,216.252711954554,218.95201110839844,3330844,0.0,0.0
2024-08-06 00:00:00-04:00,220.27457683071606,224.06442476789164,218.54981632418097,220.99388122558594,1767805,0.0,0.0
2024-08-07 00:00:00-04:00,223.52300101529036,223.52300101529036,214.28817162547094,215.11575317382812,2222631,0.0,0.0
2024-08-08 00:00:00-04:00,215.88147676747428,217.95428271317445,213.82413689971392,215.49476623535156,1952589,0.0,0.0
2024-08-09 00:00:00-04:00,214.58209804177298,214.99202232049345,212.0374889441471,214.55889892578125,1558820,0.0,0.0
2024-08-12 00:00:00-04:00,215.9510912249819,217.65265273588923,214.62077417248807,215.90467834472656,1547775,0.0,0.0
2024-08-13 00:00:00-04:00,216.73999950362318,219.18406465035397,215.94336464365966,218.9597625732422,1528912,0.0,0.0
2024-08-14 00:00:00-04:00,219.12218345771186,220.4524858905276,218.74319130686055,219.1376495361328,953336,0.0,0.0
2024-08-15 00:00:00-04:00,222.2081927756765,225.61131585571175,218.6039813848783,219.79507446289062,1604489,0.0,0.0
2024-08-16 00:00:00-04:00,219.65584685408956,220.85467295158122,215.90467848853686,220.73866271972656,1636010,0.0,0.0
2024-08-19 00:00:00-04:00,221.10991875110412,223.42249299152365,220.83148539253554,223.07444763183594,997888,0.0,0.0
2024-08-20 00:00:00-04:00,222.7418594393935,223.52302820757004,221.55849940543715,223.08990478515625,734300,0.0,0.0
2024-08-21 00:00:00-04:00,224.8842477374499,226.33057484952676,223.74730073448885,225.47206115722656,976915,0.0,0.0
2024-08-22 00:00:00-04:00,226.30739553771508,227.87746604328095,224.81465542028923,227.6067657470703,1216180,0.0,0.0
2024-08-23 00:00:00-04:00,228.86745920178558,230.92479892415423,228.03987763142163,229.84971618652344,1074210,0.0,0.0
2024-08-26 00:00:00-04:00,230.92483395767317,231.49716676326915,228.74373599782447,229.8961639404297,957556,0.0,0.0
2024-08-27 00:00:00-04:00,229.8884087142086,230.20550724478957,226.40794074941297,228.08628845214844,1028293,0.0,0.0
2024-08-28 00:00:00-04:00,228.09403632832976,230.15910920484532,227.5448880481528,229.03762817382812,883840,0.0,0.0
2024-08-29 00:00:00-04:00,230.2905936540171,231.40434168555788,228.51943477506003,229.1304473876953,905930,0.0,0.0
2024-08-30 00:00:00-04:00,229.78012801260837,231.3347325231621,227.93935711300836,231.07949829101562,1361253,0.0,0.0
2024-09-03 00:00:00-04:00,228.98348273566458,229.8342634707576,225.50301476065613,226.98802185058594,1413251,0.0,0.0
2024-09-04 00:00:00-04:00,227.32059306380614,228.44207405749822,225.84331906501097,226.49301147460938,892279,0.0,0.0
2024-09-05 00:00:00-04:00,226.97253245710982,227.35152457694207,219.46247780444602,220.66903686523438,1635638,0.0,0.0
2024-09-06 00:00:00-04:00,220.72318331962902,222.75730932633564,218.6116976351453,218.913330078125,1386693,0.0,0.0
2024-09-09 00:00:00-04:00,220.34345152141265,222.42641326235562,219.90042035919834,220.18800354003906,1092080,1.112006,0.0
2024-09-10 00:00:00-04:00,220.6698597442837,221.36937561330583,217.68532346084586,220.61546325683594,1166664,0.0,0.0
2024-09-11 00:00:00-04:00,219.69055347481412,221.7968277827904,215.98318867029099,221.40045166015625,1163686,0.0,0.0
2024-09-12 00:00:00-04:00,222.03002952001364,224.08190761771712,220.98854861605793,222.28651428222656,1064778,0.0,0.0
2024-09-13 00:00:00-04:00,223.50675093790264,223.50675093790264,218.29934653502053,222.5818634033203,1417967,0.0,0.0
2024-09-16 00:00:00-04:00,225.19331841070638,228.35663015243537,224.11296826251316,227.4394989013672,1416602,0.0,0.0
2024-09-17 00:00:00-04:00,230.05873894699639,233.51740471884108,229.04835659158977,231.1002197265625,1652143,0.0,0.0
2024-09-18 00:00:00-04:00,229.68568197411355,233.95265669226097,229.68568197411355,231.74533081054688,1704514,0.0,0.0
2024-09-19 00:00:00-04:00,236.3776065633249,239.3854704779604,231.5121672778109,233.4707794189453,5237641,0.0,0.0
2024-09-20 00:00:00-04:00,202.6771077718239,204.06835399935616,197.0266868119025,197.9127197265625,21662276,0.0,0.0
2024-09-23 00:00:00-04:00,198.58890835030817,202.64602425318,198.5811374227745,201.13821411132812,4629675,0.0,0.0
2024-09-24 00:00:00-04:00,201.39469720067154,208.55294296601124,201.39469720067154,207.62026977539062,5099269,0.0,0.0
2024-09-25 00:00:00-04:00,206.74977110475922,208.1176897715815,204.29373130269235,205.0087890625,3218782,0.0,0.0
2024-09-26 00:00:00-04:00,207.58916816447436,210.62035966692454,206.12799834003002,206.9984893798828,2311238,0.0,0.0
2024-09-27 00:00:00-04:00,207.59693522092175,210.22394995995288,207.13059131568718,207.94668579101562,2257627,0.0,0.0
2024-09-30 00:00:00-04:00,209.55553403127732,215.09716142366074,209.12028854719787,212.71107482910156,3606470,0.0,0.0
2024-10-01 00:00:00-04:00,212.85099915166154,213.98574587801397,208.296455673837,209.50892639160156,2114416,0.0,0.0
2024-10-02 00:00:00-04:00,209.01926358011082,209.4778218702029,207.021796796627,207.46481323242188,1745342,0.0,0.0
2024-10-03 00:00:00-04:00,206.74201549984315,206.92854720138604,203.14345780555198,203.69528198242188,2150777,0.0,0.0
2024-10-04 00:00:00-04:00,205.8093232922391,205.98808404953576,201.51126475474788,202.73150634765625,2031889,0.0,0.0
2024-10-07 00:00:00-04:00,201.59677880945947,203.0190940758251,200.60192344164852,202.46726989746094,1665794,0.0,0.0
2024-10-08 00:00:00-04:00,202.80922653897483,203.8662492088822,201.5812140420139,203.166748046875,1331717,0.0,0.0
2024-10-09 00:00:00-04:00,204.82224692907516,207.58916802916053,204.20824064516847,205.68496704101562,1623600,0.0,0.0
2024-10-10 00:00:00-04:00,204.6823568406712,206.72644925188717,204.56576349441377,205.39739990234375,1083145,0.0,0.0
2024-10-11 00:00:00-04:00,206.2368004371377,207.65911558618777,205.31966914043804,205.46734619140625,1198434,0.0,0.0
2024-10-14 00:00:00-04:00,205.45178728534472,208.21870808241155,205.14866228142776,207.86895751953125,1144574,0.0,0.0
2024-10-15 00:00:00-04:00,208.1176966054493,209.12807906671267,206.46219470784038,206.67982482910156,1691731,0.0,0.0
2024-10-16 00:00:00-04:00,209.07368084102686,212.10485763501399,208.6151078199929,211.24990844726562,2126702,0.0,0.0
2024-10-17 00:00:00-04:00,211.18771131535382,214.1644914063614,209.97524068384973,213.161865234375,1989323,0.0,0.0
2024-10-18 00:00:00-04:00,214.6074952178491,214.6074952178491,211.80170511705748,213.27066040039062,1510173,0.0,0.0
2024-10-21 00:00:00-04:00,211.98051451839146,212.4313019080793,208.1099302738321,208.92601013183594,1790763,0.0,0.0
2024-10-22 00:00:00-04:00,208.2886807224094,210.70585118386512,208.0788215343514,209.68768310546875,1206252,0.0,0.0
2024-10-23 00:00:00-04:00,209.22913043882937,210.19288733491234,207.38709684843258,208.33531188964844,1430749,0.0,0.0
2024-10-24 00:00:00-04:00,216.00650801130107,216.60497239434994,210.47266623803338,212.08152770996094,2030028,0.0,0.0
2024-10-25 00:00:00-04:00,213.16964038562335,214.2655324188534,211.3120797674465,211.4986114501953,1036483,0.0,0.0
2024-10-28 00:00:00-04:00,211.8872216878694,214.39767269045265,211.4986164592167,214.08677673339844,1464132,0.0,0.0
2024-10-29 00:00:00-04:00,212.67999057526015,215.38472931096433,212.18256296111605,213.76809692382812,1476914,0.0,0.0
2024-10-30 00:00:00-04:00,213.02197265625,216.4883947061899,212.88983746568087,213.02197265625,1485229,0.0,0.0
2024-10-31 00:00:00-04:00,212.47793871353235,215.0738702024458,212.1903702237665,212.84323120117188,1364480,0.0,0.0
2024-11-01 00:00:00-04:00,212.78882557451178,215.66455450177622,212.31471067959282,213.23184204101562,1700666,0.0,0.0
2024-11-04 00:00:00-05:00,212.95982020505394,213.72150359451769,210.38720155277318,210.76803588867188,1265820,0.0,0.0
2024-11-05 00:00:00-05:00,210.73694555317945,214.0867893453529,209.4778345141331,214.0634765625,1177213,0.0,0.0
2024-11-06 00:00:00-05:00,214.5142587153288,218.55583270812525,211.1100037952802,217.6697998046875,3275992,0.0,0.0
2024-11-07 00:00:00-05:00,219.1309571781786,221.8978779645763,217.6231325262294,220.11802673339844,1634645,0.0,0.0
2024-11-08 00:00:00-05:00,220.56106481852083,224.69590455177942,219.84602177221754,222.50413513183594,2152266,0.0,0.0
2024-11-11 00:00:00-05:00,224.3850142417652,228.07682266783888,224.3850142417652,225.232177734375,1978030,0.0,0.0
2024-11-12 00:00:00-05:00,225.17002012613045,226.3824908248303,221.8357183458732,223.27359008789062,1533256,0.0,0.0
2024-11-13 00:00:00-05:00,223.35910270752683,228.50432529869772,223.35910270752683,226.8643798828125,2354053,0.0,0.0
2024-11-14 00:00:00-05:00,227.7814825132558,229.46806800112364,226.73223077147537,227.1752471923828,1549140,0.0,0.0
2024-11-15 00:00:00-05:00,226.13376483970538,229.9577084195673,226.13376483970538,228.86181640625,1868698,0.0,0.0
2024-11-18 00:00:00-05:00,228.20119353528275,231.28678144533617,228.04574555717625,229.4447479248047,1811860,0.0,0.0
2024-11-19 00:00:00-05:00,226.63120975549106,229.46808394950784,226.16486580384506,227.7737274169922,1829979,0.0,0.0
2024-11-20 00:00:00-05:00,228.43437313553713,228.8385202309205,221.70358731287186,223.86427307128906,1728465,0.0,0.0
2024-11-21 00:00:00-05:00,223.87981289164117,229.70122316110235,223.87981289164117,229.4058837890625,1981753,0.0,0.0
2024-11-22 00:00:00-05:00,230.2064372093081,235.01746542216077,229.41367016161803,233.14434814453125,2290638,0.0,0.0
2024-11-25 00:00:00-05:00,234.4423282671218,239.7974100308001,233.62624838696604,237.17039489746094,2997760,0.0,0.0
2024-11-26 00:00:00-05:00,235.5459467769021,236.27654631278642,232.8645209385366,235.4837646484375,2071601,0.0,0.0
2024-11-27 00:00:00-05:00,236.07448632459426,236.88280993837168,234.38791546918438,235.80245971679688,1140975,0.0,0.0
2024-11-29 00:00:00-05:00,235.5304273420351,236.86724756644983,234.62106697821753,235.24285888671875,825886,0.0,0.0
2024-12-02 00:00:00-05:00,234.40344880312801,234.73765753468248,228.36440828948454,230.5950469970703,1959167,0.0,0.0
2024-12-03 00:00:00-05:00,228.89291677096378,228.89291677096378,219.7216482383124,219.83824157714844,3262589,0.0,0.0
2024-12-04 00:00:00-05:00,218.95221222055014,222.20879013385837,217.63870470019484,220.28904724121094,2283564,0.0,0.0
2024-12-05 00:00:00-05:00,220.87974389197205,222.11552743672772,217.016930551571,217.17237854003906,1876888,0.0,0.0
2024-12-06 00:00:00-05:00,218.70349594065206,219.52734665492653,215.87439285275153,218.1516571044922,2580039,0.0,0.0
2024-12-09 00:00:00-05:00,219.39355946122762,220.90101018241134,217.91734603091766,218.33131408691406,1694958,1.112006,0.0
2024-12-10 00:00:00-05:00,218.54998278205343,219.44821749879824,216.7613522512638,218.16726684570312,1120375,0.0,0.0
2024-12-11 00:00:00-05:00,218.46407781032832,220.41674858337802,217.72988318383,219.60443115234375,1497887,0.0,0.0
2024-12-12 00:00:00-05:00,219.8778376886749,222.21322464374776,218.20634673200834,221.58055114746094,1346361,0.0,0.0
2024-12-13 00:00:00-05:00,221.2993607286176,221.90859143646898,220.1433886853668,221.36965942382812,1197193,0.0,0.0
2024-12-16 00:00:00-05:00,221.33838318443065,223.60348587754055,220.85413127433702,221.38525390625,1969591,0.0,0.0
2024-12-17 00:00:00-05:00,219.4794719983838,220.60420672021482,214.59781714469636,216.69107055664062,3011038,0.0,0.0
2024-12-18 00:00:00-05:00,216.9175687130868,219.72160356732235,213.1137778867435,213.3559112548828,2367208,0.0,0.0
2024-12-19 00:00:00-05:00,214.41816241692598,217.5111716544149,213.3793450854786,215.48040771484375,5216544,0.0,0.0
2024-12-20 00:00:00-05:00,229.63332354971297,230.6018570376527,211.59071192647963,215.36325073242188,10085359,0.0,0.0
2024-12-23 00:00:00-05:00,214.79308495227158,214.87900229274325,207.05271498708575,210.114501953125,4344369,0.0,0.0
2024-12-24 00:00:00-05:00,210.10668802769212,212.86385218512115,209.01319059372076,212.3249053955078,1257257,0.0,0.0
2024-12-26 00:00:00-05:00,211.16112288138592,218.93272992394304,211.12206147839916,217.6517791748047,2205629,0.0,0.0
2024-12-27 00:00:00-05:00,216.61297479290323,219.9481177439183,215.99593474406203,218.97959899902344,1927521,0.0,0.0
2024-12-30 00:00:00-05:00,216.20678619611792,220.58076077583075,215.18358754117634,219.1279754638672,1969963,0.0,0.0
2024-12-31 00:00:00-05:00,219.8856198365885,221.92419309938995,219.15141044001786,219.73721313476562,1609329,0.0,0.0
