Date,Open,High,Low,Close,Volume,Dividends,Stock Splits
2015-10-19 00:00:00-04:00,8.053969319423867,8.053969319423867,7.17456248481796,7.2050371170043945,2721233,0.0,0.0
2015-10-20 00:00:00-04:00,7.074432584717931,7.370470325841125,7.074432584717931,7.344348907470703,1220907,0.0,0.0
2015-10-21 00:00:00-04:00,7.509780480807072,7.553316171024515,7.1397339002260445,7.174561023712158,135236,0.0,0.0
2015-10-22 00:00:00-04:00,7.274690973634728,7.422709441307149,7.070076474145394,7.379175186157227,189261,0.0,0.0
2015-10-23 00:00:00-04:00,7.509778303204911,7.509778303204911,7.335638450205959,7.400940895080566,103061,0.0,0.0
2015-10-26 00:00:00-04:00,7.448830491222331,7.448830491222331,7.1005507521228015,7.148438930511475,885743,0.0,0.0
2015-10-27 00:00:00-04:00,7.2093898092324755,7.292105837463088,6.791453598712957,6.848049640655518,1094274,0.0,0.0
2015-10-28 00:00:00-04:00,6.922059436020937,7.1179675737630035,6.8981153382522065,7.087492942810059,509801,0.0,0.0
2015-10-29 00:00:00-04:00,6.969946897197477,7.083137543674247,6.769686302863534,6.943826198577881,499650,0.0,0.0
2015-10-30 00:00:00-04:00,6.9220569822925455,7.009127631726488,6.4083452224731445,6.4083452224731445,4214161,0.0,0.0
2015-11-02 00:00:00-05:00,6.525890503908967,6.604253319919331,6.033945404925301,6.308215618133545,70312635,0.0,0.0
2015-11-03 00:00:00-05:00,6.125369040344026,6.403993201213448,5.953406796058298,6.251620769500732,69176379,0.0,0.0
2015-11-04 00:00:00-05:00,6.264681233210374,6.316923347646953,5.925107846544574,5.946876049041748,54241942,0.0,0.0
2015-11-05 00:00:00-05:00,5.938167416582559,6.047004843052873,5.711786140999371,5.781442165374756,38180025,0.0,0.0
2015-11-06 00:00:00-05:00,5.737906664030664,6.3038612645549525,5.7248463161180965,6.269033432006836,51702744,0.0,0.0
2015-11-09 00:00:00-05:00,6.208086290271002,6.303862672584971,6.151490246102237,6.181964874267578,30158099,0.0,0.0
2015-11-10 00:00:00-05:00,6.151490113250736,6.286448259483213,6.099247996716116,6.273387908935547,25426050,0.0,0.0
2015-11-11 00:00:00-05:00,6.181965173035098,6.229853366506466,6.13407697956373,6.142784118652344,18942302,0.0,0.0
2015-11-12 00:00:00-05:00,6.012178568201371,6.016531780134056,5.916401119414933,5.964289665222168,35050675,0.0,0.0
2015-11-13 00:00:00-05:00,5.925105834537693,5.990408276822478,5.72484529726849,5.829329490661621,25678456,0.0,0.0
2015-11-16 00:00:00-05:00,5.820623948538531,5.925107819767536,5.720494003526854,5.824977874755859,23712203,0.0,0.0
2015-11-17 00:00:00-05:00,5.824979823722311,5.872868027728268,5.711788776530241,5.75532341003418,21370697,0.0,0.0
2015-11-18 00:00:00-05:00,5.868513316726036,5.977350772264368,5.741826904225189,5.938169002532959,22402515,0.0,0.0
2015-11-19 00:00:00-05:00,5.890280760367664,6.047006042666859,5.885927548182788,5.999117851257324,22662319,0.0,0.0
2015-11-20 00:00:00-05:00,5.999118583706096,6.369165952295794,5.955583956338163,6.186318874359131,31932509,0.0,0.0
2015-11-23 00:00:00-05:00,6.168904103367508,6.186317665173378,5.907694247184142,6.029592037200928,26354291,0.0,0.0
2015-11-24 00:00:00-05:00,5.912047598662031,6.105778020565696,5.877219047644113,5.959936141967773,41484183,0.0,0.0
2015-11-25 00:00:00-05:00,6.055711399641917,6.469293580590169,6.025237494626006,6.147135257720947,39017248,0.0,0.0
2015-11-27 00:00:00-05:00,6.147135765089891,6.373517037660961,6.116661143214916,6.247265338897705,10395090,0.0,0.0
2015-11-30 00:00:00-05:00,6.195025075813504,6.530243795868619,6.173256875006632,6.469294548034668,50075613,0.0,0.0
2015-12-01 00:00:00-05:00,6.477999905262319,6.913348800539751,6.464939559842421,6.795804977416992,43197341,0.0,0.0
2015-12-02 00:00:00-05:00,6.6913242654855765,6.765333158236833,6.4736486563579785,6.508477210998535,21818558,0.0,0.0
2015-12-03 00:00:00-05:00,6.530244428216971,6.678262921892246,6.3473973813532165,6.364810943603516,32527478,0.0,0.0
2015-12-04 00:00:00-05:00,6.264681225180882,6.658671903036966,6.199378760804839,6.626021385192871,20648579,0.0,0.0
2015-12-07 00:00:00-05:00,6.5539255272780155,6.763650352655314,6.518970672780714,6.750542640686035,16424439,0.031966,0.0
2015-12-08 00:00:00-05:00,6.593251391250025,6.680636403344945,6.387894067709001,6.628204822540283,19988745,0.0,0.0
2015-12-09 00:00:00-05:00,6.5495595654286625,6.724331070335775,6.414111935899581,6.48838996887207,24538415,0.0,0.0
2015-12-10 00:00:00-05:00,6.462172607015866,6.470912040952078,6.348571436800224,6.431588172912598,19528668,0.0,0.0
2015-12-11 00:00:00-05:00,6.549559232349779,6.728700445930212,6.178170520244025,6.195647239685059,18265779,0.0,0.0
2015-12-14 00:00:00-05:00,6.248077437115856,6.3354624486835975,6.082043979413639,6.309247016906738,19834755,0.0,0.0
2015-12-15 00:00:00-05:00,6.3398328851103045,6.545188773637312,6.328908952107867,6.361678600311279,22175746,0.0,0.0
2015-12-16 00:00:00-05:00,6.387893837576812,6.470911280872572,6.357309407066021,6.422848701477051,13490889,0.0,0.0
2015-12-17 00:00:00-05:00,6.383525248713175,6.431587831200596,6.2131227855085465,6.25244665145874,13118732,0.0,0.0
2015-12-18 00:00:00-05:00,6.234971795588389,6.285218892968202,6.117000879474601,6.186909198760986,33271447,0.0,0.0
2015-12-21 00:00:00-05:00,6.169431492571005,6.291771390260309,6.060199313038634,6.125738620758057,16970372,0.0,0.0
2015-12-22 00:00:00-05:00,6.134475509603531,6.178169090431093,6.082043929545082,6.143214225769043,12547163,0.0,0.0
2015-12-23 00:00:00-05:00,6.200013941550646,6.540818805976468,6.138844370784506,6.5146026611328125,19359710,0.0,0.0
2015-12-24 00:00:00-05:00,6.470912862117195,6.628206203431711,6.4621734270719395,6.562666893005371,3748234,0.0,0.0
2015-12-28 00:00:00-05:00,6.505865295380078,6.676267762931283,6.47528086212163,6.654421329498291,10203937,0.0,0.0
2015-12-29 00:00:00-05:00,6.680635025396869,6.7448630354703685,6.632573171117708,6.641311168670654,10797873,0.0,0.0
2015-12-30 00:00:00-05:00,6.680635669424705,6.763651672722042,6.619466095984754,6.676266670227051,10796841,0.0,0.0
2015-12-31 00:00:00-05:00,6.654419598869052,6.689373739884305,6.5976190301024555,6.641311168670654,11644903,0.0,0.0
2016-01-04 00:00:00-05:00,6.540820909334576,6.619467935287326,6.440326730519373,6.610729217529297,25940497,0.0,0.0
2016-01-05 00:00:00-05:00,6.6107266224033925,6.663158191434125,6.527710628628004,6.567033767700195,17770259,0.0,0.0
2016-01-06 00:00:00-05:00,6.387894037814116,6.553927495740959,6.339832890781274,6.466541767120361,19468277,0.0,0.0
2016-01-07 00:00:00-05:00,6.335460514329232,6.361676655036364,5.964071640054587,5.990287780761719,34143941,0.0,0.0
2016-01-08 00:00:00-05:00,6.016505990102084,6.125738891395157,5.815519416124151,5.916013240814209,28272024,0.0,0.0
2016-01-11 00:00:00-05:00,5.867948290177301,5.990288136608139,5.710653587393834,5.793670654296875,25998996,0.0,0.0
2016-01-12 00:00:00-05:00,5.832993433824671,5.863578933133223,5.719391943014763,5.793670654296875,21435562,0.0,0.0
2016-01-13 00:00:00-05:00,5.832995297727075,5.832995297727075,5.474714716503309,5.570838451385498,30489650,0.0,0.0
2016-01-14 00:00:00-05:00,5.570838819555579,5.754349018436731,5.5271459491998165,5.6800713539123535,22973740,0.0,0.0
2016-01-15 00:00:00-05:00,5.505298610726315,5.592683978632501,5.457236389527431,5.47908353805542,33945733,0.0,0.0
2016-01-19 00:00:00-05:00,5.540253631076859,5.583945778561254,5.330527308317805,5.382958889007568,22239750,0.0,0.0
2016-01-20 00:00:00-05:00,5.243142247847365,5.330527623383094,5.079293996591613,5.269357681274414,28630244,0.0,0.0
2016-01-21 00:00:00-05:00,5.2431423429580475,5.479084115820189,5.164495324315564,5.422283172607422,28784234,0.0,0.0
2016-01-22 00:00:00-05:00,5.548991580187794,5.867949323568019,5.527144791120013,5.83299446105957,26272736,0.0,0.0
2016-01-25 00:00:00-05:00,5.806781031218273,5.920382574150628,5.732503002790513,5.828627109527588,19241679,0.0,0.0
2016-01-26 00:00:00-05:00,5.832995781071587,5.9968444061216335,5.832995781071587,5.942228317260742,18454869,0.0,0.0
2016-01-27 00:00:00-05:00,5.911641904507128,5.946595689956598,5.660408322979393,5.8504719734191895,31803640,0.0,0.0
2016-01-28 00:00:00-05:00,5.876688318960482,5.985920483825992,5.710655213284507,5.763086795806885,16989470,0.0,0.0
2016-01-29 00:00:00-05:00,5.859210843784645,6.064567084614826,5.832994695848062,6.0121355056762695,19548799,0.0,0.0
2016-02-01 00:00:00-05:00,5.972811947094347,6.064566666205477,5.9116420148644995,6.025242805480957,16430633,0.0,0.0
2016-02-02 00:00:00-05:00,5.985920648243019,6.103891532925044,5.837364613171629,5.876688480377197,16650692,0.0,0.0
2016-02-03 00:00:00-05:00,5.968443891612919,6.0165050414437715,5.72813312391593,5.841733932495117,12995369,0.0,0.0
2016-02-04 00:00:00-05:00,5.815517926359783,6.068936027298398,5.815517926359783,6.051459312438965,11182073,0.0,0.0
2016-02-05 00:00:00-05:00,5.9815508863696705,6.007766316544263,5.695362427935624,5.767455577850342,22759014,0.0,0.0
2016-02-08 00:00:00-05:00,5.680069989456953,5.701916060919648,5.404804398791627,5.4659743309021,25491603,0.0,0.0
2016-02-09 00:00:00-05:00,5.404803890633087,5.618899170591466,5.37858846395571,5.557729244232178,11504506,0.0,0.0
2016-02-10 00:00:00-05:00,5.579576319191312,5.710654543181536,5.553360889473639,5.618899822235107,10292717,0.0,0.0
2016-02-11 00:00:00-05:00,5.492190608512933,5.535883827886584,5.249695373869538,5.41791296005249,16920476,0.0,0.0
2016-02-12 00:00:00-05:00,5.46160632481948,5.588315569760478,5.321789362923925,5.369851589202881,18150846,0.0,0.0
2016-02-16 00:00:00-05:00,5.422283133790818,5.457236925921609,5.361113191010413,5.387328624725342,20606942,0.0,0.0
2016-02-17 00:00:00-05:00,5.413544375075306,5.741240498486805,5.404804941903644,5.688808917999268,14910693,0.0,0.0
2016-02-18 00:00:00-05:00,5.701917049489899,5.985920687818717,5.688809332646276,5.911643028259277,20189190,0.0,0.0
2016-02-19 00:00:00-05:00,5.9029050520253294,6.0033988809184216,5.789304220782805,5.972814083099365,16198014,0.0,0.0
2016-02-22 00:00:00-05:00,6.007764925054129,6.06456548856626,5.929117935811608,6.029610633850098,18505625,0.0,0.0
2016-02-23 00:00:00-05:00,5.994658867027158,6.038351730543514,5.610161811470146,5.719393253326416,25201001,0.0,0.0
2016-02-24 00:00:00-05:00,5.680070974239641,5.929120103539891,5.601423956243212,5.911643028259277,22757638,0.0,0.0
2016-02-25 00:00:00-05:00,5.87668904595426,5.990290583161282,5.784934302890294,5.977182865142822,20784159,0.0,0.0
2016-02-26 00:00:00-05:00,6.020875389518442,6.029613390257594,5.745610442866417,5.87231969833374,18624516,0.0,0.0
2016-02-29 00:00:00-05:00,5.815518418494688,5.889796076035842,5.76745619392845,5.798041343688965,21932459,0.0,0.0
2016-03-01 00:00:00-05:00,5.86358102443904,5.885427100516603,5.719393982894806,5.802411079406738,14373879,0.0,0.0
2016-03-02 00:00:00-05:00,5.8461034007789285,6.138845381173621,5.832994967732328,6.073306083679199,17234305,0.0,0.0
2016-03-03 00:00:00-05:00,6.077675930861854,6.095153366071238,5.802411344857284,5.942228317260742,17256500,0.0,0.0
2016-03-04 00:00:00-05:00,6.510234008533662,6.920947225756909,6.475280576902095,6.746175765991211,57415854,0.0,0.0
2016-03-07 00:00:00-05:00,6.6343605463653805,7.011462178588263,6.603666060138499,7.002692222595215,31792800,0.031966,0.0
2016-03-08 00:00:00-05:00,6.906224326449196,6.923764958392028,6.667246796745258,6.6782097816467285,21215331,0.0,0.0
2016-03-09 00:00:00-05:00,6.726442243614111,6.9434952032067905,6.708903053842436,6.792215824127197,19045536,0.0,0.0
2016-03-10 00:00:00-05:00,6.818528144734263,7.10793171546444,6.80537356779157,6.971999168395996,24578332,0.0,0.0
2016-03-11 00:00:00-05:00,7.0158483302228145,7.208784526247787,7.0158483302228145,7.160550117492676,26984531,0.0,0.0
2016-03-14 00:00:00-04:00,7.103545180943734,7.265786854584344,7.033386969395279,7.195628643035889,16641917,0.0,0.0
2016-03-15 00:00:00-04:00,7.173705633035364,7.401720228662733,7.12547194230598,7.35348653793335,23974588,0.0,0.0
2016-03-16 00:00:00-04:00,7.327175483622063,7.555190739643372,7.278941085897756,7.537650108337402,21531053,0.0,0.0
2016-03-17 00:00:00-04:00,7.511341979435738,7.599040111383502,7.436799142878274,7.524496555328369,18699360,0.0,0.0
2016-03-18 00:00:00-04:00,7.528879924673088,7.708660760350686,7.489416207315741,7.599038124084473,53273441,0.0,0.0
2016-03-21 00:00:00-04:00,7.5990383101784476,7.866517980916846,7.585883737403854,7.765664577484131,18463127,0.0,0.0
2016-03-22 00:00:00-04:00,7.634117542491662,7.927905616663069,7.603423062049106,7.677966594696045,19474127,0.0,0.0
2016-03-23 00:00:00-04:00,7.6823514861213456,7.7042760130055115,7.493800698817013,7.656041622161865,19674400,0.0,0.0
2016-03-24 00:00:00-04:00,7.6341202484893085,7.734972960408249,7.5025730452478125,7.704278469085693,15261342,0.0,0.0
2016-03-28 00:00:00-04:00,7.6648113034367755,7.745932481713349,7.550804055504359,7.677966594696045,9518639,0.0,0.0
2016-03-29 00:00:00-04:00,7.616581635203376,7.752513480650159,7.550808022342451,7.739358901977539,10197054,0.0,0.0
2016-03-30 00:00:00-04:00,7.770050226218973,7.855556031927754,7.730586506313208,7.844593048095703,18156352,0.0,0.0
2016-03-31 00:00:00-04:00,7.8226694393411424,7.8752884533944565,7.677967690317689,7.774435043334961,17876245,0.0,0.0
2016-04-01 00:00:00-04:00,7.7218188385966355,8.131808116070552,7.699894301389404,8.06822681427002,25550102,0.0,0.0
2016-04-04 00:00:00-04:00,8.090146149025767,8.090146149025767,7.8621316842958455,7.910364627838135,13191512,0.0,0.0
2016-04-05 00:00:00-04:00,7.835825982631933,7.853365898224473,7.699893435534068,7.721817970275879,14280625,0.0,0.0
2016-04-06 00:00:00-04:00,7.7393550357671455,7.884056767875574,7.6560415466302665,7.8752875328063965,17879858,0.0,0.0
2016-04-07 00:00:00-04:00,7.8007452876311785,7.910367219592597,7.728394769366787,7.778820037841797,16196809,0.0,0.0
2016-04-08 00:00:00-04:00,7.827053856858984,8.022181586415464,7.809514665622265,7.844593048095703,12525312,0.0,0.0
2016-04-11 00:00:00-04:00,7.870903115849779,7.91913751185596,7.743741278009945,7.774435043334961,10114296,0.0,0.0
2016-04-12 00:00:00-04:00,7.7656660595061755,7.787590591480472,7.533266164478161,7.559576034545898,15120085,0.0,0.0
2016-04-13 00:00:00-04:00,7.581498163386587,7.677966217395207,7.520109205518172,7.673581600189209,14182897,0.0,0.0
2016-04-14 00:00:00-04:00,7.612195087695443,7.629734281651208,7.480647895287826,7.56834602355957,11503990,0.0,0.0
2016-04-15 00:00:00-04:00,7.63411794594583,7.6648117085130725,7.388562808925522,7.629732608795166,20409250,0.0,0.0
2016-04-18 00:00:00-04:00,7.546420845516854,7.667005761568416,7.515726359349669,7.647273540496826,9740935,0.0,0.0
2016-04-19 00:00:00-04:00,7.656043399634694,7.66481335632394,7.520111589193111,7.559576034545898,11079872,0.0,0.0
2016-04-20 00:00:00-04:00,7.485030872772876,7.673582382814401,7.485030872772876,7.629732608795166,9360003,0.0,0.0
2016-04-21 00:00:00-04:00,7.603423333237843,7.778818828813701,7.594653378584682,7.656041622161865,10272415,0.0,0.0
2016-04-22 00:00:00-04:00,7.647273506101265,7.761280774783661,7.599039108199041,7.669198036193848,13692194,0.0,0.0
2016-04-25 00:00:00-04:00,7.612198010342603,7.6341225508283035,7.375412685297861,7.546424388885498,10051667,0.0,0.0
2016-04-26 00:00:00-04:00,7.563958244088013,7.658233269853145,7.555189009689327,7.612192630767822,10813874,0.0,0.0
2016-04-27 00:00:00-04:00,7.5858873299325635,7.68235544179417,7.563962791759374,7.590271949768066,10948938,0.0,0.0
2016-04-28 00:00:00-04:00,7.528881077081235,7.623156846499491,7.419259143533223,7.46749210357666,8237340,0.0,0.0
2016-04-29 00:00:00-04:00,7.4061038179934435,7.414873054601631,7.239477529974062,7.305251121520996,12195481,0.0,0.0
2016-05-02 00:00:00-04:00,7.305251885000709,7.3447156123547135,7.138625579567034,7.191244602203369,14557979,0.0,0.0
2016-05-03 00:00:00-04:00,7.116697467908704,7.125467420520795,6.919376052377204,6.985150337219238,19039170,0.0,0.0
2016-05-04 00:00:00-04:00,6.928146724486597,7.015844092115605,6.875527728311351,6.985150337219238,11420887,0.0,0.0
2016-05-05 00:00:00-04:00,6.993921709868885,7.002690944764169,6.8579892155251505,6.893068313598633,6054985,0.0,0.0
2016-05-06 00:00:00-04:00,6.853604694113705,6.954458102384845,6.8229109293329575,6.919378280639648,8574569,0.0,0.0
2016-05-09 00:00:00-04:00,6.88868559355282,6.998308254912541,6.871146399433853,6.954459190368652,8505230,0.0,0.0
2016-05-10 00:00:00-04:00,6.967611789703369,6.9719964071151495,6.844834587701639,6.967611789703369,8192777,0.0,0.0
2016-05-11 00:00:00-04:00,6.967612137928646,7.171510528218236,6.963226800800254,7.02461576461792,11132349,0.0,0.0
2016-05-12 00:00:00-04:00,7.055312688195937,7.077237222933003,6.95182876911735,6.971999168395996,9321807,0.0,0.0
2016-05-13 00:00:00-04:00,6.971997394886435,7.066273158073407,6.879914660213497,6.914993762969971,11680863,0.0,0.0
2016-05-16 00:00:00-04:00,6.910608170144572,7.0575029264944344,6.888683644077199,6.9983062744140625,15174282,0.0,0.0
2016-05-17 00:00:00-04:00,6.963227640797946,7.1035447753813425,6.879914859277929,6.936919212341309,25107403,0.0,0.0
2016-05-18 00:00:00-04:00,6.923764260950801,6.985152509330196,6.803179353654905,6.871145248413086,11315244,0.0,0.0
2016-05-19 00:00:00-04:00,6.800986400490976,6.923764337604099,6.743982769401332,6.919378280639648,11501753,0.0,0.0
2016-05-20 00:00:00-04:00,6.910611446135273,7.011464169955157,6.866762373213777,6.958845138549805,15455593,0.0,0.0
2016-05-23 00:00:00-04:00,6.963228414725631,7.134240053927719,6.958843796078456,7.046542644500732,14882648,0.0,0.0
2016-05-24 00:00:00-04:00,7.05969751566364,7.164934843082898,7.011463111036014,7.125471115112305,21613812,0.0,0.0
2016-05-25 00:00:00-04:00,8.037529960240484,8.112073508775145,7.5069566032835064,7.607810020446777,75418560,0.0,0.0
2016-05-26 00:00:00-04:00,7.454336954592616,7.756895741478813,7.384178749849675,7.6253485679626465,37393042,0.0,0.0
2016-05-27 00:00:00-04:00,7.656042512867746,8.04191480651952,7.656042512867746,8.006834983825684,39501412,0.0,0.0
2016-05-31 00:00:00-04:00,7.892828883292869,8.098918914794922,7.787590838676691,8.098918914794922,42932892,0.0,0.0
2016-06-01 00:00:00-04:00,8.028758968750555,8.059453451777188,7.9542154298280225,8.019989013671875,21150982,0.0,0.0
2016-06-02 00:00:00-04:00,7.954216837456302,8.125228473512616,7.936677643692598,8.11207389831543,23508489,0.0,0.0
2016-06-03 00:00:00-04:00,8.068221596392469,8.112070642448893,8.015602597225293,8.046297073364258,15976234,0.0,0.0
2016-06-06 00:00:00-04:00,8.039700199458172,8.343168498461386,8.039700199458172,8.312381744384766,22094191,0.031966,0.0
2016-06-07 00:00:00-04:00,8.285995939071983,8.464119111930135,8.255209894950955,8.426734924316406,24580224,0.0,0.0
2016-06-08 00:00:00-04:00,8.475113442092548,8.629047267911078,8.444327398589495,8.510298728942871,27220419,0.0,0.0
2016-06-09 00:00:00-04:00,8.52788818678528,8.642238892688718,8.501499950932418,8.598258018493652,16130912,0.0,0.0
2016-06-10 00:00:00-04:00,8.49270454547835,8.501500865595835,8.312383230542263,8.409140586853027,16914282,0.0,0.0
2016-06-13 00:00:00-04:00,8.360761987328129,8.422334785408552,8.171644350495963,8.180439949035645,17458838,0.0,0.0
2016-06-14 00:00:00-04:00,8.123263699733199,8.198032049094923,8.011113340671868,8.052894592285156,24700491,0.0,0.0
2016-06-15 00:00:00-04:00,8.105671773302262,8.382751847466945,8.096875454467439,8.268401145935059,20590940,0.0,0.0
2016-06-16 00:00:00-04:00,8.215626346114629,8.281597674089115,8.169446560864614,8.206830024719238,21213266,0.0,0.0
2016-06-17 00:00:00-04:00,8.176041343992091,8.360761163349718,8.13206119064647,8.329975128173828,28631964,0.0,0.0
2016-06-20 00:00:00-04:00,8.453122737240323,8.624648464875659,8.426733775171503,8.523491859436035,27304382,0.0,0.0
2016-06-21 00:00:00-04:00,8.536685438516049,8.730200873117974,8.470714120016648,8.690618515014648,19885684,0.0,0.0
2016-06-22 00:00:00-04:00,8.646636775149204,8.690617649770033,8.439927241759664,8.448722839355469,18191967,0.0,0.0
2016-06-23 00:00:00-04:00,8.519093257543531,8.65983148867941,8.505899138582105,8.642239570617676,17522843,0.0,0.0
2016-06-24 00:00:00-04:00,8.184837142712075,8.391547386424513,7.964932781669144,7.9869232177734375,43737768,0.0,0.0
2016-06-27 00:00:00-04:00,7.9165550054841285,7.920952804537778,7.4613532153510755,7.564708709716797,31383479,0.0,0.0
2016-06-28 00:00:00-04:00,7.696650067665952,7.731833897594174,7.5229254872255575,7.652668476104736,23461174,0.0,0.0
2016-06-29 00:00:00-04:00,7.80220653380336,7.876974912484209,7.7428326212154,7.819799900054932,14211630,0.0,0.0
2016-06-30 00:00:00-04:00,7.8813709888326615,8.136459949637985,7.86377834809,8.035304069519043,21494405,0.0,0.0
2016-07-01 00:00:00-04:00,8.123266821774097,8.19803519987179,7.982528552787627,8.132063865661621,15361995,0.0,0.0
2016-07-05 00:00:00-04:00,8.088082482474032,8.105674404193143,7.890168491924626,8.004518508911133,10555274,0.0,0.0
2016-07-06 00:00:00-04:00,7.916557104134263,8.105674781804021,7.88137253739628,8.092480659484863,12498988,0.0,0.0
2016-07-07 00:00:00-04:00,8.06609098704293,8.228819669608582,8.06609098704293,8.123265266418457,10799938,0.0,0.0
2016-07-08 00:00:00-04:00,8.250812243954725,8.373958587646484,8.169447167085384,8.373958587646484,18751493,0.0,0.0
2016-07-11 00:00:00-04:00,8.422334748614606,8.56087552825678,8.417936949363977,8.505899429321289,17483786,0.0,0.0
2016-07-12 00:00:00-04:00,8.54548388292069,8.752194209935846,8.54548388292069,8.659833908081055,22280355,0.0,0.0
2016-07-13 00:00:00-04:00,8.659831430069767,8.690618188545063,8.488305719750608,8.576268196105957,11816099,0.0,0.0
2016-07-14 00:00:00-04:00,8.62904606817105,8.869181504071534,8.62904606817105,8.79177474975586,25671058,0.0,0.0
2016-07-15 00:00:00-04:00,8.831358263081423,8.870940624729743,8.659832530956939,8.69501781463623,15047133,0.0,0.0
2016-07-18 00:00:00-04:00,8.673025839674814,8.787376557607626,8.642239801828019,8.703812599182129,10118425,0.0,0.0
2016-07-19 00:00:00-04:00,8.6598317203604,8.769783917414726,8.655433921142434,8.703812599182129,9522768,0.0,0.0
2016-07-20 00:00:00-04:00,8.708213148478693,8.83135949353211,8.675226760018301,8.822563171386719,9143041,0.0,0.0
2016-07-21 00:00:00-04:00,8.809365510988567,8.866540499480006,8.666427678929768,8.686219215393066,15580334,0.0,0.0
2016-07-22 00:00:00-04:00,8.71700726678413,8.818163871765137,8.68182270584579,8.818163871765137,14395042,0.0,0.0
2016-07-25 00:00:00-04:00,8.950106158977498,9.011678957744651,8.879737039912024,8.888532638549805,16715041,0.0,0.0
2016-07-26 00:00:00-04:00,8.879736988983806,8.998484786518167,8.859944727180702,8.994086265563965,13674300,0.0,0.0
2016-07-27 00:00:00-04:00,9.01607890464303,9.08864693484479,8.909644783355533,8.95010757446289,11275327,0.0,0.0
2016-07-28 00:00:00-04:00,8.928116390668643,8.985291399039289,8.862145060626979,8.932514190673828,7497328,0.0,0.0
2016-07-29 00:00:00-04:00,8.936914303646901,9.631811515046412,8.840156199171515,9.244780540466309,54130278,0.0,0.0
2016-08-01 00:00:00-04:00,9.297555998111942,9.495469985481286,9.073253767757611,9.271167755126953,23908347,0.0,0.0
2016-08-02 00:00:00-04:00,9.249177398028571,9.279963441243574,9.07985055204282,9.13482666015625,18970348,0.0,0.0
2016-08-03 00:00:00-04:00,9.134824507421582,9.464681078367365,9.095242151904374,9.460283279418945,23912476,0.0,0.0
2016-08-04 00:00:00-04:00,9.447089887758986,9.640605324606364,9.438293567524893,9.570236206054688,15358554,0.0,0.0
2016-08-05 00:00:00-04:00,9.60542104936765,9.763752665177208,9.574635007815793,9.636208534240723,16329980,0.0,0.0
2016-08-08 00:00:00-04:00,9.675790347315276,9.750557990395349,9.49107050019409,9.521857261657715,13379397,0.0,0.0
2016-08-09 00:00:00-04:00,9.557043834989438,9.614218122819711,9.508664425681209,9.543848991394043,13865282,0.0,0.0
2016-08-10 00:00:00-04:00,9.557044753091485,9.565841075779883,9.425101356086989,9.47787857055664,9788938,0.0,0.0
2016-08-11 00:00:00-04:00,9.495469880328718,9.614217694106802,9.464683116080069,9.579033851623535,13035974,0.0,0.0
2016-08-12 00:00:00-04:00,9.535050611740205,9.65819692598859,9.453686275985158,9.627410888671875,18171321,0.0,0.0
2016-08-15 00:00:00-04:00,9.645001717522025,9.759352420570293,9.63180759992503,9.68018627166748,12316609,0.0,0.0
2016-08-16 00:00:00-04:00,9.631810331868746,9.750558867244088,9.592227246190088,9.704379081726074,10498152,0.0,0.0
2016-08-17 00:00:00-04:00,9.702181668777035,9.759356684450822,9.447092637698082,9.517461776733398,16809156,0.0,0.0
2016-08-18 00:00:00-04:00,9.473476681523485,9.627409736324159,9.473476681523485,9.614214897155762,11558875,0.0,0.0
2016-08-19 00:00:00-04:00,9.579032616474917,9.658197334345486,9.561439975841099,9.623013496398926,10394402,0.0,0.0
2016-08-22 00:00:00-04:00,9.596626361797487,9.664796594321178,9.513063107035135,9.64940357208252,7638586,0.0,0.0
2016-08-23 00:00:00-04:00,9.688985878868918,9.70657779977149,9.620815651842632,9.645004272460938,13619071,0.0,0.0
2016-08-24 00:00:00-04:00,9.64060750049273,9.697782512427942,9.53065527690167,9.539451599121094,7765219,0.0,0.0
2016-08-25 00:00:00-04:00,9.513061275300876,9.647202814436818,9.433895835946922,9.605420112609863,12335363,0.0,0.0
2016-08-26 00:00:00-04:00,9.631810337009068,9.715374308303884,9.504266201779853,9.579033851623535,9102436,0.0,0.0
2016-08-29 00:00:00-04:00,9.570236274742037,9.73296495276829,9.557042155126467,9.605420112609863,10135630,0.0,0.0
2016-08-30 00:00:00-04:00,9.605422684220791,9.658199898473383,9.433898361636517,9.491072654724121,15767186,0.0,0.0
2016-08-31 00:00:00-04:00,9.47347647602067,9.535049263609022,9.306348585677013,9.447088241577148,16448183,0.0,0.0
2016-09-01 00:00:00-04:00,9.425098561395764,9.816528670847985,9.271166207465493,9.746159553527832,32542619,0.0,0.0
2016-09-02 00:00:00-04:00,9.750559592736614,9.807735325562323,9.649403692727624,9.768152236938477,11299759,0.0,0.0
2016-09-06 00:00:00-04:00,9.754954556108885,9.754954556108885,9.565836947400143,9.614214897155762,14693214,0.0,0.0
2016-09-07 00:00:00-04:00,9.680187758037105,9.816528918568697,9.460284080447213,9.715373039245605,35346783,0.0,0.0
2016-09-08 00:00:00-04:00,9.675789221761335,9.763750974761914,9.37671940589146,9.403107643127441,50323029,0.0,0.0
2016-09-09 00:00:00-04:00,9.301953929756824,9.442692911544235,9.200798034667969,9.200798034667969,27124584,0.0,0.0
2016-09-12 00:00:00-04:00,9.11283680609665,9.418504131302209,9.073254438692192,9.363527297973633,21937448,0.0,0.0
2016-09-13 00:00:00-04:00,9.279962467546403,9.398710992943887,9.257972748268944,9.306350708007812,20650988,0.0,0.0
2016-09-14 00:00:00-04:00,9.293157199948928,9.418503154549013,9.275565279036005,9.39431381225586,18886212,0.0,0.0
2016-09-15 00:00:00-04:00,9.376718774992963,9.737361360701655,9.363523935602284,9.732963562011719,22183488,0.0,0.0
2016-09-16 00:00:00-04:00,9.706578802668687,9.816531025897504,9.658199391451591,9.790142059326172,28129562,0.0,0.0
2016-09-19 00:00:00-04:00,9.838519747089078,10.115598435095848,9.834121225934016,9.974860191345215,20660279,0.0,0.0
2016-09-20 00:00:00-04:00,10.007845924918193,10.09140988920251,9.948472023010254,9.948472023010254,16635035,0.0,0.0
2016-09-21 00:00:00-04:00,9.939676886774858,10.168376922607422,9.926482043302423,10.168376922607422,18368841,0.0,0.0
2016-09-22 00:00:00-04:00,10.177173325454882,10.348699075356585,10.177173325454882,10.22115421295166,17617129,0.0,0.0
2016-09-23 00:00:00-04:00,10.172774263430034,10.232148165521046,10.076016178607892,10.106802940368652,12469050,0.0,0.0
2016-09-26 00:00:00-04:00,10.054024939173962,10.1002039923424,9.957266868980732,10.023238182067871,13948729,0.0,0.0
2016-09-27 00:00:00-04:00,9.979258165286334,10.126594554175417,9.922523375509083,10.080414772033691,22581969,0.0,0.0
2016-09-28 00:00:00-04:00,10.115596794922258,10.199161466713328,10.036432086893958,10.133190155029297,12168813,0.0,0.0
2016-09-29 00:00:00-04:00,10.098008232262272,10.251942065649027,10.060624765221645,10.071619987487793,15577065,0.0,0.0
2016-09-30 00:00:00-04:00,10.15078249944012,10.243142772684921,9.935276638523213,10.005645751953125,27890404,0.0,0.0
2016-10-03 00:00:00-04:00,9.935276915646279,10.043029488280018,9.91768427596785,9.961665153503418,20113314,0.0,0.0
2016-10-04 00:00:00-04:00,9.974863537343177,10.08481577819392,9.790143628381768,9.847318649291992,15717118,0.0,0.0
2016-10-05 00:00:00-04:00,9.878101037069598,10.058422330198566,9.878101037069598,10.02763557434082,12511204,0.0,0.0
2016-10-06 00:00:00-04:00,10.001249153293884,10.049627834375592,9.952869750551608,9.974860191345215,11269994,0.0,0.0
2016-10-07 00:00:00-04:00,9.994698392235462,10.007924584382627,9.774259445066818,9.84920883178711,16110609,0.031966,0.0
2016-10-10 00:00:00-04:00,9.910931557152866,10.003515627972497,9.893296874975917,9.91974925994873,15833256,0.0,0.0
2016-10-11 00:00:00-04:00,9.919749286230884,9.919749286230884,9.653018297291645,9.690492630004883,17394317,0.0,0.0
2016-10-12 00:00:00-04:00,9.734581347629295,9.752216754947023,9.611135666649755,9.699311256408691,13356341,0.0,0.0
2016-10-13 00:00:00-04:00,9.602318794761784,9.677267468170744,9.461237704872506,9.593501091003418,23763648,0.0,0.0
2016-10-14 00:00:00-04:00,9.496508976097195,9.677268670229843,9.467852339591506,9.49209976196289,23332992,0.0,0.0
2016-10-17 00:00:00-04:00,9.478871794807354,9.562638890138745,9.351017630277378,9.377470016479492,20037265,0.0,0.0
2016-10-18 00:00:00-04:00,9.496508347010334,9.51855224597672,9.30252174674018,9.465646743774414,20106431,0.0,0.0
2016-10-19 00:00:00-04:00,9.527370032922091,9.686085817491396,9.500916919883933,9.580275535583496,30091857,0.0,0.0
2016-10-20 00:00:00-04:00,9.536187632799441,9.659633322047101,9.496508325384346,9.646407127380371,18222937,0.0,0.0
2016-10-21 00:00:00-04:00,9.567045179913581,9.58027209338768,9.456826447141747,9.536184310913086,20590424,0.0,0.0
2016-10-24 00:00:00-04:00,9.558232307434082,9.606729326705008,9.518553717210615,9.558232307434082,15560891,0.0,0.0
2016-10-25 00:00:00-04:00,9.55823194455115,9.567049649848823,9.430377749687336,9.52296257019043,15908616,0.0,0.0
2016-10-26 00:00:00-04:00,9.492099236070477,9.61554492693751,9.465646846390008,9.611136436462402,13082601,0.0,0.0
2016-10-27 00:00:00-04:00,9.646408201875172,9.871254983084654,9.646408201875172,9.783080101013184,21757478,0.0,0.0
2016-10-28 00:00:00-04:00,9.787485759573256,9.915340639895367,9.699310179603463,9.774259567260742,12916567,0.0,0.0
2016-10-31 00:00:00-04:00,9.809529470029396,9.928566645432253,9.796303277965693,9.906522750854492,14006884,0.0,0.0
2016-11-01 00:00:00-04:00,9.884480025102386,9.94620323110203,9.597910064146602,9.73458194732666,12696336,0.0,0.0
2016-11-02 00:00:00-04:00,9.716945678228434,9.774259661075957,9.641996289851777,9.708127975463867,14294905,0.0,0.0
2016-11-03 00:00:00-04:00,9.730173636854328,9.778670649155067,9.59350175114706,9.611136436462402,12041664,0.0,0.0
2016-11-04 00:00:00-04:00,9.540593550739974,9.875219874997345,9.487688062923311,9.716944694519043,13275991,0.0,0.0
2016-11-07 00:00:00-05:00,9.86684373799541,10.223955274582229,9.862435248317643,10.188684463500977,18590104,0.0,0.0
2016-11-08 00:00:00-05:00,10.188684400040477,10.356217857973814,10.091691840415498,10.24599838256836,22014013,0.0,0.0
2016-11-09 00:00:00-05:00,9.893298292246266,10.382671824837518,9.858027476010061,10.241591453552246,26421737,0.0,0.0
2016-11-10 00:00:00-05:00,10.294497674278263,10.44439576010339,10.10051106507523,10.171051979064941,22441744,0.0,0.0
2016-11-11 00:00:00-05:00,10.149005362091057,10.307721110101937,10.10491757393084,10.276860237121582,16257201,0.0,0.0
2016-11-14 00:00:00-05:00,10.294495582580566,10.413532762976875,10.17104991244968,10.294495582580566,21289487,0.0,0.0
2016-11-15 00:00:00-05:00,10.347402667161802,10.373855056465343,10.201912355747623,10.32094955444336,25421921,0.0,0.0
2016-11-16 00:00:00-05:00,10.276862064676928,10.426760137029497,10.232773545261617,10.373854637145996,19870715,0.0,0.0
2016-11-17 00:00:00-05:00,10.347401551768762,10.435576414414099,10.254816752356698,10.404715538024902,18754934,0.0,0.0
2016-11-18 00:00:00-05:00,10.443952404453597,10.51493313572316,10.259224109076854,10.276860237121582,28549550,0.0,0.0
2016-11-21 00:00:00-05:00,10.325358607772586,10.382672603331498,10.056423316003492,10.193095207214355,40098274,0.0,0.0
2016-11-22 00:00:00-05:00,10.184277035664097,10.29008803311044,9.966043028980161,10.08287525177002,41580190,0.0,0.0
2016-11-23 00:00:00-05:00,10.007925823047588,10.417942170845379,9.906524039482628,10.382671356201172,37097794,0.0,0.0
2016-11-25 00:00:00-05:00,10.149009862787514,10.312134172587891,10.012337224832926,10.23718547821045,18320149,0.0,0.0
2016-11-28 00:00:00-05:00,10.126963872562804,10.312132784712722,10.087286008426696,10.29008960723877,37604498,0.0,0.0
2016-11-29 00:00:00-05:00,10.237181634746866,10.536978469945637,10.237181634746866,10.466438293457031,24233188,0.0,0.0
2016-11-30 00:00:00-05:00,10.488483051488364,10.534775817936733,10.417942864334028,10.492892265319824,24902141,0.0,0.0
2016-12-01 00:00:00-05:00,10.484073878940814,10.536979377571798,10.285678801635761,10.303314208984375,20974453,0.0,0.0
2016-12-02 00:00:00-05:00,10.298907585255114,10.536982027254519,10.2900906027785,10.514937400817871,12629234,0.0,0.0
2016-12-05 00:00:00-05:00,10.545795634121891,10.678058277427613,10.506116334739845,10.673649787902832,17673908,0.0,0.0
2016-12-06 00:00:00-05:00,10.651607329508693,10.66042503316182,10.532570862143466,10.563431739807129,16941294,0.0,0.0
2016-12-07 00:00:00-05:00,10.510526150209293,10.929360197661717,10.49729995655166,10.880863189697266,28028909,0.0,0.0
2016-12-08 00:00:00-05:00,10.867635379989338,10.929358572432998,10.805912910960418,10.863226890563965,12216300,0.0,0.0
2016-12-09 00:00:00-05:00,10.82795973243581,10.92054382271821,10.72214944688663,10.805915832519531,22907671,0.0,0.0
2016-12-12 00:00:00-05:00,10.648983904145737,10.706450277782329,10.47658405789771,10.564994812011719,21249914,0.037778,0.0
2016-12-13 00:00:00-05:00,10.538473702507344,10.706452649321916,10.498689615948805,10.578258514404297,18690585,0.0,0.0
2016-12-14 00:00:00-05:00,10.494270282503125,10.777182025741427,10.489849344511896,10.57383918762207,16920304,0.0,0.0
2016-12-15 00:00:00-05:00,10.542894542479042,10.55173641824746,10.463325639286282,10.489849090576172,27706305,0.0,0.0
2016-12-16 00:00:00-05:00,10.445643964657348,10.514161610497178,10.335131398677479,10.383756637573242,35485116,0.0,0.0
2016-12-19 00:00:00-05:00,10.352813072257877,10.564997781223179,10.352813072257877,10.489849090576172,11699617,0.0,0.0
2016-12-20 00:00:00-05:00,10.507531145174786,10.600360683829196,10.454484969176686,10.538474082946777,15602185,0.0,0.0
2016-12-21 00:00:00-05:00,10.538473202524283,10.626883246688875,10.518580797519576,10.560576438903809,9327829,0.0,0.0
2016-12-22 00:00:00-05:00,10.569419388259854,10.604783269307035,10.39701947081434,10.503111839294434,11015867,0.0,0.0
2016-12-23 00:00:00-05:00,10.507527926557307,10.538470854851003,10.46774312541082,10.529629707336426,10125823,0.0,0.0
2016-12-27 00:00:00-05:00,10.525210394618886,10.564995199161174,10.441221299407125,10.494267463684082,6512137,0.0,0.0
2016-12-28 00:00:00-05:00,10.529631100618566,10.529631100618566,10.295345375179965,10.299765586853027,11347591,0.0,0.0
2016-12-29 00:00:00-05:00,10.290927070538576,10.374916916517478,10.246722041147258,10.317450523376465,8858805,0.0,0.0
2016-12-30 00:00:00-05:00,10.268824006659575,10.366075211187116,10.180413952605166,10.229039192199707,10862394,0.0,0.0
2017-01-03 00:00:00-05:00,10.251139709870664,10.374913607623169,10.158308742552585,10.255559921264648,13861841,0.0,0.0
2017-01-04 00:00:00-05:00,10.299766078110014,10.48100709610138,10.273242630791636,10.366073608398438,11969056,0.0,0.0
2017-01-05 00:00:00-05:00,10.366073369812034,10.42353974967168,10.31302720173454,10.414698600769043,19883103,0.0,0.0
2017-01-06 00:00:00-05:00,10.419117959389483,10.419117959389483,9.906339379444294,10.21135425567627,25019655,0.0,0.0
2017-01-09 00:00:00-05:00,10.229036613999115,10.248044828856921,9.950545158988426,9.972647666931152,24591408,0.0,0.0
2017-01-10 00:00:00-05:00,10.030113715052375,10.171570631673477,9.950544834123974,10.145047187805176,23212897,0.0,0.0
2017-01-11 00:00:00-05:00,10.13178865818194,10.158311384119349,9.994753365274564,10.061060905456543,15961609,0.0,0.0
2017-01-12 00:00:00-05:00,10.04779734082732,10.096421844165729,9.912971458396072,10.05663776397705,14234514,0.0,0.0
2017-01-13 00:00:00-05:00,10.05664064700316,10.18925573632662,10.052220434161113,10.140629768371582,9905248,0.0,0.0
2017-01-17 00:00:00-05:00,10.092001487074704,10.162729223282508,10.00580155990137,10.03011417388916,10155589,0.0,0.0
2017-01-18 00:00:00-05:00,10.0654836541247,10.16273415729099,9.985914730925629,10.105268478393555,14536128,0.0,0.0
2017-01-19 00:00:00-05:00,10.074322336398026,10.11410715091103,10.025696371400082,10.065481185913086,9976651,0.0,0.0
2017-01-20 00:00:00-05:00,10.074320417673665,10.122945648072136,10.00801288967303,10.114105224609375,15579301,0.0,0.0
2017-01-23 00:00:00-05:00,10.08758507015556,10.136210316422234,9.897502847585603,9.977071762084961,15614573,0.0,0.0
2017-01-24 00:00:00-05:00,10.038956836828914,10.206935779669177,10.016854325262079,10.118526458740234,14144701,0.0,0.0
2017-01-25 00:00:00-05:00,10.175993190188574,10.229038639484196,10.094213459404054,10.158310890197754,12553013,0.0,0.0
2017-01-26 00:00:00-05:00,10.149470782038131,10.206937174899553,9.999174118041992,9.999174118041992,10554758,0.0,0.0
2017-01-27 00:00:00-05:00,10.047802762509352,10.078745710906471,9.9372894347847,9.968233108520508,11716995,0.0,0.0
2017-01-30 00:00:00-05:00,9.941706868881901,9.941706868881901,9.720681016699569,9.791409492492676,16078951,0.0,0.0
2017-01-31 00:00:00-05:00,9.786990239901833,10.030117921292472,9.654375140961484,10.025697708129883,21481845,0.0,0.0
2017-02-01 00:00:00-05:00,10.047800610891537,10.069902401297204,9.888662062330177,9.985913276672363,16757711,0.0,0.0
2017-02-02 00:00:00-05:00,9.840032748159684,10.050007301704104,9.840032748159684,10.03011417388916,14275291,0.0,0.0
2017-02-03 00:00:00-05:00,10.05663924107058,10.423540791837754,10.05663924107058,10.388176918029785,23112761,0.0,0.0
2017-02-06 00:00:00-05:00,10.321869879857768,10.45890516946674,10.304188304771237,10.405858993530273,9451537,0.0,0.0
2017-02-07 00:00:00-05:00,10.405855682888301,10.518578317553857,10.397014535488644,10.472163200378418,11192397,0.0,0.0
2017-02-08 00:00:00-05:00,10.441226072524616,10.55615887655001,10.410281676767289,10.445646286010742,10469074,0.0,0.0
2017-02-09 00:00:00-05:00,10.44564298222075,10.662247155966108,10.41469932158902,10.64456558227539,12060590,0.0,0.0
2017-02-10 00:00:00-05:00,10.644565005132723,10.72413389577272,10.600359259956791,10.604780197143555,14299723,0.0,0.0
2017-02-13 00:00:00-05:00,10.618043358799456,10.710873619725248,10.591519909007506,10.662247657775879,11128048,0.0,0.0
2017-02-14 00:00:00-05:00,10.644564772163902,10.675508430440646,10.591518604452101,10.671088218688965,16786616,0.0,0.0
2017-02-15 00:00:00-05:00,10.706452200764819,10.80370412029144,10.648985816806709,10.777180671691895,11762417,0.0,0.0
2017-02-16 00:00:00-05:00,10.772760844960185,10.82138680973698,10.702033092079247,10.75507926940918,11783408,0.0,0.0
2017-02-17 00:00:00-05:00,10.719713698273207,10.79486310758862,10.666667525740108,10.78602123260498,13047673,0.0,0.0
2017-02-21 00:00:00-05:00,10.786020756878788,10.9186365450316,10.768339183706543,10.900954246520996,16285418,0.0,0.0
2017-02-22 00:00:00-05:00,10.847910965403395,10.99820836675649,10.830228662183542,10.95400333404541,13138519,0.0,0.0
2017-02-23 00:00:00-05:00,10.976102201845167,10.989364288397299,10.830225777816938,10.900954246520996,22893390,0.0,0.0
2017-02-24 00:00:00-05:00,9.780359561255452,10.158312434298281,9.769308303415961,10.149471282958984,80662819,0.0,0.0
2017-02-27 00:00:00-05:00,10.061062350969205,10.061062350969205,9.844457398452198,9.862139701843262,32712094,0.0,0.0
2017-02-28 00:00:00-05:00,9.7560458439025,10.111896161320052,9.725102180357833,10.087583541870117,31589602,0.0,0.0
2017-03-01 00:00:00-05:00,10.171575197038516,10.299769361256196,10.13621058934122,10.246723175048828,22835751,0.0,0.0
2017-03-02 00:00:00-05:00,10.2201951320864,10.259979935219727,10.09642123671575,10.145047187805176,18544338,0.0,0.0
2017-03-03 00:00:00-05:00,10.127365539084183,10.286503311110712,10.114104904309988,10.189252853393555,19903406,0.0,0.0
2017-03-06 00:00:00-05:00,10.100845070594367,10.22461900146717,10.092003920102355,10.19809627532959,26772730,0.0,0.0
2017-03-07 00:00:00-05:00,10.153890356125192,10.25114228460183,10.034537365127608,10.087583541870117,23911616,0.0,0.0
2017-03-08 00:00:00-05:00,10.078743025491535,10.100845540079659,9.977070878115375,9.999174118041992,21858303,0.0,0.0
2017-03-09 00:00:00-05:00,9.959385953928713,10.030113686701092,9.893078432452763,9.932863235473633,18977230,0.0,0.0
2017-03-10 00:00:00-05:00,9.959387218990248,10.030114960746609,9.81351079828129,9.888659477233887,19189374,0.0,0.0
2017-03-13 00:00:00-04:00,9.837675602594539,9.944076380532026,9.828808689236729,9.895309448242188,17357669,0.037778,0.0
2017-03-14 00:00:00-04:00,9.859841534804648,9.899742277192713,9.762306952540936,9.85540771484375,17357669,0.0,0.0
2017-03-15 00:00:00-04:00,9.855408917260506,10.130278872647779,9.802208163402955,10.059344291687012,24111717,0.0,0.0
2017-03-16 00:00:00-04:00,10.063779008797693,10.13471359607821,9.975111320286166,10.037178993225098,17717954,0.0,0.0
2017-03-17 00:00:00-04:00,10.041612799880742,10.192347444585055,9.97954512253342,10.130280494689941,21287078,0.0,0.0
2017-03-20 00:00:00-04:00,10.094815068242506,10.225600083087558,10.04604739235076,10.174615859985352,14750165,0.0,0.0
2017-03-21 00:00:00-04:00,10.174614785002005,10.23224864364638,9.842110914993404,9.864277839660645,27868897,0.0,0.0
2017-03-22 00:00:00-04:00,9.850980160380313,9.997281752298028,9.797779383105032,9.975114822387695,15644338,0.0,0.0
2017-03-23 00:00:00-04:00,9.952943888259332,10.179046191399427,9.92191005337976,10.108112335205078,16796251,0.0,0.0
2017-03-24 00:00:00-04:00,10.134711227325024,10.303178923178931,10.032742827407784,10.094810485839844,15784392,0.0,0.0
2017-03-27 00:00:00-04:00,9.997276565619435,10.130278076079032,9.921908897535257,10.072644233703613,11508463,0.0,0.0
2017-03-28 00:00:00-04:00,10.059342788598153,10.289878869232279,10.032742779370054,10.201211929321289,14497071,0.0,0.0
2017-03-29 00:00:00-04:00,10.196780410042967,10.60908576767965,10.1546638375003,10.493817329406738,29644340,0.0,0.0
2017-03-30 00:00:00-04:00,10.462783209591484,10.560317081286875,10.427315553572654,10.471650123596191,15394686,0.0,0.0
2017-03-31 00:00:00-04:00,10.387417195109155,10.640119538573465,10.387417195109155,10.50711727142334,24476303,0.0,0.0
2017-04-03 00:00:00-04:00,10.651822571812657,10.687329512720126,10.243503663159455,10.39736270904541,41268108,0.0,1.3348
2017-04-04 00:00:00-04:00,10.296759188330226,10.598561559723581,10.26717153358114,10.592643737792969,24554419,0.0,0.0
2017-04-05 00:00:00-04:00,10.639985585785883,10.710997266597271,10.521631329529592,10.592643737792969,24502601,0.0,0.0
2017-04-06 00:00:00-04:00,10.639987351668651,10.728752513003931,10.598563318731342,10.663657188415527,15977155,0.0,0.0
2017-04-07 00:00:00-04:00,10.628152033693201,10.918118090842707,10.598563645668719,10.817517280578613,36280967,0.0,0.0
2017-04-10 00:00:00-04:00,10.853024854094409,10.953625676987071,10.793848070616896,10.829354286193848,28411107,0.0,0.0
2017-04-11 00:00:00-04:00,10.805684837297868,10.858943802452524,10.705084003987283,10.758343696594238,14620998,0.0,0.0
2017-04-12 00:00:00-04:00,10.847107164307921,10.853024260370194,10.61631713940941,10.681411743164062,17688947,0.0,0.0
2017-04-13 00:00:00-04:00,10.657739459493435,10.746505349063652,10.616316153642924,10.645904541015625,20986725,0.0,0.0
2017-04-17 00:00:00-04:00,10.663660205156834,10.728755548160661,10.639990361713776,10.716919898986816,10234660,0.0,0.0
2017-04-18 00:00:00-04:00,10.699166826882323,10.770178542234284,10.64235789107216,10.728755950927734,10324761,0.0,0.0
2017-04-19 00:00:00-04:00,10.74058791412593,10.82343525627211,10.705081702505526,10.746505737304688,9413567,0.0,0.0
2017-04-20 00:00:00-04:00,10.787928478688608,10.894446380509466,10.755381544091152,10.847105979919434,13204387,0.0,0.0
2017-04-21 00:00:00-04:00,10.829351708204088,10.8382280781222,10.663656317440463,10.734668731689453,15784063,0.0,0.0
2017-04-24 00:00:00-04:00,10.799766135779446,10.97137866620853,10.773136291638624,10.912201881408691,18105939,0.0,0.0
2017-04-25 00:00:00-04:00,10.941789757076537,11.000967266533923,10.900365718692028,10.959543228149414,11001357,0.0,0.0
2017-04-26 00:00:00-04:00,10.947705397736616,11.113400790781904,10.900363545101365,11.012799263000488,14089028,0.0,0.0
2017-04-27 00:00:00-04:00,11.006885205934955,11.042390693549551,10.906283657035482,11.024637222290039,17807277,0.0,0.0
2017-04-28 00:00:00-04:00,11.018719398536868,11.06606126111002,10.94178987210229,11.024637222290039,11964369,0.0,0.0
2017-05-01 00:00:00-04:00,11.060141422921726,11.142988758020103,11.030553036997159,11.083812713623047,10576116,0.0,0.0
2017-05-02 00:00:00-04:00,11.077896667145815,11.148908368279344,11.04239045285295,11.066061019897461,10110143,0.0,0.0
2017-05-03 00:00:00-04:00,11.042391275884555,11.107485885697855,10.989132314201765,11.048308372497559,14169590,0.0,0.0
2017-05-04 00:00:00-04:00,11.095649719238281,11.12523883818231,11.012801641099434,11.095649719238281,8458547,0.0,0.0
2017-05-05 00:00:00-04:00,11.14890793569925,11.154825759093814,11.048307120348172,11.142990112304688,16416704,0.0,0.0
2017-05-08 00:00:00-04:00,11.148909873464104,11.214004487213904,11.101568732983683,11.178498268127441,11736345,0.0,0.0
2017-05-09 00:00:00-04:00,11.166657719698437,11.22583521051216,11.027592180307934,11.113399505615234,21023203,0.0,0.0
2017-05-10 00:00:00-04:00,11.119322760347572,11.2435941696167,11.095651461475486,11.2435941696167,14653868,0.0,0.0
2017-05-11 00:00:00-04:00,11.196248970002243,11.276137033856816,11.128195824612142,11.16074275970459,16039543,0.0,0.0
2017-05-12 00:00:00-04:00,11.172575950622559,11.25542400432417,11.148905389901529,11.172575950622559,12393091,0.0,0.0
2017-05-15 00:00:00-04:00,11.184413127549494,11.320520143390091,11.16665965898658,11.237672805786133,13808928,0.0,0.0
2017-05-16 00:00:00-04:00,11.243592377244246,11.3382746478297,11.193291238885871,11.308686256408691,12260839,0.0,0.0
2017-05-17 00:00:00-04:00,11.308685856947596,11.308685856947596,11.077896557506433,11.125238418579102,16809591,0.0,0.0
2017-05-18 00:00:00-04:00,11.036469276773778,11.21991738868559,10.959539775384297,11.113399505615234,16026524,0.0,0.0
2017-05-19 00:00:00-04:00,11.148906275686029,11.24358998099681,10.929951934853493,10.965458869934082,25988818,0.0,0.0
2017-05-22 00:00:00-04:00,10.959539506609456,11.154822529933256,10.953621684928017,11.119317054748535,17436561,0.0,0.0
2017-05-23 00:00:00-04:00,11.166659855210769,11.184413324085654,11.09564816206758,11.16074275970459,17918260,0.0,0.0
2017-05-24 00:00:00-04:00,11.14890552434644,11.231753579047115,11.113400046562735,11.190329551696777,15162120,0.0,0.0
2017-05-25 00:00:00-04:00,11.225839829280325,11.243593302064536,11.131156823454685,11.148909568786621,23348044,0.0,0.0
2017-05-26 00:00:00-04:00,11.154825759093814,11.178496325219902,11.089731156657951,11.142990112304688,17319777,0.0,0.0
2017-05-30 00:00:00-04:00,11.113400003484895,11.20216515250411,11.060140332111759,11.154823303222656,22861704,0.0,0.0
2017-05-31 00:00:00-04:00,11.125235058688718,11.169616903396703,10.983210245815284,11.131152153015137,30786476,0.0,0.0
2017-06-01 00:00:00-04:00,10.85894194197276,10.870777588846996,10.338185846193316,10.367774963378906,50115031,0.0,0.0
2017-06-02 00:00:00-04:00,10.26125507767568,10.403279185657341,10.030465083821882,10.296760559082031,38591113,0.0,0.0
2017-06-05 00:00:00-04:00,10.261259000857669,10.267176825838648,10.136988313518918,10.154740333557129,20008631,0.0,0.0
2017-06-06 00:00:00-04:00,10.142902024605348,10.172490412179116,10.077807426452637,10.077807426452637,17818492,0.0,0.0
2017-06-07 00:00:00-04:00,10.077808105856121,10.20207948753422,10.065972459047856,10.083725929260254,18744767,0.0,0.0
2017-06-08 00:00:00-04:00,10.083725655150289,10.131067513644265,10.048219443142845,10.089643478393555,13795265,0.0,0.0
2017-06-09 00:00:00-04:00,10.083725618576294,10.249421031526003,9.944660046398619,10.054137229919434,13561698,0.0,0.0
2017-06-12 00:00:00-04:00,10.03334589864885,10.051167550160013,9.837312113501556,10.009584426879883,14894653,0.050427,0.0
2017-06-13 00:00:00-04:00,9.991762214380993,10.080868276196199,9.979881114040618,10.02740478515625,15699633,0.0,0.0
2017-06-14 00:00:00-04:00,10.009584945071955,10.068988262446705,9.890776849830553,9.944239616394043,14685190,0.0,0.0
2017-06-15 00:00:00-04:00,9.92047793257234,9.95611977356697,9.783848197858017,9.81355094909668,23054281,0.0,0.0
2017-06-16 00:00:00-04:00,9.84919504849153,9.867015973075148,9.766029516691235,9.795731544494629,19348535,0.0,0.0
2017-06-19 00:00:00-04:00,9.807611052896506,9.96206098816218,9.807611052896506,9.93235969543457,14374026,0.0,0.0
2017-06-20 00:00:00-04:00,9.914540133482761,9.94424143247139,9.789791464647744,9.884838104248047,17374431,0.0,0.0
2017-06-21 00:00:00-04:00,9.920474990812597,9.973938466696678,9.825427675525415,9.843249320983887,13225011,0.0,0.0
2017-06-22 00:00:00-04:00,9.82543169383956,9.950180342084744,9.801670950668814,9.908597946166992,12152305,0.0,0.0
2017-06-23 00:00:00-04:00,9.950179652088591,10.098689763452036,9.896716888292847,10.009584426879883,22420479,0.0,0.0
2017-06-26 00:00:00-04:00,10.021463337848147,10.086807923378718,9.973940401232719,9.985820770263672,14030636,0.0,0.0
2017-06-27 00:00:00-04:00,9.944237934672566,9.973940683705683,9.801669120788574,9.801669120788574,12662749,0.0,0.0
2017-06-28 00:00:00-04:00,9.855134862491369,10.074929413638284,9.801671362495957,10.039287567138672,13041329,0.0,0.0
2017-06-29 00:00:00-04:00,9.950179950296095,9.979881973458957,9.724444866356729,9.890776634216309,16378163,0.0,0.0
2017-06-30 00:00:00-04:00,9.93829737377851,9.97987902553033,9.849190600364995,9.855131149291992,11318065,0.0,0.0
2017-07-03 00:00:00-04:00,9.902657508850098,10.033346709510157,9.902657508850098,9.902657508850098,5886347,0.0,0.0
2017-07-05 00:00:00-04:00,9.93235707327493,10.092747516841143,9.926416524199352,10.063045501708984,13925067,0.0,0.0
2017-07-06 00:00:00-04:00,10.009586407587323,10.051169539095966,9.754148527348333,9.789791107177734,18738064,0.0,0.0
2017-07-07 00:00:00-04:00,9.813552117093709,9.890777088767809,9.742266235882441,9.86701488494873,17037615,0.0,0.0
2017-07-10 00:00:00-04:00,9.867014646585512,10.000673753732089,9.861074095774251,9.944239616394043,13109903,0.0,0.0
2017-07-11 00:00:00-04:00,9.926418022672527,10.00958353154793,9.843251783551278,9.968000411987305,11760449,0.0,0.0
2017-07-12 00:00:00-04:00,9.95017864968318,10.009583418489889,9.846221582201657,9.9739408493042,13454195,0.0,0.0
2017-07-13 00:00:00-04:00,9.973940898573773,10.193735404187233,9.956119248769971,10.152153015136719,17708927,0.0,0.0
2017-07-14 00:00:00-04:00,10.158092948954344,10.235317902682706,10.11056928260583,10.211556434631348,7901054,0.0,0.0
2017-07-17 00:00:00-04:00,10.211557666655064,10.2887833599465,10.15512426450513,10.235319137573242,9965388,0.0,0.0
2017-07-18 00:00:00-04:00,10.217498841287682,10.247201596680613,10.128393496092825,10.187797546386719,13542750,0.0,0.0
2017-07-19 00:00:00-04:00,10.247201801444298,10.520460584305772,10.247201801444298,10.496698379516602,17298122,0.0,0.0
2017-07-20 00:00:00-04:00,10.496696794533658,10.651148181357383,10.484816424178987,10.633326530456543,18859617,0.0,0.0
2017-07-21 00:00:00-04:00,10.609565999526852,10.710552442595628,10.556102502579154,10.698671340942383,15243714,0.0,0.0
2017-07-24 00:00:00-04:00,10.680848227539814,10.752132627223792,10.567979983443447,10.597681999206543,14075236,0.0,0.0
2017-07-25 00:00:00-04:00,10.59768799052533,10.698674463064304,10.53828392541552,10.62144947052002,9928136,0.0,0.0
2017-07-26 00:00:00-04:00,10.63332711895394,10.668969692482355,10.425412958658432,10.461054801940918,10281322,0.0,0.0
2017-07-27 00:00:00-04:00,10.514517278240294,10.514517278240294,10.333334530546855,10.425411224365234,13184408,0.0,0.0
2017-07-28 00:00:00-04:00,10.39571273813591,10.425414766184915,10.270964074280878,10.401653289794922,11777593,0.0,0.0
2017-07-31 00:00:00-04:00,10.455116063987864,10.541252967674454,10.39571273813591,10.401653289794922,11294347,0.0,0.0
2017-08-01 00:00:00-04:00,10.425411224365234,10.45511251207778,10.363036548505209,10.425411224365234,9943346,0.0,0.0
2017-08-02 00:00:00-04:00,10.449172008847968,10.478874024862506,10.259078814256629,10.306602478027344,10271654,0.0,0.0
2017-08-03 00:00:00-04:00,10.30066378283534,10.312544153232096,10.193736067789178,10.27096176147461,8584869,0.0,0.0
2017-08-04 00:00:00-04:00,10.270964074280878,10.437295139256882,10.270964074280878,10.401653289794922,8123922,0.0,0.0
2017-08-07 00:00:00-04:00,10.38977016030531,10.481846137202515,10.366008688549186,10.472935676574707,5909292,0.0,0.0
2017-08-08 00:00:00-04:00,10.449174204818581,10.514518799832361,10.40759181180684,10.472935676574707,10173948,0.0,0.0
2017-08-09 00:00:00-04:00,10.425413569264954,10.514519643181886,10.360068969010008,10.478877067565918,8984846,0.0,0.0
2017-08-10 00:00:00-04:00,10.455114642596945,10.455114642596945,10.140273480179115,10.169976234436035,12069036,0.0,0.0
2017-08-11 00:00:00-04:00,10.217496478315685,10.31848363255868,10.190765100013115,10.276901245117188,6805276,0.0,0.0
2017-08-14 00:00:00-04:00,10.389772843194859,10.60362760471426,10.371951917337451,10.443236351013184,10254124,0.0,0.0
2017-08-15 00:00:00-04:00,10.431354328222483,10.59768537741868,10.41353340518217,10.544221878051758,10719969,0.0,0.0
2017-08-16 00:00:00-04:00,10.53827965257991,10.615504613812673,10.410561110427627,10.455113410949707,6336337,0.0,0.0
2017-08-17 00:00:00-04:00,10.407590417638026,10.502636291930473,10.276901245117188,10.276901245117188,11823997,0.0,0.0
2017-08-18 00:00:00-04:00,10.253139664185706,10.336304438157336,10.152152511049373,10.205615997314453,12322840,0.0,0.0
2017-08-21 00:00:00-04:00,10.217495419028134,10.306602194869434,10.146211020699129,10.282840728759766,7851557,0.0,0.0
2017-08-22 00:00:00-04:00,10.31254567387652,10.51452003310848,10.306605852925227,10.496698379516602,7026468,0.0,0.0
2017-08-23 00:00:00-04:00,10.425411614364105,10.544219690641949,10.413531244883822,10.520458221435547,9091317,0.0,0.0
2017-08-24 00:00:00-04:00,10.52639876779104,10.728372351346906,10.490756198870397,10.6630277633667,8553933,0.0,0.0
2017-08-25 00:00:00-04:00,10.686789232565184,10.775895289743875,10.576891615995631,10.6630277633667,11647146,0.0,0.0
2017-08-28 00:00:00-04:00,10.680849982613546,10.680849982613546,10.499667218539317,10.567981719970703,9661184,0.0,0.0
2017-08-29 00:00:00-04:00,10.484818080227491,10.660060325412397,10.443234951803477,10.645209312438965,7612447,0.0,0.0
2017-08-30 00:00:00-04:00,10.621446205570603,10.686790803154208,10.559072248477037,10.680850982666016,8092342,0.0,0.0
2017-08-31 00:00:00-04:00,10.680849634469949,10.77292560336591,10.66302798451709,10.728372573852539,14603081,0.0,0.0
2017-09-01 00:00:00-04:00,10.819600349486745,11.018687295310725,10.58222734019724,10.957429885864258,22355800,0.0,1.289
2017-09-05 00:00:00-04:00,10.873198582901315,11.02634208092188,10.58988292900182,10.750683784484863,26755900,0.0,0.0
2017-09-06 00:00:00-04:00,10.94211760904107,10.96508896014582,10.413772152155286,10.543944358825684,40580300,0.0,0.0
2017-09-07 00:00:00-04:00,10.513312624087876,10.543942059208758,10.145768165588379,10.145768165588379,27036800,0.0,0.0
2017-09-08 00:00:00-04:00,10.175631709115327,10.249141191272551,10.00028285168825,10.046225547790527,24308700,0.0,0.0
2017-09-11 00:00:00-04:00,10.184050718646608,10.31422285205435,10.138107312048598,10.222336769104004,16505900,0.0,0.0
2017-09-12 00:00:00-04:00,10.280048323787573,10.318521706284713,9.995346467418722,10.095376968383789,19398000,0.065,0.0
2017-09-13 00:00:00-04:00,10.064599947349569,10.195409027540501,9.979959079974961,10.18001937866211,24975000,0.0,0.0
2017-09-14 00:00:00-04:00,10.141547890323185,10.410860172294754,10.103074497521837,10.364692687988281,16071700,0.0,0.0
2017-09-15 00:00:00-04:00,10.287742812499767,10.433941514470858,10.249269431253758,10.403162956237793,15606000,0.0,0.0
2017-09-18 00:00:00-04:00,10.4416380466512,10.557058217393596,10.395470565409347,10.418554306030273,12586100,0.0,0.0
2017-09-19 00:00:00-04:00,10.433944217986038,10.495501350402094,10.36469226056325,10.380081176757812,10087500,0.0,0.0
2017-09-20 00:00:00-04:00,10.449331979552577,10.52627875347965,10.387774853938447,10.487805366516113,17348000,0.0,0.0
2017-09-21 00:00:00-04:00,10.464722898437444,10.69556178060827,10.395470940258633,10.610920906066895,22598600,0.0,0.0
2017-09-22 00:00:00-04:00,10.664780289750865,10.995650339737933,10.634001731646398,10.972566604614258,22932500,0.0,0.0
2017-09-25 00:00:00-04:00,10.918708888646979,11.326525899174966,10.903319969018618,11.311136245727539,29532200,0.0,0.0
2017-09-26 00:00:00-04:00,11.341911491867503,11.603529653180457,11.303438103353448,11.457331657409668,25926100,0.0,0.0
2017-09-27 00:00:00-04:00,11.457332291948365,11.63430886156808,11.403469251518064,11.426553726196289,22027400,0.0,0.0
2017-09-28 00:00:00-04:00,11.418856402026693,11.495802432656044,11.207253166703829,11.211100578308105,11473100,0.0,0.0
2017-09-29 00:00:00-04:00,11.234186762334769,11.349606192801827,11.18801854985664,11.318827629089355,6736900,0.0,0.0
2017-10-02 00:00:00-04:00,11.295741836356479,11.541970301295462,11.272657367404419,11.51888656616211,13719600,0.0,0.0
2017-10-03 00:00:00-04:00,11.518889842236229,11.531970898265689,11.249576831750183,11.303439140319824,10203600,0.0,0.0
2017-10-04 00:00:00-04:00,11.311131919407062,11.457330635962757,11.19571249797365,11.388078689575195,7636300,0.0,0.0
2017-10-05 00:00:00-04:00,11.418858154467598,11.511193845684726,11.35730102698951,11.411163330078125,7074400,0.0,0.0
2017-10-06 00:00:00-04:00,11.380383865794624,11.426552074659261,11.218796235496576,11.388078689575195,11827300,0.0,0.0
2017-10-09 00:00:00-04:00,11.418857250878691,11.518887758569749,11.36499495205227,11.388078689575195,6254600,0.0,0.0
2017-10-10 00:00:00-04:00,11.403467940792007,11.565055575872083,11.395773850602524,11.51119327545166,9359400,0.0,0.0
2017-10-11 00:00:00-04:00,11.49580192565918,11.572748686713696,11.426550721292553,11.49580192565918,10469600,0.0,0.0
2017-10-12 00:00:00-04:00,11.488109197266253,11.495803287228037,11.334215656929988,11.388078689575195,8238400,0.0,0.0
2017-10-13 00:00:00-04:00,11.272659539305973,11.588140738066146,11.264965448658243,11.457331657409668,9941500,0.0,0.0
2017-10-16 00:00:00-04:00,11.449635710657102,11.51119283271826,11.395773412308282,11.434246063232422,6351400,0.0,0.0
2017-10-17 00:00:00-04:00,11.418854795653596,11.457328172465308,11.19186267966498,11.241877555847168,12841100,0.0,0.0
2017-10-18 00:00:00-04:00,11.288052499375468,11.388083045326535,11.28420508601361,11.311136245727539,6827100,0.0,0.0
2017-10-19 00:00:00-04:00,11.157239293061716,11.180323030957409,10.618614094643187,10.66478157043457,23836500,0.0,0.0
2017-10-20 00:00:00-04:00,10.680170407227369,10.914857381771741,10.618613288300768,10.803284645080566,12664400,0.0,0.0
2017-10-23 00:00:00-04:00,10.841759064281513,11.02258302668691,10.818675325932036,10.964873313903809,8558400,0.0,0.0
2017-10-24 00:00:00-04:00,10.964874379903451,11.138004268903163,10.949484730295083,11.011042594909668,8236600,0.0,0.0
2017-10-25 00:00:00-04:00,10.987955364686448,10.995650187560749,10.680169787901443,10.834062576293945,15537300,0.0,0.0
2017-10-26 00:00:00-04:00,10.934094751498234,11.011041524421575,10.834064240225416,10.964873313903809,7007000,0.0,0.0
2017-10-27 00:00:00-04:00,10.980262910531213,11.034125211033713,10.911010961988682,10.987957000732422,7034100,0.0,0.0
2017-10-30 00:00:00-04:00,10.94948443713862,10.987957826310586,10.703255920548223,10.757118225097656,11940100,0.0,0.0
2017-10-31 00:00:00-04:00,10.78789667002252,10.814827820166618,10.67632392363261,10.710949897766113,10261900,0.0,0.0
2017-11-01 00:00:00-04:00,10.726339097933685,10.726339097933685,10.364691166614476,10.4647216796875,15500000,0.0,0.0
2017-11-02 00:00:00-04:00,10.441637155396107,10.510889105166708,10.37623261770374,10.487805366516113,17522400,0.0,0.0
2017-11-03 00:00:00-04:00,10.480109190302755,10.487804013466505,10.310826749793907,10.387773513793945,9542900,0.0,0.0
2017-11-06 00:00:00-05:00,10.356996291131383,10.487805366516113,10.187713828783117,10.487805366516113,9582500,0.0,0.0
2017-11-07 00:00:00-05:00,10.464721511397062,10.572446113113443,10.40316438646804,10.44163703918457,7362300,0.0,0.0
2017-11-08 00:00:00-05:00,10.433943955656813,10.45702769627774,10.356997175161881,10.418554306030273,7751800,0.0,0.0
2017-11-09 00:00:00-05:00,10.372384331896791,10.580140163708062,10.36469024220726,10.557056427001953,6230900,0.0,0.0
2017-11-10 00:00:00-05:00,10.557057586939912,10.580141326182307,10.46472189615149,10.541667938232422,4517900,0.0,0.0
2017-11-13 00:00:00-05:00,10.518584713292867,10.537821041298944,10.364691887787625,10.37238597869873,14572600,0.0,0.0
2017-11-14 00:00:00-05:00,10.295438165922342,10.372384198559823,10.180018016237996,10.210797309875488,11350600,0.0,0.0
2017-11-15 00:00:00-05:00,10.156932500349237,10.249268163628393,10.079986481192584,10.126153945922852,12002200,0.0,0.0
2017-11-16 00:00:00-05:00,10.164629103238001,10.326216725741084,10.164629103238001,10.210797309875488,14822100,0.0,0.0
2017-11-17 00:00:00-05:00,10.23388086218678,10.533971631566471,10.195407479650765,10.526277542114258,12897100,0.0,0.0
2017-11-20 00:00:00-05:00,10.526278289700047,10.857147641843442,10.51088864206516,10.841758728027344,12408800,0.0,0.0
2017-11-21 00:00:00-05:00,10.84945350111182,11.011041131428593,10.834063853548896,10.864842414855957,13733900,0.0,0.0
2017-11-22 00:00:00-05:00,10.156937396888644,10.310830243210493,9.860693209082227,10.079991340637207,41931400,0.0,0.0
2017-11-24 00:00:00-05:00,10.16463241653423,10.30313634777513,10.1184641948476,10.249273300170898,8555500,0.0,0.0
2017-11-27 00:00:00-05:00,10.16463163247642,10.41855499761881,10.118463414351016,10.364692687988281,13862700,0.0,0.0
2017-11-28 00:00:00-05:00,10.36469150253848,10.734034270022823,10.31467587747153,10.680171966552734,16054700,0.0,0.0
2017-11-29 00:00:00-05:00,10.734035284045438,11.00334829447503,10.61092101658697,10.749424934387207,12094000,0.0,0.0
2017-11-30 00:00:00-05:00,10.76481119017751,10.903315073743816,10.710948894932272,10.73403263092041,15101600,0.0,0.0
2017-12-01 00:00:00-05:00,10.69556061657631,11.130308647242098,10.580141188052362,11.111071586608887,18544200,0.0,0.0
2017-12-04 00:00:00-05:00,11.11106957508265,11.172627424145784,10.91870340648911,10.949481964111328,11095700,0.0,0.0
2017-12-05 00:00:00-05:00,10.857146311098147,10.903314514525247,10.772505460936944,10.834062576293945,11892800,0.0,0.0
2017-12-06 00:00:00-05:00,10.787896698879099,10.94948360017593,10.764812226849145,10.895621299743652,7091000,0.0,0.0
2017-12-07 00:00:00-05:00,10.926401883556483,10.980264927773252,10.86869216044182,10.941791534423828,6818700,0.0,0.0
2017-12-08 00:00:00-05:00,10.949481837866108,11.072596800754189,10.949481837866108,11.034123420715332,8114600,0.0,0.0
2017-12-11 00:00:00-05:00,10.964869676283167,11.22648773684756,10.949480033276522,11.218792915344238,11132200,0.0,0.0
2017-12-12 00:00:00-05:00,11.176259162969505,11.269072300563808,11.098915250447542,11.21493148803711,12199800,0.075,0.0
2017-12-13 00:00:00-05:00,11.183992648384828,11.253602678968582,11.07571029663086,11.07571029663086,8640800,0.0,0.0
2017-12-14 00:00:00-05:00,11.060239971167867,11.122115379703692,10.998364562632043,11.013833045959473,7601000,0.0,0.0
2017-12-15 00:00:00-05:00,11.052504922189657,11.199458827228582,11.025434524230883,11.145318031311035,20251000,0.0,0.0
2017-12-18 00:00:00-05:00,11.176256916868063,11.547510130247465,11.160788432517684,11.524306297302246,12653300,0.0,0.0
2017-12-19 00:00:00-05:00,11.508839686617192,11.524308173485876,11.400557328083522,11.446964263916016,9792600,0.0,0.0
2017-12-20 00:00:00-05:00,11.439229087864383,11.439229087864383,11.319345554491264,11.37735366821289,9259700,0.0,0.0
2017-12-21 00:00:00-05:00,11.377353355271957,11.485635705490292,11.342548340473677,11.385087966918945,7888300,0.0,0.0
2017-12-22 00:00:00-05:00,11.37735366821289,11.462432185830398,11.354150570246876,11.37735366821289,4171700,0.0,0.0
2017-12-26 00:00:00-05:00,11.361883292890955,11.435360622884632,11.346414808352508,11.400555610656738,2882800,0.0,0.0
2017-12-27 00:00:00-05:00,11.385086882979941,11.408289978098646,11.300007638189538,11.346414566040039,3260500,0.0,0.0
2017-12-28 00:00:00-05:00,11.361880356495206,11.369614965572032,11.257466084409748,11.300004959106445,3686400,0.0,0.0
2017-12-29 00:00:00-05:00,11.34641625577306,11.34641625577306,11.106648445129395,11.106648445129395,7097200,0.0,0.0
2018-01-02 00:00:00-05:00,11.160785683788195,11.315474177260096,11.12211337601699,11.300004959106445,7155700,0.0,0.0
2018-01-03 00:00:00-05:00,11.29227640880555,11.408292649175587,11.245869470089575,11.369620323181152,7907200,0.0,0.0
2018-01-04 00:00:00-05:00,11.369617841332815,11.655791811042134,11.334812829296657,11.64805793762207,11333500,0.0,0.0
2018-01-05 00:00:00-05:00,11.648059204464719,11.748606208378988,11.570714560947232,11.640324592590332,12539400,0.0,0.0
2018-01-08 00:00:00-05:00,11.562979646550636,11.578448869894686,11.327079891459205,11.462431907653809,13052100,0.0,0.0
2018-01-09 00:00:00-05:00,11.485637664794922,11.586184682905156,11.454699950542553,11.485637664794922,14481200,0.0,0.0
2018-01-10 00:00:00-05:00,11.41602554489024,11.841419591621861,11.41602554489024,11.748605728149414,10171300,0.0,0.0
2018-01-11 00:00:00-05:00,11.756341382451216,11.98063997424224,11.733138283331654,11.949702262878418,8239900,0.0,0.0
2018-01-12 00:00:00-05:00,11.949699794937228,12.274546065974308,11.926496700609741,12.228139877319336,15520700,0.0,0.0
2018-01-16 00:00:00-05:00,12.235873750353118,12.30935107627207,12.154662551400383,12.228139877319336,9664400,0.0,0.0
2018-01-17 00:00:00-05:00,12.26681042909505,12.452437381024732,12.235872726708939,12.42923355102539,9450300,0.0,0.0
2018-01-18 00:00:00-05:00,12.398299404246925,12.452440211324967,12.328688636040164,12.351892471313477,9774600,0.0,0.0
2018-01-19 00:00:00-05:00,12.35189124900327,12.444704368072452,12.305484320662126,12.436969757080078,9139500,0.0,0.0
2018-01-22 00:00:00-05:00,12.413765907287598,12.43696974023329,12.297749693011548,12.413765907287598,9415500,0.0,0.0
2018-01-23 00:00:00-05:00,12.59166136261917,12.931975458065232,12.52978593842657,12.893303871154785,14447000,0.0,0.0
2018-01-24 00:00:00-05:00,12.924240531352291,13.063460601206772,12.839162747172896,12.90103816986084,11806000,0.0,0.0
2018-01-25 00:00:00-05:00,12.92423906298177,13.024787535442519,12.723145068512817,12.746347427368164,7765500,0.0,0.0
2018-01-26 00:00:00-05:00,12.80048549277005,13.024784748554012,12.80048549277005,12.924236297607422,9762400,0.0,0.0
2018-01-29 00:00:00-05:00,12.885567684631885,13.198812811155925,12.854630713928072,13.125334739685059,10537100,0.0,0.0
2018-01-30 00:00:00-05:00,13.032521207265226,13.075833847580746,12.680604529475454,12.792754173278809,11202300,0.0,0.0
2018-01-31 00:00:00-05:00,12.831424820835135,12.908769448025115,12.614860159748401,12.684470176696777,12419400,0.0,0.0
2018-02-01 00:00:00-05:00,12.684473388089026,13.055725922321539,12.62259796571694,12.986117362976074,13494800,0.0,0.0
2018-02-02 00:00:00-05:00,12.885568932299805,13.094399036869506,12.77728731151245,12.87783432006836,13334000,0.0,0.0
2018-02-05 00:00:00-05:00,12.785018887789695,12.877831262074759,12.104387925310796,12.112122535705566,15838100,0.0,0.0
2018-02-06 00:00:00-05:00,11.810482197865143,12.232008212442219,11.570714396459985,12.166265487670898,16226800,0.0,0.0
2018-02-07 00:00:00-05:00,12.119859016955632,12.208804837386282,11.856888123844875,12.034780502319336,13112600,0.0,0.0
2018-02-08 00:00:00-05:00,12.011575465084281,12.127592414461045,11.632588386535645,11.632588386535645,12061000,0.0,0.0
2018-02-09 00:00:00-05:00,11.75634028129297,11.922630740902873,11.334813542434937,11.833684921264648,16716000,0.0,0.0
2018-02-12 00:00:00-05:00,11.926498744573369,12.25907968325503,11.880091810352106,12.181735038757324,7683600,0.0,0.0
2018-02-13 00:00:00-05:00,12.08892073572245,12.08892073572245,11.841419077509972,11.965169906616211,13734800,0.0,0.0
2018-02-14 00:00:00-05:00,11.918762854167325,12.545251604469987,11.872356662536891,12.491110801696777,14008300,0.0,0.0
2018-02-15 00:00:00-05:00,12.591658835939658,12.746346627767808,12.406032600610168,12.64579963684082,8201600,0.0,0.0
2018-02-16 00:00:00-05:00,12.60712870464426,12.808224195575178,12.53751867027485,12.676738739013672,8506800,0.0,0.0
2018-02-20 00:00:00-05:00,12.73861156917493,12.90490200908465,12.692205380780118,12.777284622192383,9037500,0.0,0.0
2018-02-21 00:00:00-05:00,12.839162164974663,12.90490415318793,12.54525281411457,12.568456649780273,10906500,0.0,0.0
2018-02-22 00:00:00-05:00,12.707676560016296,12.893302817423413,12.552987274563854,12.692207336425781,16299400,0.0,0.0
2018-02-23 00:00:00-05:00,13.929717846835882,14.068937915218894,13.581667675878354,14.030264854431152,45018300,0.0,0.0
2018-02-26 00:00:00-05:00,13.952920068284108,14.540735771954925,13.952920068284108,14.34737491607666,25578200,0.0,0.0
2018-02-27 00:00:00-05:00,14.308705952103455,14.79597474894028,14.308705952103455,14.556207656860352,20981300,0.0,0.0
2018-02-28 00:00:00-05:00,14.65675316336951,14.749565546150132,14.378313064575194,14.378313064575195,17526900,0.0,0.0
2018-03-01 00:00:00-05:00,14.463390499117141,14.567804047855049,14.030261182994233,14.231356620788574,14072000,0.0,0.0
2018-03-02 00:00:00-05:00,14.076672335910672,14.5407372572401,14.037999275648948,14.525269508361816,14917400,0.0,0.0
2018-03-05 00:00:00-05:00,14.5175359048028,14.772772219355113,14.49433206703386,14.67995834350586,11720600,0.0,0.0
2018-03-06 00:00:00-05:00,14.703158054593233,15.062809325324011,14.69542344417443,15.012535095214844,11551400,0.0,0.0
2018-03-07 00:00:00-05:00,14.881051448377537,14.989333056739468,14.679955979115187,14.811441421508789,11056300,0.0,0.0
2018-03-08 00:00:00-05:00,14.850114396898542,14.873316755576871,14.575540858986122,14.656753540039062,10551000,0.0,0.0
2018-03-09 00:00:00-05:00,14.749567593203903,14.857849213218158,14.67995755884433,14.819177627563477,14564800,0.0,0.0
2018-03-12 00:00:00-04:00,14.819176105395536,14.830777284855028,14.695425273740039,14.749566078186035,10161300,0.0,0.0
2018-03-13 00:00:00-04:00,14.823333027008019,14.932042171049348,14.644739010068408,14.66026782989502,9001700,0.075,0.0
2018-03-14 00:00:00-04:00,14.73791737134442,14.745682521529332,14.547676375492431,14.63697338104248,11582800,0.0,0.0
2018-03-15 00:00:00-04:00,14.67579640676095,14.737916121923028,14.582617574543253,14.621441841125488,15291600,0.0,0.0
2018-03-16 00:00:00-04:00,14.613681319265785,14.761216244889185,14.50497215357028,14.590387344360352,21347600,0.0,0.0
2018-03-19 00:00:00-04:00,14.520498275756836,14.62144226039572,14.365198242872994,14.520498275756836,9447200,0.0,0.0
2018-03-20 00:00:00-04:00,14.59038768024051,14.69909684843857,14.454499738941598,14.582622528076172,11180300,0.0,0.0
2018-03-21 00:00:00-04:00,14.582624888033916,14.668038613561766,14.419559628296062,14.528268814086914,10902800,0.0,0.0
2018-03-22 00:00:00-04:00,14.404025480161222,14.477793677462294,14.20990113956039,14.225431442260742,10862300,0.0,0.0
2018-03-23 00:00:00-04:00,14.264256025100899,14.287549996183209,13.689646720886229,13.68964672088623,10561400,0.0,0.0
2018-03-26 00:00:00-04:00,13.91483315669251,14.000248342722626,13.646942092849722,13.96918773651123,11003500,0.0,0.0
2018-03-27 00:00:00-04:00,14.046832221943163,14.097304946572379,13.55375640100556,13.63528823852539,12146200,0.0,0.0
2018-03-28 00:00:00-04:00,13.674118802023234,13.821652232107995,13.514936904578295,13.712943077087402,14005200,0.0,0.0
2018-03-29 00:00:00-04:00,13.744005711161153,13.786711827616456,13.553763180736318,13.619766235351562,16009600,0.0,0.0
2018-04-02 00:00:00-04:00,13.573170487828698,13.604231086246335,13.153862776546553,13.293632507324219,10274600,0.0,0.0
2018-04-03 00:00:00-04:00,13.39457922930649,13.472229260179367,13.169394287880262,13.309164047241211,13363100,0.0,0.0
2018-04-04 00:00:00-04:00,13.068450926542068,13.44116931578237,13.014096346575927,13.394579887390137,13204000,0.0,0.0
2018-04-05 00:00:00-04:00,13.526585665813268,13.526585665813268,13.29363702275899,13.355756759643555,15104800,0.0,0.0
2018-04-06 00:00:00-04:00,13.231510762174285,13.371278990464331,12.89761678564949,12.967501640319824,14149100,0.0,0.0
2018-04-09 00:00:00-04:00,12.990799662157526,13.363518016116664,12.990799662157526,13.052919387817383,8445100,0.0,0.0
2018-04-10 00:00:00-04:00,13.254810121162219,13.511054198896328,13.254810121162219,13.394579887390137,15303200,0.0,0.0
2018-04-11 00:00:00-04:00,13.355754993621959,13.43340354367174,13.271115882111987,13.38681411743164,9828500,0.0,0.0
2018-04-12 00:00:00-04:00,13.472227527824547,13.666351839519278,13.456697227436736,13.518816947937012,13920700,0.0,0.0
2018-04-13 00:00:00-04:00,13.596469224252408,13.596469224252408,13.340225149550786,13.511054039001465,10062600,0.0,0.0
2018-04-16 00:00:00-04:00,13.54987456728822,13.720703390813197,13.47998971197104,13.63528823852539,16959600,0.0,0.0
2018-04-17 00:00:00-04:00,13.728474701921993,13.88377329818888,13.681885271147058,13.782829284667969,17144500,0.0,0.0
2018-04-18 00:00:00-04:00,13.798358544731174,13.806123696114762,13.678000919862356,13.728473663330078,9610200,0.0,0.0
2018-04-19 00:00:00-04:00,13.705176109437838,13.705176109437838,13.495521497355298,13.518816947937012,7789300,0.0,0.0
2018-04-20 00:00:00-04:00,13.542114414345736,13.549879565695532,13.324694619705017,13.425640106201172,7701600,0.0,0.0
2018-04-23 00:00:00-04:00,13.495523067181175,13.619764003684638,13.437286655529158,13.526583671569824,8083000,0.0,0.0
2018-04-24 00:00:00-04:00,13.5887039313794,13.728473694498922,13.394579589502552,13.479994773864746,10102900,0.0,0.0
2018-04-25 00:00:00-04:00,13.433400774457795,13.522699254498786,13.215982509456012,13.441165924072266,9302400,0.0,0.0
2018-04-26 00:00:00-04:00,13.50328826904297,13.600350436545696,13.390697280338673,13.503288269042969,10687300,0.0,0.0
2018-04-27 00:00:00-04:00,13.697411490383173,13.697411490383173,13.386812875837833,13.472228050231934,8836700,0.0,0.0
2018-04-30 00:00:00-04:00,13.464463728396037,13.557642577968744,13.239278793334961,13.239278793334961,12473400,0.0,0.0
2018-05-01 00:00:00-04:00,13.192689359767368,13.35575456798773,13.16163023694751,13.340224266052246,9651800,0.0,0.0
2018-05-02 00:00:00-04:00,13.309161325482187,13.402341639684247,13.254806759302172,13.293632507324219,6367900,0.0,0.0
2018-05-03 00:00:00-04:00,13.192688561479159,13.262573434909001,13.006329392683252,13.122803688049316,8031900,0.0,0.0
2018-05-04 00:00:00-04:00,13.083982542794447,13.398463067317211,13.029627957373295,13.363520622253418,6166900,0.0,0.0
2018-05-07 00:00:00-04:00,13.386815491463281,13.54988072161749,13.34799121245344,13.433404922485352,10486700,0.0,0.0
2018-05-08 00:00:00-04:00,13.394579115376281,13.534348873548389,13.359636675833253,13.503288269042969,12408100,0.0,0.0
2018-05-09 00:00:00-04:00,13.511055053853768,13.72070971646225,13.464465622513433,13.66635513305664,13013900,0.0,0.0
2018-05-10 00:00:00-04:00,13.720709518383888,13.74400497424341,13.58870489728252,13.705179214477539,12298200,0.0,0.0
2018-05-11 00:00:00-04:00,13.712945601741845,13.806125952522658,13.67412131952984,13.720710754394531,11498300,0.0,0.0
2018-05-14 00:00:00-04:00,13.782825941372506,13.837180510933711,13.658586502075195,13.658586502075195,8456000,0.0,0.0
2018-05-15 00:00:00-04:00,13.573173769806367,13.611999527216437,13.42175701853512,13.511054039001465,8365700,0.0,0.0
2018-05-16 00:00:00-04:00,13.51881784839469,13.728472474441848,13.487758726601255,13.68964672088623,15259900,0.0,0.0
2018-05-17 00:00:00-04:00,13.728475907047219,13.790595647217284,13.538233369684965,13.720710754394531,10602300,0.0,0.0
2018-05-18 00:00:00-04:00,13.712938242327885,13.720703390813197,13.573168531693524,13.63528823852539,6784900,0.0,0.0
2018-05-21 00:00:00-04:00,13.712943233044394,13.775062962484244,13.57317347154194,13.596468925476074,6196800,0.0,0.0
2018-05-22 00:00:00-04:00,13.627526088549754,13.728471560019553,13.518816947937012,13.518816947937012,14421200,0.0,0.0
2018-05-23 00:00:00-04:00,13.083980872227077,13.161630904793498,11.99688411892516,12.09782886505127,56055200,0.0,0.0
2018-05-24 00:00:00-04:00,12.074533945995633,12.276423434811903,11.771699712771227,12.237598419189453,29516000,0.0,0.0
2018-05-25 00:00:00-04:00,12.229832077744117,12.284186650010373,11.989117596731898,12.051238059997559,14411500,0.0,0.0
2018-05-29 00:00:00-04:00,11.981352781526851,12.024836437869068,11.849348190037569,11.942527770996094,9727000,0.0,0.0
2018-05-30 00:00:00-04:00,12.012413807024927,12.163830548203949,11.895938764134826,12.090063095092773,12024900,0.0,0.0
2018-05-31 00:00:00-04:00,12.059000674864222,12.105590830246761,11.740636958080634,11.833816528320312,14448100,0.0,0.0
2018-06-01 00:00:00-04:00,11.903704505591074,12.059003829956055,11.895939354241428,12.059003829956055,10896700,0.0,0.0
2018-06-04 00:00:00-04:00,12.035708782229696,12.222067966292922,11.934764039064056,12.066768646240234,12236800,0.0,0.0
2018-06-05 00:00:00-04:00,12.03570955212341,12.5249022564504,11.996884534495308,12.470547676086426,22398000,0.0,0.0
2018-06-06 00:00:00-04:00,12.509373293790532,12.509373293790532,12.210421624093941,12.439488410949707,12395000,0.0,0.0
2018-06-07 00:00:00-04:00,12.408427768834475,12.47054749995181,12.284188306599805,12.361838340759277,7794000,0.0,0.0
2018-06-08 00:00:00-04:00,12.284187731105114,12.439487792148496,12.258563324706534,12.431722640991211,7921400,0.0,0.0
2018-06-11 00:00:00-04:00,12.392898242213953,12.563727873544234,12.392898242213953,12.439488410949707,11639200,0.0,0.0
2018-06-12 00:00:00-04:00,12.449653778041474,12.512214792340286,12.340171630125495,12.347991943359375,9010600,0.113,0.0
2018-06-13 00:00:00-04:00,12.32453174944385,12.426193584125949,12.277610615826681,12.347991943359375,8437800,0.0,0.0
2018-06-14 00:00:00-04:00,12.410552195851784,12.606056285767442,12.316710680163911,12.371451377868652,11926600,0.0,0.0
2018-06-15 00:00:00-04:00,12.3558104085046,12.473112106323242,12.215047774493424,12.473112106323242,25030400,0.0,0.0
2018-06-18 00:00:00-04:00,12.355811340582369,12.559134249086894,12.265879982418245,12.441832542419434,12084700,0.0,0.0
2018-06-19 00:00:00-04:00,12.27761082824621,12.457474306806768,12.254150633924791,12.434013366699219,8432700,0.0,0.0
2018-06-20 00:00:00-04:00,12.473113577420634,12.504394083580607,11.831862828248118,11.847502708435059,14603800,0.0,0.0
2018-06-21 00:00:00-04:00,11.88660399226315,12.113387857235121,11.839683604081984,12.058647155761719,14506700,0.0,0.0
2018-06-22 00:00:00-04:00,12.113389158932293,12.136850101330099,11.906156054921773,11.917885780334473,9056600,0.0,0.0
2018-06-25 00:00:00-04:00,11.863141391414981,11.910061770077085,11.683277951114318,11.784939765930176,15972800,0.0,0.0
2018-06-26 00:00:00-04:00,11.8162218365434,12.160308139439167,11.777121764393216,11.863142967224121,7978600,0.0,0.0
2018-06-27 00:00:00-04:00,11.902242847792358,11.925703038392063,11.511236190795898,11.511236190795898,14323600,0.0,0.0
2018-06-28 00:00:00-04:00,11.503418922424316,11.550340061824876,11.319646013493394,11.503418922424316,14739100,0.0,0.0
2018-06-29 00:00:00-04:00,11.55033849395197,11.612899507469717,11.425215721130371,11.425215721130371,11694500,0.0,0.0
2018-07-02 00:00:00-04:00,11.339195885024253,11.60508059751613,11.307915374483219,11.573800086975098,7088700,0.0,0.0
2018-07-03 00:00:00-04:00,11.565977670978011,11.667639498207649,11.534697166121667,11.550337791442871,4748200,0.0,0.0
2018-07-05 00:00:00-04:00,11.573796653329424,11.605077154590342,11.393933211739661,11.589436531066895,9473800,0.0,0.0
2018-07-06 00:00:00-04:00,11.63635866799242,11.769300996361261,11.519056218721417,11.714559555053711,5527800,0.0,0.0
2018-07-09 00:00:00-04:00,11.761481525493066,11.976534912531967,11.722380706271602,11.910063743591309,6362000,0.0,0.0
2018-07-10 00:00:00-04:00,11.917882644340176,12.148576630045183,11.886602141826922,12.121206283569336,12151400,0.0,0.0
2018-07-11 00:00:00-04:00,11.972625864208737,12.003906371375498,11.792762388660279,11.808403015136719,8725700,0.0,0.0
2018-07-12 00:00:00-04:00,11.84750110291757,12.097745864071467,11.824040912923328,12.035184860229492,4759800,0.0,0.0
2018-07-13 00:00:00-04:00,11.996085398866866,12.144667613296795,11.964804893419194,12.113387107849121,8808200,0.0,0.0
2018-07-16 00:00:00-04:00,12.082106094793529,12.238508615460924,11.992174738633032,12.23068904876709,10738000,0.0,0.0
2018-07-17 00:00:00-04:00,12.191587660660785,12.355810486109952,12.168127470106906,12.246328353881836,8883000,0.0,0.0
2018-07-18 00:00:00-04:00,12.269790910574633,12.473114590013747,12.238510401875244,12.457474708557129,6992100,0.0,0.0
2018-07-19 00:00:00-04:00,12.457472890181325,12.633426192048423,12.207228111327446,12.23068904876709,11530100,0.0,0.0
2018-07-20 00:00:00-04:00,12.19158836246352,12.211138398086138,12.046915563183566,12.097746849060059,6592600,0.0,0.0
2018-07-23 00:00:00-04:00,12.0508257194653,12.1603078579957,11.941344326720953,12.097746849060059,13145600,0.0,0.0
2018-07-24 00:00:00-04:00,12.207230321175043,12.250241301814526,11.925705733009965,11.96480655670166,7481700,0.0,0.0
2018-07-25 00:00:00-04:00,11.917883942924927,12.113387291381514,11.910063629998001,12.10556697845459,5964900,0.0,0.0
2018-07-26 00:00:00-04:00,12.113387167728247,12.332351452730427,12.105566854881152,12.269789695739746,4970600,0.0,0.0
2018-07-27 00:00:00-04:00,12.324530732658067,12.426192558952966,12.144667272048304,12.191588401794434,5690100,0.0,0.0
2018-07-30 00:00:00-04:00,12.183767457621617,12.230688584935441,11.980443815571741,12.08210563659668,4940000,0.0,0.0
2018-07-31 00:00:00-04:00,12.082103910919853,12.160305530011417,12.019542913960969,12.074283599853516,6644700,0.0,0.0
2018-08-01 00:00:00-04:00,12.058645445832775,12.207227648385519,12.019544630702258,12.08210563659668,5640200,0.0,0.0
2018-08-02 00:00:00-04:00,12.003903478723121,12.17594585378916,11.980442544661983,12.160305976867676,7753100,0.0,0.0
2018-08-03 00:00:00-04:00,12.207227655626996,12.512213118882729,12.191587777037121,12.496572494506836,7397200,0.0,0.0
2018-08-06 00:00:00-04:00,12.457472828408012,12.547404184122561,12.394911820451275,12.520033836364746,5224100,0.0,0.0
2018-08-07 00:00:00-04:00,12.5513124793524,12.692075107641084,12.527853035685588,12.613873481750488,4396500,0.0,0.0
2018-08-08 00:00:00-04:00,12.621697057094632,12.73900027204765,12.566956352288472,12.637337684631348,4663000,0.0,0.0
2018-08-09 00:00:00-04:00,12.621696486330569,12.688168404569517,12.559135470585113,12.598237037658691,3503900,0.0,0.0
2018-08-10 00:00:00-04:00,12.496572844196237,12.578683887109314,12.340170324990822,12.394911766052246,5036700,0.0,0.0
2018-08-13 00:00:00-04:00,12.394911300890422,12.488752808891944,12.246328353881836,12.246328353881836,5039600,0.0,0.0
2018-08-14 00:00:00-04:00,12.277610667024584,12.527855471049476,12.277610667024584,12.50439453125,5182800,0.0,0.0
2018-08-15 00:00:00-04:00,12.402732912016535,12.582596391345811,12.34799220977056,12.535676002502441,10275900,0.0,0.0
2018-08-16 00:00:00-04:00,12.606057389537085,12.817199886089565,12.531765157656741,12.723359107971191,10663400,0.0,0.0
2018-08-17 00:00:00-04:00,12.70771950441888,13.133916925922287,12.674875080275333,13.036165237426758,12400100,0.0,0.0
2018-08-20 00:00:00-04:00,13.090903648770455,13.262946053387939,12.9736019414598,13.075263023376465,9402400,0.0,0.0
2018-08-21 00:00:00-04:00,12.879759761402346,12.879759761402346,12.30889035509254,12.340170860290527,16634000,0.0,0.0
2018-08-22 00:00:00-04:00,12.324530992917753,12.449653013834915,12.29325048768846,12.371451377868652,8331000,0.0,0.0
2018-08-23 00:00:00-04:00,12.363631163433036,12.871938787450025,12.351900694916585,12.590415000915527,15522400,0.0,0.0
2018-08-24 00:00:00-04:00,12.637335997637551,12.754637705359292,12.496573351742605,12.668617248535156,9561000,0.0,0.0
2018-08-27 00:00:00-04:00,12.801561371775955,13.012703878570752,12.715539411351042,12.86412239074707,13743900,0.0,0.0
2018-08-28 00:00:00-04:00,12.926683078265427,13.137825579646325,12.911042451030603,13.09090518951416,10950200,0.0,0.0
2018-08-29 00:00:00-04:00,13.317688429079666,13.755615505249425,13.020522508713928,13.067442893981934,25330100,0.0,0.0
2018-08-30 00:00:00-04:00,13.090905221977108,13.356789919339235,13.075264594703496,13.130006790161133,16188100,0.0,0.0
2018-08-31 00:00:00-04:00,13.114366483051658,13.114366483051658,12.825020837715252,12.92668342590332,10675700,0.0,0.0
2018-09-04 00:00:00-04:00,12.840661860435699,13.071355904948044,12.645158483444638,13.036165237426758,10016400,0.0,0.0
2018-09-05 00:00:00-04:00,13.051802013604616,13.05962232536495,12.69989544224941,12.973600387573242,13574000,0.0,0.0
2018-09-06 00:00:00-04:00,12.9501411487271,12.997063025435741,12.840659752884571,12.918861389160156,8440700,0.0,0.0
2018-09-07 00:00:00-04:00,12.895402170592423,13.137825932962482,12.817200523887527,12.92668342590332,10228900,0.0,0.0
2018-09-10 00:00:00-04:00,12.934501583385625,12.942320404337504,12.71553730743051,12.832839012145996,12516300,0.0,0.0
2018-09-11 00:00:00-04:00,12.819454459264334,12.976940706992483,12.72496150909585,12.95331859588623,7953700,0.113,0.0
2018-09-12 00:00:00-04:00,12.906070660818107,12.969065456831492,12.795830143273287,12.913945198059082,5614500,0.0,0.0
2018-09-13 00:00:00-04:00,12.992688939362,13.173798788360319,12.941505198761817,13.024187088012695,11155800,0.0,0.0
2018-09-14 00:00:00-04:00,13.032061429479118,13.118679845035997,12.973004647711326,13.055685043334961,8040300,0.0,0.0
2018-09-17 00:00:00-04:00,13.055684310760249,13.13442818394674,12.780081505564759,12.819454193115234,8686400,0.0,0.0
2018-09-18 00:00:00-04:00,12.843080928981593,13.134432914123492,12.807646248382104,13.032065391540527,6680200,0.0,0.0
2018-09-19 00:00:00-04:00,13.047808858503535,13.150176337043606,13.03205978458747,13.10292911529541,6871500,0.0,0.0
2018-09-20 00:00:00-04:00,13.150180102953598,13.370661193261823,13.134431024527359,13.28404426574707,8726300,0.0,0.0
2018-09-21 00:00:00-04:00,13.347034668118205,13.599013832033323,13.323411058283305,13.402154922485352,26709600,0.0,0.0
2018-09-24 00:00:00-04:00,13.386409611233427,13.406095207337593,13.27616907151833,13.32341480255127,7291300,0.0,0.0
2018-09-25 00:00:00-04:00,13.284046176867442,13.358852057281915,13.016317812763534,13.032065391540527,17845200,0.0,0.0
2018-09-26 00:00:00-04:00,13.063558417610581,13.16592439803825,12.988752566602454,13.000563621520996,8897900,0.0,0.0
2018-09-27 00:00:00-04:00,13.095055496396265,13.095055496396265,12.795830580584948,12.819454193115234,12514200,0.0,0.0
2018-09-28 00:00:00-04:00,12.795830981306931,12.937569657098498,12.732836181167846,12.843076705932617,12488000,0.0,0.0
2018-10-01 00:00:00-04:00,12.890325396371718,13.00844047230701,12.701339472577638,12.74071216583252,9808600,0.0,0.0
2018-10-02 00:00:00-04:00,12.709211656355096,13.095054967272468,12.709211656355096,13.016312599182129,9636500,0.0,0.0
2018-10-03 00:00:00-04:00,13.024189593299091,13.31554001478918,12.961193283879956,13.189550399780273,10580100,0.0,0.0
2018-10-04 00:00:00-04:00,13.221044802970829,13.386405562530301,13.213170266527865,13.268290519714355,10262800,0.0,0.0
2018-10-05 00:00:00-04:00,13.236794306554726,13.402156592171853,12.630469931063868,12.709212303161621,12794700,0.0,0.0
2018-10-08 00:00:00-04:00,12.654092780928437,12.71708758343423,12.48873123661141,12.512354850769043,8991800,0.0,0.0
2018-10-09 00:00:00-04:00,12.496604696722509,12.535976632631776,12.276122906970715,12.354866027832031,12074000,0.0,0.0
2018-10-10 00:00:00-04:00,12.323370533832176,12.41786349500088,11.882406886179115,11.898155212402344,10860900,0.0,0.0
2018-10-11 00:00:00-04:00,11.858782112204194,11.937525232558041,11.457189720240775,11.520184516906738,9075100,0.0,0.0
2018-10-12 00:00:00-04:00,11.748538022931752,12.173753173854717,11.724915167590762,12.142255783081055,16598800,0.0,0.0
2018-10-15 00:00:00-04:00,12.142258482686838,12.213127815423318,12.000519817213878,12.079263687133789,9344700,0.0,0.0
2018-10-16 00:00:00-04:00,12.165882566684596,12.236751906547717,12.024144637915628,12.213129043579102,6109300,0.0,0.0
2018-10-17 00:00:00-04:00,12.276120922173549,12.323366636860232,12.055639168069135,12.221000671386719,6231700,0.0,0.0
2018-10-18 00:00:00-04:00,12.126512330980553,12.22887908616539,11.890282166200416,12.071392059326172,8275200,0.0,0.0
2018-10-19 00:00:00-04:00,12.087138087115969,12.307619869048951,12.079263550021922,12.15800666809082,7652700,0.0,0.0
2018-10-22 00:00:00-04:00,12.236752466914647,12.512355301012725,12.221004141200153,12.472983360290527,7881600,0.0,0.0
2018-10-23 00:00:00-04:00,12.228876827532943,12.402112900538652,12.055641505484473,12.323369026184082,9081300,0.0,0.0
2018-10-24 00:00:00-04:00,12.307619557255503,12.43754641218703,11.858781467666073,11.882404327392578,8119500,0.0,0.0
2018-10-25 00:00:00-04:00,11.969024154718433,12.083202707560304,11.874531947689283,11.929652214050293,8175700,0.0,0.0
2018-10-26 00:00:00-04:00,11.787912778215684,11.79578656458102,11.398919195394015,11.520184516906738,10469500,0.0,0.0
2018-10-29 00:00:00-04:00,11.654050117752133,11.850909069906875,11.307577941423698,11.472939491271973,8024400,0.0,0.0
2018-10-30 00:00:00-04:00,11.472935239443663,11.764286290544156,11.425689528971706,11.756412506103516,8297100,0.0,0.0
2018-10-31 00:00:00-04:00,11.921775639207032,12.22100126698158,11.921775639207032,12.008393287658691,9547400,0.0,0.0
2018-11-01 00:00:00-04:00,12.000519200454189,12.441483497619629,12.000519200454189,12.441483497619629,6066800,0.0,0.0
2018-11-02 00:00:00-04:00,12.465108373411056,12.673778375102517,12.390301763826447,12.512354850769043,15140700,0.0,0.0
2018-11-05 00:00:00-05:00,12.512355403447152,12.606847611379619,12.346993851826008,12.543852806091309,6268100,0.0,0.0
2018-11-06 00:00:00-05:00,12.543849431367658,12.654089935485086,12.465105570463397,12.504477500915527,13047300,0.0,0.0
2018-11-07 00:00:00-05:00,12.62259451196408,12.7958298211614,12.47298131198063,12.787955284118652,18460200,0.0,0.0
2018-11-08 00:00:00-05:00,12.748585002938208,13.007650230979085,12.71708685253834,12.795830726623535,7195500,0.0,0.0
2018-11-09 00:00:00-05:00,12.701336283753902,12.752520021177615,12.25643547507419,12.378488540649414,10721500,0.0,0.0
2018-11-12 00:00:00-05:00,12.268248576303314,12.287934169111018,11.961148372185402,12.032017707824707,9571300,0.0,0.0
2018-11-13 00:00:00-05:00,12.055640826540696,12.291870934386031,12.004457085805594,12.079263687133789,9517000,0.0,0.0
2018-11-14 00:00:00-05:00,12.189505971119779,12.34305646462979,11.898154811707244,11.929652214050293,16235400,0.0,0.0
2018-11-15 00:00:00-05:00,11.866654845940236,12.189503337954385,11.72491694149326,12.06351375579834,15280000,0.0,0.0
2018-11-16 00:00:00-05:00,12.032016589458191,12.087137595919323,11.890278682311237,11.969021797180176,11150600,0.0,0.0
2018-11-19 00:00:00-05:00,11.890278462038308,11.980833380390736,11.575303755526127,11.6776704788208,12707700,0.0,0.0
2018-11-20 00:00:00-05:00,11.496561592270961,11.654048583064288,11.343011119159911,11.44144058227539,11300700,0.0,0.0
2018-11-21 00:00:00-05:00,11.528057362609694,11.756413654754256,11.52018282644265,11.575303077697754,8652300,0.0,0.0
2018-11-23 00:00:00-05:00,11.465065100583391,11.587117434228484,11.409944086229746,11.449316024780273,2909400,0.0,0.0
2018-11-26 00:00:00-05:00,11.591054875571203,11.799724876365158,11.567431261515177,11.740667343139648,9953900,0.0,0.0
2018-11-27 00:00:00-05:00,11.64617381794565,11.858781814575195,11.622550957528098,11.858781814575195,7771900,0.0,0.0
2018-11-28 00:00:00-05:00,11.953275738371383,12.173757553100586,11.732793172684879,12.173757553100586,13439200,0.0,0.0
2018-11-29 00:00:00-05:00,12.126509581468094,12.142258656059829,11.890279470249752,11.906027793884277,10922000,0.0,0.0
2018-11-30 00:00:00-05:00,11.88240708922361,11.921779031890463,11.630427857687513,11.811537742614746,20963100,0.0,0.0
2018-12-03 00:00:00-05:00,12.01626827050859,12.228875506772026,11.984770874360038,12.205252647399902,14845100,0.0,0.0
2018-12-04 00:00:00-05:00,12.142258441939047,12.236750634951518,11.79578631660279,11.850907325744629,18349500,0.0,0.0
2018-12-06 00:00:00-05:00,11.661920467283476,12.803701829479,11.465061585837454,12.614717483520508,29136600,0.0,0.0
2018-12-07 00:00:00-05:00,12.575349696894977,12.575349696894977,11.543808488109258,11.58318042755127,18469900,0.0,0.0
2018-12-10 00:00:00-05:00,11.512311431894382,11.689484789216571,11.17371379388189,11.472939491271973,14047500,0.0,0.0
2018-12-11 00:00:00-05:00,11.570549708766887,11.768947338556204,11.411831756300812,11.697524070739746,16343600,0.113,0.0
2018-12-12 00:00:00-05:00,11.872114704656168,11.895922209337643,11.610229882679166,11.618165969848633,14122900,0.0,0.0
2018-12-13 00:00:00-05:00,11.626099832021016,11.848305703743877,11.459445806642286,11.499125480651855,12862100,0.0,0.0
2018-12-14 00:00:00-05:00,11.388027498678252,11.475322208210333,11.268988432777656,11.284860610961914,11166200,0.0,0.0
2018-12-17 00:00:00-05:00,11.24517836395746,11.324537723169614,10.753152304592147,10.784895896911621,17072700,0.0,0.0
2018-12-18 00:00:00-05:00,10.880127087258652,11.05471723006275,10.745216625568252,10.81663990020752,12805000,0.0,0.0
2018-12-19 00:00:00-05:00,10.784896754962341,10.983294411950384,10.372229265150251,10.45158863067627,14299900,0.0,0.0
2018-12-20 00:00:00-05:00,10.380164589633278,10.443651774653969,9.99527343584197,10.038920402526855,18528300,0.0,0.0
2018-12-21 00:00:00-05:00,10.046857034902562,10.31667796429174,9.907978526325545,10.007177352905273,25427500,0.0,0.0
2018-12-24 00:00:00-05:00,9.888138053911764,9.995272957315166,9.701644551445286,9.737356185913086,5400200,0.0,0.0
2018-12-26 00:00:00-05:00,9.792908603574679,10.205575342187586,9.59212996610768,10.16589641571045,10312200,0.0,0.0
2018-12-27 00:00:00-05:00,10.070664321919649,10.411908520102475,9.95162603534874,10.396037101745605,8150300,0.0,0.0
2018-12-28 00:00:00-05:00,10.48333309353287,10.566659753090269,10.292871508692762,10.340486526489258,8727000,0.0,0.0
2018-12-31 00:00:00-05:00,10.451586185530616,10.5190414033985,10.340483251152092,10.483329772949219,6453800,0.0,0.0
2019-01-02 00:00:00-05:00,10.276997018715916,10.82457489793327,10.276997018715916,10.68172836303711,10865500,0.0,0.0
2019-01-03 00:00:00-05:00,10.538882759083439,10.61030603284063,10.261126508371765,10.459524154663086,11921700,0.0,0.0
2019-01-04 00:00:00-05:00,10.721408305243493,11.046780303372362,10.673792540158505,10.951549530029297,11277100,0.0,0.0
2019-01-07 00:00:00-05:00,10.967421523985003,11.245178528463928,10.911870425819998,11.16581916809082,8027500,0.0,0.0
2019-01-08 00:00:00-05:00,11.261049354187533,11.356280884357508,10.860286800178889,10.951549530029297,12732500,0.0,0.0
2019-01-09 00:00:00-05:00,11.015036159174201,11.265016832044427,11.015036159174201,11.157882690429688,7668100,0.0,0.0
2019-01-10 00:00:00-05:00,11.102333161751284,11.221372214954613,11.015038461530468,11.213436126708984,8556200,0.0,0.0
2019-01-11 00:00:00-05:00,11.142009905352571,11.316600016540269,11.022971640394996,11.300727844238281,6507200,0.0,0.0
2019-01-14 00:00:00-05:00,11.197563017573243,11.353900764317222,11.11820441220783,11.237242698669434,8960300,0.0,0.0
2019-01-15 00:00:00-05:00,11.276923325598354,11.499128498816347,11.245179729424354,11.45944881439209,6786400,0.0,0.0
2019-01-16 00:00:00-05:00,10.92774075913697,11.403894570655694,10.895996414875565,11.364214897155762,12256800,0.0,0.0
2019-01-17 00:00:00-05:00,11.316602143253585,11.42770434293945,11.189627768282898,11.324538230895996,6240000,0.0,0.0
2019-01-18 00:00:00-05:00,11.411831713255674,11.705460113417079,11.411831713255674,11.649909019470215,8935900,0.0,0.0
2019-01-22 00:00:00-05:00,11.634036464230897,11.634036464230897,11.388023836113275,11.467382431030273,9537600,0.0,0.0
2019-01-23 00:00:00-05:00,11.522936763567118,11.657846479686341,11.364218025870093,11.45944881439209,6831400,0.0,0.0
2019-01-24 00:00:00-05:00,11.491192056537182,11.808628765324386,11.459448461341163,11.713397979736328,7087900,0.0,0.0
2019-01-25 00:00:00-05:00,11.8562402680235,12.205420468583581,11.828464725057152,12.181612968444824,17843400,0.0,0.0
2019-01-28 00:00:00-05:00,11.991153541326115,12.435564604688611,11.959409948002149,12.427628517150879,29335800,0.0,0.0
2019-01-29 00:00:00-05:00,12.49905235982275,12.586347056227284,12.19351978716638,12.197487831115723,20884100,0.0,0.0
2019-01-30 00:00:00-05:00,12.28477825770523,12.435560848064805,12.12209229646188,12.316522598266602,7852300,0.0,0.0
2019-01-31 00:00:00-05:00,12.27684431888942,12.419690083449252,12.181613556907259,12.372075080871582,11945800,0.0,0.0
2019-02-01 00:00:00-05:00,12.451433181762695,12.546664696831582,12.352234380657162,12.451433181762695,9152100,0.0,0.0
2019-02-04 00:00:00-05:00,12.483178379992939,12.578409907360575,12.36414010602373,12.530794143676758,9193800,0.0,0.0
2019-02-05 00:00:00-05:00,12.530792898589127,12.776013111161546,12.52285681262589,12.610152244567871,6625700,0.0,0.0
2019-02-06 00:00:00-05:00,12.64983133310848,12.848229700758896,12.61808774564978,12.76887035369873,7159000,0.0,0.0
2019-02-07 00:00:00-05:00,12.626026113675222,12.772839948395932,12.499051740891808,12.578411102294922,6135500,0.0,0.0
2019-02-08 00:00:00-05:00,12.427628890015711,12.637930675113505,12.395885295739346,12.633962631225586,7984700,0.0,0.0
2019-02-11 00:00:00-05:00,12.626027637573165,12.733162561349925,12.562540443518873,12.570476531982422,7940000,0.0,0.0
2019-02-12 00:00:00-05:00,12.705384817563754,12.816487009586126,12.673641226010659,12.69744873046875,13904500,0.0,0.0
2019-02-13 00:00:00-05:00,12.776809651758034,12.887911857380287,12.721258548946908,12.737129211425781,11945600,0.0,0.0
2019-02-14 00:00:00-05:00,12.626025071655478,12.800614441410413,12.586345394228665,12.689512252807617,7968600,0.0,0.0
2019-02-15 00:00:00-05:00,12.784742525841493,12.887908617462157,12.689511006638563,12.76887035369873,11932700,0.0,0.0
2019-02-19 00:00:00-05:00,12.721255350924089,12.800613184330608,12.681574920567183,12.76887035369873,8588900,0.0,0.0
2019-02-20 00:00:00-05:00,12.776809651758034,12.872039681247387,12.721258548946908,12.737129211425781,9809100,0.0,0.0
2019-02-21 00:00:00-05:00,12.78474245287993,13.006946806995916,12.721255278324843,12.879972457885742,15909700,0.0,0.0
2019-02-22 00:00:00-05:00,13.094243476797432,13.094243476797432,12.705384306700688,12.951396942138672,22478500,0.0,0.0
2019-02-25 00:00:00-05:00,12.975206105190232,13.427552487311536,12.971237304699267,13.300578117370605,13110200,0.0,0.0
2019-02-26 00:00:00-05:00,13.276768169056876,13.467229699777075,13.260895996416767,13.332319259643555,10049500,0.0,0.0
2019-02-27 00:00:00-05:00,13.292639119376034,13.34422291888616,13.2489914054562,13.252960205078125,8381300,0.0,0.0
2019-02-28 00:00:00-05:00,13.173601909281954,13.213280826731783,12.967268208504759,12.999011039733887,13489400,0.0,0.0
2019-03-01 00:00:00-05:00,13.125986905611425,13.125986905611425,12.89981223245564,12.999011039733887,21879800,0.0,0.0
2019-03-04 00:00:00-05:00,13.054564816424671,13.11011591130799,12.649832707892973,12.824422836303711,14646300,0.0,0.0
2019-03-05 00:00:00-05:00,12.768873814546644,12.887912110573952,12.633963342074612,12.808552742004395,15853200,0.0,0.0
2019-03-06 00:00:00-05:00,12.784742796609915,12.808549541674617,12.649831601019615,12.665703773498535,6343400,0.0,0.0
2019-03-07 00:00:00-05:00,12.586344948149042,12.649832127051098,12.380011995130797,12.435563087463379,14207900,0.0,0.0
2019-03-08 00:00:00-05:00,12.316522678920313,12.431592886901871,12.233195298054522,12.387945175170898,7801900,0.0,0.0
2019-03-11 00:00:00-04:00,12.411754636447823,12.641895831594006,12.407786593466204,12.610152244567871,11689000,0.0,0.0
2019-03-12 00:00:00-04:00,12.268864605269941,12.380762554047234,12.093023991444417,12.236893653869629,17676400,0.113,0.0
2019-03-13 00:00:00-04:00,12.29283785131827,12.460685471507004,12.244881061729783,12.404736518859863,11306000,0.0,0.0
2019-03-14 00:00:00-04:00,12.460689783788888,12.560599097947238,12.38076202756318,12.51663875579834,10097400,0.0,0.0
2019-03-15 00:00:00-04:00,12.516638847203296,12.872315764285187,12.516638847203296,12.844341278076172,20228300,0.0,0.0
2019-03-18 00:00:00-04:00,12.788391953397115,12.876312635915157,12.580580401214997,12.660508155822754,11519400,0.0,0.0
2019-03-19 00:00:00-04:00,12.708464227214728,12.820363693713922,12.653314853904533,12.692479133605957,15502600,0.0,0.0
2019-03-20 00:00:00-04:00,12.684486389160156,12.820363879161766,12.604559395465033,12.684486389160156,10351700,0.0,0.0
2019-03-21 00:00:00-04:00,12.700471781812178,12.88430530887333,12.700471781812178,12.804377555847168,17721300,0.0,0.0
2019-03-22 00:00:00-04:00,12.628536408321633,12.740434343003612,12.204921165066617,12.220906257629395,12345200,0.0,0.0
2019-03-25 00:00:00-04:00,12.22890138867586,12.292843294944289,12.029082741025102,12.109009742736816,12410800,0.0,0.0
2019-03-26 00:00:00-04:00,12.140980037421082,12.352788066852911,12.13298787125671,12.236893653869629,9274600,0.0,0.0
2019-03-27 00:00:00-04:00,12.276856930050254,12.336803131666997,12.124995099498626,12.196929931640625,7722000,0.0,0.0
2019-03-28 00:00:00-04:00,12.268864763782624,12.416730130076626,12.172951146094881,12.196929931640625,9547100,0.0,0.0
2019-03-29 00:00:00-04:00,12.32481365875596,12.356784610361455,12.248882362850058,12.332806587219238,9937300,0.0,0.0
2019-04-01 00:00:00-04:00,12.428718996538638,12.716457550674336,12.420726068361862,12.708464622497559,10995700,0.0,0.0
2019-04-02 00:00:00-04:00,12.73244335200055,12.796385252643248,12.640526202860036,12.644522666931152,6484600,0.0,0.0
2019-04-03 00:00:00-04:00,12.804377623785445,12.852333666057554,12.580580219023775,12.668500900268555,11969100,0.0,0.0
2019-04-04 00:00:00-04:00,12.708464548848749,12.876312990597995,12.668501432691631,12.844341278076172,9514000,0.0,0.0
2019-04-05 00:00:00-04:00,12.796382452107968,12.924266225405532,12.788389525715017,12.908280372619629,6083900,0.0,0.0
2019-04-08 00:00:00-04:00,12.90028957287275,12.996203180904944,12.837946871023133,12.940254211425781,6414100,0.0,0.0
2019-04-09 00:00:00-04:00,12.884303907644101,12.90028823691489,12.708462565211109,12.74842643737793,5019000,0.0,0.0
2019-04-10 00:00:00-04:00,12.764411798151079,13.004194259643555,12.740433018428629,13.004194259643555,5654600,0.0,0.0
2019-04-11 00:00:00-04:00,12.932259444971068,13.048154593553948,12.868317556872732,13.004194259643555,6985300,0.0,0.0
2019-04-12 00:00:00-04:00,13.100108916634955,13.17204374551358,13.02018268409885,13.108101844787598,5240100,0.0,0.0
2019-04-15 00:00:00-04:00,13.076130582665682,13.188028518621634,13.076130582665682,13.180035591125488,5233300,0.0,0.0
2019-04-16 00:00:00-04:00,13.188025188721227,13.343883424305151,13.172039337765272,13.267952919006348,14190900,0.0,0.0
2019-04-17 00:00:00-04:00,13.291933587391318,13.339891152585789,13.132079610228224,13.243977546691895,9137100,0.0,0.0
2019-04-18 00:00:00-04:00,13.259962329322967,13.355874402964677,13.200016139925705,13.315911293029785,9627200,0.0,0.0
2019-04-22 00:00:00-04:00,13.31591679076151,13.331902651133504,13.25197487376908,13.259967803955078,5423700,0.0,0.0
2019-04-23 00:00:00-04:00,13.275946544259602,13.339888426959144,13.188025883862204,13.212004661560059,10311800,0.0,0.0
2019-04-24 00:00:00-04:00,13.196019923938563,13.275947665185198,12.996201333069404,13.004194259643555,9147100,0.0,0.0
2019-04-25 00:00:00-04:00,12.996203434581597,13.0361665494196,12.73643937689681,12.796384811401367,9782100,0.0,0.0
2019-04-26 00:00:00-04:00,12.684484016095578,12.740432977439761,12.464683871745622,12.604557037353516,11613400,0.0,0.0
2019-04-29 00:00:00-04:00,12.57258852661388,12.760418537003902,12.5246324796296,12.55660343170166,7794900,0.0,0.0
2019-04-30 00:00:00-04:00,12.532625093968882,12.636530876159668,12.412733455019078,12.636530876159668,10384900,0.0,0.0
2019-05-01 00:00:00-04:00,12.748427269401597,12.84434011151322,12.61255055251492,12.620543479919434,6609900,0.0,0.0
2019-05-02 00:00:00-04:00,12.63653044586853,12.764414246595619,12.500653717034105,12.580580711364746,5105200,0.0,0.0
2019-05-03 00:00:00-04:00,12.61254933572763,12.756418966139094,12.604557171341666,12.732440948486328,5138900,0.0,0.0
2019-05-06 00:00:00-04:00,12.460689783788888,12.572587727807791,12.348791077522412,12.51663875579834,5543600,0.0,0.0
2019-05-07 00:00:00-04:00,12.364777538824733,12.484668416783432,12.252878827081696,12.332806587219238,7565500,0.0,0.0
2019-05-08 00:00:00-04:00,12.324809774068587,12.420722598654068,12.252874965067633,12.268860816955566,5554900,0.0,0.0
2019-05-09 00:00:00-04:00,12.124992221990093,12.1729482572054,11.881213295862072,12.164956092834473,7525300,0.0,0.0
2019-05-10 00:00:00-04:00,12.05306053912314,12.136984765930292,11.805285847544685,11.821270942687988,14643500,0.0,0.0
2019-05-13 00:00:00-04:00,11.549514722984208,11.613456612871865,11.261776218489754,11.31772518157959,12346300,0.0,0.0
2019-05-14 00:00:00-04:00,11.341706116150917,11.505558108649598,11.341706116150917,11.381669998168945,9175600,0.0,0.0
2019-05-15 00:00:00-04:00,11.237798966727382,11.545519046954507,11.229806039384467,11.525537490844727,15286000,0.0,0.0
2019-05-16 00:00:00-04:00,11.541522856454726,11.733349305987392,11.533530691170155,11.613457679748535,14153400,0.0,0.0
2019-05-17 00:00:00-04:00,11.685391426086426,11.925173894217643,11.565500573144545,11.685391426086426,16330300,0.0,0.0
2019-05-20 00:00:00-04:00,11.509551697054121,11.88521089943606,11.485573677146022,11.789298057556152,11407900,0.0,0.0
2019-05-21 00:00:00-04:00,11.893203826821264,12.2368920819099,11.877217972050857,12.188935279846191,11137600,0.0,0.0
2019-05-22 00:00:00-04:00,12.12499433731313,12.156965287116789,11.725357083643607,11.757328033447266,8819400,0.0,0.0
2019-05-23 00:00:00-04:00,11.605462647525924,11.621447736393737,11.405644082070566,11.44560718536377,12423700,0.0,0.0
2019-05-24 00:00:00-04:00,11.41363858286276,12.124993095976333,11.41363858286276,11.501559257507324,24819200,0.0,0.0
2019-05-28 00:00:00-04:00,11.541523554051613,11.69338613735026,11.305738275583575,11.325719833374023,16535100,0.0,0.0
2019-05-29 00:00:00-04:00,11.237799884118076,11.417636190529425,11.181850150397764,11.29374885559082,8328800,0.0,0.0
2019-05-30 00:00:00-04:00,11.389661577072811,11.477581497293725,11.297745192899006,11.365683555603027,9041300,0.0,0.0
2019-05-31 00:00:00-04:00,11.14988201108154,11.173860038864062,10.862143390947995,10.966049194335938,13987000,0.0,0.0
2019-06-03 00:00:00-04:00,10.982033893677027,11.089936158155291,10.830172040233633,10.942070007324219,11098000,0.0,0.0
2019-06-04 00:00:00-04:00,11.069952207452275,11.329716269322603,11.045973423466041,11.29374885559082,8911000,0.0,0.0
2019-06-05 00:00:00-04:00,11.453601635897162,11.477579653515075,11.125899266878415,11.261775970458984,8914100,0.0,0.0
2019-06-06 00:00:00-04:00,11.181849479675293,11.23380274628158,10.942066989928833,11.181849479675293,10444300,0.0,0.0
2019-06-07 00:00:00-04:00,11.17385530211424,11.317724932316594,11.101921249260503,11.261775970458984,8912000,0.0,0.0
2019-06-10 00:00:00-04:00,11.33371263447573,11.501560309677682,11.33371263447573,11.39765453338623,8844800,0.0,0.0
2019-06-11 00:00:00-04:00,11.496750963042059,11.60873748237587,11.367844915041402,11.488694190979004,7146300,0.113,0.0
2019-06-12 00:00:00-04:00,11.48063668550297,11.528976546457148,11.367844188833901,11.392014503479004,5917600,0.0,0.0
2019-06-13 00:00:00-04:00,11.448410504908273,11.56925900623862,11.416184186664445,11.561203002929688,7195300,0.0,0.0
2019-06-14 00:00:00-04:00,11.480634446178058,11.480634446178058,11.319502888319926,11.400068283081055,5930300,0.0,0.0
2019-06-17 00:00:00-04:00,11.4242417916949,11.625656487495805,11.367845154402106,11.520920753479004,9903400,0.0,0.0
2019-06-18 00:00:00-04:00,11.609541659766547,11.87540896736914,11.581343728405061,11.754560470581055,8172200,0.0,0.0
2019-06-19 00:00:00-04:00,11.819011936883944,11.955973962823956,11.770672081943266,11.851238250732422,9637200,0.0,0.0
2019-06-20 00:00:00-04:00,12.068768238020372,12.11710810321838,11.875410313900526,12.084881782531738,10038200,0.0,0.0
2019-06-21 00:00:00-04:00,12.10904847428185,12.133218785346813,11.95597367921665,12.036539077758789,15542100,0.0,0.0
2019-06-24 00:00:00-04:00,12.100995195324723,12.173503839828346,12.044598558484907,12.092938423156738,6810300,0.0,0.0
2019-06-25 00:00:00-04:00,12.05265399130534,12.09696546496908,11.883465636259059,11.891522407531738,8223300,0.0,0.0
2019-06-26 00:00:00-04:00,11.980145807857534,12.181560500192065,11.972089035763496,12.052655220031738,8407600,0.0,0.0
2019-06-27 00:00:00-04:00,12.076824636333102,12.262126550795728,12.03654154463809,12.060711860656738,6214500,0.0,0.0
2019-06-28 00:00:00-04:00,12.109050261412829,12.221842758021554,12.036540854188365,12.044597625732422,20533100,0.0,0.0
2019-07-01 00:00:00-04:00,12.27823825193634,12.475624538797868,12.11710666759387,12.197672843933105,10192800,0.0,0.0
2019-07-02 00:00:00-04:00,12.189613217895714,12.26212260595255,12.056679595903452,12.149330139160156,7444700,0.0,0.0
2019-07-03 00:00:00-04:00,12.141276370393703,12.338662659811432,12.12113521021606,12.318521499633789,6049000,0.0,0.0
2019-07-05 00:00:00-04:00,12.213786947304559,12.318522680608517,12.105022827911672,12.221843719482422,6018500,0.0,0.0
2019-07-08 00:00:00-04:00,12.149331928050701,12.149331928050701,11.968058431217559,12.109048843383789,7342700,0.0,0.0
2019-07-09 00:00:00-04:00,12.020427588471351,12.036540362565328,11.80692776129022,11.980144500732422,7482600,0.0,0.0
2019-07-10 00:00:00-04:00,12.092935977391447,12.189614918845958,11.891521323943897,11.899578094482422,7082100,0.0,0.0
2019-07-11 00:00:00-04:00,11.915691923325587,11.984172942300747,11.665937392846777,11.762617111206055,12929500,0.0,0.0
2019-07-12 00:00:00-04:00,11.794842677920913,12.064738351034281,11.794842677920913,12.012370109558105,8061900,0.0,0.0
2019-07-15 00:00:00-04:00,11.996259352045614,12.12516463220594,11.980145807857534,12.052655220031738,4655900,0.0,0.0
2019-07-16 00:00:00-04:00,12.068766881933469,12.109049970349451,11.911663682280745,11.931805610656738,6996500,0.0,0.0
2019-07-17 00:00:00-04:00,11.923748871578965,11.964031960103975,11.819013148748338,11.835125923156738,7100800,0.0,0.0
2019-07-18 00:00:00-04:00,11.7706723282347,11.939860671563311,11.762616325855962,11.883464813232422,8277300,0.0,0.0
2019-07-19 00:00:00-04:00,11.915691492387252,12.052653525384253,11.907634721426025,11.955974578857422,5765000,0.0,0.0
2019-07-22 00:00:00-04:00,11.923750145080815,11.980146014037519,11.488694432884303,11.520920753479004,11954800,0.0,0.0
2019-07-23 00:00:00-04:00,11.601483508107131,11.80692654287255,11.57731396529235,11.770671844482422,8771300,0.0,0.0
2019-07-24 00:00:00-04:00,11.79484371679025,11.960003689834217,11.7545606278765,11.875409126281738,8067900,0.0,0.0
2019-07-25 00:00:00-04:00,11.85929666245742,11.85929666245742,11.629684048469503,11.690108299255371,8822700,0.0,0.0
2019-07-26 00:00:00-04:00,11.714277626163746,11.867352443172269,11.649824990756365,11.786787033081055,6893000,0.0,0.0
2019-07-29 00:00:00-04:00,11.754559191023493,11.879436059889018,11.730389647964083,11.810955047607422,6046500,0.0,0.0
2019-07-30 00:00:00-04:00,11.730389529236426,11.891521095228153,11.690106445654516,11.770671844482422,5362900,0.0,0.0
2019-07-31 00:00:00-04:00,11.786787746093134,11.814985679747625,11.464523781225664,11.577316284179688,8325300,0.0,0.0
2019-08-01 00:00:00-04:00,11.545089321217858,11.850433740542348,11.363815803059719,11.392014503479004,7903700,0.0,0.0
2019-08-02 00:00:00-04:00,11.069748606150666,11.150314770767055,10.489674986921871,10.691089630126953,21673400,0.0,0.0
2019-08-05 00:00:00-04:00,10.48967650690811,10.562185143566516,10.160161783249174,10.392996788024902,15207900,0.0,0.0
2019-08-06 00:00:00-04:00,10.61052490048782,10.634694445807092,10.40911023004323,10.529958724975586,9594600,0.0,0.0
2019-08-07 00:00:00-04:00,10.37688422508293,10.586355673035554,10.28826204402729,10.521903038024902,8026100,0.0,0.0
2019-08-08 00:00:00-04:00,10.586355622684442,10.940845113556987,10.562185308418396,10.916675567626953,10874400,0.0,0.0
2019-08-09 00:00:00-04:00,10.844166134442634,10.916675540387825,10.707204093954168,10.78777027130127,11271600,0.0,0.0
2019-08-12 00:00:00-04:00,10.666920630153891,10.707203717410795,10.473562733323933,10.538015365600586,6702300,0.0,0.0
2019-08-13 00:00:00-04:00,10.546071267182116,11.021409967282137,10.497731412792318,10.795825004577637,11899900,0.0,0.0
2019-08-14 00:00:00-04:00,10.562185865353966,10.602468956252126,10.344658403841585,10.360771179199219,11300900,0.0,0.0
2019-08-15 00:00:00-04:00,10.376883219866915,10.449392619313864,10.086846390415062,10.215751647949219,11024400,0.0,0.0
2019-08-16 00:00:00-04:00,10.312430381774902,10.380911394491868,10.256033756496509,10.312430381774902,10818700,0.0,0.0
2019-08-19 00:00:00-04:00,10.465506335611133,10.65080823627001,10.465506335611133,10.562185287475586,7196200,0.0,0.0
2019-08-20 00:00:00-04:00,10.425225257873535,10.521904996722876,10.368829383824885,10.425225257873535,5084400,0.0,0.0
2019-08-21 00:00:00-04:00,10.578298583950124,10.662892376735575,10.425223004144081,10.529958724975586,7453000,0.0,0.0
2019-08-22 00:00:00-04:00,10.602466952630081,10.731372204475228,10.497731243421923,10.674976348876953,7900700,0.0,0.0
2019-08-23 00:00:00-04:00,10.497730397527286,10.699145029389554,10.22380637526087,10.272146224975586,12131000,0.0,0.0
2019-08-26 00:00:00-04:00,10.409112480289417,10.521904996722876,10.304376736816096,10.425225257873535,8709600,0.0,0.0
2019-08-27 00:00:00-04:00,10.513847581859162,10.610526546469789,10.368828750775165,10.417168617248535,14197700,0.0,0.0
2019-08-28 00:00:00-04:00,10.876391752864109,11.141453829269285,10.546071829970137,10.771656036376953,15022500,0.0,0.0
2019-08-29 00:00:00-04:00,11.029466944908522,11.134202665069902,10.981127854579261,11.021410942077637,11195600,0.0,0.0
2019-08-30 00:00:00-04:00,11.158371359798862,11.214767213113511,11.021409343175387,11.134201049804688,8841100,0.0,0.0
2019-09-03 00:00:00-04:00,11.013354536348626,11.077807171150255,10.775685157391612,10.868335723876953,7907500,0.0,0.0
2019-09-04 00:00:00-04:00,10.965013984818176,11.10197601722122,10.900561354079796,11.07780647277832,6934000,0.0,0.0
2019-09-05 00:00:00-04:00,11.238938058434483,11.682050471360165,11.206711743040032,11.601484298706055,9380500,0.0,0.0
2019-09-06 00:00:00-04:00,11.65788367338112,11.770675419666345,11.593431027407808,11.738449096679688,8599500,0.0,0.0
2019-09-09 00:00:00-04:00,11.81095662930694,12.117107032956886,11.786787083010793,12.044597625732422,12951200,0.0,0.0
2019-09-10 00:00:00-04:00,12.063268700675101,12.314925392839148,12.063268700675101,12.249981880187988,10404700,0.113,0.0
2019-09-11 00:00:00-04:00,12.298689380894498,12.501638055656374,12.111976971723696,12.47728443145752,7938900,0.0,0.0
2019-09-12 00:00:00-04:00,12.452931263677897,12.546287471684947,12.258100714570716,12.46916675567627,8500800,0.0,0.0
2019-09-13 00:00:00-04:00,12.46104854281286,12.501637657121105,12.347397009861675,12.436694145202637,9229000,0.0,0.0
2019-09-16 00:00:00-04:00,12.331161242883141,12.477284537695946,12.249982236799841,12.274335861206055,11458500,0.0,0.0
2019-09-17 00:00:00-04:00,12.185037571874682,12.185037571874682,11.973970782446845,12.168801307678223,7239300,0.0,0.0
2019-09-18 00:00:00-04:00,12.071386132908666,12.168801396233267,11.868437474102155,11.965852737426758,12714800,0.0,0.0
2019-09-19 00:00:00-04:00,12.006442015754956,12.152565290432806,11.925262246670007,12.055150032043457,14516200,0.0,0.0
2019-09-20 00:00:00-04:00,12.071386467572982,12.120094487679498,11.64925364812993,11.714197158813477,19541900,0.0,0.0
2019-09-23 00:00:00-04:00,11.608664173645066,11.75884575712646,11.535602527978336,11.68984317779541,11750000,0.0,0.0
2019-09-24 00:00:00-04:00,11.714199448420498,11.827850227236539,11.478778982631443,11.568076133728027,16093600,0.0,0.0
2019-09-25 00:00:00-04:00,11.568074419147637,11.909028253436482,11.519366396740194,11.844084739685059,8018700,0.0,0.0
2019-09-26 00:00:00-04:00,11.795375670729603,11.933380818753768,11.649253164847538,11.876555442810059,6972100,0.0,0.0
2019-09-27 00:00:00-04:00,11.965855013372979,12.258101633120773,11.925265119053801,12.176921844482422,10224700,0.0,0.0
2019-09-30 00:00:00-04:00,12.176920981073746,12.43669504759656,12.16880284794796,12.314926147460938,11141900,0.0,0.0
2019-10-01 00:00:00-04:00,12.428576886971843,12.49757946571453,11.884674389632474,11.892791748046875,7893900,0.0,0.0
2019-10-02 00:00:00-04:00,11.795375520021787,11.815670849876431,11.616781262426949,11.72231388092041,7444400,0.0,0.0
2019-10-03 00:00:00-04:00,11.681724714579605,11.771021842956543,11.405714423357495,11.771021842956543,5705100,0.0,0.0
2019-10-04 00:00:00-04:00,11.779141088804854,11.779141088804854,11.564015218140344,11.68984317779541,9735000,0.0,0.0
2019-10-07 00:00:00-04:00,11.689842002440798,11.90496785147549,11.633016627830287,11.649252891540527,8194000,0.0,0.0
2019-10-08 00:00:00-04:00,11.519364293313847,11.539659621522603,11.219000403512776,11.243354797363281,11912400,0.0,0.0
2019-10-09 00:00:00-04:00,11.340769446968222,11.547777138560773,11.324533185264851,11.421948432922363,6318600,0.0,0.0
2019-10-10 00:00:00-04:00,11.37324299825353,11.568073524439036,11.348888601839574,11.454421997070312,4448400,0.0,0.0
2019-10-11 00:00:00-04:00,11.657370249207982,11.799434459921924,11.592426742742353,11.649252891540527,6507200,0.0,0.0
2019-10-14 00:00:00-04:00,11.868437482988742,12.136329650878906,11.84408386068628,12.136329650878906,8724200,0.0,0.0
2019-10-15 00:00:00-04:00,12.12821166430266,12.396104609596305,11.925263002907993,12.290571212768555,7585800,0.0,0.0
2019-10-16 00:00:00-04:00,12.314925392839148,12.351456215478892,12.20939199123408,12.249981880187988,5205500,0.0,0.0
2019-10-17 00:00:00-04:00,12.24186534257932,12.412342279047365,12.197216381493835,12.34739875793457,4793500,0.0,0.0
2019-10-18 00:00:00-04:00,12.36363114119321,12.493518924934897,12.339277520448737,12.461047172546387,9987100,0.0,0.0
2019-10-21 00:00:00-04:00,12.866945922591174,13.321550507546549,12.818237901394946,12.964361190795898,19431100,0.0,0.0
2019-10-22 00:00:00-04:00,13.004951039143275,13.061776418539738,12.883181373623772,12.948124885559082,10852100,0.0,0.0
2019-10-23 00:00:00-04:00,12.90753353861858,13.151072842139857,12.74517477712537,13.004949569702148,10984200,0.0,0.0
2019-10-24 00:00:00-04:00,13.126720173173414,13.17948726146379,12.72488189532375,12.899417877197266,8343400,0.0,0.0
2019-10-25 00:00:00-04:00,12.915652191729134,13.151073373134325,12.907534059779781,13.118600845336914,6349100,0.0,0.0
2019-10-28 00:00:00-04:00,13.216017783686842,13.376753091169675,13.207899651182602,13.337786674499512,5537100,0.0,0.0
2019-10-29 00:00:00-04:00,13.248488942019108,13.431143054861838,13.167309164269508,13.362139701843262,6490400,0.0,0.0
2019-10-30 00:00:00-04:00,13.378375907474178,13.378375907474178,13.142956256262039,13.240370750427246,6452200,0.0,0.0
2019-10-31 00:00:00-04:00,13.272841222384962,13.337784724548838,13.06989258457594,13.321548461914062,5724900,0.0,0.0
2019-11-01 00:00:00-04:00,13.069895678308967,13.418967665708227,12.834475233692391,13.394613265991211,6996900,0.0,0.0
2019-11-04 00:00:00-05:00,13.46767306569475,13.638149195155892,13.46767306569475,13.516380310058594,10539600,0.0,0.0
2019-11-05 00:00:00-05:00,13.621914131288957,13.751801145191266,13.609736159227568,13.662503242492676,13439800,0.0,0.0
2019-11-06 00:00:00-05:00,13.768036206647963,13.824863131486747,13.654385453721154,13.751801490783691,12812800,0.0,0.0
2019-11-07 00:00:00-05:00,13.865451662161572,14.084636575077624,13.816744419860887,13.94663143157959,9108800,0.0,0.0
2019-11-08 00:00:00-05:00,13.946629473616927,14.157696225122054,13.841095323676813,14.149578094482422,5901700,0.0,0.0
2019-11-11 00:00:00-05:00,14.15769926645744,14.279468155459925,14.06840135861375,14.173933982849121,5640100,0.0,0.0
2019-11-12 00:00:00-05:00,14.21452416152914,14.238878557851855,14.011575503965974,14.076519012451172,8409400,0.0,0.0
2019-11-13 00:00:00-05:00,14.01969711534643,14.060286237581929,13.914162920132917,13.987224578857422,8627200,0.0,0.0
2019-11-14 00:00:00-05:00,13.930396056952883,13.962868586142365,13.784272772351038,13.82486343383789,11010500,0.0,0.0
2019-11-15 00:00:00-05:00,13.92228105425517,14.01969711534643,13.83298467566192,13.987224578857422,9913400,0.0,0.0
2019-11-18 00:00:00-05:00,13.979105111350522,14.027813911437988,13.849218074535175,14.027813911437988,8227500,0.0,0.0
2019-11-19 00:00:00-05:00,14.076520755880495,14.271351305466574,14.019695372464835,14.157700538635254,9109700,0.0,0.0
2019-11-20 00:00:00-05:00,14.092755911118907,14.125226892635654,13.84109844958075,13.89792537689209,6433900,0.0,0.0
2019-11-21 00:00:00-05:00,13.857337493340427,13.987224542204572,13.792393968908355,13.865455627441406,5434900,0.0,0.0
2019-11-22 00:00:00-05:00,13.89792537689209,14.031870691758769,13.83298186548315,13.89792537689209,6688600,0.0,0.0
2019-11-25 00:00:00-05:00,13.930397944690878,14.173935753112673,13.80862904047998,14.16581916809082,11373800,0.0,0.0
2019-11-26 00:00:00-05:00,13.378375887119038,13.532617309083983,12.785766145326706,12.964361190795898,27706700,0.0,0.0
2019-11-27 00:00:00-05:00,12.93188985114019,12.972478966891678,12.81012018132245,12.940007209777832,8446600,0.0,0.0
2019-11-29 00:00:00-05:00,12.907535295873153,13.021187605672688,12.830415357531912,12.850709915161133,4805700,0.0,0.0
2019-12-02 00:00:00-05:00,12.850711572734133,12.98059861636547,12.785768050918463,12.793886184692383,9736300,0.0,0.0
2019-12-03 00:00:00-05:00,12.582818185256096,12.680233458949095,12.473225712031057,12.672115325927734,6523900,0.0,0.0
2019-12-04 00:00:00-05:00,12.728940725253414,12.89129950507803,12.728940725253414,12.777647972106934,5239400,0.0,0.0
2019-12-05 00:00:00-05:00,12.85882883702158,12.964362246383061,12.826357078309417,12.931890487670898,8002400,0.0,0.0
2019-12-06 00:00:00-05:00,13.02118548126598,13.078010852706939,12.89129770139181,12.915651321411133,5307300,0.0,0.0
2019-12-09 00:00:00-05:00,12.858827987940304,12.99683314690133,12.78982540845979,12.899417877197266,6715500,0.0,0.0
2019-12-10 00:00:00-05:00,12.883056982521511,13.046651200886982,12.850338138848416,12.956674575805664,6885000,0.12,0.0
2019-12-11 00:00:00-05:00,12.989394429889689,13.161168567554986,12.956675583671482,12.98121452331543,6725600,0.0,0.0
2019-12-12 00:00:00-05:00,12.98121284989128,13.447457323495124,12.977122897131391,13.414737701416016,9032500,0.0,0.0
2019-12-13 00:00:00-05:00,13.3902016553263,13.455639349640123,13.079371437217363,13.112091064453125,7430600,0.0,0.0
2019-12-16 00:00:00-05:00,13.177528153136883,13.37384122705594,13.144808527404894,13.15298843383789,6902500,0.0,0.0
2019-12-17 00:00:00-05:00,13.15298763784423,13.169347449720162,12.932135638070536,12.956674575805664,8874700,0.0,0.0
2019-12-18 00:00:00-05:00,12.923956550980554,13.226606069151918,12.907596738068085,13.013933181762695,10688600,0.0,0.0
2019-12-19 00:00:00-05:00,12.989394280170696,13.083460864453956,12.825800050965286,12.8748779296875,10615100,0.0,0.0
2019-12-20 00:00:00-05:00,12.9403173508567,12.964857073576384,12.744004249572754,12.744004249572754,19504300,0.0,0.0
2019-12-23 00:00:00-05:00,12.768540639626297,13.009842404244905,12.711282858218073,12.956674575805664,10093700,0.0,0.0
2019-12-24 00:00:00-05:00,12.940314395805043,13.071189766774292,12.928045317325891,13.022111892700195,2022600,0.0,0.0
2019-12-26 00:00:00-05:00,13.038472644926301,13.079371398771936,13.005753797865564,13.054832458496094,3502100,0.0,0.0
2019-12-27 00:00:00-05:00,13.103909875421415,13.177527469340667,12.981213625529735,13.005752563476562,7395400,0.0,0.0
2019-12-30 00:00:00-05:00,13.022111012684748,13.079368788594712,12.833977094571214,12.907594680786133,10155500,0.0,0.0
2019-12-31 00:00:00-05:00,12.833979564662979,13.005753705532067,12.776721777732897,12.973034858703613,7338500,0.0,0.0
2020-01-02 00:00:00-05:00,13.087552020073282,13.23478722992435,13.063013078457734,13.226607322692871,8601700,0.0,0.0
2020-01-03 00:00:00-05:00,13.00575450453763,13.054833167834868,12.850340167574346,12.899418830871582,7802100,0.0,0.0
2020-01-06 00:00:00-05:00,12.768542138416418,12.907597435369276,12.752183104699007,12.858519554138184,9155300,0.0,0.0
2020-01-07 00:00:00-05:00,12.833979256062355,12.89532777495953,12.735822717937229,12.793081283569336,8548500,0.0,0.0
2020-01-08 00:00:00-05:00,12.735823104115683,12.92804701300835,12.67038541004805,12.89123821258545,7624900,0.0,0.0
2020-01-09 00:00:00-05:00,12.923957684096829,12.923957684096829,12.637667173658418,12.817621231079102,10668500,0.0,0.0
2020-01-10 00:00:00-05:00,12.817619296198355,12.87487707761115,12.645845171881207,12.654025077819824,7536800,0.0,0.0
2020-01-13 00:00:00-05:00,12.654023760500872,12.809438056761724,12.637663950326736,12.719461441040039,10123800,0.0,0.0
2020-01-14 00:00:00-05:00,12.735823578621083,12.817621089292622,12.67856578919833,12.711284637451172,7669100,0.0,0.0
2020-01-15 00:00:00-05:00,12.678565267464093,12.801260748343498,12.62130748039755,12.670385360717773,6933900,0.0,0.0
2020-01-16 00:00:00-05:00,12.760363528288117,12.923957772480756,12.690835876996383,12.899418830871582,6821800,0.0,0.0
2020-01-17 00:00:00-05:00,12.915775828306858,12.915775828306858,12.253218268719882,12.351375579833984,18728200,0.0,0.0
2020-01-21 00:00:00-05:00,12.277762587513601,12.302301534448484,12.056909724862493,12.187785148620605,13327600,0.0,0.0
2020-01-22 00:00:00-05:00,12.236859192666433,12.326835817437074,12.187780537286871,12.294116973876953,12116300,0.0,0.0
2020-01-23 00:00:00-05:00,12.302297981706928,12.41517850915128,12.097804996119994,12.4004545211792,6112100,0.0,0.0
2020-01-24 00:00:00-05:00,12.392276544657921,12.449535119994003,12.020099315328677,12.073267936706543,9582700,0.0,0.0
2020-01-27 00:00:00-05:00,11.827872565147254,11.966927837150406,11.696997198574575,11.876951217651367,11602000,0.0,0.0
2020-01-28 00:00:00-05:00,11.92603282657262,12.05690823414933,11.876954938770833,11.958751678466797,6350800,0.0,0.0
2020-01-29 00:00:00-05:00,12.06508815601318,12.06508815601318,11.786977524553462,11.795157432556152,7123700,0.0,0.0
2020-01-30 00:00:00-05:00,11.664282024828982,11.868775044422426,11.574304596957331,11.795157432556152,6938000,0.0,0.0
2020-01-31 00:00:00-05:00,11.70518048087602,11.72971942416805,11.296194452307143,11.3943510055542,12204300,0.0,0.0
2020-02-03 00:00:00-05:00,11.50068531878412,11.811513955978278,11.45978656754948,11.566123008728027,9186200,0.0,0.0
2020-02-04 00:00:00-05:00,11.836056192490632,12.036459258082733,11.762438580624359,11.795157432556152,8307900,0.0,0.0
2020-02-05 00:00:00-05:00,11.942389853458925,12.19596070139854,11.942389853458925,12.179601669311523,7683700,0.0,0.0
2020-02-06 00:00:00-05:00,12.261398445830867,12.33501604075518,12.105984129940818,12.204140663146973,6328900,0.0,0.0
2020-02-07 00:00:00-05:00,12.056905746459961,12.097804497908824,11.975109023641034,12.056905746459961,6361800,0.0,0.0
2020-02-10 00:00:00-05:00,11.983290268455823,12.089626728991123,11.901493531175626,12.08144760131836,6762800,0.0,0.0
2020-02-11 00:00:00-05:00,12.155059574581328,12.257306040390628,12.105981707836895,12.163239479064941,4978600,0.0,0.0
2020-02-12 00:00:00-05:00,12.261398130316833,12.416813222286477,12.228679286756712,12.294116973876953,7822300,0.0,0.0
2020-02-13 00:00:00-05:00,12.105983632018548,12.12234266350733,11.901490667896878,12.024186134338379,9028500,0.0,0.0
2020-02-14 00:00:00-05:00,12.048725720714177,12.122343316576593,11.737897084973213,11.811513900756836,8115900,0.0,0.0
2020-02-18 00:00:00-05:00,11.65609947340333,11.778794945302378,11.623380628891665,11.762435913085938,5494800,0.0,0.0
2020-02-19 00:00:00-05:00,11.762435303238197,11.901490580222863,11.754255397514688,11.836052894592285,7303100,0.0,0.0
2020-02-20 00:00:00-05:00,11.795154146053488,11.99146720294522,11.754255397514688,11.836052894592285,9141800,0.0,0.0
2020-02-21 00:00:00-05:00,11.72971608052337,11.819692700331583,11.5252231245312,11.598840713500977,8480200,0.0,0.0
2020-02-24 00:00:00-05:00,11.23893255175252,11.46796522162695,11.132596122184829,11.214393615722656,11045100,0.0,0.0
2020-02-25 00:00:00-05:00,11.271652607208352,11.279832513458926,10.78904905952768,10.903565406799316,11244300,0.0,0.0
2020-02-26 00:00:00-05:00,10.993541663888498,11.09987810131685,10.641814287864163,10.666353225708008,10242600,0.0,0.0
2020-02-27 00:00:00-05:00,10.429143002327482,10.699073699981412,10.241009816723361,10.290087699890137,12311300,0.0,0.0
2020-02-28 00:00:00-05:00,10.044696628345847,10.470042471865117,9.864743337699025,10.461862564086914,23265400,0.0,0.0
2020-03-02 00:00:00-05:00,10.461859806790597,10.543657302856445,10.093772634651756,10.543657302856445,15540800,0.0,0.0
2020-03-03 00:00:00-05:00,10.322805349560495,10.903565433430101,10.163301077678726,10.298266410827637,15309400,0.0,0.0
2020-03-04 00:00:00-05:00,9.733867968278943,10.044697469158844,9.349421631469781,10.028338432312012,26220800,0.0,0.0
2020-03-05 00:00:00-05:00,9.652068379563165,9.791123662139217,9.51301309698711,9.643888473510742,17618300,0.0,0.0
2020-03-06 00:00:00-05:00,9.365777021754086,9.877009400453312,9.324878275442408,9.80748176574707,16163800,0.0,0.0
2020-03-09 00:00:00-04:00,9.1531044264466,9.41485594227082,8.793197164796544,9.11220645904541,14914600,0.0,0.0
2020-03-10 00:00:00-04:00,9.418153733720343,9.587663895148602,9.046057488074505,9.52564811706543,14684200,0.12,0.0
2020-03-11 00:00:00-04:00,9.2610462603314,9.277584221736001,8.6822310169182,8.7401123046875,16335600,0.0,0.0
2020-03-12 00:00:00-04:00,8.086878826629345,8.227448361909815,7.42537527035187,7.541138648986816,16073900,0.0,0.0
2020-03-13 00:00:00-04:00,8.012458026254663,8.177834474930204,7.392298709441432,8.153027534484863,13959100,0.0,0.0
2020-03-16 00:00:00-04:00,7.078085035531936,7.317879929185534,6.276012133901631,6.904440402984619,20677100,0.0,0.0
2020-03-17 00:00:00-04:00,7.02020255070508,7.1607720443909,6.350430605160847,6.838289737701416,16205300,0.0,0.0
2020-03-18 00:00:00-04:00,6.457925672410659,7.1690418031647765,6.143711522276668,7.05327844619751,16350700,0.0,0.0
2020-03-19 00:00:00-04:00,6.854827769519549,7.698244837670921,6.515807461621852,7.532868385314941,17683900,0.0,0.0
2020-03-20 00:00:00-04:00,7.739587112186057,7.82227532714605,7.1194278657058945,7.135965824127197,19963400,0.0,0.0
2020-03-23 00:00:00-04:00,7.061548191127229,7.2186548889215825,6.32893310567873,6.474463939666748,12308900,0.0,0.0
2020-03-24 00:00:00-04:00,6.838291317254053,7.417106595708305,6.79694719981301,7.392299652099609,12485900,0.0,0.0
2020-03-25 00:00:00-04:00,7.4419116385739,8.334940972116902,7.288938663475393,7.764394760131836,16421400,0.0,0.0
2020-03-26 00:00:00-04:00,7.904963056313014,8.773185317170746,7.822274846434558,8.707035064697266,13077200,0.0,0.0
2020-03-27 00:00:00-04:00,8.285327673335324,8.479643947760609,7.9215004842571775,8.119951248168945,12549000,0.0,0.0
2020-03-30 00:00:00-04:00,8.10341511829281,8.450704393974883,7.82227610573367,8.310134887695312,10077300,0.0,0.0
2020-03-31 00:00:00-04:00,8.343209643900298,8.401090924385484,8.000054873673422,8.028995513916016,9300000,0.0,0.0
2020-04-01 00:00:00-04:00,7.574211898924839,8.053801680222819,7.516330618325418,7.921501159667969,11509900,0.0,0.0
2020-04-02 00:00:00-04:00,7.855352288609906,8.17783545592349,7.524600928729393,7.756126880645752,8233400,0.0,0.0
2020-04-03 00:00:00-04:00,7.7395866028664635,7.9463063380895615,7.615555077161887,7.689974308013916,6826800,0.0,0.0
2020-04-06 00:00:00-04:00,8.227445944163376,8.40109056680122,7.946306956218936,8.128220558166504,10453600,0.0,0.0
2020-04-07 00:00:00-04:00,8.458972145495494,8.591273453433887,7.979382368510371,7.987651348114014,10484500,0.0,0.0
2020-04-08 00:00:00-04:00,8.095146468873027,8.533392177104195,8.070340316332153,8.458972930908203,5841500,0.0,0.0
2020-04-09 00:00:00-04:00,8.632615833521298,8.930292758225171,8.616078664689534,8.707035064697266,12500600,0.0,0.0
2020-04-13 00:00:00-04:00,8.665693648325888,8.764919846394665,8.413496028240328,8.566468238830566,6937300,0.0,0.0
2020-04-14 00:00:00-04:00,8.781457020357156,8.897220392388425,8.533393102332127,8.566468238830566,8921000,0.0,0.0
2020-04-15 00:00:00-04:00,8.27705716197885,8.297728817010956,7.735450968119067,7.871886730194092,16451900,0.0,0.0
2020-04-16 00:00:00-04:00,7.9215021725232635,7.9215021725232635,7.607288001742944,7.706513404846191,11236200,0.0,0.0
2020-04-17 00:00:00-04:00,7.847081904225472,8.10341475372457,7.830544733475406,8.028995513916016,9960300,0.0,0.0
2020-04-20 00:00:00-04:00,7.814007988865062,8.062071897264818,7.665170274683949,7.739588737487793,8651400,0.0,0.0
2020-04-21 00:00:00-04:00,7.582481258578245,7.632093561985846,7.42537379111637,7.483255863189697,7682100,0.0,0.0
2020-04-22 00:00:00-04:00,7.714781596710931,7.739587747806852,7.400567458060397,7.466717720031738,9059000,0.0,0.0
2020-04-23 00:00:00-04:00,7.491525071517821,7.838813571671506,7.491525071517821,7.665169715881348,8468600,0.0,0.0
2020-04-24 00:00:00-04:00,7.673437699152662,7.921501582727887,7.6403625672475215,7.880157470703125,9376500,0.0,0.0
2020-04-27 00:00:00-04:00,7.7809315894627264,8.04553262819292,7.756125439225095,7.987651348114014,6455000,0.0,0.0
2020-04-28 00:00:00-04:00,8.12821972867255,8.293595355123902,8.06206947809201,8.103413581848145,8553000,0.0,0.0
2020-04-29 00:00:00-04:00,8.34320997919027,8.624348990399298,8.334940999196279,8.525123596191406,10508100,0.0,0.0
2020-04-30 00:00:00-04:00,8.450700853818333,8.46723801838467,8.260518335580906,8.318400382995605,8172900,0.0,0.0
2020-05-01 00:00:00-04:00,8.111684126963215,8.119952318452768,7.7313197183768745,7.838813304901123,6454100,0.0,0.0
2020-05-04 00:00:00-04:00,7.731320725798075,7.822277152621854,7.541138102436697,7.756126880645752,6867500,0.0,0.0
2020-05-05 00:00:00-04:00,7.880156377896172,8.0372638240882,7.764393826568613,7.780930995941162,5361900,0.0,0.0
2020-05-06 00:00:00-04:00,7.830544335834643,7.904963571864134,7.60728662774617,7.731318950653076,8741200,0.0,0.0
2020-05-07 00:00:00-04:00,7.822275769251832,8.053801680222819,7.814006789573828,7.921501159667969,7816100,0.0,0.0
2020-05-08 00:00:00-04:00,8.070339127900874,8.500315792442628,8.028995020705468,8.475509643554688,7173500,0.0,0.0
2020-05-11 00:00:00-04:00,8.334939201677281,8.369667963874413,7.98765000255963,8.045531272888184,7776300,0.0,0.0
2020-05-12 00:00:00-04:00,8.095146166837429,8.210909521997912,7.838813304901122,7.838813304901123,8668300,0.0,0.0
2020-05-13 00:00:00-04:00,7.814006054297239,7.814006054297239,7.4501796570064736,7.508060932159424,9420800,0.0,0.0
2020-05-14 00:00:00-04:00,7.408833946822116,7.607284666009559,7.127695033686707,7.5824785232543945,8108800,0.0,0.0
2020-05-15 00:00:00-04:00,7.47498710013437,7.565943518071464,7.350955549440752,7.532868385314941,6691300,0.0,0.0
2020-05-18 00:00:00-04:00,7.79747004167786,8.293597020665413,7.772663101298471,8.26052188873291,11822200,0.0,0.0
2020-05-19 00:00:00-04:00,8.210908223436459,8.425896151057792,7.987650528486761,8.301864624023438,8220800,0.0,0.0
2020-05-20 00:00:00-04:00,8.351477049532518,8.516852668730822,8.30599845853805,8.500314712524414,7696000,0.0,0.0
2020-05-21 00:00:00-04:00,8.475511810603221,8.640887493095422,8.438302183470793,8.566468238830566,11153900,0.0,0.0
2020-05-22 00:00:00-04:00,7.77266026533243,7.98764893873869,7.466715209441856,7.5824785232543945,28856500,0.0,0.0
2020-05-26 00:00:00-04:00,7.814008847117045,7.8966970885235055,7.7147834305734,7.789202690124512,22433200,0.0,0.0
2020-05-27 00:00:00-04:00,7.896694581905461,8.07033920288086,7.830544325207525,8.07033920288086,14601600,0.0,0.0
2020-05-28 00:00:00-04:00,8.070339005173976,8.12822028122338,7.830544133375127,7.929769515991211,16005300,0.0,0.0
2020-05-29 00:00:00-04:00,7.871888843210526,8.066205133820292,7.756125493666852,8.028995513916016,23813800,0.0,0.0
2020-06-01 00:00:00-04:00,7.995919966952365,8.210908695507289,7.896694581905461,8.07033920288086,11042300,0.0,0.0
2020-06-02 00:00:00-04:00,8.161295347833452,8.260520729708762,8.103414072216163,8.227445602416992,10944300,0.0,0.0
2020-06-03 00:00:00-04:00,8.293597687978007,8.636752505103376,8.252253572592444,8.549930572509766,11925600,0.0,0.0
2020-06-04 00:00:00-04:00,8.43416548096143,8.707035482656268,8.376284204411997,8.665691375732422,13596000,0.0,0.0
2020-06-05 00:00:00-04:00,9.23624048567606,9.409885144680405,9.062595826671712,9.186627388000488,16560200,0.0,0.0
2020-06-08 00:00:00-04:00,9.476036974203007,9.682756802795069,9.327198445273183,9.583531379699707,17123900,0.0,0.0
2020-06-09 00:00:00-04:00,9.357933424058647,9.36628891313858,9.123985307583586,9.207538604736328,13803600,0.12,0.0
2020-06-10 00:00:00-04:00,9.115630636723155,9.182472961715801,8.8566168265825,8.940169334411621,12908400,0.0,0.0
2020-06-11 00:00:00-04:00,8.405429320156635,8.530758459223879,8.096282623054066,8.146414756774902,21903500,0.0,0.0
2020-06-12 00:00:00-04:00,8.514048219703653,8.580891336061217,8.196547600327566,8.480627059936523,14444900,0.0,0.0
2020-06-15 00:00:00-04:00,8.263390514039191,8.593424390867707,8.221613862120511,8.530759811401367,15890400,0.0,0.0
2020-06-16 00:00:00-04:00,8.864973238374585,8.973592236753072,8.622669564091352,8.697867393493652,12433400,0.0,0.0
2020-06-17 00:00:00-04:00,8.722932167535784,8.76470882363485,8.355299346875572,8.388720512390137,15294900,0.0,0.0
2020-06-18 00:00:00-04:00,8.305168137027298,8.560005050836486,8.221615612227756,8.472274780273438,13211300,0.0,0.0
2020-06-19 00:00:00-04:00,8.63937954576205,8.664445220383417,8.13806127239417,8.204903602600098,26732700,0.0,0.0
2020-06-22 00:00:00-04:00,8.179837474202932,8.200725402424743,8.029441841171067,8.112995147705078,11991600,0.0,0.0
2020-06-23 00:00:00-04:00,8.238325895398873,8.355300387682906,8.06286455538459,8.079575538635254,16645400,0.0,0.0
2020-06-24 00:00:00-04:00,7.987666895873566,8.012732571963635,7.72865225353127,7.745363235473633,16171700,0.0,0.0
2020-06-25 00:00:00-04:00,7.678519948712433,7.954245567401971,7.494703932017353,7.912468910217285,14374000,0.0,0.0
2020-06-26 00:00:00-04:00,7.853982436028098,7.9542467468680496,7.7879759612840065,7.937535762786865,13084400,0.0,0.0
2020-06-29 00:00:00-04:00,8.004376411437988,8.05450855624812,7.845626080382154,8.004376411437988,9435900,0.0,0.0
2020-06-30 00:00:00-04:00,7.9709532308303475,8.154769986204442,7.945887563177627,8.129703521728516,10092000,0.0,0.0
2020-07-01 00:00:00-04:00,8.121353367492256,8.15477454197479,7.8122073043229046,7.870694160461426,9192700,0.0,0.0
2020-07-02 00:00:00-04:00,8.012731308385819,8.142238210722473,7.837270009777978,7.862335681915283,9605700,0.0,0.0
2020-07-06 00:00:00-04:00,8.02108704203174,8.079573877739007,7.8957570838861155,8.012731552124023,8967700,0.0,0.0
2020-07-07 00:00:00-04:00,7.920825263983383,7.954247234193385,7.565725595562015,7.578258037567139,10733300,0.0,0.0
2020-07-08 00:00:00-04:00,7.628388627814643,7.7286521273616,7.494703961752034,7.695230960845947,8795900,0.0,0.0
2020-07-09 00:00:00-04:00,7.695231221973587,7.71194140738672,7.477993233838428,7.503058910369873,9402800,0.0,0.0
2020-07-10 00:00:00-04:00,7.519768246847982,7.749538624550122,7.494702575802351,7.737006187438965,7315100,0.0,0.0
2020-07-13 00:00:00-04:00,7.8372716565140115,8.004377500579908,7.599145729117168,7.8874030113220215,13827800,0.0,0.0
2020-07-14 00:00:00-04:00,7.8456269230697275,8.008555016761566,7.732830182749151,7.945890426635742,8845400,0.0,0.0
2020-07-15 00:00:00-04:00,8.154771697705629,8.250857441226607,7.9667771587964324,8.054508209228516,8162600,0.0,0.0
2020-07-16 00:00:00-04:00,8.00437582363972,8.313521769600527,7.9709546618283715,8.121350288391113,11771400,0.0,0.0
2020-07-17 00:00:00-04:00,8.154773369616166,8.179839047668624,8.025265639894133,8.079575538635254,7209900,0.0,0.0
2020-07-20 00:00:00-04:00,8.021089562571586,8.0670431778577,7.833094964689585,7.979312896728516,7194800,0.0,0.0
2020-07-21 00:00:00-04:00,8.021086196411797,8.213257663089427,8.012730707384954,8.07121753692627,13268300,0.0,0.0
2020-07-22 00:00:00-04:00,8.037795797732448,8.196546890495739,7.979308972410833,8.146414756774902,9564700,0.0,0.0
2020-07-23 00:00:00-04:00,8.154772253357367,8.305167097908987,8.058686503289275,8.204903602600098,7476300,0.0,0.0
2020-07-24 00:00:00-04:00,8.188194543571147,8.225793459081244,8.037798881530762,8.037798881530762,9185400,0.0,0.0
2020-07-27 00:00:00-04:00,7.996019152435624,8.163125733622925,7.912466658665205,8.146414756774902,5465100,0.0,0.0
2020-07-28 00:00:00-04:00,8.112995877655344,8.138061553141425,7.920823574066162,7.920823574066162,7919300,0.0,0.0
2020-07-29 00:00:00-04:00,7.937533841442364,8.201561270155905,7.853980534908353,8.112995147705078,10821000,0.0,0.0
2020-07-30 00:00:00-04:00,8.01273320346521,8.079575542855705,7.812206185293722,8.037798881530762,9499500,0.0,0.0
2020-07-31 00:00:00-04:00,8.021087594423866,8.271745934330575,7.8957576276470816,8.24668025970459,24918200,0.0,0.0
2020-08-03 00:00:00-04:00,8.246680513270876,8.355299502421166,8.112995848723891,8.263391494750977,9723800,0.0,0.0
2020-08-04 00:00:00-04:00,8.26338969706914,8.4555611613431,8.246678719224477,8.321876525878906,7913500,0.0,0.0
2020-08-05 00:00:00-04:00,8.397074332533336,8.472272139187766,8.246678719224477,8.321876525878906,6730100,0.0,0.0
2020-08-06 00:00:00-04:00,8.24667952441696,8.555825473318242,8.221613852025873,8.447206497192383,11467900,0.0,0.0
2020-08-07 00:00:00-04:00,8.430499076843262,8.472275742399024,8.330235557603604,8.430499076843262,7961100,0.0,0.0
2020-08-10 00:00:00-04:00,8.447206507564006,8.643556532534795,8.447206507564006,8.530759811401367,12021500,0.0,0.0
2020-08-11 00:00:00-04:00,8.672799944532759,8.856616734768643,8.43885180948377,8.488983154296875,9680100,0.0,0.0
2020-08-12 00:00:00-04:00,8.5892484743575,8.622669643642023,8.372011272419872,8.472274780273438,7467700,0.0,0.0
2020-08-13 00:00:00-04:00,8.363654262489291,8.38036444568609,7.979310487082313,8.029441833496094,11949500,0.0,0.0
2020-08-14 00:00:00-04:00,7.979312029601884,8.146417877990833,7.862337537317849,8.079575538635254,8041500,0.0,0.0
2020-08-17 00:00:00-04:00,8.11299577844518,8.12135126911285,7.8790476175145265,7.904113292694092,8931000,0.0,0.0
2020-08-18 00:00:00-04:00,7.853982442269789,7.962601448413076,7.820561270904438,7.895759105682373,6092700,0.0,0.0
2020-08-19 00:00:00-04:00,7.94589200225304,8.050333272113916,7.853983174808333,7.870694160461426,5024100,0.0,0.0
2020-08-20 00:00:00-04:00,7.795493018819877,7.837269668444806,7.6952295378140345,7.737006187438965,6993700,0.0,0.0
2020-08-21 00:00:00-04:00,7.720295314922238,7.820558797305514,7.620031832538961,7.795493125915527,8433800,0.0,0.0
2020-08-24 00:00:00-04:00,7.853982049795128,8.188194543571147,7.853982049795128,8.037798881530762,10576500,0.0,0.0
2020-08-25 00:00:00-04:00,8.046152230285381,8.14641571266866,7.774605199227759,7.795493125915527,15471100,0.0,0.0
2020-08-26 00:00:00-04:00,8.438853710289152,8.589248575427437,8.037798877332131,8.079575538635254,27301800,0.0,0.0
2020-08-27 00:00:00-04:00,8.079571210742044,8.1129923625175,7.87068881293966,7.996017932891846,10944400,0.0,0.0
2020-08-28 00:00:00-04:00,8.012732691598949,8.229970679152318,7.972626971797253,8.21325969696045,10162600,0.0,0.0
2020-08-31 00:00:00-04:00,8.213260217346415,8.271747065076662,8.021088690905007,8.079575538635254,9873000,0.0,0.0
2020-09-01 00:00:00-04:00,8.079574742132566,8.112995908515623,7.83309334124873,7.912468910217285,13312500,0.0,0.0
2020-09-02 00:00:00-04:00,7.945890356478449,8.271746540985015,7.9208238831906455,8.21325969696045,12537100,0.0,0.0
2020-09-03 00:00:00-04:00,8.22996742898804,8.438849842953998,7.895755088548602,7.954242706298828,11362100,0.0,0.0
2020-09-04 00:00:00-04:00,8.02108704203174,8.163127183169424,7.870691410986341,8.012731552124023,14867800,0.0,0.0
2020-09-08 00:00:00-04:00,7.911198701481463,8.19041740323535,7.851969929619378,7.978888034820557,13464300,0.12,0.0
2020-09-09 00:00:00-04:00,8.105805509481174,8.105805509481174,7.8942761364635645,8.004271507263184,10452400,0.0,0.0
2020-09-10 00:00:00-04:00,8.021193178459088,8.080421949697161,7.767358584572036,7.80120325088501,9993000,0.0,0.0
2020-09-11 00:00:00-04:00,7.843508396328442,7.847738273082612,7.699668379074581,7.818124294281006,10212700,0.0,0.0
2020-09-14 00:00:00-04:00,7.885816475299153,8.012734610742028,7.8435112370722235,7.928122520446777,10829000,0.0,0.0
2020-09-15 00:00:00-04:00,7.877353345065837,7.987347896920293,7.839277997531435,7.851969242095947,6831300,0.0,0.0
2020-09-16 00:00:00-04:00,7.919659069539804,8.1819558350132,7.860431106044724,8.01273250579834,12250500,0.0,0.0
2020-09-17 00:00:00-04:00,7.885812726353307,8.156570802426254,7.860429434100325,8.148109436035156,10690500,0.0,0.0
2020-09-18 00:00:00-04:00,8.131188127244489,8.148110862990315,7.9746568561978695,8.038115501403809,15150900,0.0,0.0
2020-09-21 00:00:00-04:00,7.868894465334106,7.885816399077176,7.695440408134025,7.809665679931641,17300400,0.0,0.0
2020-09-22 00:00:00-04:00,7.8519700395022785,7.919659373788638,7.758897406588663,7.877354145050049,9640500,0.0,0.0
2020-09-23 00:00:00-04:00,7.877352755276117,8.029653327090308,7.665823421220501,7.674283981323242,9145800,0.0,0.0
2020-09-24 00:00:00-04:00,7.631978315141041,7.813892854011022,7.475446262019982,7.725050926208496,11040300,0.0,0.0
2020-09-25 00:00:00-04:00,7.682747535112911,7.758898246155229,7.547368851891282,7.708130836486816,10650500,0.0,0.0
2020-09-28 00:00:00-04:00,7.835045440881823,8.038113374578744,7.818122709613626,8.021190643310547,13486300,0.0,0.0
2020-09-29 00:00:00-04:00,8.038117055488899,8.088884465621264,7.885815632012409,7.936583042144775,7812300,0.0,0.0
2020-09-30 00:00:00-04:00,7.953505824767075,8.071962589796286,7.86889454139252,7.928122520446777,8426600,0.0,0.0
2020-10-01 00:00:00-04:00,7.97888985888647,7.991581107463601,7.741976331117984,7.809665679931641,8777900,0.0,0.0
2020-10-02 00:00:00-04:00,7.657364569550252,8.000041977348085,7.657364569550252,7.970427989959717,9227000,0.0,0.0
2020-10-05 00:00:00-04:00,8.046576516691168,8.283489158308496,8.038115149189016,8.26656723022461,12705100,0.0,0.0
2020-10-06 00:00:00-04:00,8.300413746906331,8.380794335365582,8.055039682991538,8.088884353637695,10266900,0.0,0.0
2020-10-07 00:00:00-04:00,8.173493801541774,8.283489158308496,8.169263117790699,8.26656723022461,6407500,0.0,0.0
2020-10-08 00:00:00-04:00,8.291951054506317,8.520402343187572,8.291951054506317,8.452713012695312,14149100,0.0,0.0
2020-10-09 00:00:00-04:00,8.503481140540249,8.528864439913411,8.241184357282435,8.300413131713867,7921100,0.0,0.0
2020-10-12 00:00:00-04:00,8.317334004763984,8.410406628578317,8.220030697105303,8.401946067810059,6836100,0.0,0.0
2020-10-13 00:00:00-04:00,8.325795629539108,8.423098940202351,8.207338899000948,8.275028228759766,7553100,0.0,0.0
2020-10-14 00:00:00-04:00,8.275027204900882,8.401945287685592,8.241182544209032,8.258105278015137,6670000,0.0,0.0
2020-10-15 00:00:00-04:00,8.181953565981381,8.359638214111328,8.139647543679915,8.359638214111328,7045900,0.0,0.0
2020-10-16 00:00:00-04:00,8.427327317624629,8.486555263222838,8.00426871896259,8.021190643310547,15983300,0.0,0.0
2020-10-19 00:00:00-04:00,8.063498724918572,8.110035440876777,7.902736771394555,7.911198139190674,9550300,0.0,0.0
2020-10-20 00:00:00-04:00,7.95350277616279,8.080420862957537,7.894274819810807,7.902736186981201,7226000,0.0,0.0
2020-10-21 00:00:00-04:00,7.911198772167389,7.945043439139336,7.803741167783962,7.885814666748047,8303300,0.0,0.0
2020-10-22 00:00:00-04:00,7.885814767881935,8.038116174669181,7.805434187118018,8.004271507263184,8137500,0.0,0.0
2020-10-23 00:00:00-04:00,8.046574740212842,8.088880761463095,7.945040773364382,8.021190643310547,7365700,0.0,0.0
2020-10-26 00:00:00-04:00,7.919658508853789,7.95350317230067,7.576981190589075,7.665823936462402,13766000,0.0,0.0
2020-10-27 00:00:00-04:00,7.615057986106483,7.644671971389604,7.437373267487175,7.445834636688232,12446100,0.0,0.0
2020-10-28 00:00:00-04:00,7.251224984280264,7.344298403471756,7.073540319456904,7.082001686096191,13043500,0.0,0.0
2020-10-29 00:00:00-04:00,7.073541916530183,7.27661072712054,7.010083266248423,7.217381954193115,12799100,0.0,0.0
2020-10-30 00:00:00-04:00,7.141230714824113,7.3189154064223185,7.107386050087333,7.310454845428467,12125000,0.0,0.0
2020-11-02 00:00:00-05:00,7.437371633234595,7.589673017705331,7.31468503446015,7.538905620574951,11066300,0.0,0.0
2020-11-03 00:00:00-05:00,7.6489019979444235,7.9027374036942755,7.631980067918706,7.885814666748047,12712100,0.0,0.0
2020-11-04 00:00:00-05:00,7.860431109083237,7.860431109083237,7.4627556800842285,7.4627556800842285,21370400,0.0,0.0
2020-11-05 00:00:00-05:00,7.593903983932201,7.92811993716475,7.581211932447256,7.851969242095947,11201000,0.0,0.0
2020-11-06 00:00:00-05:00,7.826586705551122,7.906968092248579,7.691208037589411,7.775819301605225,10262100,0.0,0.0
2020-11-09 00:00:00-05:00,8.080421692312743,8.427329712700834,8.029654291000123,8.232722282409668,19918800,0.0,0.0
2020-11-10 00:00:00-05:00,8.266569080551319,8.461175735137598,8.249646341759156,8.385025024414062,14920600,0.0,0.0
2020-11-11 00:00:00-05:00,8.393486670125734,8.418869972229004,8.207340571886965,8.418869972229004,10516000,0.0,0.0
2020-11-12 00:00:00-05:00,8.36810041643156,8.383330230937545,8.063497670949106,8.181954383850098,14316100,0.0,0.0
2020-11-13 00:00:00-05:00,8.266566587130075,8.613474558526546,8.232721119754464,8.579629898071289,10676200,0.0,0.0
2020-11-16 00:00:00-05:00,8.86731026459217,9.07037906071998,8.740392973067692,8.99422836303711,13695600,0.0,0.0
2020-11-17 00:00:00-05:00,8.833463958060186,8.909614641590757,8.67270203154478,8.867308616638184,8297000,0.0,0.0
2020-11-18 00:00:00-05:00,8.909613903809996,9.1549878599118,8.875769248034583,8.884230613708496,9211700,0.0,0.0
2020-11-19 00:00:00-05:00,8.858847690045794,8.934998370420443,8.757313718519686,8.87576961517334,9531500,0.0,0.0
2020-11-20 00:00:00-05:00,8.867310086308182,8.88000213797363,8.748854165112439,8.85884952545166,7702100,0.0,0.0
2020-11-23 00:00:00-05:00,8.960384850985871,9.39190498875994,8.884234143505676,9.366520881652832,10197000,0.0,0.0
2020-11-24 00:00:00-05:00,9.510357614529168,9.882649653202002,9.421515691365142,9.755731582641602,12346000,0.0,0.0
2020-11-25 00:00:00-05:00,9.679584060151505,9.704968166698626,9.459594118520291,9.510360717773438,10258100,0.0,0.0
2020-11-27 00:00:00-05:00,9.476515031148894,9.662661091225663,9.349597739731369,9.493437767028809,5332900,0.0,0.0
2020-11-30 00:00:00-05:00,9.544202984783123,9.637276404862789,9.260753655024796,9.341135025024414,18573800,0.0,0.0
2020-12-01 00:00:00-05:00,9.42574632650562,9.641506319133509,9.311520305657865,9.476512908935547,17306400,0.0,0.0
2020-12-02 00:00:00-05:00,9.400364611612968,9.747273445129395,9.307291982281527,9.747273445129395,20679400,0.0,0.0
2020-12-03 00:00:00-05:00,9.74727349230068,10.018030820335536,9.620355389593975,9.823423385620117,13842100,0.0,0.0
2020-12-04 00:00:00-05:00,9.908035531218504,10.441089630126953,9.89111279462435,10.441089630126953,12847700,0.0,0.0
2020-12-07 00:00:00-05:00,10.305710007434502,10.407243996803263,10.119563956798231,10.221097946166992,9026200,0.0,0.0
2020-12-08 00:00:00-05:00,10.169821983193453,10.38347371237833,10.075815515758107,10.340744018554688,8063400,0.12,0.0
2020-12-09 00:00:00-05:00,10.289467841508348,10.571488075182092,10.280921576241456,10.366382598876953,10536800,0.0,0.0
2020-12-10 00:00:00-05:00,10.229644115824986,10.468933803120231,10.186913610768116,10.357834815979004,7837200,0.0,0.0
2020-12-11 00:00:00-05:00,10.238189309013784,10.396291929268909,10.221097596428043,10.246735572814941,6710000,0.0,0.0
2020-12-14 00:00:00-05:00,10.229645131144807,10.468934842190198,10.118546132976705,10.144184112548828,9494500,0.0,0.0
2020-12-15 00:00:00-05:00,10.25528286199463,10.409112365729879,10.097180225931549,10.400566101074219,10241400,0.0,0.0
2020-12-16 00:00:00-05:00,10.42620542722224,10.486028472525096,10.246737921347194,10.392021179199219,13599800,0.0,0.0
2020-12-17 00:00:00-05:00,10.392019447951157,10.473207329111702,10.306559249639143,10.409111976623535,7487100,0.0,0.0
2020-12-18 00:00:00-05:00,10.392019057021182,10.537302285204586,10.280920069879956,10.357834815979004,24725600,0.0,0.0
2020-12-21 00:00:00-05:00,10.127091324350822,10.144183037248261,9.879255374713527,9.973261833190918,12089600,0.0,0.0
2020-12-22 00:00:00-05:00,10.041630883343121,10.079233305859704,9.896347647914698,9.921985626220703,6655600,0.0,0.0
2020-12-23 00:00:00-05:00,9.96471694242915,10.14845756774253,9.96471694242915,10.041631698608398,6112800,0.0,0.0
2020-12-24 00:00:00-05:00,10.10999883839761,10.114271970393853,9.964715610591734,10.050176620483398,2539900,0.0,0.0
2020-12-28 00:00:00-05:00,10.058723486813797,10.30228632006854,10.037357825553164,10.075815200805664,6552900,0.0,0.0
2020-12-29 00:00:00-05:00,10.118545060393807,10.127091324350822,9.88780082365395,9.973261833190918,5716800,0.0,0.0
2020-12-30 00:00:00-05:00,9.964713277408752,10.101450209205941,9.93907530645088,9.981805801391602,4647500,0.0,0.0
2020-12-31 00:00:00-05:00,9.973265672101157,10.152733209196175,9.947627685378126,10.127095222473145,5700700,0.0,0.0
2021-01-04 00:00:00-05:00,10.169823332436433,10.25528436145527,9.853618829093575,9.887803077697754,8007200,0.0,0.0
2021-01-05 00:00:00-05:00,9.887801838816394,10.144184078732996,9.887801838816394,10.067269325256348,10969100,0.0,0.0
2021-01-06 00:00:00-05:00,10.221098372343974,10.468934336275545,10.186914129560883,10.289466857910156,9752200,0.0,0.0
2021-01-07 00:00:00-05:00,10.392019727056093,10.460388213548569,10.208279113976321,10.229644775390625,10019700,0.0,0.0
2021-01-08 00:00:00-05:00,10.238192111804079,10.28092262749113,10.054452279878323,10.152731895446777,10151100,0.0,0.0
2021-01-11 00:00:00-05:00,9.998900522216033,10.323651240563617,9.973262543535517,10.229644775390625,7677800,0.0,0.0
2021-01-12 00:00:00-05:00,10.289466509182327,10.451841453144686,10.212551761772987,10.374927520751953,7112400,0.0,0.0
2021-01-13 00:00:00-05:00,10.392019836418559,10.464661455958353,10.272375391305948,10.400566101074219,9528500,0.0,0.0
2021-01-14 00:00:00-05:00,10.460388500053755,10.733863268530653,10.392020011688698,10.665493965148926,9784700,0.0,0.0
2021-01-15 00:00:00-05:00,10.810778558974617,11.007338598873908,10.562942553895873,10.716772079467773,12836900,0.0,0.0
2021-01-19 00:00:00-05:00,10.75950092181287,10.815050011294637,10.48602697664113,10.520211219787598,9202800,0.0,0.0
2021-01-20 00:00:00-05:00,10.511664604429946,10.614217330446749,10.477480362424345,10.545848846435547,4825400,0.0,0.0
2021-01-21 00:00:00-05:00,10.545849375809821,10.554395640494377,10.38774673921219,10.4774808883667,7016600,0.0,0.0
2021-01-22 00:00:00-05:00,10.332197014967141,10.392019234055914,10.084361059435158,10.374927520751953,10126800,0.0,0.0
2021-01-25 00:00:00-05:00,10.323651592466808,10.511665344238281,10.122819258426452,10.511665344238281,9483500,0.0,0.0
2021-01-26 00:00:00-05:00,10.554396389907234,10.588580636056042,10.268103022779709,10.443297386169434,5967600,0.0,0.0
2021-01-27 00:00:00-05:00,10.332195920692941,11.238078635309966,10.306557945943993,11.169710159301758,20717800,0.0,0.0
2021-01-28 00:00:00-05:00,11.195349569350363,11.203895018062461,10.733861923217773,10.733861923217773,10760900,0.0,0.0
2021-01-29 00:00:00-05:00,10.691132078713505,10.862053288741508,10.409111878413144,10.545848846435547,11396500,0.0,0.0
2021-02-01 00:00:00-05:00,10.622762851906039,10.70822304343593,10.409111150556466,10.580032348632812,7227000,0.0,0.0
2021-02-02 00:00:00-05:00,10.682586386287971,10.725316894836455,10.468934658562212,10.55439567565918,6689400,0.0,0.0
2021-02-03 00:00:00-05:00,10.511664791740996,10.973152474548327,10.486026813534098,10.870599746704102,7341800,0.0,0.0
2021-02-04 00:00:00-05:00,10.887692718323567,11.097071330404782,10.81932422519569,11.075706481933594,6223600,0.0,0.0
2021-02-05 00:00:00-05:00,11.101342634409237,11.280810103060922,11.045793548524554,11.229534149169922,7572100,0.0,0.0
2021-02-08 00:00:00-05:00,11.186806444659144,11.56283318905197,11.178260178532382,11.537195205688477,9014800,0.0,0.0
2021-02-09 00:00:00-05:00,11.597014216250907,11.695294619367367,11.461132208664804,11.622653007507324,5811000,0.0,0.0
2021-02-10 00:00:00-05:00,11.86194272281513,12.084140690933763,11.695294654234441,11.93031120300293,17178600,0.0,0.0
2021-02-11 00:00:00-05:00,11.88758234881862,12.195241367375358,11.83630638907029,12.126872062683105,12300800,0.0,0.0
2021-02-12 00:00:00-05:00,12.152510537072452,12.306339227277167,12.069613562148337,12.289247512817383,7384300,0.0,0.0
2021-02-16 00:00:00-05:00,12.331977593767768,12.460168300328291,12.126871322247641,12.220878601074219,14379400,0.0,0.0
2021-02-17 00:00:00-05:00,12.195238922865558,12.21233063435011,11.827757753257693,11.964494705200195,12412200,0.0,0.0
2021-02-18 00:00:00-05:00,11.887583377160935,11.97304440415659,11.827761147274028,11.91322135925293,7934500,0.0,0.0
2021-02-19 00:00:00-05:00,12.032863446186987,12.165327269421644,11.97731436386811,12.075593948364258,8411700,0.0,0.0
2021-02-22 00:00:00-05:00,12.007227330264426,12.554175234778107,11.991843890689145,12.366162300109863,13819400,0.0,0.0
2021-02-23 00:00:00-05:00,12.391800279379774,12.42598452341188,12.114053194741837,12.366162300109863,13425200,0.0,0.0
2021-02-24 00:00:00-05:00,12.408891494197844,12.712276525962434,12.391798966484389,12.682365417480469,8254700,0.0,0.0
2021-02-25 00:00:00-05:00,12.62254457515697,12.725097307556316,12.310612430548543,12.383254051208496,14550100,0.0,0.0
2021-02-26 00:00:00-05:00,12.391798414215197,12.618269506225774,12.229423483256896,12.443075180053711,16808800,0.0,0.0
2021-03-01 00:00:00-05:00,12.67381977788659,12.797738164863128,12.434530083227816,12.47726058959961,14610700,0.0,0.0
2021-03-02 00:00:00-05:00,12.485805430507817,12.519989670936349,12.272153724075343,12.391798973083496,13984100,0.0,0.0
2021-03-03 00:00:00-05:00,12.793463832397839,12.870378573647338,12.152508742007397,12.443075180053711,24620000,0.0,0.0
2021-03-04 00:00:00-05:00,12.408893798200706,12.537084519786912,11.524374885195645,11.998682022094727,20112900,0.0,0.0
2021-03-05 00:00:00-05:00,12.06705049078063,12.408893772668364,11.955951485293372,12.306340217590332,14684100,0.0,0.0
2021-03-08 00:00:00-05:00,12.34906787312504,12.784917528827659,12.302065054188397,12.656726837158203,11783800,0.0,0.0
2021-03-09 00:00:00-05:00,12.613648145713153,13.08752087071323,12.510257688167263,12.803196907043457,14777900,0.12,0.0
2021-03-10 00:00:00-05:00,12.966900312302332,13.156449913304906,12.729963105630516,13.053058624267578,10269100,0.0,0.0
2021-03-11 00:00:00-05:00,13.009980308892409,13.397694779729724,12.952253572412497,13.354615211486816,11714400,0.0,0.0
2021-03-12 00:00:00-05:00,13.48385030108408,13.750942911516832,13.44938681796446,13.621705055236816,14179700,0.0,0.0
2021-03-15 00:00:00-04:00,13.492470447232378,13.906032369417135,13.492470447232378,13.828489303588867,11627300,0.0,0.0
2021-03-16 00:00:00-04:00,13.785410673130487,13.80695004863745,13.419235537790557,13.561397552490234,10772400,0.0,0.0
2021-03-17 00:00:00-04:00,13.595859523056248,13.811257362365723,13.509701209006872,13.811257362365723,10421400,0.0,0.0
2021-03-18 00:00:00-04:00,13.716480148080477,13.871566241093033,13.384768592103306,13.423540115356445,13271100,0.0,0.0
2021-03-19 00:00:00-04:00,13.371845593836134,13.402001041104077,13.156448602865893,13.165063858032227,20384800,0.0,0.0
2021-03-22 00:00:00-04:00,13.139215684324107,13.294301771730582,13.018593080599707,13.216758728027344,8064600,0.0,0.0
2021-03-23 00:00:00-04:00,13.165063454827905,13.208143016037425,12.613647700703776,12.71703815460205,9228200,0.0,0.0
2021-03-24 00:00:00-04:00,12.84627601655632,13.078905154083154,12.691189924871766,12.71703815460205,7796500,0.0,0.0
2021-03-25 00:00:00-04:00,12.648110836435954,13.294301771730582,12.622262607418698,13.216758728027344,12559000,0.0,0.0
2021-03-26 00:00:00-04:00,13.328768810187801,13.811258532090871,13.285689238677342,13.794026374816895,11838900,0.0,0.0
2021-03-29 00:00:00-04:00,13.725097033475413,13.846579941704602,13.475236547606888,13.492467880249023,9186400,0.0,0.0
2021-03-30 00:00:00-04:00,13.518314573275317,13.656169335474713,13.483851088144043,13.595857620239258,8423500,0.0,0.0
2021-03-31 00:00:00-04:00,13.595861046306082,13.716483685498796,13.526934058674389,13.561397552490234,11860200,0.0,0.0
2021-04-01 00:00:00-04:00,13.595858738627758,13.630322226593982,13.389077810830418,13.526931762695312,12195000,0.0,0.0
2021-04-05 00:00:00-04:00,13.552779603419205,13.802640926197927,13.423541724862424,13.707865715026855,12192800,0.0,0.0
2021-04-06 00:00:00-04:00,13.664784616494558,13.759559817041565,13.604473722818682,13.716480255126953,9396400,0.0,0.0
2021-04-07 00:00:00-04:00,13.699248313903809,13.802639592770213,13.595857856711719,13.699248313903809,7076700,0.0,0.0
2021-04-08 00:00:00-04:00,13.699251527753619,13.742331100442053,13.475239228787874,13.561397552490234,7950300,0.0,0.0
2021-04-09 00:00:00-04:00,13.570012484134368,13.664786878696955,13.501085502329863,13.604475975036621,10800600,0.0,0.0
2021-04-12 00:00:00-04:00,13.613092075392156,13.699250391951148,13.54416509347519,13.63032341003418,8039300,0.0,0.0
2021-04-13 00:00:00-04:00,13.613089907217695,13.630321239115261,13.397692917615117,13.501083374023438,8504500,0.0,0.0
2021-04-14 00:00:00-04:00,13.458003679714162,13.750943714167141,13.458003679714162,13.595857620239258,7802200,0.0,0.0
2021-04-15 00:00:00-04:00,13.707866254065527,13.790579288401835,13.608783821830787,13.647555351257324,10702500,0.0,0.0
2021-04-16 00:00:00-04:00,13.725098263287029,13.854336145543355,13.699250029496229,13.742329597473145,9283800,0.0,0.0
2021-04-19 00:00:00-04:00,13.742329013683314,13.815564029630636,13.66909399773599,13.750945091247559,9789700,0.0,0.0
2021-04-20 00:00:00-04:00,13.794025187828604,13.819873421515306,13.492469034879054,13.570012092590332,6549300,0.0,0.0
2021-04-21 00:00:00-04:00,13.570011594389603,13.871567736268014,13.501084617104432,13.776792526245117,33335900,0.0,0.0
2021-04-22 00:00:00-04:00,13.785407066345215,14.164506220807311,13.69924794351084,13.785407066345215,29016000,0.0,0.0
2021-04-23 00:00:00-04:00,13.81987318695216,14.198970747829785,13.742329308882612,14.147275924682617,19607700,0.0,0.0
2021-04-26 00:00:00-04:00,14.121426909558844,14.302361245579146,13.944801433849031,13.983572959899902,15533900,0.0,0.0
2021-04-27 00:00:00-04:00,14.026654412319054,14.069733158605791,13.862952218401556,13.957727432250977,9498600,0.0,0.0
2021-04-28 00:00:00-04:00,13.966338097922364,14.030957843263243,13.85433240179301,13.914643287658691,8810300,0.0,0.0
2021-04-29 00:00:00-04:00,14.078347364443465,14.17742978240639,13.957725576201398,14.104195594787598,9696400,0.0,0.0
2021-04-30 00:00:00-04:00,14.078348827172464,14.078348827172464,13.6949424089829,13.802640914916992,12526000,0.0,0.0
2021-05-03 00:00:00-04:00,13.819873070270155,13.949110948721309,13.664786137114865,13.802640914916992,8367300,0.0,0.0
2021-05-04 00:00:00-04:00,13.785408374222046,13.837103195487732,13.574319407092695,13.673401832580566,8524800,0.0,0.0
2021-05-05 00:00:00-04:00,13.707865525100713,13.83710340186687,13.544164159751958,13.750945091247559,7480600,0.0,0.0
2021-05-06 00:00:00-04:00,13.80263948083382,14.112810028220363,13.703556241196587,14.104195594787598,8715700,0.0,0.0
2021-05-07 00:00:00-04:00,14.078348992486767,14.267897773550974,13.949972227291177,14.198970794677734,8737600,0.0,0.0
2021-05-10 00:00:00-04:00,14.216204449410862,14.422985407836778,14.112813148523415,14.13866138458252,8074300,0.0,0.0
2021-05-11 00:00:00-04:00,13.80264021797925,14.018037218971376,13.716481088912657,13.931878089904785,6875200,0.0,0.0
2021-05-12 00:00:00-04:00,14.026653929538588,14.026653929538588,13.470929247483358,13.509700775146484,9243100,0.0,0.0
2021-05-13 00:00:00-04:00,13.518317650694945,13.906032152102831,13.458006743404125,13.845721244812012,7398100,0.0,0.0
2021-05-14 00:00:00-04:00,13.949112349476765,14.078350240905854,13.794026222422277,14.00942325592041,7242500,0.0,0.0
2021-05-17 00:00:00-04:00,14.078350241549833,14.310979432142204,14.009423256561234,14.2506685256958,10354200,0.0,0.0
2021-05-18 00:00:00-04:00,14.216202698950887,14.310977909482169,14.052500510764705,14.069732666015625,7610800,0.0,0.0
2021-05-19 00:00:00-04:00,13.888801574707031,13.906032088605036,13.621708889100384,13.888801574707031,7144700,0.0,0.0
2021-05-20 00:00:00-04:00,13.880184173583984,13.983573820516938,13.690634570299961,13.880184173583984,7911700,0.0,0.0
2021-05-21 00:00:00-04:00,13.957726371431793,14.095580321090734,13.914645985070432,13.983572959899902,6660900,0.0,0.0
2021-05-24 00:00:00-04:00,14.08696497696681,14.17312411082493,13.992189765387998,14.0955810546875,5594500,0.0,0.0
2021-05-25 00:00:00-04:00,14.052502422276193,14.112813330509512,13.802642710545445,13.828489303588867,8726200,0.0,0.0
2021-05-26 00:00:00-04:00,13.862950586677085,14.043883271803482,13.819871845460888,13.992188453674316,9778900,0.0,0.0
2021-05-27 00:00:00-04:00,14.086967099832098,14.250669314497097,13.957729201243536,14.078351020812988,15351900,0.0,0.0
2021-05-28 00:00:00-04:00,14.121427388091915,14.151582837892393,13.71648160266496,13.750945091247559,11684900,0.0,0.0
2021-06-01 00:00:00-04:00,13.906030022053121,13.983573074791975,13.69063384019705,13.862951278686523,11694200,0.0,0.0
2021-06-02 00:00:00-04:00,13.673403779927893,13.949112545416968,13.591552675980006,13.845721244812012,18204000,0.0,0.0
2021-06-03 00:00:00-04:00,13.776791362216455,13.802639592770213,13.638937419293669,13.699248313903809,9960800,0.0,0.0
2021-06-04 00:00:00-04:00,13.716483582630989,13.983575452282093,13.664787931457662,13.974959373474121,10221300,0.0,0.0
2021-06-07 00:00:00-04:00,13.983572276600636,14.056808108161968,13.638937419293669,13.699248313903809,8055800,0.0,0.0
2021-06-08 00:00:00-04:00,13.69924794351084,13.854334035942998,13.57001008093357,13.785407066345215,7095000,0.0,0.0
2021-06-09 00:00:00-04:00,13.76817637160313,13.776792449134145,13.445080859259415,13.48385238647461,9019400,0.0,0.0
2021-06-10 00:00:00-04:00,13.561396749563762,13.621708476426509,13.40889561358098,13.466622352600098,6340500,0.0,0.0
2021-06-11 00:00:00-04:00,13.492468104246058,13.690633773803711,13.48385202694478,13.690633773803711,7602300,0.0,0.0
2021-06-14 00:00:00-04:00,13.742329518808045,13.828487832594263,13.483852934100568,13.544164657592773,8249000,0.0,0.0
2021-06-15 00:00:00-04:00,13.57889472047467,13.674398155546294,13.492072813685873,13.570212364196777,7527200,0.12,0.0
2021-06-16 00:00:00-04:00,13.561529085494854,13.639668630690885,13.448660945544477,13.50943660736084,7864900,0.0,0.0
2021-06-17 00:00:00-04:00,13.518118535188693,13.578894198804013,12.69331376436254,12.806181907653809,15591100,0.0,0.0
2021-06-18 00:00:00-04:00,12.615173473175611,12.654243244626885,12.42416662163048,12.545716285705566,23705400,0.0,0.0
2021-06-21 00:00:00-04:00,12.623855838652503,12.927731655071977,12.589127244889847,12.788816452026367,7972900,0.0,0.0
2021-06-22 00:00:00-04:00,12.745407010980443,12.819205380163723,12.584786738759764,12.68463134765625,9002400,0.0,0.0
2021-06-23 00:00:00-04:00,12.710676655641139,12.710676655641139,12.51532781484948,12.554397583007812,9421700,0.0,0.0
2021-06-24 00:00:00-04:00,12.69331169128418,12.69331169128418,12.576102389163427,12.69331169128418,6649600,0.0,0.0
2021-06-25 00:00:00-04:00,12.667265740485394,12.845249872302091,12.658583385763867,12.797497749328613,7595700,0.0,0.0
2021-06-28 00:00:00-04:00,12.780133813192872,12.797497694566703,12.563079914053024,12.615172386169434,6312800,0.0,0.0
2021-06-29 00:00:00-04:00,12.693311922338966,12.76711028116631,12.554397559368649,12.615172386169434,5964100,0.0,0.0
2021-06-30 00:00:00-04:00,12.589124560986034,12.701992673650803,12.545713621038844,12.658581733703613,7333900,0.0,0.0
2021-07-01 00:00:00-04:00,12.780133454303478,12.85827298827871,12.671606507781188,12.762768745422363,8281900,0.0,0.0
2021-07-02 00:00:00-04:00,12.79749818713395,12.806180542152502,12.658583818816911,12.771451950073242,4434500,0.0,0.0
2021-07-06 00:00:00-04:00,12.771452061043382,12.788815943236411,12.415483782139251,12.458894729614258,7866600,0.0,0.0
2021-07-07 00:00:00-04:00,12.458893423709576,12.6499002477869,12.415482480784778,12.537032127380371,7674400,0.0,0.0
2021-07-08 00:00:00-04:00,12.285249691860297,12.510985933405577,12.18193249191891,12.415482521057129,7951200,0.0,0.0
2021-07-09 00:00:00-04:00,12.580442207397635,12.693310320062404,12.519667388268454,12.658581733703613,5304600,0.0,0.0
2021-07-12 00:00:00-04:00,12.58912606987658,12.641219369655898,12.502304179576019,12.563079833984375,5872300,0.0,0.0
2021-07-13 00:00:00-04:00,12.493624604879674,12.51098848885568,11.88153258381594,11.946648597717285,15287300,0.0,0.0
2021-07-14 00:00:00-04:00,12.059515282200625,12.346026371091368,11.990058098711652,12.163701057434082,10422500,0.0,0.0
2021-07-15 00:00:00-04:00,12.05951535976132,12.276569266559074,12.042150649779927,12.21579360961914,12683100,0.0,0.0
2021-07-16 00:00:00-04:00,12.337343068197328,12.363389303005652,11.998738703709584,12.033467292785645,9645700,0.0,0.0
2021-07-19 00:00:00-04:00,11.773004912793123,11.933624348929198,11.703546897064427,11.868508338928223,13289600,0.0,0.0
2021-07-20 00:00:00-04:00,11.885870157022625,12.163699687687236,11.868506277103188,12.128971099853516,9144700,0.0,0.0
2021-07-21 00:00:00-04:00,12.215793352942983,12.37641360491617,12.120289934036853,12.354707717895508,12163400,0.0,0.0
2021-07-22 00:00:00-04:00,12.311298638760082,12.337344877387919,12.089903540435984,12.172384262084961,9795400,0.0,0.0
2021-07-23 00:00:00-04:00,12.20711082049735,12.29132700561595,12.13765281574817,12.241839408874512,6787300,0.0,0.0
2021-07-26 00:00:00-04:00,12.450211296984891,12.736722366330161,12.450211296984891,12.528350830078125,11046900,0.0,0.0
2021-07-27 00:00:00-04:00,12.363388688913933,12.502303038318272,12.215791985673112,12.450210571289062,6485200,0.0,0.0
2021-07-28 00:00:00-04:00,12.589126173815783,12.632537119324477,12.333002506108903,12.554397583007812,6465900,0.0,0.0
2021-07-29 00:00:00-04:00,12.70199502738517,12.745405975376595,12.56308065620858,12.632537841796875,6440900,0.0,0.0
2021-07-30 00:00:00-04:00,12.537032335267213,12.6499004575453,12.497963396781415,12.589125633239746,8153700,0.0,0.0
2021-08-02 00:00:00-04:00,12.667267190777597,12.910367354848765,12.571762933896236,12.580445289611816,7937000,0.0,0.0
2021-08-03 00:00:00-04:00,12.658584827533927,12.919049702881356,12.441530902743573,12.893003463745117,5425500,0.0,0.0
2021-08-04 00:00:00-04:00,12.762769286429895,12.85827353333462,12.628196098876334,12.72804069519043,10097200,0.0,0.0
2021-08-05 00:00:00-04:00,12.832225069537795,12.884318364713614,12.70633425052139,12.754085540771484,4851100,0.0,0.0
2021-08-06 00:00:00-04:00,12.840906029959323,13.005866595458064,12.823542152114861,12.91036319732666,3664000,0.0,0.0
2021-08-09 00:00:00-04:00,12.901682895595666,12.901682895595666,12.719357595270521,12.780133247375488,4391000,0.0,0.0
2021-08-10 00:00:00-04:00,12.762769977779056,12.875638112420027,12.701995146816598,12.866955757141113,6880000,0.0,0.0
2021-08-11 00:00:00-04:00,12.927732133391519,13.26633572810682,12.79749928096677,13.188196182250977,6561100,0.0,0.0
2021-08-12 00:00:00-04:00,13.205561637878418,13.240290234882899,13.053623715485667,13.205561637878418,3993000,0.0,0.0
2021-08-13 00:00:00-04:00,13.196875602338068,13.196875602338068,12.98850407840519,13.005867958068848,5144900,0.0,0.0
2021-08-16 00:00:00-04:00,12.936413421039955,13.04928155984841,12.728041854622036,13.023235321044922,6356800,0.0,0.0
2021-08-17 00:00:00-04:00,12.953778266906738,12.988506861670764,12.719359631253306,12.953778266906738,7973000,0.0,0.0
2021-08-18 00:00:00-04:00,12.893002436348127,12.988505857567354,12.76276959505469,12.771451950073242,6290200,0.0,0.0
2021-08-19 00:00:00-04:00,12.658584451620671,12.7019954008886,12.389438056550492,12.484941482543945,7395200,0.0,0.0
2021-08-20 00:00:00-04:00,12.502302681091654,12.667264087292013,12.458892569139275,12.658581733703613,3944800,0.0,0.0
2021-08-23 00:00:00-04:00,12.701993920328245,12.849590633838153,12.632536740793572,12.762768745422363,5114400,0.0,0.0
2021-08-24 00:00:00-04:00,12.82354447993989,12.936411776404265,12.706335178232772,12.884319305419922,4760200,0.0,0.0
2021-08-25 00:00:00-04:00,12.884320379477693,13.222056214362187,12.858274141814263,13.118738174438477,5934300,0.0,0.0
2021-08-26 00:00:00-04:00,13.222921926861071,13.493805406635545,13.114394987232881,13.127418518066406,11897500,0.0,0.0
2021-08-27 00:00:00-04:00,13.110056356780696,13.448659922888913,13.014552107472266,13.387885093688965,9472400,0.0,0.0
2021-08-30 00:00:00-04:00,13.431294687402978,13.49206951047885,13.222922327723813,13.292380332946777,6611800,0.0,0.0
2021-08-31 00:00:00-04:00,13.327108779574152,13.48338701267496,13.305402894424834,13.422612190246582,10701500,0.0,0.0
2021-09-01 00:00:00-04:00,13.457340482119042,13.48338671572975,13.205558015895964,13.318426132202148,8202900,0.0,0.0
2021-09-02 00:00:00-04:00,13.379202222148226,13.444318226347884,13.231605504365046,13.361838340759277,11008100,0.0,0.0
2021-09-03 00:00:00-04:00,13.522457403593545,13.795945773164467,13.36183798603148,13.439976692199707,14355200,0.0,0.0
2021-09-07 00:00:00-04:00,13.370519094931408,13.439976272463918,13.00586849888829,13.040597915649414,12803000,0.0,0.0
2021-09-08 00:00:00-04:00,12.988508194610842,13.049283034686125,12.597811256421695,12.623857498168945,11716200,0.0,0.0
2021-09-09 00:00:00-04:00,12.58044397542397,12.801839055073659,12.554397738993103,12.72804069519043,8603500,0.0,0.0
2021-09-10 00:00:00-04:00,12.736797036274954,12.820833387066287,12.504820710281887,12.526705741882324,7289700,0.12,0.0
2021-09-13 00:00:00-04:00,12.56171832350324,12.587979521088366,12.369134259946,12.517949104309082,15522900,0.0,0.0
2021-09-14 00:00:00-04:00,12.60548583883144,12.614239849032444,12.00147332704437,12.03648853302002,12737500,0.0,0.0
2021-09-15 00:00:00-04:00,12.036490675577621,12.141536312203241,11.943700321483565,12.02773666381836,16081300,0.0,0.0
2021-09-16 00:00:00-04:00,12.03648992903155,12.124028371537708,11.935821304529389,11.9577054977417,8015300,0.0,0.0
2021-09-17 00:00:00-04:00,11.826398745424868,11.909559348033147,11.686337904370438,11.861413955688477,26241800,0.0,0.0
2021-09-20 00:00:00-04:00,11.616307858429435,11.730106669334436,11.449984978192607,11.62506103515625,10765500,0.0,0.0
2021-09-21 00:00:00-04:00,11.686339774249973,11.738862180635032,11.371201996625238,11.388710021972656,9342300,0.0,0.0
2021-09-22 00:00:00-04:00,11.449983396095073,11.633813439213368,11.449983396095073,11.520013809204102,7783300,0.0,0.0
2021-09-23 00:00:00-04:00,11.598798480308576,11.905182170323556,11.572537283539072,11.765120506286621,6825700,0.0,0.0
2021-09-24 00:00:00-04:00,11.695091859533372,11.88767594622067,11.686338682505987,11.738861083984375,5792300,0.0,0.0
2021-09-27 00:00:00-04:00,11.738859894558118,12.417280717737153,11.738859894558118,12.255334854125977,12385400,0.0,0.0
2021-09-28 00:00:00-04:00,12.25533492664644,12.55296462272326,12.246580915625724,12.412903785705566,10810800,0.0,0.0
2021-09-29 00:00:00-04:00,12.404151176852345,12.46980459727231,12.255336311991876,12.334120750427246,9832400,0.0,0.0
2021-09-30 00:00:00-04:00,12.45667124714058,12.885608572225081,12.447918071597597,12.4741792678833,19163700,0.0,0.0
2021-10-01 00:00:00-04:00,12.552964446257441,12.868101325117154,12.535456424462131,12.798070907592773,9176400,0.0,0.0
2021-10-04 00:00:00-04:00,12.824333728475748,13.17010968923787,12.771811326099561,12.999410629272461,13567100,0.0,0.0
2021-10-05 00:00:00-04:00,13.08694723253318,13.262023284958776,12.938132379264307,13.156977653503418,13139800,0.0,0.0
2021-10-06 00:00:00-04:00,12.95564028178782,13.058059541929266,12.649256566762668,12.876855850219727,14791800,0.0,0.0
2021-10-07 00:00:00-04:00,13.008163062252873,13.086947496138432,12.91187144018635,12.9293794631958,10950800,0.0,0.0
2021-10-08 00:00:00-04:00,13.025672302958755,13.183241185460098,12.92938067189047,12.981903076171875,7742500,0.0,0.0
2021-10-11 00:00:00-04:00,12.999409322177247,13.200746569088988,12.95564010137908,13.008162498474121,7033700,0.0,0.0
2021-10-12 00:00:00-04:00,13.034423985085597,13.034423985085597,12.815578725103272,12.868101119995117,8642400,0.0,0.0
2021-10-13 00:00:00-04:00,12.850594417247347,12.977524238706366,12.710533579156658,12.88560962677002,8427700,0.0,0.0
2021-10-14 00:00:00-04:00,12.92062660152344,13.1832411262364,12.903118576955915,13.174487113952637,6386100,0.0,0.0
2021-10-15 00:00:00-04:00,13.235761773569715,13.384576623328039,13.235761773569715,13.262022972106934,7634300,0.0,0.0
2021-10-18 00:00:00-04:00,13.156978394664872,13.428346917332682,13.130717194028799,13.227008819580078,7891600,0.0,0.0
2021-10-19 00:00:00-04:00,13.314548059085638,13.520262340140892,13.2138794216434,13.454608917236328,9861900,0.0,0.0
2021-10-20 00:00:00-04:00,13.463363553778343,13.708470066905898,13.401211398997422,13.55965518951416,8391300,0.0,0.0
2021-10-21 00:00:00-04:00,13.489624757192,13.699716054158477,13.384579108708763,13.55965518951416,9633200,0.0,0.0
2021-10-22 00:00:00-04:00,13.533390716330134,13.734727951904576,13.445852279663086,13.445852279663086,11745200,0.0,0.0
2021-10-25 00:00:00-04:00,13.489622116088867,13.568406545733417,13.437099719544793,13.489622116088867,9772600,0.0,0.0
2021-10-26 00:00:00-04:00,13.524638960560734,13.533392972652612,12.911872306214565,13.02567195892334,18426700,0.0,0.0
2021-10-27 00:00:00-04:00,13.008161292707522,13.008161292707522,12.671140243906585,12.763054847717285,11529700,0.0,0.0
2021-10-28 00:00:00-04:00,12.789316128207389,13.052806330526499,12.675516497861185,12.920623779296875,11965200,0.0,0.0
2021-10-29 00:00:00-04:00,12.938132837734276,13.213878360550696,12.815580014107866,12.824333190917969,16770800,0.0,0.0
2021-11-01 00:00:00-04:00,12.894362192631366,13.148223493188919,12.859346984766256,13.09570026397705,9549000,0.0,0.0
2021-11-02 00:00:00-04:00,13.130714771401633,13.353937022694865,13.086945555197957,13.340806007385254,12287200,0.0,0.0
2021-11-03 00:00:00-04:00,13.28828635895963,13.520261833518566,13.227009109693418,13.375823974609375,8439900,0.0,0.0
2021-11-04 00:00:00-04:00,13.332054151575024,13.44585379816272,13.253270551471385,13.367070198059082,8520300,0.0,0.0
2021-11-05 00:00:00-04:00,13.428345373544085,13.585914228902666,13.41959136272896,13.533390998840332,8812400,0.0,0.0
2021-11-08 00:00:00-05:00,13.568408592383465,13.699715438378329,13.489624150855118,13.515885353088379,6074500,0.0,0.0
2021-11-09 00:00:00-05:00,13.480867798331532,13.655944675704179,13.454606600657005,13.594667434692383,4894200,0.0,0.0
2021-11-10 00:00:00-05:00,13.594668220346234,13.92731313781846,13.559653009813815,13.760991096496582,9485700,0.0,0.0
2021-11-11 00:00:00-05:00,13.813515228246679,13.962330100390364,13.769746000881728,13.95357608795166,4824700,0.0,0.0
2021-11-12 00:00:00-05:00,13.37582377112895,13.437101019462977,12.754303119707965,12.815580368041992,19128800,0.0,0.0
2021-11-15 00:00:00-05:00,12.798070703587046,12.925001355094436,12.618617657187812,12.868101119995117,10511500,0.0,0.0
2021-11-16 00:00:00-05:00,12.894361663112104,12.968769081123401,12.728039641290108,12.763054847717285,7700000,0.0,0.0
2021-11-17 00:00:00-05:00,12.754302613652609,12.872479264863037,12.640502968208693,12.736795425415039,7534000,0.0,0.0
2021-11-18 00:00:00-05:00,12.736796633866655,12.819958081663712,12.526705346111681,12.789319038391113,6270200,0.0,0.0
2021-11-19 00:00:00-05:00,12.736794886221277,12.771810096042588,12.548587820371065,12.596734046936035,7238700,0.0,0.0
2021-11-22 00:00:00-05:00,12.684272150034397,13.113208695824124,12.640502927339254,12.9293794631958,10326200,0.0,0.0
2021-11-23 00:00:00-05:00,12.885610136149431,12.986278763153075,12.810326973544031,12.964394569396973,9195800,0.0,0.0
2021-11-24 00:00:00-05:00,13.016916509599444,13.165731359416144,12.95564010137908,13.008162498474121,10158300,0.0,0.0
2021-11-26 00:00:00-05:00,12.640502329399391,12.724539500143928,12.456672270638384,12.631749153137207,6651800,0.0,0.0
2021-11-29 00:00:00-05:00,12.736796633866655,12.87685749236997,12.544212536010312,12.789319038391113,12343500,0.0,0.0
2021-11-30 00:00:00-05:00,12.763057159120748,12.815580395687714,12.351627782969839,12.56171989440918,24941000,0.0,0.0
2021-12-01 00:00:00-05:00,12.281598137820586,12.745550780018577,12.13278326539158,12.439167022705078,22221700,0.0,0.0
2021-12-02 00:00:00-05:00,12.509195941528597,13.231385185291414,12.447919531399776,13.121962547302246,14524900,0.0,0.0
2021-12-03 00:00:00-05:00,13.235763207034843,13.69096181673081,13.0431791156382,13.279532432556152,19438800,0.0,0.0
2021-12-06 00:00:00-05:00,13.445851929517548,13.603420777483597,13.222629673175108,13.235760688781738,12473700,0.0,0.0
2021-12-07 00:00:00-05:00,13.393333706199007,13.664701434587931,13.209503604620307,13.54214859008789,14903100,0.0,0.0
2021-12-08 00:00:00-05:00,13.612176072255426,13.83102134404465,13.542145652069152,13.638437271118164,11366600,0.0,0.0
2021-12-09 00:00:00-05:00,13.603151417711837,13.686958357447374,13.497290418665681,13.567864418029785,8569000,0.12,0.0
2021-12-10 00:00:00-05:00,13.717834279216833,13.770764357708376,13.338498404357576,13.41789436340332,9774300,0.0,0.0
2021-12-13 00:00:00-05:00,13.382606384420145,13.43553645903742,12.888587587244814,13.047379493713379,10867600,0.0,0.0
2021-12-14 00:00:00-05:00,12.897410006236774,13.17970599107431,12.83565796988066,12.853301048278809,13978400,0.0,0.0
2021-12-15 00:00:00-05:00,12.91505346586182,13.073844531022017,12.791548556240896,13.047379493713379,10934700,0.0,0.0
2021-12-16 00:00:00-05:00,13.179706100986243,13.395839912651875,13.047380067317215,13.188528060913086,11932500,0.0,0.0
2021-12-17 00:00:00-05:00,13.197349269315252,13.369373271550739,13.056201283757071,13.303210258483887,17967500,0.0,0.0
2021-12-20 00:00:00-05:00,13.144418440417954,13.197349356004136,12.875355406670922,13.100310325622559,11378300,0.0,0.0
2021-12-21 00:00:00-05:00,13.219402612898538,13.607560393536604,13.219402612898538,13.6031494140625,9422200,0.0,0.0
2021-12-22 00:00:00-05:00,13.60314962115988,13.726654524390133,13.479644717929627,13.717832565307617,6693800,0.0,0.0
2021-12-23 00:00:00-05:00,13.788407524778941,14.0045404896464,13.735476607870732,13.903090476989746,6735600,0.0,0.0
2021-12-27 00:00:00-05:00,13.894270031803122,14.088348959877221,13.85016106978967,14.04423999786377,4456300,0.0,0.0
2021-12-28 00:00:00-05:00,14.026593608845165,14.154509492049165,13.982485495900102,14.088346481323242,6010800,0.0,0.0
2021-12-29 00:00:00-05:00,14.088348092997801,14.304481068125368,14.061882212633135,14.176565170288086,5867300,0.0,0.0
2021-12-30 00:00:00-05:00,14.132456582074017,14.273604574088854,13.991307748750785,14.017773628234863,6608100,0.0,0.0
2021-12-31 00:00:00-05:00,14.026595994497502,14.119224057006367,13.894269950539561,13.911913871765137,4315900,0.0,0.0
2022-01-03 00:00:00-05:00,14.017774371389999,14.32212527112496,14.017774371389999,14.238317489624023,8569100,0.0,0.0
2022-01-04 00:00:00-05:00,14.40592942856711,14.96611121222505,14.40592942856711,14.847017288208008,16823500,0.0,0.0
2022-01-05 00:00:00-05:00,14.864661964507011,15.303103090514332,14.855840004950283,14.899948120117188,10922700,0.0,0.0
2022-01-06 00:00:00-05:00,15.08520283412729,15.129310940313493,14.794084958495729,14.970519065856934,8571700,0.0,0.0
2022-01-07 00:00:00-05:00,14.979343517202194,15.208709409308648,14.979343517202194,15.111669540405273,10482700,0.0,0.0
2022-01-10 00:00:00-05:00,15.173427020667184,15.292519293273953,14.767625208502496,14.996991157531738,15250000,0.0,0.0
2022-01-11 00:00:00-05:00,15.102851107068284,15.102851107068284,14.811733147444423,15.03227710723877,16455800,0.0,0.0
2022-01-12 00:00:00-05:00,15.120494369052814,15.266054200030785,14.96170243802848,15.129316329956055,7975700,0.0,0.0
2022-01-13 00:00:00-05:00,15.217529720123576,15.521879708784109,15.058737836434082,15.429251670837402,9726800,0.0,0.0
2022-01-14 00:00:00-05:00,15.323391827645386,15.526291823937031,15.146956024059984,15.49100399017334,8547000,0.0,0.0
2022-01-18 00:00:00-05:00,15.446902205709382,15.526298181571846,15.169016290190752,15.279288291931152,10282200,0.0,0.0
2022-01-19 00:00:00-05:00,15.261638962023092,15.332212950834355,14.745566984331335,14.767621040344238,11762000,0.0,0.0
2022-01-20 00:00:00-05:00,14.860248792676611,15.023452505716351,14.564720746163964,14.7058687210083,18906200,0.0,0.0
2022-01-21 00:00:00-05:00,14.714693249891845,14.72351521018757,14.21185329135373,14.238317489624023,10121400,0.0,0.0
2022-01-24 00:00:00-05:00,13.97807471977959,14.229493827673894,13.629614901545514,14.20302963256836,11759700,0.0,0.0
2022-01-25 00:00:00-05:00,14.044238666410546,14.105990702589938,13.585506851053934,14.017773628234863,11657100,0.0,0.0
2022-01-26 00:00:00-05:00,14.176564306332436,14.247138300387075,13.779585379448,13.973664283752441,10817100,0.0,0.0
2022-01-27 00:00:00-05:00,14.123635779623195,14.39710982623498,13.779586889912261,13.947200775146484,12857800,0.0,0.0
2022-01-28 00:00:00-05:00,13.867803943012406,14.238317008520585,13.828105964331456,14.22949504852295,11142100,0.0,0.0
2022-01-31 00:00:00-05:00,14.194208532362898,14.458860595135086,14.010715807330586,14.405930519104004,16818400,0.0,0.0
2022-02-01 00:00:00-05:00,14.432398080283653,14.873486024716605,14.370646037281755,14.829376220703125,10422500,0.0,0.0
2022-02-02 00:00:00-05:00,14.763213671758619,15.067563740112478,14.732337651024906,15.023455619812012,8890000,0.0,0.0
2022-02-03 00:00:00-05:00,14.961700361644857,15.12931423031099,14.847018251052297,14.864662170410156,7035100,0.0,0.0
2022-02-04 00:00:00-05:00,14.829371947179288,15.005807747154044,14.670580063725305,14.85583782196045,6702500,0.0,0.0
2022-02-07 00:00:00-05:00,14.996986096296206,15.041094205885761,14.811730016880244,14.935234069824219,6955400,0.0,0.0
2022-02-08 00:00:00-05:00,15.085206031799316,15.129314147335295,14.926414123682996,15.085206031799316,6457600,0.0,0.0
2022-02-09 00:00:00-05:00,15.164599512805648,15.279281604066817,15.085203571695423,15.261637687683105,8012200,0.0,0.0
2022-02-10 00:00:00-05:00,15.173424810097925,15.667442799241293,15.138136969564975,15.305750846862793,9406300,0.0,0.0
2022-02-11 00:00:00-05:00,15.305749794758734,15.513059954480527,15.067561935384692,15.173423767089844,8804600,0.0,0.0
2022-02-14 00:00:00-05:00,15.23517704951539,15.261641247647576,14.749979331483887,14.882307052612305,9019400,0.0,0.0
2022-02-15 00:00:00-05:00,15.005812125038446,15.411612227707822,14.961702320867657,15.332216262817383,7447100,0.0,0.0
2022-02-16 00:00:00-05:00,15.252821407130195,15.632155613036428,15.235177486125185,15.5615816116333,8063400,0.0,0.0
2022-02-17 00:00:00-05:00,15.385147469188325,15.473365391709734,15.164603504193263,15.208711624145508,8985800,0.0,0.0
2022-02-18 00:00:00-05:00,15.208709062352405,15.446896908254175,15.138135072746321,15.288105010986328,9652000,0.0,0.0
2022-02-22 00:00:00-05:00,15.155779439688681,15.36750141477775,14.785265562628634,14.94405746459961,11734200,0.0,0.0
2022-02-23 00:00:00-05:00,15.058740329888444,15.094028168825353,14.591188242291778,14.661762237548828,7846200,0.0,0.0
2022-02-24 00:00:00-05:00,14.238315888940214,14.3706435958828,13.894267889169548,14.335355758666992,11558400,0.0,0.0
2022-02-25 00:00:00-05:00,14.132455825805664,14.25595989155539,13.638437038881706,14.132455825805664,18758600,0.0,0.0
2022-02-28 00:00:00-05:00,13.894270031803122,14.097170079233132,13.744300065742474,14.04423999786377,18104500,0.0,0.0
2022-03-01 00:00:00-05:00,14.0618808300999,14.158919857971075,13.466412882683208,13.594327926635742,14194400,0.0,0.0
2022-03-02 00:00:00-05:00,14.308889210688903,15.155778755425969,14.247137181069697,14.988164901733398,20561000,0.0,0.0
2022-03-03 00:00:00-05:00,15.005814215608714,15.014636177671925,14.63530022203996,14.776448249816895,16233100,0.0,0.0
2022-03-04 00:00:00-05:00,14.423575679523793,14.5117936022429,14.203031714034491,14.48532772064209,10468300,0.0,0.0
2022-03-07 00:00:00-05:00,14.467683929435266,14.49414981127363,13.876626029313984,13.911913871765137,9691700,0.0,0.0
2022-03-08 00:00:00-05:00,14.194209098815918,14.622064910568422,14.176565178562509,14.194209098815918,12353300,0.0,0.0
2022-03-09 00:00:00-05:00,14.50297041204218,14.624709418803366,14.379464657660375,14.441218376159668,12569700,0.0,0.0
2022-03-10 00:00:00-05:00,14.28125280841502,14.552303620336438,14.20127054604338,14.538973808288574,10586400,0.12,0.0
2022-03-11 00:00:00-05:00,14.663390867268582,14.832242509442922,14.561191679780578,14.70782470703125,11139400,0.0,0.0
2022-03-14 00:00:00-04:00,14.778918148036103,14.929995558709424,14.365678740208338,14.503424644470215,10739100,0.0,0.0
2022-03-15 00:00:00-04:00,14.503424295234938,14.80557910930584,14.4012251220995,14.69005012512207,14246300,0.0,0.0
2022-03-16 00:00:00-04:00,14.814468870645692,14.97443341206915,14.645617221916222,14.894451141357422,11061500,0.0,0.0
2022-03-17 00:00:00-04:00,14.663391652725643,14.92999809566732,14.458993266800862,14.858902931213379,10839600,0.0,0.0
2022-03-18 00:00:00-04:00,14.752262416308069,15.196607659600224,14.61451478067217,15.14328670501709,25124800,0.0,0.0
2022-03-21 00:00:00-04:00,15.21437993121853,15.40544680197003,14.977987627549517,15.152170181274414,9128400,0.0,0.0
2022-03-22 00:00:00-04:00,15.285476356648452,15.37434404525765,15.094407775062159,15.2232666015625,12037600,0.0,0.0
2022-03-23 00:00:00-04:00,15.152167000751055,15.285471884750363,15.072184748368272,15.081071853637695,7361400,0.0,0.0
2022-03-24 00:00:00-04:00,15.161057288409287,15.241039557580784,15.045528285740664,15.152170181274414,13534300,0.0,0.0
2022-03-25 00:00:00-04:00,15.241037069381218,15.614287032898567,15.205490341687327,15.587627410888672,11028500,0.0,0.0
2022-03-28 00:00:00-04:00,15.463212599795582,15.507648136760125,15.187719050785088,15.445438385009766,6572600,0.0,0.0
2022-03-29 00:00:00-04:00,15.623174296997435,15.689826742782193,15.445435571599486,15.605400085449219,6015400,0.0,0.0
2022-03-30 00:00:00-04:00,15.552079583897783,15.654278760615481,15.28547318333354,15.356568336486816,4783700,0.0,0.0
2022-03-31 00:00:00-04:00,15.15216953613577,15.249926015414806,14.8322421681138,14.850014686584473,10402900,0.0,0.0
2022-04-01 00:00:00-04:00,15.00109233232108,15.00109233232108,14.272366517978412,14.476766586303711,8138800,0.0,0.0
2022-04-04 00:00:00-04:00,14.450103703950846,14.556745584989581,14.201269823123573,14.503424644470215,10025400,0.0,0.0
2022-04-05 00:00:00-04:00,14.370120819265649,14.512311117814061,13.987983756276018,14.041305541992188,8198500,0.0,0.0
2022-04-06 00:00:00-04:00,13.952436263231922,13.992427390872658,13.748037919753529,13.836906433105469,9878100,0.0,0.0
2022-04-07 00:00:00-04:00,14.210158532108608,14.299027906361061,13.868012543014174,14.219045639038086,14207800,0.0,0.0
2022-04-08 00:00:00-04:00,14.236817677010428,14.481207147571622,14.076853166812683,14.307912826538086,8942200,0.0,0.0
2022-04-11 00:00:00-04:00,14.236818780476364,14.414555820550497,14.041306680361057,14.050193786621094,6340600,0.0,0.0
2022-04-12 00:00:00-04:00,13.765812563527819,14.08574161440459,13.61473514450737,13.694717407226562,10502100,0.0,0.0
2022-04-13 00:00:00-04:00,13.721377053200069,13.823577075813652,13.610290772224442,13.756924629211426,10134300,0.0,0.0
2022-04-14 00:00:00-04:00,13.792473431251778,13.881341949958466,13.635175212392534,13.66805648803711,7197400,0.0,0.0
2022-04-18 00:00:00-04:00,13.721376028623219,13.996870357780844,13.685828455266202,13.961322784423828,8378800,0.0,0.0
2022-04-19 00:00:00-04:00,14.13906233568576,14.365679308176441,14.059080074223424,14.316801071166992,8929400,0.0,0.0
2022-04-20 00:00:00-04:00,14.405668581447754,14.8055798842506,14.405668581447754,14.681163787841797,9380700,0.0,0.0
2022-04-21 00:00:00-04:00,14.770032737151324,14.876674618190057,14.458990809877765,14.503424644470215,9459500,0.0,0.0
2022-04-22 00:00:00-04:00,14.441219057355607,14.441219057355607,13.979099640710047,13.99687385559082,7175600,0.0,0.0
2022-04-25 00:00:00-04:00,13.8457958153105,13.890230503053223,13.529422092913668,13.854682922363281,8561800,0.0,0.0
2022-04-26 00:00:00-04:00,13.748039909531757,13.86356975637905,13.552527795827016,13.57030200958252,6586000,0.0,0.0
2022-04-27 00:00:00-04:00,13.561413757076432,13.756925006743797,13.374788766014973,13.66805648803711,10787200,0.0,0.0
2022-04-28 00:00:00-04:00,13.916889823074582,14.059080134047736,13.801359983528618,13.952437400817871,10054600,0.0,0.0
2022-04-29 00:00:00-04:00,13.908002876130332,14.161280323914815,13.676944041911806,13.694717407226562,10581000,0.0,0.0
2022-05-02 00:00:00-04:00,13.69027340583351,13.828021008238672,13.32146697677409,13.66805648803711,7912100,0.0,0.0
2022-05-03 00:00:00-04:00,13.703606721283977,13.930222886322325,13.64584136778256,13.765814781188965,7605300,0.0,0.0
2022-05-04 00:00:00-04:00,13.828021808710126,14.316801656215027,13.78358712302402,14.299027442932129,9560000,0.0,0.0
2022-05-05 00:00:00-04:00,14.165723031520313,14.339018216609063,14.00131580037182,14.174610137939453,16828700,0.0,0.0
2022-05-06 00:00:00-04:00,14.139063175669417,14.17461075537328,13.83690832442601,13.943551063537598,11665700,0.0,0.0
2022-05-09 00:00:00-04:00,13.756925650437772,14.210157913868452,13.739152284873244,14.076854705810547,17107000,0.0,0.0
2022-05-10 00:00:00-04:00,14.219046182180495,14.610070426802329,14.112403437516685,14.414557456970215,20076800,0.0,0.0
2022-05-11 00:00:00-04:00,14.40566980795865,14.601182770438264,13.828022265060378,13.845795631408691,8743800,0.0,0.0
2022-05-12 00:00:00-04:00,13.836908201762213,13.930221127358356,13.58274339051728,13.881342887878418,13933100,0.0,0.0
2022-05-13 00:00:00-04:00,14.00575935358139,14.24570614177145,13.916889984432231,14.174610137939453,7308400,0.0,0.0
2022-05-16 00:00:00-04:00,14.085741982609083,14.28569764463395,13.996872611148888,14.192384719848633,6482600,0.0,0.0
2022-05-17 00:00:00-04:00,14.441219586044996,14.92999864786337,14.396785742258775,14.885564804077148,10950300,0.0,0.0
2022-05-18 00:00:00-04:00,14.70782369015271,14.778918845882957,13.908002764426854,14.005759239196777,13338700,0.0,0.0
2022-05-19 00:00:00-04:00,13.65917162454245,13.672502285921638,12.948219120555706,13.365903854370117,21103000,0.0,0.0
2022-05-20 00:00:00-04:00,13.152616779763122,13.152616779763122,12.027535028463646,12.583854675292969,24256000,0.0,0.0
2022-05-23 00:00:00-04:00,12.61940307356677,12.948218408479459,12.583855492698405,12.8948974609375,11306900,0.0,0.0
2022-05-24 00:00:00-04:00,12.761592317854978,12.992651997720369,12.450551223440282,12.9393310546875,13173400,0.0,0.0
2022-05-25 00:00:00-04:00,12.78825342831106,13.365901771031757,12.78825342831106,13.250371932983398,10757000,0.0,0.0
2022-05-26 00:00:00-04:00,13.294803819678158,13.481428773031752,13.223708680069258,13.410333633422852,12225600,0.0,0.0
2022-05-27 00:00:00-04:00,13.872454686326556,14.201269981602287,13.814690192199109,14.032419204711914,11996300,0.0,0.0
2022-05-31 00:00:00-04:00,13.925778268470172,14.076855700286776,13.672501646754448,13.863570213317871,19470600,0.0,0.0
2022-06-01 00:00:00-04:00,14.050194186971448,14.245706292657733,13.850238528028527,14.02353286743164,12804600,0.0,0.0
2022-06-02 00:00:00-04:00,13.179278534315754,13.343686630852309,12.646063956516274,13.294808387756348,23221200,0.0,0.0
2022-06-03 00:00:00-04:00,13.14372905909796,13.49031856949761,13.112625035252048,13.401449203491211,9442500,0.0,0.0
2022-06-06 00:00:00-04:00,13.552526979991073,13.70804795090503,13.410336668591267,13.525866508483887,9342400,0.0,0.0
2022-06-07 00:00:00-04:00,13.39256338251222,13.676944872508768,13.20593837400746,13.6325101852417,9358700,0.0,0.0
2022-06-08 00:00:00-04:00,13.588075364723226,13.588075364723226,13.303694725036621,13.303694725036621,6808000,0.0,0.0
2022-06-09 00:00:00-04:00,13.250371169818232,13.3747881069016,13.019311507029572,13.04597282409668,6899000,0.0,0.0
2022-06-10 00:00:00-04:00,12.884691683050564,12.992213346132987,12.683088030704633,12.750288963317871,8798800,0.12,0.0
2022-06-13 00:00:00-04:00,12.436684999701594,12.557647197658941,12.221641661892708,12.275402069091797,12877100,0.0,0.0
2022-06-14 00:00:00-04:00,12.239558593222045,12.409801835924736,12.145477475812186,12.248518943786621,10104800,0.0,0.0
2022-06-15 00:00:00-04:00,12.329161898904706,12.777169227895376,12.27988081927376,12.606925964355469,13743300,0.0,0.0
2022-06-16 00:00:00-04:00,12.302280618719449,12.329161673211253,11.858753473678483,11.961795806884766,11242200,0.0,0.0
2022-06-17 00:00:00-04:00,12.03347741119675,12.176839623101284,11.804993565534083,12.024517059326172,18452900,0.0,0.0
2022-06-21 00:00:00-04:00,12.41876264365271,12.56212570430974,12.302280637528586,12.45460319519043,10029000,0.0,0.0
2022-06-22 00:00:00-04:00,12.239560624351423,12.423243568876714,12.208200246677281,12.302281379699707,8189600,0.0,0.0
2022-06-23 00:00:00-04:00,12.320200180581944,12.418761474404414,12.020035269274796,12.203718185424805,8189100,0.0,0.0
2022-06-24 00:00:00-04:00,12.311240928749076,12.669647296877235,12.230599474557586,12.597966194152832,12053500,0.0,0.0
2022-06-27 00:00:00-04:00,12.687565736155259,12.76372700615432,12.562124247572843,12.660685539245605,6200800,0.0,0.0
2022-06-28 00:00:00-04:00,12.723407324770829,12.799568601002631,12.310345046482954,12.32020092010498,9494300,0.0,0.0
2022-06-29 00:00:00-04:00,12.382922355801064,12.382922355801064,11.925955527590881,11.970755577087402,8272800,0.0,0.0
2022-06-30 00:00:00-04:00,11.77363240855806,11.961795512844585,11.701951307354252,11.88115406036377,13551500,0.0,0.0
2022-07-01 00:00:00-04:00,11.845314489297333,11.916995596428732,11.406266639984766,11.612350463867188,12884700,0.0,0.0
2022-07-05 00:00:00-04:00,11.379384779776057,11.504827126224608,11.110580239961205,11.495866775512695,13734700,0.0,0.0
2022-07-06 00:00:00-04:00,11.451066697470768,11.545148677679133,11.253944094711967,11.442107200622559,10532500,0.0,0.0
2022-07-07 00:00:00-04:00,11.68403148651123,11.809473850337204,11.603390027944975,11.68403148651123,11056600,0.0,0.0
2022-07-08 00:00:00-04:00,11.737794101880176,11.916996889148043,11.612351723539524,11.818434715270996,8138400,0.0,0.0
2022-07-11 00:00:00-04:00,11.657150126111247,11.822912348232753,11.648189775048973,11.701951026916504,7588900,0.0,0.0
2022-07-12 00:00:00-04:00,11.773632257805513,12.006595406481901,11.666110607376536,11.755711555480957,10452200,0.0,0.0
2022-07-13 00:00:00-04:00,11.567549042796319,11.715391426479773,11.500348114668597,11.64819049835205,7631100,0.0,0.0
2022-07-14 00:00:00-04:00,11.424187199741034,11.701952127246873,11.351609716521962,11.657151222229004,8154800,0.0,0.0
2022-07-15 00:00:00-04:00,11.800512031187457,11.899073326899432,11.616829111516088,11.890113830566406,7955800,0.0,0.0
2022-07-18 00:00:00-04:00,11.988676004002121,12.0737976341935,11.764672343660914,11.791552543640137,6544700,0.0,0.0
2022-07-19 00:00:00-04:00,11.95283605206876,12.35604249000609,11.930435172207345,12.347082138061523,7146200,0.0,0.0
2022-07-20 00:00:00-04:00,12.320201708633364,12.593486456339573,12.261961131084362,12.463563919067383,8719100,0.0,0.0
2022-07-21 00:00:00-04:00,12.382922031473477,12.606925691113771,12.302280577281989,12.597966194152832,8386300,0.0,0.0
2022-07-22 00:00:00-04:00,12.526284627497821,12.60692608420375,12.261961087026195,12.338122367858887,8985400,0.0,0.0
2022-07-25 00:00:00-04:00,12.445645915240945,12.477006296609689,12.294218853051436,12.436685562133789,9531900,0.0,0.0
2022-07-26 00:00:00-04:00,12.427723596550228,12.597966865472202,12.311241584789453,12.347082138061523,6587300,0.0,0.0
2022-07-27 00:00:00-04:00,12.391883674989174,12.593487331488246,12.293322362093093,12.535245895385742,8790700,0.0,0.0
2022-07-28 00:00:00-04:00,12.51732348812125,12.687565876439464,12.432201866709113,12.615884780883789,6780700,0.0,0.0
2022-07-29 00:00:00-04:00,12.63380628193447,12.83988923107865,12.535244128425411,12.759247779846191,9064700,0.0,0.0
2022-08-01 00:00:00-04:00,12.64276635644753,12.938451121477753,12.633806859405821,12.920531272888184,7503600,0.0,0.0
2022-08-02 00:00:00-04:00,12.821970801041498,12.880211380867907,12.633807678862484,12.696528434753418,6823900,0.0,0.0
2022-08-03 00:00:00-04:00,12.75924889571126,12.89365161102164,12.624847034907072,12.78612995147705,7380000,0.0,0.0
2022-08-04 00:00:00-04:00,12.75028823615407,12.826449516640498,12.68308730737338,12.804049491882324,7153700,0.0,0.0
2022-08-05 00:00:00-04:00,12.651726484339163,12.938450892752831,12.597966085014669,12.866769790649414,9264600,0.0,0.0
2022-08-08 00:00:00-04:00,13.010133290112448,13.117654946910132,12.830929674276803,12.902610778808594,6772700,0.0,0.0
2022-08-09 00:00:00-04:00,12.857809499458266,12.893650048295878,12.499403156576054,12.624845504760742,10262900,0.0,0.0
2022-08-10 00:00:00-04:00,12.804051431895168,13.063895689188804,12.759250521084617,13.001174926757812,9706000,0.0,0.0
2022-08-11 00:00:00-04:00,13.11765676774184,13.296859553946042,13.081816210501001,13.144536972045898,8397900,0.0,0.0
2022-08-12 00:00:00-04:00,13.216218794149723,13.305820619302425,13.189338588406446,13.261019706726074,11828800,0.0,0.0
2022-08-15 00:00:00-04:00,13.153494376416575,13.359577320728047,13.104213300817703,13.314776420593262,7899100,0.0,0.0
2022-08-16 00:00:00-04:00,13.296858761550684,13.498461563576504,13.290586685769965,13.39542007446289,8315600,0.0,0.0
2022-08-17 00:00:00-04:00,13.350616620952534,13.493979668539032,13.234135479954245,13.377497673034668,11520600,0.0,0.0
2022-08-18 00:00:00-04:00,13.458141733505862,13.619423804785274,13.435740852421054,13.592543601989746,10958200,0.0,0.0
2022-08-19 00:00:00-04:00,13.467098968347871,13.520860219410832,13.265496199500486,13.314776420593262,11403200,0.0,0.0
2022-08-22 00:00:00-04:00,13.162454403573596,13.162454403573596,12.884690349648938,12.91157054901123,10733700,0.0,0.0
2022-08-23 00:00:00-04:00,12.965331802241945,13.108694004849012,12.902610197721756,12.91157054901123,11379300,0.0,0.0
2022-08-24 00:00:00-04:00,12.902610341701124,12.97429144380454,12.759248137494287,12.866769790649414,13000500,0.0,0.0
2022-08-25 00:00:00-04:00,12.992211413198724,13.301336682636537,12.992211413198724,13.287896156311035,9603100,0.0,0.0
2022-08-26 00:00:00-04:00,13.108694277767025,13.126614126212926,12.311240941029883,12.329161643981934,16798200,0.0,0.0
2022-08-29 00:00:00-04:00,12.203717906534889,12.508362986213692,12.136516987077753,12.293319702148438,13678800,0.0,0.0
2022-08-30 00:00:00-04:00,12.329161559933427,12.400842662240679,12.154438125366624,12.230599403381348,12077000,0.0,0.0
2022-08-31 00:00:00-04:00,12.284360902708253,12.369482533837967,12.123077992042719,12.185799598693848,25985300,0.0,0.0
2022-09-01 00:00:00-04:00,12.096198313187648,12.127558690611957,11.764672980478062,11.979716300964355,16665000,0.0,0.0
2022-09-02 00:00:00-04:00,12.167877700842546,12.203718249193093,11.809472217337081,11.863232612609863,16069500,0.0,0.0
2022-09-06 00:00:00-04:00,11.89011336291708,11.96089808094743,11.692989924740095,11.782590866088867,14080800,0.0,0.0
2022-09-07 00:00:00-04:00,11.74675141880458,11.943874875443408,11.666110820390008,11.908034324645996,9868000,0.0,0.0
2022-09-08 00:00:00-04:00,11.80947351898635,11.970755577087402,11.719871710980964,11.970755577087402,17411800,0.0,0.0
2022-09-09 00:00:00-04:00,12.043085467565055,12.196788582820837,12.015961642005465,12.14254093170166,12016700,0.12,0.0
2022-09-12 00:00:00-04:00,12.26912215243384,12.495156095476473,12.24199832069902,12.440908432006836,12058800,0.0,0.0
2022-09-13 00:00:00-04:00,12.169666426486932,12.251038776577827,11.83061554260886,11.916508674621582,12455800,0.0,0.0
2022-09-14 00:00:00-04:00,11.952673864869436,11.988839257379214,11.690474553610809,11.780887603759766,12622900,0.0,0.0
2022-09-15 00:00:00-04:00,11.78088839990702,12.015963898232357,11.717599174300597,11.81705379486084,12627200,0.0,0.0
2022-09-16 00:00:00-04:00,11.672392086074721,11.862260623047126,11.577458248714029,11.808012962341309,16887100,0.0,0.0
2022-09-19 00:00:00-04:00,11.654309094147864,11.853218320683434,11.591019010931122,11.73568058013916,7887400,0.0,0.0
2022-09-20 00:00:00-04:00,11.618141244298887,11.627181943773813,11.4553965822392,11.536768913269043,7748300,0.0,0.0
2022-09-21 00:00:00-04:00,11.627183518180196,11.735679686827574,11.374025791336315,11.392108917236328,8679600,0.0,0.0
2022-09-22 00:00:00-04:00,11.392110566274376,11.410192832540943,11.157035069051808,11.211282730102539,12333300,0.0,0.0
2022-09-23 00:00:00-04:00,11.05757861795815,11.09374487182483,10.759213921565639,10.99428939819336,13636000,0.0,0.0
2022-09-26 00:00:00-04:00,10.921958500105092,11.066620065046731,10.781817716849247,10.85866928100586,14779600,0.0,0.0
2022-09-27 00:00:00-04:00,11.003331429221445,11.057579087824694,10.78633907030647,10.885793685913086,14029300,0.0,0.0
2022-09-28 00:00:00-04:00,10.858670808212509,11.14799397878735,10.84420482213398,11.102787017822266,14349100,0.0,0.0
2022-09-29 00:00:00-04:00,11.012371721683479,11.012371721683479,10.82250321399063,10.958123207092285,17697700,0.0,0.0
2022-09-30 00:00:00-04:00,10.958123215061903,11.13895016007925,10.822503221861615,10.831543922424316,13870500,0.0,0.0
2022-10-03 00:00:00-04:00,11.00332948405082,11.274570315870028,10.867709499266633,11.18415641784668,14231900,0.0,0.0
2022-10-04 00:00:00-04:00,11.374026049969308,11.618143081665039,11.355943785909025,11.618143081665039,11791300,0.0,0.0
2022-10-05 00:00:00-04:00,11.446357810701821,11.767326432198326,11.374027023766185,11.70855712890625,11658700,0.0,0.0
2022-10-06 00:00:00-04:00,11.6362264975282,11.744722679382074,11.591019539526336,11.672391891479492,12361200,0.0,0.0
2022-10-07 00:00:00-04:00,11.446357549454643,11.509646771016087,11.19319980095789,11.265530586242676,12885200,0.0,0.0
2022-10-10 00:00:00-04:00,11.346900649558682,11.364982911111944,10.976205234083393,11.120866775512695,11474300,0.0,0.0
2022-10-11 00:00:00-04:00,11.057579641845015,11.21128278600689,10.94456267479958,11.039497375488281,18397200,0.0,0.0
2022-10-12 00:00:00-04:00,11.06661834203241,11.319776903515763,10.97620530914619,11.1660737991333,14517800,0.0,0.0
2022-10-13 00:00:00-04:00,11.012372628136093,11.69047437396219,10.908396371798698,11.60006046295166,18163200,0.0,0.0
2022-10-14 00:00:00-04:00,11.690476305593183,11.690476305593183,11.36950764449764,11.38306999206543,16266300,0.0,0.0
2022-10-17 00:00:00-04:00,11.663348651924538,11.762804117691516,11.419232493384708,11.554852485656738,19641200,0.0,0.0
2022-10-18 00:00:00-04:00,11.69951683761741,11.817054594735996,11.487045235663285,11.63622760772705,14721800,0.0,0.0
2022-10-19 00:00:00-04:00,11.61814336689053,11.789928759809698,11.491564066357341,11.591018676757812,12362700,0.0,0.0
2022-10-20 00:00:00-04:00,11.545812453389214,11.934590189453942,11.518687763564216,11.581977844238281,17132400,0.0,0.0
2022-10-21 00:00:00-04:00,11.627183839140523,12.19498124676126,11.581977747644409,12.178707122802734,20455900,0.0,0.0
2022-10-24 00:00:00-04:00,12.232954742907422,12.395699431036201,12.124458571571877,12.350492477416992,17275100,0.0,0.0
2022-10-25 00:00:00-04:00,12.296245815291806,12.594610526107989,12.2239150285637,12.522279739379883,16719900,0.0,0.0
2022-10-26 00:00:00-04:00,12.458989322179809,12.802560981105065,12.436386275273936,12.639816284179688,14151600,0.0,0.0
2022-10-27 00:00:00-04:00,12.721186637878418,12.883931309284382,12.685021251149406,12.721186637878418,15153000,0.0,0.0
2022-10-28 00:00:00-04:00,12.802560703510617,13.082843135221369,12.802560703510617,13.010512351989746,12289200,0.0,0.0
2022-10-31 00:00:00-04:00,12.920097950029296,13.010511856752752,12.829684043305841,12.902015686035156,13517000,0.0,0.0
2022-11-01 00:00:00-04:00,13.019553339493575,13.064760295570137,12.874891769849352,12.98338794708252,15357800,0.0,0.0
2022-11-02 00:00:00-04:00,12.9200982028201,13.064759766607299,12.657898902893066,12.657898902893066,14840900,0.0,0.0
2022-11-03 00:00:00-04:00,12.477073669433594,12.549404461305587,12.269121996113324,12.477073669433594,11064100,0.0,0.0
2022-11-04 00:00:00-04:00,12.748312120509421,12.93818062825321,12.599129783157224,12.883932113647461,12930100,0.0,0.0
2022-11-07 00:00:00-05:00,12.883932897943236,13.100925245073634,12.820643678926272,13.046677589416504,11777000,0.0,0.0
2022-11-08 00:00:00-05:00,13.164215101344082,13.250107365041657,12.93366041311448,13.037635803222656,11080900,0.0,0.0
2022-11-09 00:00:00-05:00,12.911056757292554,13.019552931122632,12.775436755567691,12.793519020080566,11909200,0.0,0.0
2022-11-10 00:00:00-05:00,13.281752414371896,13.45353867196455,13.141611629047013,13.444497108459473,13869900,0.0,0.0
2022-11-11 00:00:00-05:00,13.534912745086102,13.869442877177274,13.471622654730268,13.824235916137695,13755900,0.0,0.0
2022-11-14 00:00:00-05:00,13.733819725633293,14.104516055128787,13.679572071146776,13.851357460021973,11924900,0.0,0.0
2022-11-15 00:00:00-05:00,14.041227942270867,14.140683426513796,13.86040096489878,14.02314567565918,14101200,0.0,0.0
2022-11-16 00:00:00-05:00,13.941772416707153,14.023144766813576,13.670531537102732,13.769986152648926,15051100,0.0,0.0
2022-11-17 00:00:00-05:00,13.571074670800641,14.05930782821498,13.50778459663061,14.05026626586914,14944800,0.0,0.0
2022-11-18 00:00:00-05:00,14.140681034288416,14.285342591713215,14.014101740416269,14.258218765258789,14069000,0.0,0.0
2022-11-21 00:00:00-05:00,14.09547439589881,14.122598222957212,13.941771272149682,14.059309005737305,14910900,0.0,0.0
2022-11-22 00:00:00-05:00,14.077391915409091,14.245561030486396,13.982458085224708,14.131640434265137,16074500,0.0,0.0
2022-11-23 00:00:00-05:00,14.113556917079798,14.32150856098665,14.077391526259161,14.285343170166016,11307200,0.0,0.0
2022-11-25 00:00:00-05:00,14.285341842692363,14.457127217564395,14.222051767949319,14.31246566772461,5567600,0.0,0.0
2022-11-28 00:00:00-05:00,14.194929003280222,14.249177519647938,14.00958127092114,14.059309005737305,13433100,0.0,0.0
2022-11-29 00:00:00-05:00,14.122599269732682,14.194930055416895,13.968896134590986,13.977937698364258,14778700,0.0,0.0
2022-11-30 00:00:00-05:00,14.249178409106221,15.243727994005503,14.059309883343666,15.17139720916748,35362300,0.0,0.0
2022-12-01 00:00:00-05:00,14.818784742614492,15.30701888697135,14.683164721793851,15.207563400268555,17179300,0.0,0.0
2022-12-02 00:00:00-05:00,15.026734776908278,15.221122348844167,14.945362433073795,15.0900239944458,13167100,0.0,0.0
2022-12-05 00:00:00-05:00,14.999610802310547,15.05385845928491,14.574667661091175,14.656038284301758,12746500,0.0,0.0
2022-12-06 00:00:00-05:00,14.674119889874515,14.755492229149377,14.574666149817705,14.710286140441895,14153400,0.0,0.0
2022-12-07 00:00:00-05:00,14.583706429346618,14.583706429346618,14.362194173673252,14.520417213439941,14176600,0.0,0.0
2022-12-08 00:00:00-05:00,14.63795865162804,14.787140157471653,14.61083395761005,14.728372573852539,9297600,0.0,0.0
2022-12-09 00:00:00-05:00,14.73741043099866,14.818782777601262,14.592748864705564,14.601790428161621,10018200,0.0,0.0
2022-12-12 00:00:00-05:00,14.484254039008597,14.827824839375594,14.466170911488767,14.79166030883789,11246500,0.0,0.0
2022-12-13 00:00:00-05:00,14.882739603372578,15.023916765927481,14.64592713904388,14.800765991210938,18007900,0.12,0.0
2022-12-14 00:00:00-05:00,14.664146044859145,14.95560704784232,14.60038916761215,14.755228042602539,14978300,0.0,0.0
2022-12-15 00:00:00-05:00,14.536629541597243,14.600387279220215,14.258830266170099,14.354466438293457,16562900,0.0,0.0
2022-12-16 00:00:00-05:00,14.158641833326243,14.3362507637266,14.058452336186448,14.245169639587402,31670500,0.0,0.0
2022-12-19 00:00:00-05:00,14.299819502967608,14.363577251424969,14.003804301219152,14.09943962097168,9138500,0.0,0.0
2022-12-20 00:00:00-05:00,14.126762705196024,14.281601564140574,14.090330083598614,14.263384819030762,13188200,0.0,0.0
2022-12-21 00:00:00-05:00,14.363575067549673,14.53207561538649,14.336249950098669,14.372682571411133,14255200,0.0,0.0
2022-12-22 00:00:00-05:00,14.254278162723608,14.318035909662317,14.063006659152117,14.308927536010742,13616800,0.0,0.0
2022-12-23 00:00:00-05:00,14.318035550598918,14.368129867181693,14.10854730497776,14.345359802246094,8328800,0.0,0.0
2022-12-27 00:00:00-05:00,14.400007322156181,14.513859369436087,14.340803771142207,14.463764190673828,6066800,0.0,0.0
2022-12-28 00:00:00-05:00,14.481983047714987,14.518415675599435,14.172306145008356,14.181413650512695,6480100,0.0,0.0
2022-12-29 00:00:00-05:00,14.272495184005585,14.600389692778105,14.272495184005585,14.500199317932129,8469100,0.0,0.0
2022-12-30 00:00:00-05:00,14.409116959626408,14.53663158416748,14.3544684552676,14.53663158416748,9396400,0.0,0.0
2023-01-03 00:00:00-05:00,14.655036414233965,14.70057654057687,14.418223935313035,14.627711296081543,18233900,0.0,0.0
2023-01-04 00:00:00-05:00,14.70968559749423,15.051241772686408,14.682362215315365,14.955606460571289,15865500,0.0,0.0
2023-01-05 00:00:00-05:00,14.83720159002226,15.023918902669351,14.741564537402352,14.982932090759277,13099500,0.0,0.0
2023-01-06 00:00:00-05:00,15.192418849447575,15.675150462004893,15.183310476367028,15.584070205688477,15242500,0.0,0.0
2023-01-09 00:00:00-05:00,15.574963274482503,15.711585408849649,15.383690896572746,15.447447776794434,19294700,0.0,0.0
2023-01-10 00:00:00-05:00,15.301715013326175,15.611392732115023,15.196971334507069,15.538527488708496,16777600,0.0,0.0
2023-01-11 00:00:00-05:00,15.474768385360182,15.529416875719908,15.283497800479052,15.40190315246582,16002800,0.0,0.0
2023-01-12 00:00:00-05:00,15.128661486709058,15.228850112871495,14.855415514847788,14.864523887634277,22445800,0.0,0.0
2023-01-13 00:00:00-05:00,14.727902845847195,14.996593782314434,14.682362715833603,14.982932090759277,12392100,0.0,0.0
2023-01-17 00:00:00-05:00,14.937388099065553,14.982929959846661,14.614048705119282,14.800765991210938,14189500,0.0,0.0
2023-01-18 00:00:00-05:00,14.800765320677144,14.891847300868626,14.636818103781327,14.645926475524902,13629400,0.0,0.0
2023-01-19 00:00:00-05:00,14.518412612098007,14.545737728712298,14.336249511113639,14.400007247924805,12533300,0.0,0.0
2023-01-20 00:00:00-05:00,14.427333538203127,14.5366314142656,14.245170411432342,14.527523040771484,12713700,0.0,0.0
2023-01-23 00:00:00-05:00,14.600387716916027,14.837200192621298,14.565775727335174,14.727901458740234,10009600,0.0,0.0
2023-01-24 00:00:00-05:00,14.600387716916027,14.814428392514598,14.509305728222548,14.727901458740234,9550900,0.0,0.0
2023-01-25 00:00:00-05:00,14.600388933466746,14.727902685915804,14.368129756083581,14.691469192504883,10570700,0.0,0.0
2023-01-26 00:00:00-05:00,14.800767387417919,14.8372008794797,14.56395490074989,14.773442268371582,11148700,0.0,0.0
2023-01-27 00:00:00-05:00,14.737010273695356,14.837200637990044,14.664145028002261,14.700576782226562,9423100,0.0,0.0
2023-01-30 00:00:00-05:00,14.563955646834724,14.737011268504478,14.513861329928053,14.582172393798828,10476500,0.0,0.0
2023-01-31 00:00:00-05:00,14.582172186761285,14.709685939210344,14.481981817125837,14.691469192504883,24130400,0.0,0.0
2023-02-01 00:00:00-05:00,14.68236143204243,14.737009930729325,14.491089080771625,14.673253059387207,18695100,0.0,0.0
2023-02-02 00:00:00-05:00,14.755226353653681,15.043954637813632,14.737009608741248,14.946496963500977,13329200,0.0,0.0
2023-02-03 00:00:00-05:00,14.800766236144712,15.064903821313214,14.79165786383776,14.873631477355957,9682000,0.0,0.0
2023-02-06 00:00:00-05:00,14.818983547381892,14.828091920037117,14.60494113309525,14.673253059387207,24139200,0.0,0.0
2023-02-07 00:00:00-05:00,14.682359340299573,14.846304813003536,14.563952249895141,14.782547950744629,17657500,0.0,0.0
2023-02-08 00:00:00-05:00,14.655037644410626,14.664146017892678,14.476517519825027,14.582172393798828,18148900,0.0,0.0
2023-02-09 00:00:00-05:00,14.755226648181596,14.841753582376185,14.70968478499146,14.791658401489258,18403500,0.0,0.0
2023-02-10 00:00:00-05:00,14.80076792823543,15.014810358808178,14.737011052042165,14.973823547363281,14023300,0.0,0.0
2023-02-13 00:00:00-05:00,14.946497852122073,15.210635457322992,14.928281106126592,15.174201965332031,9301900,0.0,0.0
2023-02-14 00:00:00-05:00,15.174201208987702,15.237958079549465,15.010253977689212,15.06490421295166,8792600,0.0,0.0
2023-02-15 00:00:00-05:00,14.973820672139919,15.119551143240296,14.928278814143395,15.092226028442383,7088300,0.0,0.0
2023-02-16 00:00:00-05:00,14.992039680480957,15.106803803475083,14.8280941596581,14.992039680480957,10146600,0.0,0.0
2023-02-17 00:00:00-05:00,14.937389816788256,14.982931682806443,14.841754504016894,14.900958061218262,7933100,0.0,0.0
2023-02-21 00:00:00-05:00,14.828091775190728,14.828091775190728,14.554845809936523,14.554845809936523,8755900,0.0,0.0
2023-02-22 00:00:00-05:00,14.550293861155673,14.609497419783905,14.254277805259104,14.345359802246094,8902700,0.0,0.0
2023-02-23 00:00:00-05:00,14.454657506080423,14.48198175740364,14.149533949000586,14.336251258850098,10233800,0.0,0.0
2023-02-24 00:00:00-05:00,14.135871175976595,14.272493290760677,14.076667622580532,14.208736419677734,9897100,0.0,0.0
2023-02-27 00:00:00-05:00,14.345359136727199,14.427332756488058,14.195074456706374,14.245169639587402,8099900,0.0,0.0
2023-02-28 00:00:00-05:00,14.22695238207253,14.336250248283244,14.185965573665735,14.217844009399414,15279800,0.0,0.0
2023-03-01 00:00:00-05:00,14.263383971272077,14.33624921013608,14.081220874112072,14.154086112976074,9208000,0.0,0.0
2023-03-02 00:00:00-05:00,14.063005431897064,14.144979050362904,13.935491686392197,14.117654800415039,11956800,0.0,0.0
2023-03-03 00:00:00-05:00,14.463766649751005,14.61860466124426,13.862627876889219,13.917276382446289,22209000,0.0,0.0
2023-03-06 00:00:00-05:00,13.926383751129475,14.044789996120436,13.744220631382714,13.798869132995605,17630200,0.0,0.0
2023-03-07 00:00:00-05:00,13.798869958310108,13.953708836511382,13.644031080108833,13.671356201171875,12305400,0.0,0.0
2023-03-08 00:00:00-05:00,13.753328323364258,13.815263694148454,13.680463079074352,13.753328323364258,11283700,0.0,0.0
2023-03-09 00:00:00-05:00,13.789759789040179,13.789759789040179,13.35712167730732,13.39810848236084,10485600,0.0,0.0
2023-03-10 00:00:00-05:00,13.379894642421347,13.393557203278505,12.988244119361973,13.052000999450684,17290600,0.0,0.0
2023-03-13 00:00:00-04:00,12.860727593502995,12.956363768151311,12.674010299109186,12.760538101196289,15212400,0.0,0.0
2023-03-14 00:00:00-04:00,12.924485479787133,13.024675848588968,12.733213984082694,12.878945350646973,16631000,0.0,0.0
2023-03-15 00:00:00-04:00,12.623915486422971,12.778754349985737,12.5237259911974,12.669456481933594,16778500,0.0,0.0
2023-03-16 00:00:00-04:00,12.586770049839599,13.160984019961669,12.550020390799025,13.14720344543457,15241000,0.12,0.0
2023-03-17 00:00:00-04:00,13.073702273975613,13.156389219681694,12.935891281919423,12.954266548156738,22302400,0.0,0.0
2023-03-20 00:00:00-04:00,13.046139870784554,13.30338745734727,13.027765481263378,13.266637802124023,13576800,0.0,0.0
2023-03-21 00:00:00-04:00,13.450388431776785,13.569825043416161,13.427419347126333,13.5514497756958,10513800,0.0,0.0
2023-03-22 00:00:00-04:00,13.588199909675339,13.643324838581286,13.239077696420392,13.257452964782715,12263100,0.0,0.0
2023-03-23 00:00:00-04:00,13.312577257875057,13.386076580289386,13.027767602564793,13.110454559326172,11543300,0.0,0.0
2023-03-24 00:00:00-04:00,13.02776639707226,13.073702812194824,12.903735973407043,13.073702812194824,12699700,0.0,0.0
2023-03-27 00:00:00-04:00,13.229889848004946,13.836260551427204,13.211515456121186,13.790323257446289,17066400,0.0,0.0
2023-03-28 00:00:00-04:00,13.753572333636948,13.771946723832226,13.62494809754629,13.735197067260742,13520500,0.0,0.0
2023-03-29 00:00:00-04:00,13.900569880671847,14.35075335776516,13.900569880671847,14.258879661560059,16381400,0.0,0.0
2023-03-30 00:00:00-04:00,14.369130497123765,14.461004205313511,14.286443546426312,14.44262981414795,12212500,0.0,0.0
2023-03-31 00:00:00-04:00,14.516128202508515,14.663126827152706,14.488566179432958,14.635564804077148,15543500,0.0,0.0
2023-04-03 00:00:00-04:00,14.608002764123993,15.05818629762372,14.580440739427123,15.00306224822998,15773200,0.0,0.0
2023-04-04 00:00:00-04:00,15.02143654190812,15.06737295469867,14.663126739347828,14.800938606262207,13000300,0.0,0.0
2023-04-05 00:00:00-04:00,14.709063025352584,14.791749964626858,14.470189839933767,14.617188453674316,10982900,0.0,0.0
2023-04-06 00:00:00-04:00,14.608002480485235,14.653939771542047,14.516128774552563,14.571252822875977,6339000,0.0,0.0
2023-04-10 00:00:00-04:00,14.479380010795671,14.75500202178955,14.47019237678094,14.75500202178955,7662700,0.0,0.0
2023-04-11 00:00:00-04:00,14.764189591374567,14.846876544784294,14.745814323425293,14.745814323425293,7128100,0.0,0.0
2023-04-12 00:00:00-04:00,14.846875281295723,14.846875281295723,14.571252418779501,14.681501388549805,7728000,0.0,0.0
2023-04-13 00:00:00-04:00,14.62637861250657,14.78256488562932,14.516129633157746,14.72744083404541,9611000,0.0,0.0
2023-04-14 00:00:00-04:00,14.72743829016058,14.911185681155416,14.506939493368904,14.617188453674316,8442900,0.0,0.0
2023-04-17 00:00:00-04:00,14.626377760012545,14.727439975661003,14.479379129448551,14.562066078186035,10754100,0.0,0.0
2023-04-18 00:00:00-04:00,14.635565013017594,14.718251959605638,14.428847646547487,14.497753143310547,8220300,0.0,0.0
2023-04-19 00:00:00-04:00,14.157820587782,14.323194504177767,13.64332532194347,13.744386672973633,14659200,0.0,0.0
2023-04-20 00:00:00-04:00,13.505511504814608,13.59738608440297,13.24367009202298,13.358512878417969,14176000,0.0,0.0
2023-04-21 00:00:00-04:00,13.367699183355525,13.367699183355525,13.023170858403994,13.285012245178223,11103800,0.0,0.0
2023-04-24 00:00:00-04:00,13.239077271695926,13.266639297174168,13.092078634237307,13.174765586853027,8262400,0.0,0.0
2023-04-25 00:00:00-04:00,13.064516660634926,13.09207868622261,12.945080048180298,12.99101734161377,9567100,0.0,0.0
2023-04-26 00:00:00-04:00,12.945079803466797,13.082890804981039,12.87158048583507,12.945079803466797,9596300,0.0,0.0
2023-04-27 00:00:00-04:00,12.954267273877628,13.101265907287598,12.82564303155342,13.101265907287598,9429200,0.0,0.0
2023-04-28 00:00:00-04:00,13.05532790055891,13.183033022055893,13.046140267428541,13.156389236450195,8821600,0.0,0.0
2023-05-01 00:00:00-04:00,13.220701390230637,13.404449666346864,13.211513757379603,13.266637802124023,8476300,0.0,0.0
2023-05-02 00:00:00-04:00,13.303387555293227,13.386074499199534,12.949672449733107,13.092077255249023,9620400,0.0,0.0
2023-05-03 00:00:00-04:00,13.14720169728324,13.21151337300763,12.81645393371582,12.81645393371582,12608400,0.0,0.0
2023-05-04 00:00:00-04:00,12.75214541414568,12.770519807679937,12.545428010753515,12.678646087646484,8244500,0.0,0.0
2023-05-05 00:00:00-04:00,12.834831822454595,13.01858013078494,12.798082160788525,12.963455200195312,7426000,0.0,0.0
2023-05-08 00:00:00-04:00,12.991016557930747,13.046140605780758,12.922110183846819,13.03695297241211,7283200,0.0,0.0
2023-05-09 00:00:00-04:00,12.926705779010108,13.027768007607687,12.871581723576032,13.009392738342285,6304000,0.0,0.0
2023-05-10 00:00:00-04:00,13.055328779914387,13.165577756361976,12.788893534454132,12.945079803466797,8438100,0.0,0.0
2023-05-11 00:00:00-04:00,12.889955331992825,12.889955331992825,12.5867704170184,12.660269737243652,16141900,0.0,0.0
2023-05-12 00:00:00-04:00,12.724581588836765,12.77970563783621,12.595957347536455,12.706206321716309,14413300,0.0,0.0
2023-05-15 00:00:00-04:00,12.761331461914532,13.14720331613612,12.687832144556229,13.128828048706055,11484500,0.0,0.0
2023-05-16 00:00:00-04:00,13.092081093291153,13.142612212976562,12.825645793808263,12.899145126342773,15408600,0.0,0.0
2023-05-17 00:00:00-04:00,13.000203933091292,13.25745242255629,12.94048606571823,13.14720344543457,10489400,0.0,0.0
2023-05-18 00:00:00-04:00,13.10126561764995,13.285013905350178,13.041546876534284,13.239076614379883,17834500,0.0,0.0
2023-05-19 00:00:00-04:00,13.321765124056858,13.321765124056858,13.151797390402676,13.165578842163086,17190400,0.0,0.0
2023-05-22 00:00:00-04:00,13.202328086468016,13.3309523369541,13.128828765099117,13.275827407836914,11604400,0.0,0.0
2023-05-23 00:00:00-04:00,13.275826154040228,13.514699364019977,13.211514472961426,13.211514472961426,15995100,0.0,0.0
2023-05-24 00:00:00-04:00,13.15639138774124,13.15639138774124,12.885362299344019,13.009392738342285,10807800,0.0,0.0
2023-05-25 00:00:00-04:00,13.10126587976345,13.528481204826752,13.092078246149386,13.477950096130371,11132900,0.0,0.0
2023-05-26 00:00:00-04:00,13.68926064270666,14.19916292652178,13.53766819024554,14.093507766723633,22099300,0.0,0.0
2023-05-30 00:00:00-04:00,14.30481607157218,14.456408502682413,14.240504396610524,14.258879661560059,20688600,0.0,0.0
2023-05-31 00:00:00-04:00,12.733767311842453,13.450386900071388,12.669455634506864,13.248263359069824,34083600,0.0,0.0
2023-06-01 00:00:00-04:00,13.321763829415165,13.762759728718596,13.257452146478656,13.477950096130371,26669400,0.0,0.0
2023-06-02 00:00:00-04:00,13.569824432609686,14.065945248375117,13.395262901847598,14.001632690429688,20040300,0.0,0.0
2023-06-05 00:00:00-04:00,13.992444080288177,14.056756633744488,13.77194615004597,13.799509048461914,16808400,0.0,0.0
2023-06-06 00:00:00-04:00,13.744385569138421,14.157819450743203,13.735197935369632,14.093507766723633,12038800,0.0,0.0
2023-06-07 00:00:00-04:00,14.19456726992967,14.516127400713218,14.139443226823323,14.479377746582031,14615400,0.0,0.0
2023-06-08 00:00:00-04:00,14.479378883023507,14.552878197054616,14.341567012079475,14.516128540039062,12074100,0.0,0.0
2023-06-09 00:00:00-04:00,14.580441113882362,14.699877725544127,14.497754161487219,14.506941795349121,7748300,0.0,0.0
2023-06-12 00:00:00-04:00,14.497753625632047,14.957125663757324,14.497753625632047,14.957125663757324,14149400,0.0,0.0
2023-06-13 00:00:00-04:00,14.984684601368311,15.34299524643172,14.975496969201387,15.287869453430176,17875100,0.0,0.0
2023-06-14 00:00:00-04:00,15.269361659976573,15.727443286415767,15.269361659976573,15.55624008178711,15014500,0.12,0.0
2023-06-15 00:00:00-04:00,15.50071990111081,16.190155682307786,15.491465528164879,16.14851188659668,24260700,0.0,0.0
2023-06-16 00:00:00-04:00,16.185524519673056,16.416878503828055,15.991188020226447,16.259557723999023,24486800,0.0,0.0
2023-06-20 00:00:00-04:00,16.139253537937773,16.16701488484573,15.64415618038436,15.741324424743652,19374500,0.0,0.0
2023-06-21 00:00:00-04:00,15.806106747271999,16.11612205528263,15.537736999007906,15.565498352050781,12829900,0.0,0.0
2023-06-22 00:00:00-04:00,15.602512778168368,15.71818976670143,15.371158801102245,15.52847957611084,14554600,0.0,0.0
2023-06-23 00:00:00-04:00,15.36190743835637,15.426686282205265,15.260111103684611,15.287874221801758,13221100,0.0,0.0
2023-06-26 00:00:00-04:00,15.371162796531912,15.47295737263877,15.158315740836715,15.167570114135742,10100500,0.0,0.0
2023-06-27 00:00:00-04:00,15.176821960104604,15.324888378049746,15.107416819556468,15.204585075378418,10439400,0.0,0.0
2023-06-28 00:00:00-04:00,15.158312771643912,15.22309337204796,15.028755101017575,15.139805793762207,7318300,0.0,0.0
2023-06-29 00:00:00-04:00,15.176823355841329,15.482210591574493,15.17219705208237,15.408177375793457,8779800,0.0,0.0
2023-06-30 00:00:00-04:00,15.463699955364179,15.630275111774495,15.463699955364179,15.546987533569336,9763500,0.0,0.0
2023-07-03 00:00:00-04:00,15.482210947486783,15.528482811595584,15.38041637662969,15.463702201843262,4107200,0.0,0.0
2023-07-05 00:00:00-04:00,15.306382025660184,15.528481661661836,15.195331325113855,15.426685333251953,7634800,0.0,0.0
2023-07-06 00:00:00-04:00,15.241601338226596,15.435939621858276,15.195331242885764,15.417430877685547,8331000,0.0,0.0
2023-07-07 00:00:00-04:00,15.463701483034214,15.815360573550173,15.426685758558934,15.611769676208496,12653100,0.0,0.0
2023-07-10 00:00:00-04:00,15.51923030437727,15.806108835973646,15.50997593044302,15.722821235656738,10130200,0.0,0.0
2023-07-11 00:00:00-04:00,15.732071225439034,16.046712791155084,15.732071225439034,16.037458419799805,9630100,0.0,0.0
2023-07-12 00:00:00-04:00,16.194779437128908,16.213288180107437,15.778341545566384,15.80610466003418,9332000,0.0,0.0
2023-07-13 00:00:00-04:00,15.880141332966184,16.083732254894528,15.870886959456996,16.028207778930664,8494000,0.0,0.0
2023-07-14 00:00:00-04:00,15.93566388445865,15.981935746416568,15.537736462166881,15.611769676208496,8694600,0.0,0.0
2023-07-17 00:00:00-04:00,15.51922408011552,15.88939006356713,15.468325926436428,15.778339385986328,9156600,0.0,0.0
2023-07-18 00:00:00-04:00,15.73207387141979,16.20403629937332,15.695056379772694,16.157764434814453,13473600,0.0,0.0
2023-07-19 00:00:00-04:00,16.204035139814312,16.324338448876173,15.926409267601445,15.981935501098633,13068700,0.0,0.0
2023-07-20 00:00:00-04:00,16.00969736845085,16.074477976284246,15.778343350033404,15.917157173156738,11782300,0.0,0.0
2023-07-21 00:00:00-04:00,15.991190744714155,16.074478334407285,15.884768105682072,15.972681999206543,12403700,0.0,0.0
2023-07-24 00:00:00-04:00,16.176272551271385,16.333593354468384,15.944918532751746,16.05596923828125,11108200,0.0,0.0
2023-07-25 00:00:00-04:00,16.11149337022911,16.370610500963565,16.018951411746016,16.27806854248047,11177500,0.0,0.0
2023-07-26 00:00:00-04:00,16.250306458819598,16.393746591844785,16.121673675526132,16.14851188659668,11314700,0.0,0.0
2023-07-27 00:00:00-04:00,16.342847811469372,16.41688102717457,16.018951830849975,16.065223693847656,8697600,0.0,0.0
2023-07-28 00:00:00-04:00,16.25030612145623,16.31508496564175,15.972681999206543,15.972681999206543,9010300,0.0,0.0
2023-07-31 00:00:00-04:00,15.944916747729547,16.13000064786168,15.935662376213852,16.083728790283203,7359500,0.0,0.0
2023-08-01 00:00:00-04:00,16.111494064331055,16.16701853577655,15.935664512147339,16.111494064331055,10138000,0.0,0.0
2023-08-02 00:00:00-04:00,15.935665295326205,16.21329119638022,15.889395194362807,15.954174041748047,10628800,0.0,0.0
2023-08-03 00:00:00-04:00,15.824616857002322,16.12074974893128,15.658966571843004,16.028207778930664,9536200,0.0,0.0
2023-08-04 00:00:00-04:00,16.00969754088295,16.2873234250287,15.88939422665023,16.074478149414062,11892500,0.0,0.0
2023-08-07 00:00:00-04:00,16.17626998039053,16.338218826670534,16.060592989515154,16.24104881286621,10511600,0.0,0.0
2023-08-08 00:00:00-04:00,16.092987647819342,16.782423514650645,15.9125317656873,16.722270965576172,22140400,0.0,0.0
2023-08-09 00:00:00-04:00,16.685250774276486,16.731520867294044,16.167016554007123,16.36135482788086,16237900,0.0,0.0
2023-08-10 00:00:00-04:00,16.463152711482067,16.56402237106732,16.23179869427804,16.305831909179688,17531500,0.0,0.0
2023-08-11 00:00:00-04:00,16.231798528709774,16.342847467383976,16.176272294281617,16.287322998046875,11611300,0.0,0.0
2023-08-14 00:00:00-04:00,16.194781039091,16.32433872257459,16.06522335560741,16.287322998046875,10801900,0.0,0.0
2023-08-15 00:00:00-04:00,16.167015833476086,16.310455939583132,16.009695053100586,16.009695053100586,7659600,0.0,0.0
2023-08-16 00:00:00-04:00,15.935665025846253,16.018952618244903,15.745954790958482,15.769091606140137,9419000,0.0,0.0
2023-08-17 00:00:00-04:00,15.880137075504528,15.95417027863848,15.621019981990298,15.704307556152344,12958700,0.0,0.0
2023-08-18 00:00:00-04:00,15.509973190290646,15.85237613990873,15.500718817991368,15.732072830200195,8832800,0.0,0.0
2023-08-21 00:00:00-04:00,15.74132848697686,15.84312482548436,15.62102340236051,15.769091606140137,8776000,0.0,0.0
2023-08-22 00:00:00-04:00,15.796854205636686,15.838498005119208,15.519230052480747,15.537738800048828,10569100,0.0,0.0
2023-08-23 00:00:00-04:00,15.556243451175474,15.796851838227582,15.519227726678025,15.750581741333008,8446100,0.0,0.0
2023-08-24 00:00:00-04:00,15.806106021376243,15.86625855869182,15.445194327664849,15.454448699951172,11635700,0.0,0.0
2023-08-25 00:00:00-04:00,15.491463896239116,15.546988362974396,15.223094169442783,15.380414962768555,9312000,0.0,0.0
2023-08-28 00:00:00-04:00,15.500721304912666,15.658042129058716,15.41280740160126,15.537738800048828,11524800,0.0,0.0
2023-08-29 00:00:00-04:00,15.565495659939142,15.690427022298062,15.426683623459502,15.584004402160645,10459100,0.0,0.0
2023-08-30 00:00:00-04:00,15.158314595095122,16.139256909552852,14.991741183576748,16.065223693847656,13990600,0.0,0.0
2023-08-31 00:00:00-04:00,16.148513611175524,16.19478371575543,15.593263530759927,15.722821235656738,17274400,0.0,0.0
2023-09-01 00:00:00-04:00,15.926410052946343,16.675998356302006,15.907903072625711,16.638980865478516,19826100,0.0,0.0
2023-09-05 00:00:00-04:00,16.601964007426826,16.745402361857007,16.472404563472185,16.481658935546875,10504800,0.0,0.0
2023-09-06 00:00:00-04:00,16.324337783989392,16.578828597758587,16.24105020222692,16.42613410949707,10493800,0.0,0.0
2023-09-07 00:00:00-04:00,16.204035308568322,16.259559777552735,15.986561971167058,16.000444412231445,13845400,0.0,0.0
2023-09-08 00:00:00-04:00,16.009697292699485,16.111493625150647,16.00044468528672,16.046714782714844,6767300,0.0,0.0
2023-09-11 00:00:00-04:00,16.130002554517404,16.231798888132055,15.866259112962252,15.944918632507324,10387000,0.0,0.0
2023-09-12 00:00:00-04:00,15.759834567678734,15.898646609835948,15.685801360855494,15.80610466003418,10847900,0.0,0.0
2023-09-13 00:00:00-04:00,15.862020163184308,15.927257327746899,15.619709425109386,15.629029273986816,9633600,0.12,0.0
2023-09-14 00:00:00-04:00,15.83406354444894,16.05773462612831,15.768826367823259,16.039094924926758,8724300,0.0,0.0
2023-09-15 00:00:00-04:00,15.955222957527292,16.10433704125913,15.722231979498787,15.908623695373535,18972700,0.0,0.0
2023-09-18 00:00:00-04:00,15.824745992502036,15.880665104229326,15.643013323338357,15.843385696411133,8843900,0.0,0.0
2023-09-19 00:00:00-04:00,15.88998399051203,15.999955760582768,15.843386505938367,15.908623695373535,7622000,0.0,0.0
2023-09-20 00:00:00-04:00,16.141612045313146,16.2161690750401,15.90862110521895,15.936580657958984,8009400,0.0,0.0
2023-09-21 00:00:00-04:00,15.806107380374685,15.908623981375882,15.731550337168395,15.824747085571289,8321900,0.0,0.0
2023-09-22 00:00:00-04:00,15.824744902001749,15.936581340169553,15.706386523253197,15.862024307250977,5133600,0.0,0.0
2023-09-25 00:00:00-04:00,15.74086598847303,15.945899135751342,15.72222806583108,15.815423011779785,8973600,0.0,0.0
2023-09-26 00:00:00-04:00,15.666309213625835,15.778145639149459,15.58709315279718,15.638351440429688,9485600,0.0,0.0
2023-09-27 00:00:00-04:00,15.796789021364704,16.14161467340204,15.6709736799197,15.908623695373535,12236900,0.0,0.0
2023-09-28 00:00:00-04:00,15.955221037637653,16.5423574494842,15.955221037637653,16.43052101135254,13325400,0.0,0.0
2023-09-29 00:00:00-04:00,16.458481948757104,16.523719135826035,16.08569675294891,16.188213348388672,10206000,0.0,0.0
2023-10-02 00:00:00-04:00,16.216170985631116,16.393244618687884,16.164912688358367,16.253450393676758,8932000,0.0,0.0
2023-10-03 00:00:00-04:00,16.039096428412474,16.188212274423073,15.61039392606923,15.77814769744873,7283400,0.0,0.0
2023-10-04 00:00:00-04:00,15.815422741003166,15.871341840710576,15.638350924668563,15.852702140808105,4885200,0.0,0.0
2023-10-05 00:00:00-04:00,15.759511152841197,15.88066746870934,15.48924251623889,15.647676467895508,6220300,0.0,0.0
2023-10-06 00:00:00-04:00,15.601075840715838,15.815427116153115,15.451961755404682,15.684952735900879,9281400,0.0,0.0
2023-10-09 00:00:00-04:00,15.59175490176001,15.820086828871469,15.464076663921187,15.703591346740723,7809900,0.0,0.0
2023-10-10 00:00:00-04:00,15.759507994499916,16.015797688516415,15.731548440076697,15.77814769744873,9087000,0.0,0.0
2023-10-11 00:00:00-04:00,15.824745575895932,16.113655646140998,15.81542572418674,15.992499351501465,6984900,0.0,0.0
2023-10-12 00:00:00-04:00,16.001821558020374,16.029781117262445,15.633695360444086,15.79679012298584,10252300,0.0,0.0
2023-10-13 00:00:00-04:00,15.806103949553675,15.889980827152229,15.349441936839185,15.35876178741455,8562500,0.0,0.0
2023-10-16 00:00:00-04:00,15.498558803500822,16.011140012688656,15.461281172014106,15.945902824401855,13079600,0.0,0.0
2023-10-17 00:00:00-04:00,15.806107380374685,15.959882281876482,15.703592556953614,15.824747085571289,7374700,0.0,0.0
2023-10-18 00:00:00-04:00,15.703589432697706,15.806104235723284,15.48923819832268,15.54515552520752,7528100,0.0,0.0
2023-10-19 00:00:00-04:00,15.591753268781234,15.633691709059145,15.135091239966114,15.191008567810059,11471000,0.0,0.0
2023-10-20 00:00:00-04:00,14.85550489978989,15.013939730413776,13.900242211194946,14.19381046295166,24589400,0.0,0.0
2023-10-23 00:00:00-04:00,14.147208966864603,14.314961825125291,14.072651943462114,14.165847778320312,13468400,0.0,0.0
2023-10-24 00:00:00-04:00,14.249727249145508,14.356902878722774,14.147211545478989,14.249727249145508,8708500,0.0,0.0
2023-10-25 00:00:00-04:00,14.240407268637059,14.277685786796189,14.06799445544733,14.109932899475098,8291300,0.0,0.0
2023-10-26 00:00:00-04:00,14.081972937444792,14.245066782975556,13.942178720584112,14.10061264038086,10747100,0.0,0.0
2023-10-27 00:00:00-04:00,14.165849140070192,14.38952023177895,14.10061196051928,14.175168991088867,9000400,0.0,0.0
2023-10-30 00:00:00-04:00,14.314963885771713,14.361562254303584,14.128571300434182,14.25904655456543,8330300,0.0,0.0
2023-10-31 00:00:00-04:00,14.249726971766952,14.342923710587836,14.156530232946068,14.333603858947754,7910800,0.0,0.0
2023-11-01 00:00:00-04:00,14.352241856885666,14.473397254943848,14.300984453361378,14.473397254943848,7754600,0.0,0.0
2023-11-02 00:00:00-04:00,14.641150538081066,14.678429052504084,14.426798413556295,14.529314994812012,9592300,0.0,0.0
2023-11-03 00:00:00-04:00,14.734346333336049,14.911419043409003,14.715706632912667,14.846181869506836,6825600,0.0,0.0
2023-11-06 00:00:00-05:00,14.836862155289793,14.91141918008704,14.692408030843856,14.827542304992676,6377700,0.0,0.0
2023-11-07 00:00:00-05:00,14.725027970552349,14.84618336917317,14.641151087754094,14.67842960357666,6177100,0.0,0.0
2023-11-08 00:00:00-05:00,14.678430149656586,14.752987184075456,14.538635932318698,14.669110298156738,7087600,0.0,0.0
2023-11-09 00:00:00-05:00,14.687751035914763,14.771627927742644,14.52931710441544,14.557275772094727,6963200,0.0,0.0
2023-11-10 00:00:00-05:00,14.641151691099733,14.902101312611139,14.543295027539228,14.87414264678955,5800100,0.0,0.0
2023-11-13 00:00:00-05:00,14.752986904805084,14.939380376113832,14.683089797459274,14.911420822143555,11143900,0.0,0.0
2023-11-14 00:00:00-05:00,15.13509312654728,15.372744910271866,15.032576531404908,15.302846908569336,9884800,0.0,0.0
2023-11-15 00:00:00-05:00,15.358763555868919,15.545157033678663,15.302846223557973,15.330805778503418,8330600,0.0,0.0
2023-11-16 00:00:00-05:00,15.153731910669343,15.200329390588667,14.566594598028285,14.669110298156738,11587400,0.0,0.0
2023-11-17 00:00:00-05:00,14.790263657026525,14.902099193197312,14.734346333336049,14.846181869506836,8801000,0.0,0.0
2023-11-20 00:00:00-05:00,14.799583362423002,14.874140385807314,14.711046563857948,14.752985000610352,7486500,0.0,0.0
2023-11-21 00:00:00-05:00,14.715709703594051,14.743668371273337,14.496698510657936,14.557275772094727,8598100,0.0,0.0
2023-11-22 00:00:00-05:00,14.678428856589802,14.799584249045012,14.613191679417719,14.706387519836426,11394800,0.0,0.0
2023-11-24 00:00:00-05:00,14.771624700851342,14.83220194905491,14.673768052165792,14.752985000610352,3788800,0.0,0.0
2023-11-27 00:00:00-05:00,14.65978880096949,14.706387164447706,14.51067474887109,14.538634300231934,11202100,0.0,0.0
2023-11-28 00:00:00-05:00,14.51067446964129,14.557272832222809,14.398838932719546,14.46407699584961,14386200,0.0,0.0
2023-11-29 00:00:00-05:00,15.125773398092685,15.750189270955405,14.715709680542103,15.39604377746582,21648300,0.0,0.0
2023-11-30 00:00:00-05:00,15.694269050167499,15.889980576422815,15.573112772179218,15.759506225585938,24721700,0.0,0.0
2023-12-01 00:00:00-05:00,15.647671711140903,15.973857591058415,15.517195581594171,15.740866661071777,14837000,0.0,0.0
2023-12-04 00:00:00-05:00,15.610392970878687,15.722229404148452,15.377402031014825,15.414681434631348,14150100,0.0,0.0
2023-12-05 00:00:00-05:00,15.31216386956869,15.31216386956869,14.948698595532912,14.985976219177246,15550100,0.0,0.0
2023-12-06 00:00:00-05:00,15.023257331274271,15.107132438420779,14.734348160415559,14.799585342407227,13108700,0.0,0.0
2023-12-07 00:00:00-05:00,14.827542991735275,15.032574375028881,14.631830570380552,15.023256301879883,19474000,0.0,0.0
2023-12-08 00:00:00-05:00,15.013938354920555,15.284206950005869,14.995298651099501,15.116453170776367,11901300,0.0,0.0
2023-12-11 00:00:00-05:00,15.116454197695798,15.5731163068545,15.116454197695798,15.526518821716309,13978500,0.0,0.0
2023-12-12 00:00:00-05:00,15.075655850533263,15.484249701622176,15.075655850533263,15.37623119354248,16224600,0.13,0.0
2023-12-13 00:00:00-05:00,15.376230842947082,15.639231798688863,15.286996840197855,15.573481559753418,10730500,0.0,0.0
2023-12-14 00:00:00-05:00,15.686199114652272,16.137059476956573,15.686199114652272,16.024343490600586,20993600,0.0,0.0
2023-12-15 00:00:00-05:00,15.855269536755829,15.911628422620925,15.601661716601804,15.70498275756836,21855000,0.0,0.0
2023-12-18 00:00:00-05:00,15.761343545558162,15.808307497887094,15.55000217695808,15.770736694335938,12793900,0.0,0.0
2023-12-19 00:00:00-05:00,15.855272556986627,15.892845154720465,15.742558346905243,15.808308601379395,8317600,0.0,0.0
2023-12-20 00:00:00-05:00,15.845876394629936,16.0102519809765,15.723767280578613,15.723767280578613,7572400,0.0,0.0
2023-12-21 00:00:00-05:00,15.874056418520174,15.977379254863777,15.700287659582125,15.967986106872559,7160800,0.0,0.0
2023-12-22 00:00:00-05:00,16.014948164424354,16.155843576097663,15.949197927808587,16.052520751953125,6112600,0.0,0.0
2023-12-26 00:00:00-05:00,16.043127377974425,16.240379876589124,16.01494793772674,16.18402099609375,4857100,0.0,0.0
2023-12-27 00:00:00-05:00,16.221593812713433,16.230986959595622,15.977377368455166,16.052520751953125,5911700,0.0,0.0
2023-12-28 00:00:00-05:00,16.06191432766882,16.141753390959693,16.029039208483212,16.12766456604004,4684900,0.0,0.0
2023-12-29 00:00:00-05:00,16.108881534344036,16.146454130485616,15.874058183139137,15.949201583862305,6026700,0.0,0.0
2024-01-02 00:00:00-05:00,15.845876987392234,15.97737746138865,15.704981574899398,15.902234077453613,8438200,0.0,0.0
2024-01-03 00:00:00-05:00,15.780122293924459,16.15584094170875,15.72376521338053,16.00555419921875,10331300,0.0,0.0
2024-01-04 00:00:00-05:00,16.00555869883743,16.198113753757912,15.939806662898906,15.967986106872559,13255000,0.0,0.0
2024-01-05 00:00:00-05:00,15.921020703793404,16.334308428286672,15.902234409527448,16.12766456604004,13780100,0.0,0.0
2024-01-08 00:00:00-05:00,16.155842687832084,16.719417137301065,16.12766324873484,16.64427375793457,11782000,0.0,0.0
2024-01-09 00:00:00-05:00,15.592270278170249,15.850575596241459,15.132016742511022,15.160194396972656,35499400,0.0,0.0
2024-01-10 00:00:00-05:00,15.13201502015873,15.470159376129622,15.03808533567137,15.432588577270508,23542000,0.0,0.0
2024-01-11 00:00:00-05:00,15.395015696838312,15.493642849049936,15.240033243179509,15.37623119354248,13319400,0.0,0.0
2024-01-12 00:00:00-05:00,15.423195393100741,15.47015933945322,14.878405374237293,14.925370216369629,13200700,0.0,0.0
2024-01-16 00:00:00-05:00,14.606010111820085,14.667063778488734,14.239685424468666,14.380579948425293,19468300,0.0,0.0
2024-01-17 00:00:00-05:00,14.230291264388404,14.275377652170848,14.004861117035745,14.126969337463379,13466800,0.0,0.0
2024-01-18 00:00:00-05:00,14.145756156493853,14.197416673985712,13.807610027122644,14.051826477050781,15106200,0.0,0.0
2024-01-19 00:00:00-05:00,14.1175765471106,14.488597791135598,14.018951191071428,14.436936378479004,13251800,0.0,0.0
2024-01-22 00:00:00-05:00,14.540257591226574,14.671758955242694,14.465114210583007,14.559043884277344,9414400,0.0,0.0
2024-01-23 00:00:00-05:00,14.68115210176808,14.746902335886261,14.52147219395556,14.559043884277344,8726700,0.0,0.0
2024-01-24 00:00:00-05:00,14.681153527547536,15.019298773283007,14.624795538701703,14.803261756896973,11362400,0.0,0.0
2024-01-25 00:00:00-05:00,14.944154330947294,15.066263447461086,14.859617801532995,14.953547477722168,11244800,0.0,0.0
2024-01-26 00:00:00-05:00,14.934760751090677,14.977029014572121,14.756295446442165,14.878403663635254,6099500,0.0,0.0
2024-01-29 00:00:00-05:00,14.784474724232709,14.869011255392914,14.685849368399003,14.840832710266113,7291400,0.0,0.0
2024-01-30 00:00:00-05:00,15.000513605469425,15.019299004854446,14.793868837555058,14.925370216369629,6540400,0.0,0.0
2024-01-31 00:00:00-05:00,14.70933190729893,14.718725054630038,14.173935050343399,14.361793518066406,15595400,0.0,0.0
2024-02-01 00:00:00-05:00,14.40875824140757,14.446329934645693,14.211506627962466,14.427543640136719,7500900,0.0,0.0
2024-02-02 00:00:00-05:00,14.399363951335715,14.58722240261679,14.220898646563631,14.474507331848145,7301400,0.0,0.0
2024-02-05 00:00:00-05:00,14.371187074921677,14.436937316553403,14.291347111891785,14.352400779724121,8563300,0.0,0.0
2024-02-06 00:00:00-05:00,14.343008527905203,14.554348974198547,14.333615380306425,14.352400779724121,9909000,0.0,0.0
2024-02-07 00:00:00-05:00,14.399365544316844,14.436937238729561,14.164542230292394,14.33361530303955,11377600,0.0,0.0
2024-02-08 00:00:00-05:00,14.333613742346643,14.577830177328114,14.286648905499474,14.559043884277344,8059500,0.0,0.0
2024-02-09 00:00:00-05:00,14.512079862214284,14.606009541182324,14.436936477351773,14.540258407592773,6572300,0.0,0.0
2024-02-12 00:00:00-05:00,14.540259586492883,14.793869202800956,14.52147418664407,14.662367820739746,6361500,0.0,0.0
2024-02-13 00:00:00-05:00,14.333615577522432,14.389972672330797,14.173935649265612,14.305436134338379,7133100,0.0,0.0
2024-02-14 00:00:00-05:00,14.446330662919033,14.516777479319424,14.202114196669795,14.305436134338379,10443700,0.0,0.0
2024-02-15 00:00:00-05:00,14.296043608626833,14.357097276130053,14.15045250897018,14.33361530303955,9556200,0.0,0.0
2024-02-16 00:00:00-05:00,14.267862851645532,14.324220835962912,14.004861014983893,14.02364730834961,10076700,0.0,0.0
2024-02-20 00:00:00-05:00,13.94850435402299,14.17393450664329,13.90153951494881,14.098791122436523,9652600,0.0,0.0
2024-02-21 00:00:00-05:00,13.995468684434428,14.080005217950285,13.859271632709854,14.004861831665039,8116600,0.0,0.0
2024-02-22 00:00:00-05:00,14.12696805689608,14.258469412154817,14.023646139336877,14.155146598815918,10462400,0.0,0.0
2024-02-23 00:00:00-05:00,14.19272232055664,14.305437416052094,14.126972072129282,14.19272232055664,8561000,0.0,0.0
2024-02-26 00:00:00-05:00,14.17393407215626,14.216202336449353,13.96728932403223,14.02364730834961,14869500,0.0,0.0
2024-02-27 00:00:00-05:00,14.098790472419637,14.16454070662423,13.929717417859532,13.986075401306152,9432100,0.0,0.0
2024-02-28 00:00:00-05:00,13.939109882553865,14.145754617376928,13.882751901864042,13.957895278930664,9910200,0.0,0.0
2024-02-29 00:00:00-05:00,14.089399111273194,14.333615577522432,14.089399111273194,14.305436134338379,27341800,0.0,0.0
2024-03-01 00:00:00-05:00,13.647930495389488,14.746903655356292,13.58687682907126,14.615403175354004,34153700,0.0,0.0
2024-03-04 00:00:00-05:00,14.850226870389307,16.25447018996644,14.803262028120601,16.10887908935547,41177700,0.0,0.0
2024-03-05 00:00:00-05:00,15.977377615941228,17.085743883374175,15.977377615941228,17.00120735168457,44150200,0.0,0.0
2024-03-06 00:00:00-05:00,17.23603188027044,18.851615661345367,17.226638732573754,17.630535125732422,51250900,0.0,0.0
2024-03-07 00:00:00-05:00,17.649322579298644,17.686893380991087,16.644277208517988,17.076353073120117,29773700,0.0,0.0
2024-03-08 00:00:00-05:00,17.49903144060495,17.555390322247312,16.8650092503849,16.897884368896484,21698000,0.0,0.0
2024-03-11 00:00:00-04:00,16.639581774775994,17.160889868676797,16.559740908720975,16.944852828979492,19422800,0.0,0.0
2024-03-12 00:00:00-04:00,17.395711687178142,17.98746565548141,16.944851350227108,16.954242706298828,33677100,0.0,0.0
2024-03-13 00:00:00-04:00,16.92606474811582,16.963635546400766,16.540954660006744,16.8133487701416,17482400,0.0,0.0
2024-03-14 00:00:00-04:00,16.747117464763587,16.747117464763587,16.444343216769074,16.58626937866211,15774900,0.13,0.0
2024-03-15 00:00:00-04:00,16.36864979644674,16.482190362881177,15.800952378272786,15.829336166381836,41144400,0.0,0.0
2024-03-18 00:00:00-04:00,16.0280322790972,16.264573480009105,15.886107919483287,16.141571044921875,22137600,0.0,0.0
2024-03-19 00:00:00-04:00,16.037492203872787,16.103723443370512,15.819872953809782,15.876644134521484,12178000,0.0,0.0
2024-03-20 00:00:00-04:00,15.772566887971244,16.023299976115943,15.611718803865982,16.018569946289062,17508400,0.0,0.0
2024-03-21 00:00:00-04:00,16.24565119959489,16.472730556161196,16.13211061897858,16.283496856689453,12914800,0.0,0.0
2024-03-22 00:00:00-04:00,16.28349698148699,16.66196438333107,16.28349698148699,16.434885025024414,9279500,0.0,0.0
2024-03-25 00:00:00-04:00,16.321342995700146,16.68088482995811,16.28349553700659,16.48219108581543,16167200,0.0,0.0
2024-03-26 00:00:00-04:00,16.567345688709572,16.879579997208786,16.510576306618656,16.737655639648438,14285200,0.0,0.0
2024-03-27 00:00:00-04:00,16.813349679015555,16.84173346929518,16.472729758330335,16.718732833862305,9727100,0.0,0.0
2024-03-28 00:00:00-04:00,16.784965024081178,16.893773770467877,16.737657501188288,16.775503158569336,9155400,0.0,0.0
2024-04-01 00:00:00-04:00,16.72819619747329,17.04516058176643,16.671426807162028,16.974199295043945,9680900,0.0,0.0
2024-04-02 00:00:00-04:00,16.794423602500803,16.860654843454252,16.605189938634407,16.747116088867188,9361500,0.0,0.0
2024-04-03 00:00:00-04:00,16.718731127543894,17.399969094720785,16.69980739951136,17.210737228393555,26942500,0.0,0.0
2024-04-04 00:00:00-04:00,17.5040511488373,17.750054246407952,16.9174281000663,16.974199295043945,17602700,0.0,0.0
2024-04-05 00:00:00-04:00,16.92688710319635,17.144506371140473,16.766039020628643,17.03096580505371,13148900,0.0,0.0
2024-04-08 00:00:00-04:00,17.22965859420987,17.43119286236925,17.135043566441006,17.163427352905273,10709800,0.0,0.0
2024-04-09 00:00:00-04:00,17.22965860747184,17.2627760328156,16.91742432346272,17.049888610839844,10641500,0.0,0.0
2024-04-10 00:00:00-04:00,16.841732129797794,17.097197049993458,16.766039020628643,17.03096580505371,16226400,0.0,0.0
2024-04-11 00:00:00-04:00,17.012044953695995,17.087738075666476,16.68561870357325,16.974199295043945,11099600,0.0,0.0
2024-04-12 00:00:00-04:00,16.775501672025836,16.94581162681451,16.453805491795265,16.48219108581543,14035100,0.0,0.0
2024-04-15 00:00:00-04:00,16.747117846221283,16.84646471807639,16.275926731709355,16.3308048248291,17413800,0.0,0.0
2024-04-16 00:00:00-04:00,16.39703599361844,16.444343511988006,15.999646703449214,16.21726417541504,11214400,0.0,0.0
2024-04-17 00:00:00-04:00,16.321343403939576,16.551261487721906,16.094264060096883,16.113187789916992,11256000,0.0,0.0
2024-04-18 00:00:00-04:00,16.16995575486585,16.19834134710354,15.938144596589812,16.122648239135742,12392500,0.0,0.0
2024-04-19 00:00:00-04:00,16.103726843455902,16.302420603900597,15.791492502281164,15.886109352111816,12486500,0.0,0.0
2024-04-22 00:00:00-04:00,16.02803367866665,16.06587933569085,15.753644995409445,15.923954963684082,8508500,0.0,0.0
2024-04-23 00:00:00-04:00,15.857723710392014,16.046955604845596,15.82933811412414,15.923954963684082,9110400,0.0,0.0
2024-04-24 00:00:00-04:00,16.018569946289062,16.1273786789682,15.88137562065038,16.018569946289062,10856000,0.0,0.0
2024-04-25 00:00:00-04:00,15.914491202758532,16.136840502041437,15.87664555024196,16.056415557861328,8383000,0.0,0.0
2024-04-26 00:00:00-04:00,16.084801253051396,16.349728041016746,15.96653065560249,16.245649337768555,9189400,0.0,0.0
2024-04-29 00:00:00-04:00,16.283495483596845,16.491652896396317,16.11318733403294,16.255111694335938,8335700,0.0,0.0
2024-04-30 00:00:00-04:00,16.113190133771294,16.46327016303557,16.06588080233932,16.08480453491211,10073000,0.0,0.0
2024-05-01 00:00:00-04:00,15.952339047170787,16.10372527024402,15.507640437810293,15.554949760437012,9407100,0.0,0.0
2024-05-02 00:00:00-04:00,15.715800278086837,15.753645937373955,15.384642187159109,15.640107154846191,11008600,0.0,0.0
2024-05-03 00:00:00-04:00,15.838802389380438,15.96180485392277,15.715801729504685,15.952342987060547,7951500,0.0,0.0
2024-05-06 00:00:00-04:00,16.103724493567242,16.274034437477177,16.037493249750277,16.236186981201172,9233700,0.0,0.0
2024-05-07 00:00:00-04:00,16.274039241709843,16.302423037629936,15.895571785887205,15.952342987060547,8273300,0.0,0.0
2024-05-08 00:00:00-04:00,15.867184267330206,16.26457355897829,15.810413079476083,16.255111694335938,8134900,0.0,0.0
2024-05-09 00:00:00-04:00,16.302419133728616,16.340266592114272,15.985454790746413,16.141571044921875,8599600,0.0,0.0
2024-05-10 00:00:00-04:00,16.17941850330753,16.359190321307096,16.075339797413125,16.141571044921875,6454400,0.0,0.0
2024-05-13 00:00:00-04:00,16.20780048501197,16.52003476321012,16.20780048501197,16.4443416595459,11969900,0.0,0.0
2024-05-14 00:00:00-04:00,16.529498170411614,16.709269985152435,16.482190652953243,16.69980812072754,11483000,0.0,0.0
2024-05-15 00:00:00-04:00,16.794426922380886,17.030968146639772,16.70927193727438,17.002582550048828,11307200,0.0,0.0
2024-05-16 00:00:00-04:00,17.012042487663216,17.106659327577436,16.794425019126795,16.92688751220703,10222600,0.0,0.0
2024-05-17 00:00:00-04:00,17.040430542590553,17.054622438994617,16.775503713494302,16.89850616455078,9238500,0.0,0.0
2024-05-20 00:00:00-04:00,16.936350780250628,17.068815088974848,16.766040815223963,16.841733932495117,10130500,0.0,0.0
2024-05-21 00:00:00-04:00,16.803889302417577,16.87012055849134,16.64304119280999,16.822813034057617,9328200,0.0,0.0
2024-05-22 00:00:00-04:00,16.841733559347322,17.201277211918907,16.784964173818313,17.17289161682129,10667200,0.0,0.0
2024-05-23 00:00:00-04:00,17.835206284003696,17.92982312198238,17.172890222818996,17.258045196533203,15612200,0.0,0.0
2024-05-24 00:00:00-04:00,17.34320260137534,17.598667558328415,17.314817004602887,17.418895721435547,13605300,0.0,0.0
2024-05-28 00:00:00-04:00,17.494588841495755,17.768977529630465,17.23912388454268,17.418895721435547,17948100,0.0,0.0
2024-05-29 00:00:00-04:00,17.25804616327563,17.409432390655276,17.191814914380306,17.201276779174805,14206500,0.0,0.0
2024-05-30 00:00:00-04:00,17.513510242601622,17.67341268187954,17.30535464129659,17.522972106933594,31909300,0.0,0.0
2024-05-31 00:00:00-04:00,16.945811181776527,17.002580563659794,16.378111948945488,16.69980812072754,33499300,0.0,0.0
2024-06-03 00:00:00-04:00,16.945810381002953,17.10665845929311,16.699807331578832,16.983657836914062,22762900,0.0,0.0
2024-06-04 00:00:00-04:00,16.88904327725191,16.993120185697617,16.643040194683955,16.652502059936523,30743300,0.0,0.0
2024-06-05 00:00:00-04:00,19.254453834060463,19.33014694506056,18.393444019684573,18.431289672851562,88492100,0.0,0.0
2024-06-06 00:00:00-04:00,18.3272142521648,18.961144784699144,18.057555605007522,18.535369873046875,30573600,0.0,0.0
2024-06-07 00:00:00-04:00,18.658368756791994,18.961143001416936,18.64890689246002,18.95168113708496,21612900,0.0,0.0
2024-06-10 00:00:00-04:00,18.923299388888836,19.52884439184001,18.8759918622832,19.481536865234375,23519100,0.0,0.0
2024-06-11 00:00:00-04:00,19.396378505182266,19.5666884588524,19.103067920898226,19.453147888183594,15196800,0.0,0.0
2024-06-12 00:00:00-04:00,19.746461823116565,20.02558053466947,19.538304394704458,19.7843074798584,20247700,0.0,0.0
2024-06-13 00:00:00-04:00,19.73700243058414,20.721013089818843,19.670771169488198,20.588550567626953,22925400,0.0,0.0
2024-06-14 00:00:00-04:00,20.456084221480843,20.64531610285716,20.11546430847083,20.43716049194336,18473700,0.0,0.0
2024-06-17 00:00:00-04:00,20.678434600964888,20.77778148784398,20.053965876772843,20.493932723999023,20204900,0.0,0.0
2024-06-18 00:00:00-04:00,20.83660607640013,21.721852789519883,20.51772786014891,20.789012908935547,44296100,0.13,0.0
2024-06-20 00:00:00-04:00,21.56955094053185,21.645701092395754,20.374945092748874,20.446334838867188,25498900,0.0,0.0
2024-06-21 00:00:00-04:00,20.227405850873964,20.35114918193745,19.44686624500092,19.913286209106445,59893400,0.0,0.0
2024-06-24 00:00:00-04:00,19.827618134311297,20.017994455418304,19.470663893908025,19.484941482543945,19621200,0.0,0.0
2024-06-25 00:00:00-04:00,19.523014525781335,20.122696760282555,19.351676225763022,20.103660583496094,15186900,0.0,0.0
2024-06-26 00:00:00-04:00,19.780023880951454,19.998955367366957,19.7238630690057,19.913286209106445,17304900,0.0,0.0
2024-06-27 00:00:00-04:00,19.913285451490474,20.284517246120192,19.884728461302426,20.027511596679688,12921000,0.0,0.0
2024-06-28 00:00:00-04:00,20.027513224863714,20.2512033117184,19.889490484411734,20.151256561279297,17398900,0.0,0.0
2024-07-01 00:00:00-04:00,20.294035387025232,20.294035387025232,19.60868399148102,20.141735076904297,13452100,0.0,0.0
2024-07-02 00:00:00-04:00,19.85617212964329,20.14649515850067,19.80857714876994,20.103660583496094,11762400,0.0,0.0
2024-07-03 00:00:00-04:00,20.084623635921677,20.084623635921677,19.532534538012,19.675315856933594,11412800,0.0,0.0
2024-07-05 00:00:00-04:00,19.684837534708155,19.689596125909716,19.31360569183708,19.561092376708984,15281400,0.0,0.0
2024-07-08 00:00:00-04:00,19.7467065711842,19.970396628792276,19.694352999543085,19.884727478027344,11118800,0.0,0.0
2024-07-09 00:00:00-04:00,19.808576892298706,20.574838826591183,19.799057896247284,20.22740364074707,15683100,0.0,0.0
2024-07-10 00:00:00-04:00,20.360665950251402,20.45585409518366,20.084622327066988,20.32259178161621,10414200,0.0,0.0
2024-07-11 00:00:00-04:00,20.332109869173795,20.37970303173191,19.960876302081957,20.1798095703125,9411900,0.0,0.0
2024-07-12 00:00:00-04:00,20.170294556285736,20.379707054667158,19.970399239844397,20.151256561279297,9206500,0.0,0.0
2024-07-15 00:00:00-04:00,20.236922052605212,20.44633451300271,20.132214914625063,20.408260345458984,9921600,0.0,0.0
2024-07-16 00:00:00-04:00,20.446333930396836,20.49392890792381,20.208364489450236,20.398740768432617,7878100,0.0,0.0
2024-07-17 00:00:00-04:00,20.160770228768367,20.265477358058643,19.732424532183284,19.808574676513672,12520200,0.0,0.0
2024-07-18 00:00:00-04:00,20.00847347812596,20.189328968163924,19.63248127970082,19.675315856933594,10713200,0.0,0.0
2024-07-19 00:00:00-04:00,19.665795542321572,19.718149112715608,19.456383076308292,19.494457244873047,10035700,0.0,0.0
2024-07-22 00:00:00-04:00,19.627723861832873,19.789543183762255,19.49445971605609,19.599166870117188,9656900,0.0,0.0
2024-07-23 00:00:00-04:00,19.51349871611485,19.68007663746617,19.42782955211612,19.55157470703125,6290300,0.0,0.0
2024-07-24 00:00:00-04:00,19.427826364790096,19.675314818454268,19.066113588242693,19.08514976501465,9554200,0.0,0.0
2024-07-25 00:00:00-04:00,18.961408619623022,19.02803978487038,18.475950652811164,18.514026641845703,11529800,0.0,0.0
2024-07-26 00:00:00-04:00,18.637770410597874,18.951890065220635,18.59493582971463,18.80910873413086,7954800,0.0,0.0
2024-07-29 00:00:00-04:00,18.894775082734288,18.966164829868696,18.456910341612584,18.475948333740234,7886100,0.0,0.0
2024-07-30 00:00:00-04:00,18.618729755325063,18.742474889334684,18.07615968537038,18.095197677612305,11214600,0.0,0.0
2024-07-31 00:00:00-04:00,18.84717999022138,19.127984017962667,18.694879685232497,18.951887130737305,12120400,0.0,0.0
2024-08-01 00:00:00-04:00,18.799587215965747,19.018518681986208,17.923859536321032,18.161828994750977,9310000,0.0,0.0
2024-08-02 00:00:00-04:00,17.657332404842514,17.790596530980455,17.086207179198933,17.162357330322266,12776500,0.0,0.0
2024-08-05 00:00:00-04:00,16.429414149559435,16.724495814945925,16.181925656938674,16.51508331298828,12876400,0.0,0.0
2024-08-06 00:00:00-04:00,16.56267650615537,16.714976837869102,16.40085717676413,16.41989517211914,14081300,0.0,0.0
2024-08-07 00:00:00-04:00,16.419891610802757,16.438929602028608,15.8106904160777,15.915395736694336,18905800,0.0,0.0
2024-08-08 00:00:00-04:00,16.099110110073333,16.496042997536733,16.099110110073333,16.477005004882812,9934500,0.0,0.0
2024-08-09 00:00:00-04:00,16.372299512495854,16.595989569469694,16.286630361973824,16.50556182861328,7352800,0.0,0.0
2024-08-12 00:00:00-04:00,16.553156014334952,16.580761649776885,16.239036381583464,16.362781524658203,13676700,0.0,0.0
2024-08-13 00:00:00-04:00,16.524601157513825,17.01957629265121,16.486525169507775,16.94342613220215,16886400,0.0,0.0
2024-08-14 00:00:00-04:00,16.9719839646508,16.9910219595977,16.69594030017328,16.92439079284668,10201100,0.0,0.0
2024-08-15 00:00:00-04:00,17.419366324815524,17.90006572190115,17.23851081564408,17.85723114013672,13126900,0.0,0.0
2024-08-16 00:00:00-04:00,17.790598662898248,17.923860989442726,17.666853517767205,17.771560668945312,8302500,0.0,0.0
2024-08-19 00:00:00-04:00,17.77156112541032,17.990492614803255,17.609741803780086,17.971454620361328,9017300,0.0,0.0
2024-08-20 00:00:00-04:00,17.914341979098243,17.93337997303697,17.581184347422624,17.866748809814453,9747600,0.0,0.0
2024-08-21 00:00:00-04:00,17.904823455377656,17.990492614803255,17.609741803780086,17.971454620361328,7719800,0.0,0.0
2024-08-22 00:00:00-04:00,18.000011136259488,18.133273462704523,17.833433228203194,17.866748809814453,7195100,0.0,0.0
2024-08-23 00:00:00-04:00,18.152309738172796,18.39027919318935,17.971452444002615,18.285572052001953,7959500,0.0,0.0
2024-08-26 00:00:00-04:00,18.304606476424734,18.542575885059154,18.17134418856946,18.25701332092285,7313700,0.0,0.0
2024-08-27 00:00:00-04:00,18.142790258197824,18.40931669431017,18.114235086317695,18.180866241455078,7637300,0.0,0.0
2024-08-28 00:00:00-04:00,18.085681915283203,18.252259838277638,17.895305589949682,18.085681915283203,8707000,0.0,0.0
2024-08-29 00:00:00-04:00,18.047604907755137,18.123756886051087,17.762042251397695,17.78108024597168,9558700,0.0,0.0
2024-08-30 00:00:00-04:00,18.22846333311222,18.62825216565195,18.19038915721297,18.437877655029297,18330200,0.0,0.0
2024-09-03 00:00:00-04:00,18.352204112668502,18.50450441106718,18.047601700308377,18.142789840698242,15341500,0.0,0.0
2024-09-04 00:00:00-04:00,18.019049130198216,18.10566964238749,17.66685350458387,17.866748809814453,21890700,0.0,0.0
2024-09-05 00:00:00-04:00,16.324704424938165,17.133800943726726,16.043900392404574,16.79112434387207,29090200,0.0,0.0
2024-09-06 00:00:00-04:00,16.72925310706508,16.943424160201676,16.46748525889755,16.686418533325195,16208800,0.0,0.0
2024-09-09 00:00:00-04:00,16.7530517578125,16.991021237850852,16.68642059389185,16.7530517578125,13693000,0.0,0.0
2024-09-10 00:00:00-04:00,15.601278057533095,15.73454219689884,15.182452184782102,15.325234413146973,70663200,0.0,0.0
2024-09-11 00:00:00-04:00,15.325233353313104,15.66790813590254,15.011113743527781,15.610795974731445,70763400,0.0,0.0
2024-09-12 00:00:00-04:00,15.572725080205082,16.1200538556015,15.420424741350145,16.048664093017578,41955200,0.0,0.0
2024-09-13 00:00:00-04:00,16.105773649315005,16.372300106787286,16.02962349226049,16.324705123901367,19822600,0.0,0.0
2024-09-16 00:00:00-04:00,16.02962421268659,16.47700617854337,16.00106722167159,16.400856018066406,14943400,0.0,0.0
2024-09-17 00:00:00-04:00,17.105243513211988,17.514551260114413,16.857755065885808,17.324176788330078,28391600,0.0,0.0
2024-09-18 00:00:00-04:00,17.390807849797554,17.676370463704814,17.166164630795397,17.419363021850586,17767100,0.0,0.0
2024-09-19 00:00:00-04:00,17.898709626853904,18.157555892139452,17.874742786413254,18.071273803710938,17085300,0.13,0.0
2024-09-20 00:00:00-04:00,18.0137522776698,18.10961963547678,17.740524456551455,18.03292465209961,30623000,0.0,0.0
2024-09-23 00:00:00-04:00,18.04251021988037,18.085651258647346,17.855566328074296,18.05209732055664,11338800,0.0,0.0
2024-09-24 00:00:00-04:00,18.167142517845086,18.176727790927934,18.015668871977688,18.100032806396484,10154800,0.0,0.0
2024-09-25 00:00:00-04:00,18.87657067066595,19.25525110994898,18.77111438631867,19.02996063232422,24344100,0.0,0.0
2024-09-26 00:00:00-04:00,19.394262561180813,19.643521721784037,19.15459050235687,19.509305953979492,17618600,0.0,0.0
2024-09-27 00:00:00-04:00,19.605174239541007,19.63393371500052,19.29839248240286,19.307979583740234,10396800,0.0,0.0
2024-09-30 00:00:00-04:00,19.260043966828597,19.662693039703328,19.116241118348853,19.614757537841797,16962200,0.0,0.0
2024-10-01 00:00:00-04:00,19.490132339870843,19.53806602166424,19.001201105656683,19.125831604003906,14802400,0.0,0.0
2024-10-02 00:00:00-04:00,19.17376448468464,19.80649856639502,19.125830804893997,19.653108596801758,12851100,0.0,0.0
2024-10-03 00:00:00-04:00,19.54765253254392,19.969475868068816,19.394262561180813,19.509305953979492,10884200,0.0,0.0
2024-10-04 00:00:00-04:00,19.835256293263402,19.892777064346376,19.445070651354133,19.76814842224121,8528200,0.0,0.0
2024-10-07 00:00:00-04:00,19.66269447913001,20.060549116667715,19.65310737805587,19.99823570251465,10961300,0.0,0.0
2024-10-08 00:00:00-04:00,20.094102093110923,20.18038417009042,19.90236556647508,20.103689193725586,11588800,0.0,0.0
2024-10-09 00:00:00-04:00,19.959888063960314,20.03274857207695,19.65598444531662,19.988649368286133,10816900,0.0,0.0
2024-10-10 00:00:00-04:00,19.844847723809163,20.074932686903274,19.54765304649562,19.691457748413086,18463700,0.0,0.0
2024-10-11 00:00:00-04:00,19.68187004817563,19.959888684423703,19.65310874295575,19.816085815429688,8488000,0.0,0.0
2024-10-14 00:00:00-04:00,19.7969115106373,20.06534487232437,19.777737307255506,19.8640193939209,8153300,0.0,0.0
2024-10-15 00:00:00-04:00,19.950299940480996,20.21873328144579,19.806497083324064,19.88319206237793,14362600,0.0,0.0
2024-10-16 00:00:00-04:00,19.940716424381392,20.103693512739202,19.83526195206954,20.02699851989746,13599300,0.0,0.0
2024-10-17 00:00:00-04:00,19.959888705937843,20.13245288033774,19.82087847338763,20.074932098388672,9672800,0.0,0.0
2024-10-18 00:00:00-04:00,20.16121454230168,20.18997401950871,19.547652819295976,19.83526039123535,10429200,0.0,0.0
2024-10-21 00:00:00-04:00,19.825671926205413,19.825671926205413,19.06830738357883,19.145002365112305,15063900,0.0,0.0
2024-10-22 00:00:00-04:00,19.029961299105032,19.135415758594693,18.76152794252127,19.068307876586914,11112200,0.0,0.0
2024-10-23 00:00:00-04:00,19.01078439536991,19.029958595663242,18.44995275093287,18.512266159057617,10069800,0.0,0.0
2024-10-24 00:00:00-04:00,18.61772118081615,18.665654849775457,18.440364411404,18.598546981811523,9434600,0.0,0.0
2024-10-25 00:00:00-04:00,18.77111409295053,19.03954743593353,18.636898335735307,18.656070709228516,7901400,0.0,0.0
2024-10-28 00:00:00-04:00,18.78549387092691,19.058719850737305,18.67524495175364,18.9149169921875,8955900,0.0,0.0
2024-10-29 00:00:00-04:00,18.91491761763311,19.149797029588,18.876571040743045,19.049135208129883,9709400,0.0,0.0
2024-10-30 00:00:00-04:00,20.08451612233647,20.18038346804307,19.394259530513565,19.49971580505371,15599700,0.0,0.0
2024-10-31 00:00:00-04:00,19.35591404832774,19.40384772388131,18.684831619262695,18.684831619262695,12163500,0.0,0.0
2024-11-01 00:00:00-04:00,18.747148350842778,19.408643731679724,18.70400730799357,19.231285095214844,12602000,0.0,0.0
2024-11-04 00:00:00-05:00,19.317567282492405,19.547652236047163,19.183351516723633,19.183351516723633,8093400,0.0,0.0
2024-11-05 00:00:00-05:00,19.192937477274246,19.437402154469236,19.039547517357278,19.173763275146484,9456000,0.0,0.0
2024-11-06 00:00:00-05:00,19.873604949939352,20.506338983906126,19.825671273765597,20.44881820678711,15601000,0.0,0.0
2024-11-07 00:00:00-05:00,20.477578629632987,20.769978795964082,20.295427376605797,20.55427360534668,11975400,0.0,0.0
2024-11-08 00:00:00-05:00,20.583036060430725,21.282879872331915,20.496753971683354,21.12948989868164,14164900,0.0,0.0
2024-11-11 00:00:00-05:00,21.206182595845817,21.474614106474515,20.98568293254757,21.110313415527344,10395900,0.0,0.0
2024-11-12 00:00:00-05:00,20.928163651280506,21.19659700964367,20.803534987947433,20.832294464111328,8487500,0.0,0.0
2024-11-13 00:00:00-05:00,20.861056017622033,21.234943840632983,20.717253149429563,20.947338104248047,10682400,0.0,0.0
2024-11-14 00:00:00-05:00,20.813120060352738,21.129488923527397,20.458406448364258,20.458406448364258,9000700,0.0,0.0
2024-11-15 00:00:00-05:00,20.5063400981122,20.602209284221274,20.11327808076237,20.199560165405273,10918000,0.0,0.0
2024-11-18 00:00:00-05:00,20.908987981197136,20.95692348569498,20.410471534287257,20.49675178527832,12030800,0.0,0.0
2024-11-19 00:00:00-05:00,20.343359815275143,20.67410836365308,19.998233359799155,20.640554428100586,9248700,0.0,0.0
2024-11-20 00:00:00-05:00,20.66931626096596,20.66931626096596,20.204353745806284,20.305015563964844,10338300,0.0,0.0
2024-11-21 00:00:00-05:00,20.43923168989591,21.052791539504728,20.420057487457488,20.841880798339844,12939500,0.0,0.0
2024-11-22 00:00:00-05:00,20.908989352734544,21.302051372637358,20.82270726753123,21.187009811401367,8865800,0.0,0.0
2024-11-25 00:00:00-05:00,21.474614566262147,21.685527133189094,21.158247544424295,21.292463302612305,21880100,0.0,0.0
2024-11-26 00:00:00-05:00,21.254119130141326,21.330814119000113,21.028826800376798,21.215770721435547,8299400,0.0,0.0
2024-11-27 00:00:00-05:00,20.247495643259228,20.56386267697175,19.782531279866344,19.94071388244629,16174000,0.0,0.0
2024-11-29 00:00:00-05:00,19.969474997891353,20.5351011783527,19.950300795168314,20.34336280822754,7085600,0.0,0.0
2024-12-02 00:00:00-05:00,20.3241900409339,20.707664945214194,20.122864573341385,20.37212371826172,12697300,0.0,0.0
2024-12-03 00:00:00-05:00,20.189972355298405,20.439231499012283,20.09410317255421,20.42005729675293,9325900,0.0,0.0
2024-12-04 00:00:00-05:00,20.61179999275979,21.167839175236306,20.487171308994775,20.861059188842773,11767000,0.0,0.0
2024-12-05 00:00:00-05:00,21.666352541563647,21.8005682973392,20.678903089429483,20.755598068237305,26020400,0.0,0.0
2024-12-06 00:00:00-05:00,21.743048300890347,23.238601355605596,21.532135730183228,22.960582733154297,37723200,0.0,0.0
2024-12-09 00:00:00-05:00,22.864709993141155,22.931817863001303,22.10734556802849,22.15528106689453,22240200,0.0,0.0
2024-12-10 00:00:00-05:00,21.695112060964544,21.953958300687344,20.870641494201134,21.01444435119629,20630800,0.0,0.0
2024-12-11 00:00:00-05:00,20.928163035200697,21.091140100024813,20.32898291872272,21.004858016967773,16182300,0.0,0.0
2024-12-12 00:00:00-05:00,20.922408994997955,21.254115728717398,20.861053745151082,20.92816162109375,12668200,0.0,0.0
2024-12-13 00:00:00-05:00,20.830376120227648,21.15824655084824,20.784358768566253,20.92816162109375,10279500,0.0,0.0
2024-12-16 00:00:00-05:00,20.93104021423623,21.1294893791866,20.372124802925498,20.947338104248047,22024400,0.0,0.0
2024-12-17 00:00:00-05:00,20.4775785181235,21.00485624471482,20.4775785181235,20.650142669677734,13269400,0.0,0.0
2024-12-18 00:00:00-05:00,20.774770554907416,20.899399199473557,19.701039111692907,19.73938751220703,15360500,0.0,0.0
2024-12-19 00:00:00-05:00,20.218736916278246,20.324193217142966,19.902369842236954,20.02699851989746,18372300,0.0,0.0
2024-12-20 00:00:00-05:00,19.8822914997951,20.875922522014868,19.872644364433377,20.846982955932617,43682400,0.13,0.0
2024-12-23 00:00:00-05:00,20.837338597386672,21.08815863020744,20.634752407799322,21.049570083618164,14384000,0.0,0.0
2024-12-24 00:00:00-05:00,21.088156380414265,21.14603735411996,20.981075567057083,21.117095947265625,5955400,0.0,0.0
2024-12-26 00:00:00-05:00,21.02062955498818,21.271447736366667,21.00615793067562,21.252155303955078,4815400,0.0,0.0
2024-12-27 00:00:00-05:00,21.054392641971116,21.14121502383515,20.760161441210002,20.885570526123047,6571000,0.0,0.0
2024-12-30 00:00:00-05:00,20.562399841282865,20.846983907432563,20.379107941050094,20.644397735595703,7219100,0.0,0.0
2024-12-31 00:00:00-05:00,20.711926657522177,20.83251309976672,20.436989716404856,20.59616470336914,7318600,0.0,0.0
