Date,Open,High,Low,Close,Volume,Dividends,Stock Splits
2015-01-02 00:00:00-05:00,78.5075631561994,78.70320712061474,77.45407224962683,78.041015625,786500,0.0,0.0
2015-01-05 00:00:00-05:00,77.6196521652867,78.25927005114539,77.13053057925387,77.49172973632812,857800,0.0,0.0
2015-01-06 00:00:00-05:00,77.77010956514245,78.4849809844071,77.43149018937596,77.7475357055664,1241200,0.0,0.0
2015-01-07 00:00:00-05:00,78.40975840878133,79.38047494521125,78.13133970819814,79.11710357666016,1020600,0.0,0.0
2015-01-08 00:00:00-05:00,79.71156384051255,80.89297732623923,79.39551823718647,80.6446533203125,1245800,0.0,0.0
2015-01-09 00:00:00-05:00,80.74247966779008,80.75752699770892,79.91473299564215,80.07276153564453,748300,0.0,0.0
2015-01-12 00:00:00-05:00,80.10284427531487,80.30602051590343,79.26005613972849,79.3353042602539,1123400,0.0,0.0
2015-01-13 00:00:00-05:00,80.09533959109328,80.59950841518389,79.77928823561932,80.2684097290039,1414400,0.0,0.0
2015-01-14 00:00:00-05:00,79.98245990264097,80.6521780311835,79.86958483513128,80.53177642822266,1499500,0.0,0.0
2015-01-15 00:00:00-05:00,81.14882408242543,82.10449319212152,80.9531800800692,81.61537170410156,1516400,0.0,0.0
2015-01-16 00:00:00-05:00,81.9916175175951,83.33858036318288,81.9539963209864,83.27085876464844,2532200,0.0,0.0
2015-01-20 00:00:00-05:00,83.52669773213167,83.79006905424536,82.36785817376717,83.06015014648438,1148700,0.0,0.0
2015-01-21 00:00:00-05:00,81.9916311139895,83.06016972475474,81.80350787655622,82.92472076416016,1320600,0.0,0.0
2015-01-22 00:00:00-05:00,83.03756531112838,83.51916016252729,82.21735105333018,83.36113739013672,1151900,0.0,0.0
2015-01-23 00:00:00-05:00,81.81853821055485,82.26250617179296,81.38209104315656,81.73576354980469,1556900,0.0,0.0
2015-01-26 00:00:00-05:00,81.69813868520954,82.32270905357177,81.3896196391077,82.27003479003906,808500,0.0,0.0
2015-01-27 00:00:00-05:00,80.44901683920455,82.6086677381118,80.44901683920455,82.15717315673828,1071400,0.0,0.0
2015-01-28 00:00:00-05:00,82.15715861886255,82.93975176725891,80.81019590834937,81.0284194946289,1431300,0.0,0.0
2015-01-29 00:00:00-05:00,76.69407352464228,77.81529205778452,74.29362512343539,77.72499084472656,6049800,0.0,0.0
2015-01-30 00:00:00-05:00,77.01010684377844,77.92814893599906,76.60376580265985,76.91228485107422,3111800,0.0,0.0
2015-02-02 00:00:00-05:00,76.75424932210856,78.37963618111063,76.42315072318668,78.30438232421875,1624700,0.0,0.0
2015-02-03 00:00:00-05:00,78.40974907566289,78.84619628649162,78.04102920358012,78.78599548339844,1264300,0.0,0.0
2015-02-04 00:00:00-05:00,78.68065647063482,80.12544721440035,78.68065647063482,79.53849792480469,1555400,0.0,0.0
2015-02-05 00:00:00-05:00,79.7115398856225,80.02005886061112,79.0794431278633,79.6212387084961,886600,0.0,0.0
2015-02-06 00:00:00-05:00,79.43313447230013,80.07275791569168,79.15471582340489,79.41056060791016,1106800,0.0,0.0
2015-02-09 00:00:00-05:00,79.04185607049718,79.74167470745947,78.86878017487626,78.97412872314453,879500,0.0,0.0
2015-02-10 00:00:00-05:00,79.47076440827658,79.92978547175532,79.0042168093622,79.67393493652344,793700,0.0,0.0
2015-02-11 00:00:00-05:00,79.81691037716341,80.10285557191116,79.0042167823253,79.89215850830078,781400,0.0,0.0
2015-02-12 00:00:00-05:00,79.73411598801559,80.26838505032086,79.29766889788579,80.2608642578125,1043600,0.0,0.0
2015-02-13 00:00:00-05:00,79.83194824647684,80.14799954550314,79.55352962015616,79.7792739868164,1122100,0.0,0.0
2015-02-17 00:00:00-05:00,79.6814496169152,79.99749516541753,79.01173158939494,79.69650268554688,1105100,0.0,0.0
2015-02-18 00:00:00-05:00,79.69650051397382,80.51671475908019,79.40302309428857,80.47908782958984,1267100,0.0,0.0
2015-02-19 00:00:00-05:00,80.49418494346055,80.75002983258793,79.32781838379583,79.72663879394531,1447900,0.0,0.0
2015-02-20 00:00:00-05:00,79.7943300481318,80.94564301035732,79.35788288539962,80.69731903076172,1483700,0.0,0.0
2015-02-23 00:00:00-05:00,80.23222004809992,80.52716895989457,79.55914408111127,80.14147186279297,1141300,0.535,0.0
2015-02-24 00:00:00-05:00,79.83142409646136,80.20955703480361,79.13566087467582,79.9675521850586,1233300,0.0,0.0
2015-02-25 00:00:00-05:00,79.78600565187993,80.0355746372606,78.77261270980942,78.90117645263672,1428500,0.0,0.0
2015-02-26 00:00:00-05:00,79.05999236726393,79.05999236726393,78.1751631583827,78.37178802490234,1768000,0.0,0.0
2015-02-27 00:00:00-05:00,78.38694753766046,78.89364421442154,78.21300387332835,78.48526000976562,1100600,0.0,0.0
2015-03-02 00:00:00-05:00,78.48525086318445,78.80288106206172,77.40379071666013,77.63823699951172,1124400,0.0,0.0
2015-03-03 00:00:00-05:00,77.61555822021504,77.81975322060222,77.13911283572868,77.55506134033203,769800,0.0,0.0
2015-03-04 00:00:00-05:00,77.21472446435453,77.38110383646313,76.42064896544878,76.78365325927734,832500,0.0,0.0
2015-03-05 00:00:00-05:00,77.07102515686204,77.57772169182678,76.90464581228298,77.40377807617188,891300,0.0,0.0
2015-03-06 00:00:00-05:00,76.94246996982882,77.04078820259629,75.08962133041061,75.36187744140625,1266000,0.0,0.0
2015-03-09 00:00:00-04:00,75.36187627845958,76.1483932792155,75.36187627845958,75.6341323852539,1447100,0.0,0.0
2015-03-10 00:00:00-04:00,75.31649776368585,75.41481599669787,74.4997351985166,74.50729370117188,1406900,0.0,0.0
2015-03-11 00:00:00-04:00,74.80221400999827,75.19546948203335,74.31819884233234,74.96102905273438,1311400,0.0,0.0
2015-03-12 00:00:00-04:00,75.18791349940435,76.20887075514739,74.97616008575072,76.08030700683594,998600,0.0,0.0
2015-03-13 00:00:00-04:00,76.04251475745735,76.20132985437827,74.94592608369507,75.53581237792969,783500,0.0,0.0
2015-03-16 00:00:00-04:00,75.70974783528645,76.3223211100287,75.61899388834932,76.27694702148438,739900,0.0,0.0
2015-03-17 00:00:00-04:00,75.97445519958514,76.17108590664127,75.3770045753432,75.67951202392578,709500,0.0,0.0
2015-03-18 00:00:00-04:00,75.57362499829398,76.80633590394659,74.65098000210355,76.46601867675781,1075800,0.0,0.0
2015-03-19 00:00:00-04:00,76.17105947337066,76.60969483310545,75.72485984333765,76.04249572753906,650200,0.0,0.0
2015-03-20 00:00:00-04:00,76.54165678822132,77.4340506147777,76.30721624924585,77.20716857910156,1011700,0.0,0.0
2015-03-23 00:00:00-04:00,77.40378491523116,77.54747722912695,76.82902142949673,76.98027801513672,554600,0.0,0.0
2015-03-24 00:00:00-04:00,77.09370990496662,77.66846755295721,76.05762405265646,76.08787536621094,723500,0.0,0.0
2015-03-25 00:00:00-04:00,76.52650744944334,77.88778188145267,76.20131305510235,76.9046401977539,1851000,0.0,0.0
2015-03-26 00:00:00-04:00,76.85173398441236,77.25255394207524,76.26940607736043,76.39041137695312,892200,0.0,0.0
2015-03-27 00:00:00-04:00,76.3450241901478,77.16935684755647,76.25427599399801,77.05591583251953,649000,0.0,0.0
2015-03-30 00:00:00-04:00,77.2676561296834,77.6457889353722,76.64751855914774,77.46428680419922,585200,0.0,0.0
2015-03-31 00:00:00-04:00,77.32816681480388,77.68361261233633,76.31477355957031,76.31477355957031,843700,0.0,0.0
2015-04-01 00:00:00-04:00,75.73246035202953,76.2996597290039,75.15769670113738,76.2996597290039,1016400,0.0,0.0
2015-04-02 00:00:00-04:00,76.08033035022713,76.67778096197603,75.64925912021204,76.19377136230469,643000,0.0,0.0
2015-04-06 00:00:00-04:00,76.12567279873912,77.21469097778721,76.07272868525705,76.76093292236328,1151200,0.0,0.0
2015-04-07 00:00:00-04:00,76.88196224464834,77.56259665619042,76.84414665740776,76.94245910644531,675300,0.0,0.0
2015-04-08 00:00:00-04:00,76.9197552155436,77.09369880096624,75.69460315736586,76.050048828125,846800,0.0,0.0
2015-04-09 00:00:00-04:00,75.9668928707355,76.36771856802855,75.5509501669085,76.18621063232422,694400,0.0,0.0
2015-04-10 00:00:00-04:00,76.18621503699677,76.50385105791844,75.63414423439869,75.69464111328125,853600,0.0,0.0
2015-04-13 00:00:00-04:00,75.77783579655181,76.0727790162088,75.04426276936042,75.21820068359375,1147100,0.0,0.0
2015-04-14 00:00:00-04:00,75.15013188562854,76.65509915724859,75.12743906578105,76.38284301757812,905100,0.0,0.0
2015-04-15 00:00:00-04:00,76.66263033037306,77.03319878331811,76.05005139567905,76.11811828613281,1138100,0.0,0.0
2015-04-16 00:00:00-04:00,76.32235228424344,77.11643377720614,75.9895992159231,76.70048522949219,651800,0.0,0.0
2015-04-17 00:00:00-04:00,75.93665492459444,76.53409985412243,75.48289080972955,75.83077239990234,1093300,0.0,0.0
2015-04-20 00:00:00-04:00,75.61148232511187,75.68710777624884,74.15944712196223,74.27288818359375,2130900,0.0,0.0
2015-04-21 00:00:00-04:00,74.34091725310834,74.87030091120754,74.06109687962784,74.12915802001953,1232500,0.0,0.0
2015-04-22 00:00:00-04:00,74.15942955621335,74.48462411194214,73.91742470798616,74.3636245727539,1568600,0.0,0.0
2015-04-23 00:00:00-04:00,72.48805266327929,73.75101476182093,70.95283450195825,71.79228973388672,3400100,0.0,0.0
2015-04-24 00:00:00-04:00,71.95869112972898,72.03431655481913,71.17217401512112,71.5654296875,1713700,0.0,0.0
2015-04-27 00:00:00-04:00,71.59566610992007,71.67885579115958,70.46883193201543,70.8696517944336,2046800,0.0,0.0
2015-04-28 00:00:00-04:00,71.020921321329,71.020921321329,70.48396754647229,70.60497283935547,1648600,0.0,0.0
2015-04-29 00:00:00-04:00,70.5671577870129,70.6654760307011,69.00925213315342,69.10000610351562,3189200,0.0,0.0
2015-04-30 00:00:00-04:00,69.10756124259696,69.7806372895948,68.91849480760095,69.51594543457031,2093800,0.0,0.0
2015-05-01 00:00:00-04:00,69.81085496156733,71.05869398503151,69.81085496156733,70.78643798828125,2225700,0.0,0.0
2015-05-04 00:00:00-04:00,70.99065508176616,71.58054133600173,70.99065508176616,71.27046966552734,1361900,0.0,0.0
2015-05-05 00:00:00-04:00,71.2704749107884,71.56541805961297,70.54446056215488,71.00578308105469,1315000,0.0,0.0
2015-05-06 00:00:00-04:00,71.2024321731455,71.36881158622302,70.65035555428379,71.24024200439453,1179800,0.0,0.0
2015-05-07 00:00:00-04:00,70.9755055515624,71.48220197705706,70.74106512749562,71.36876678466797,882400,0.0,0.0
2015-05-08 00:00:00-04:00,71.48978354401075,71.96623454671402,71.35365551035959,71.42172241210938,1055500,0.0,0.0
2015-05-11 00:00:00-04:00,71.3612357590836,71.55030219427196,70.80160072648397,71.03604125976562,1076000,0.0,0.0
2015-05-12 00:00:00-04:00,70.88475739765114,71.56539163137373,70.71837808901779,71.36876678466797,784000,0.0,0.0
2015-05-13 00:00:00-04:00,71.46711540935381,72.10994016118225,71.17973649331933,71.31586456298828,823900,0.0,0.0
2015-05-14 00:00:00-04:00,71.81498976571591,72.79813747798933,71.62592334180557,72.6922607421875,1610200,0.0,0.0
2015-05-15 00:00:00-04:00,72.61662747410496,72.90401212291007,72.42756105561705,72.73763275146484,708000,0.0,0.0
2015-05-18 00:00:00-04:00,72.55612332527514,72.60149741480784,72.03429821625465,72.04186248779297,696400,0.0,0.0
2015-05-19 00:00:00-04:00,72.01920186721945,72.14020140698483,71.48981229242504,72.0343246459961,1019500,0.0,0.0
2015-05-20 00:00:00-04:00,72.10236374375421,72.38218410923541,71.80742060412354,71.9057388305664,1219100,0.0,0.0
2015-05-21 00:00:00-04:00,71.95516733105094,72.29741028105983,71.483627313207,71.536865234375,997900,0.535,0.0
2015-05-22 00:00:00-04:00,71.6661741648017,71.8715188082972,70.9968906993366,71.1337890625,753100,0.0,0.0
2015-05-26 00:00:00-04:00,71.16421580331223,71.40759004092831,70.35803972917762,70.73070526123047,755400,0.0,0.0
2015-05-27 00:00:00-04:00,70.88281481677323,71.19464115375946,70.58620263415206,71.08816528320312,885600,0.0,0.0
2015-05-28 00:00:00-04:00,70.77633953520227,71.14901088775046,70.59381029880097,71.0273208618164,613900,0.0,0.0
2015-05-29 00:00:00-04:00,71.11097022465715,71.19463065382725,70.62422180175781,70.62422180175781,1015800,0.0,0.0
2015-06-01 00:00:00-04:00,70.66985210706916,70.90562504313533,70.31239496746782,70.52535247802734,695900,0.0,0.0
2015-06-02 00:00:00-04:00,70.34281510937528,70.52535011230329,70.05381005848727,70.37323760986328,570300,0.0,0.0
2015-06-03 00:00:00-04:00,70.19070612079119,70.3808423907676,69.49100603987763,69.74198150634766,1516800,0.0,0.0
2015-06-04 00:00:00-04:00,69.41497802734375,70.008208329874,69.36174007996937,69.41497802734375,1076400,0.0,0.0
2015-06-05 00:00:00-04:00,69.35412253657248,69.46819968097435,69.04990327900148,69.11074829101562,1371300,0.0,0.0
2015-06-08 00:00:00-04:00,69.20957897689794,69.91688589524523,68.989020281661,69.6430892944336,964800,0.0,0.0
2015-06-09 00:00:00-04:00,69.53664462381639,69.64312048264873,69.19440162078374,69.26284790039062,857200,0.0,0.0
2015-06-10 00:00:00-04:00,69.4605947988804,69.89410533259209,69.26285142135418,69.29327392578125,931400,0.0,0.0
2015-06-11 00:00:00-04:00,69.30085810929907,69.49099434728305,68.89776441067515,69.02706146240234,895000,0.0,0.0
2015-06-12 00:00:00-04:00,68.92061601212589,69.60510212857766,68.66202759718851,69.24004364013672,1420800,0.0,0.0
2015-06-15 00:00:00-04:00,68.96622056491482,69.56705180888686,68.6543943309239,69.10311889648438,712900,0.0,0.0
2015-06-16 00:00:00-04:00,69.07268422881133,70.46448272076607,69.04986881131974,70.04618072509766,1075900,0.0,0.0
2015-06-17 00:00:00-04:00,70.00057917056624,70.65464849056657,69.81804995178685,70.3276138305664,817700,0.0,0.0
2015-06-18 00:00:00-04:00,70.47209633119915,70.74588716899224,70.11463928401456,70.16787719726562,1134300,0.0,0.0
2015-06-19 00:00:00-04:00,68.73045168849734,69.55183585409502,67.46794424096213,67.71892547607422,5668100,0.0,0.0
2015-06-22 00:00:00-04:00,68.09922915110396,68.13725293588406,67.52121307894294,67.87106323242188,2170300,0.0,0.0
2015-06-23 00:00:00-04:00,67.95469964045833,68.05357421140614,67.76456337632582,67.77977752685547,1136100,0.0,0.0
2015-06-24 00:00:00-04:00,67.76458116429177,67.77218824155342,67.06488092121486,67.11051177978516,1236500,0.0,0.0
2015-06-25 00:00:00-04:00,67.25501322360587,67.30825115626226,66.76826475289049,66.82150268554688,1395800,0.0,0.0
2015-06-26 00:00:00-04:00,67.14853957295328,67.58965720236891,67.01924827545206,67.34628295898438,987500,0.0,0.0
2015-06-29 00:00:00-04:00,66.7834608094182,67.50598210816935,66.77585953650913,66.8595199584961,1192200,0.0,0.0
2015-06-30 00:00:00-04:00,67.26262244168406,68.19048855680448,66.98882569287804,67.55923461914062,1403200,0.0,0.0
2015-07-01 00:00:00-04:00,67.8482360020088,68.11442565917969,67.32345796180095,68.11442565917969,1184300,0.0,0.0
2015-07-02 00:00:00-04:00,68.30457184400618,68.74568951259405,68.14485802658646,68.47949981689453,1253500,0.0,0.0
2015-07-06 00:00:00-04:00,68.21329327651051,68.395822479559,67.11810645322208,67.62767028808594,1019200,0.0,0.0
2015-07-07 00:00:00-04:00,67.84821791990746,69.52902165295217,67.65047459763814,69.4301528930664,1592500,0.0,0.0
2015-07-08 00:00:00-04:00,69.13356443377604,69.34651617552478,68.47949505411933,68.73047637939453,954400,0.0,0.0
2015-07-09 00:00:00-04:00,69.3617290853223,69.53665705753919,68.92061722092782,69.06511688232422,1155600,0.0,0.0
2015-07-10 00:00:00-04:00,70.08422854418711,70.26675773416024,69.30086805961672,69.87127685546875,1164900,0.0,0.0
2015-07-13 00:00:00-04:00,69.97017720683327,70.32763447531181,69.77243377698326,70.06904602050781,738900,0.0,0.0
2015-07-14 00:00:00-04:00,70.12987455653776,70.65465261900357,70.09185077675735,70.29719543457031,766200,0.0,0.0
2015-07-15 00:00:00-04:00,70.289593263362,70.31240869332251,69.60510135204653,69.72679138183594,813700,0.0,0.0
2015-07-16 00:00:00-04:00,70.22113094049607,70.37323764050363,69.9549413142335,70.2135238647461,641500,0.0,0.0
2015-07-17 00:00:00-04:00,69.75721748256004,69.78003291369579,69.179201416286,69.59750366210938,618900,0.0,0.0
2015-07-20 00:00:00-04:00,69.59748490026188,69.66593117521766,69.278051542972,69.46058654785156,570100,0.0,0.0
2015-07-21 00:00:00-04:00,69.49860743210039,69.49860743210039,68.73046107787685,68.99665069580078,783800,0.0,0.0
2015-07-22 00:00:00-04:00,69.00425477524736,69.46818191634402,68.84453520892933,69.27804565429688,575700,0.0,0.0
2015-07-23 00:00:00-04:00,69.18676400569906,69.4453464622978,68.82169993476937,68.94338989257812,428700,0.0,0.0
2015-07-24 00:00:00-04:00,68.67722492356364,68.81412327380822,68.25892279712221,68.60116577148438,538000,0.0,0.0
2015-07-27 00:00:00-04:00,68.41103236948027,69.2628450070551,68.06878938074424,68.95862579345703,721400,0.0,0.0
2015-07-28 00:00:00-04:00,69.240043322082,70.00058860575712,69.01187741597946,69.9853744506836,767500,0.0,0.0
2015-07-29 00:00:00-04:00,70.03860702199509,70.44930214001168,69.74960192524249,70.35043334960938,614200,0.0,0.0
2015-07-30 00:00:00-04:00,70.29718716113804,70.73830473267148,70.0690212993107,70.62422180175781,714200,0.0,0.0
2015-07-31 00:00:00-04:00,70.83717761584062,70.98928433087279,70.56338088678332,70.64704132080078,1217600,0.0,0.0
2015-08-03 00:00:00-04:00,70.63943546670546,70.64704254333849,69.84846776935225,70.36563873291016,859700,0.0,0.0
2015-08-04 00:00:00-04:00,70.28959472634025,70.6546590208068,70.09945840271187,70.57860565185547,889200,0.0,0.0
2015-08-05 00:00:00-04:00,69.66594032123945,70.73831185632187,69.28566771489808,70.47212219238281,1449800,0.0,0.0
2015-08-06 00:00:00-04:00,70.58618637675399,70.87519721812747,69.57466583944208,70.12225341796875,2026800,0.0,0.0
2015-08-07 00:00:00-04:00,69.0879208130448,69.43777669924401,66.9583978075883,68.24372100830078,1997000,0.0,0.0
2015-08-10 00:00:00-04:00,68.57072816687598,70.31237081050175,68.57072816687598,69.82562255859375,1496300,0.0,0.0
2015-08-11 00:00:00-04:00,69.5366510406289,69.75720985499156,69.0575096316684,69.54425811767578,813700,0.0,0.0
2015-08-12 00:00:00-04:00,69.24001144989217,70.1906926168736,68.66960274970329,70.16787719726562,991100,0.0,0.0
2015-08-13 00:00:00-04:00,69.8712978076108,69.98537495899059,68.79892616464019,68.81414031982422,952700,0.0,0.0
2015-08-14 00:00:00-04:00,68.85976739634333,69.55186055418196,68.65441693014414,69.4758071899414,835600,0.0,0.0
2015-08-17 00:00:00-04:00,69.27805892289213,70.35803750806323,69.0575059228741,70.20592498779297,1244200,0.0,0.0
2015-08-18 00:00:00-04:00,70.19833223155712,71.26309099015059,69.97016632471563,71.06535339355469,2055500,0.0,0.0
2015-08-19 00:00:00-04:00,70.4340939010814,70.90563403048299,69.66594159749964,70.031005859375,1474300,0.0,0.0
2015-08-20 00:00:00-04:00,69.38452668927577,70.38083883684324,69.36170546393225,69.65831756591797,1230800,0.0,0.0
2015-08-21 00:00:00-04:00,69.36976284042797,69.62235193290206,68.40534131589621,68.52014923095703,1873800,0.583,0.0
2015-08-24 00:00:00-04:00,65.97131490185653,66.27747713130687,63.07803861999129,66.18563079833984,2255700,0.0,0.0
2015-08-25 00:00:00-04:00,67.13473547390794,67.49448245776013,65.09872895376229,65.15995788574219,1457500,0.0,0.0
2015-08-26 00:00:00-04:00,66.10909975143498,67.63227866885477,65.77231424298539,67.50215911865234,1459400,0.0,0.0
2015-08-27 00:00:00-04:00,68.0915328134947,69.36977850020203,67.9920306514233,69.0712661743164,1488800,0.0,0.0
2015-08-28 00:00:00-04:00,68.96409359760754,69.25495589227624,68.51250021960963,69.04063415527344,1180700,0.0,0.0
2015-08-31 00:00:00-04:00,68.6732361838217,68.78804993855266,68.28287175360447,68.52014923095703,909600,0.0,0.0
2015-09-01 00:00:00-04:00,67.54041544429222,68.03028200942614,66.33871061424964,66.65253448486328,1486700,0.0,0.0
2015-09-02 00:00:00-04:00,67.34140938775028,67.8618933294121,67.14239927602577,67.8312759399414,830100,0.0,0.0
2015-09-03 00:00:00-04:00,68.08387700420568,69.23965894064604,67.91549007754752,69.0712661743164,1323600,0.0,0.0
2015-09-04 00:00:00-04:00,68.29050166650342,69.0099954729715,67.70112734087847,68.67321014404297,1354900,0.0,0.0
2015-09-08 00:00:00-04:00,69.50753403981986,70.72455042403693,69.3391413215296,70.50257873535156,1210300,0.0,0.0
2015-09-09 00:00:00-04:00,71.20675469549711,71.25267785461968,69.01001126898505,69.17839813232422,1339900,0.0,0.0
2015-09-10 00:00:00-04:00,68.9717354046282,69.96677997131029,68.83396009292868,69.43098449707031,857100,0.0,0.0
2015-09-11 00:00:00-04:00,69.36211965786056,69.8749478608666,68.9487936041977,69.81371307373047,718700,0.0,0.0
2015-09-14 00:00:00-04:00,69.77541731881358,69.77541731881358,68.87222501492614,69.05592346191406,822400,0.0,0.0
2015-09-15 00:00:00-04:00,69.13247926667148,69.6070400191979,68.61199535217044,69.46160888671875,935300,0.0,0.0
2015-09-16 00:00:00-04:00,70.28062133175106,71.91861400495881,70.22704235046561,71.7502212524414,1636800,0.0,0.0
2015-09-17 00:00:00-04:00,71.71194151012757,72.27069281284703,71.06133219867318,71.4134292602539,1021800,0.0,0.0
2015-09-18 00:00:00-04:00,70.55616900840391,71.33689210775238,70.55616900840391,70.7704849243164,1916900,0.0,0.0
2015-09-21 00:00:00-04:00,71.11489643638579,71.4210585653544,70.72453213038203,71.01538848876953,818800,0.0,0.0
2015-09-22 00:00:00-04:00,70.21173037817825,70.28827093902287,69.74482536545439,70.19641876220703,837400,0.0,0.0
2015-09-23 00:00:00-04:00,70.14282907387577,70.38010652815974,69.70654152005096,70.3035659790039,602400,0.0,0.0
2015-09-24 00:00:00-04:00,69.85196714749218,70.58676687289767,69.85196714749218,70.48725891113281,711000,0.0,0.0
2015-09-25 00:00:00-04:00,70.90058671702901,71.68131546058609,70.55615134406924,70.84700775146484,621100,0.0,0.0
2015-09-28 00:00:00-04:00,70.64035203739219,70.91590268856389,69.81370008387708,69.86727905273438,736400,0.0,0.0
2015-09-29 00:00:00-04:00,69.8213517839358,70.83935797201586,69.76011701179505,70.71688842773438,1211400,0.0,0.0
2015-09-30 00:00:00-04:00,71.37517735561092,71.55122593891946,69.79076346452095,70.32655334472656,1193900,0.0,0.0
2015-10-01 00:00:00-04:00,70.63268480307023,70.63268480307023,69.54579398799847,70.4566421508789,1266400,0.0,0.0
2015-10-02 00:00:00-04:00,69.51518857674215,72.21711030811247,69.51518857674215,72.18649291992188,1220400,0.0,0.0
2015-10-05 00:00:00-04:00,72.5462380457157,73.43412476115287,72.22476423757584,73.08968353271484,1801000,0.0,0.0
2015-10-06 00:00:00-04:00,73.0667269864806,73.08203860106771,71.52823674199365,72.07933807373047,1267800,0.0,0.0
2015-10-07 00:00:00-04:00,72.44673978712119,73.2580801575852,71.95687324197274,73.22746276855469,1241200,0.0,0.0
2015-10-08 00:00:00-04:00,73.2121636144182,74.3832511123043,72.79883758463421,74.24547576904297,990100,0.0,0.0
2015-10-09 00:00:00-04:00,74.19956137228473,74.55165266009085,73.67142152074001,73.90869903564453,750100,0.0,0.0
2015-10-12 00:00:00-04:00,74.01585050382356,74.51337291628506,73.90869254909899,74.29905700683594,493300,0.0,0.0
2015-10-13 00:00:00-04:00,74.08474214723601,74.33733126109644,73.14327628633383,73.28105163574219,1062800,0.0,0.0
2015-10-14 00:00:00-04:00,73.22745841066515,73.40350692719618,71.99513631395654,72.17884063720703,819000,0.0,0.0
2015-10-15 00:00:00-04:00,72.69167120711673,72.91364289217847,71.65070336528834,72.50797271728516,765300,0.0,0.0
2015-10-16 00:00:00-04:00,72.86772029624103,73.20450575693265,72.4237827267578,72.928955078125,523800,0.0,0.0
2015-10-19 00:00:00-04:00,72.72230732223885,73.2504413464642,72.72230732223885,72.906005859375,491400,0.0,0.0
2015-10-20 00:00:00-04:00,72.71463513215956,72.74525252139664,71.97217950225243,72.10995483398438,850600,0.0,0.0
2015-10-21 00:00:00-04:00,72.25539795241015,72.56156605587177,71.96453562626974,71.98750305175781,1061200,0.0,0.0
2015-10-22 00:00:00-04:00,72.43908659182883,73.61782983349015,72.35489022887657,73.42647552490234,996700,0.0,0.0
2015-10-23 00:00:00-04:00,73.67140614999228,74.05411475336886,72.6610556706649,73.22746276855469,757800,0.0,0.0
2015-10-26 00:00:00-04:00,73.21216844948107,73.33463218509532,72.1558888014955,72.68402862548828,936800,0.0,0.0
2015-10-27 00:00:00-04:00,72.44676134839986,72.67638307496289,71.75788448936763,72.20182800292969,1355700,0.0,0.0
2015-10-28 00:00:00-04:00,69.61470070265237,69.97444776595077,67.37202779283832,67.54042053222656,4107600,0.0,0.0
2015-10-29 00:00:00-04:00,67.50979587024662,68.63496010802905,66.63722071434799,68.09151458740234,3474000,0.0,0.0
2015-10-30 00:00:00-04:00,68.21400215871292,68.71917461621801,67.86956081800034,67.88487243652344,1341100,0.0,0.0
2015-11-02 00:00:00-05:00,68.02264344622772,68.27522673895993,66.73674203724053,67.32611083984375,1906800,0.0,0.0
2015-11-03 00:00:00-05:00,67.21129459125231,67.6858554431656,66.87451493345755,67.40264892578125,1657400,0.0,0.0
2015-11-04 00:00:00-05:00,67.62462465379575,67.71647684208313,66.63723552847344,67.13475799560547,1422200,0.0,0.0
2015-11-05 00:00:00-05:00,67.49450510014202,67.72413265102487,66.92044206260611,67.13475799560547,1284300,0.0,0.0
2015-11-06 00:00:00-05:00,66.77501058998682,66.98167655278378,65.38195119210104,65.9483642578125,1262300,0.0,0.0
2015-11-09 00:00:00-05:00,65.82587825648622,65.94834780977232,64.746637216914,65.15231323242188,1380500,0.0,0.0
2015-11-10 00:00:00-05:00,65.23651816463047,65.76465212349932,64.76961315078245,65.67280578613281,1189500,0.0,0.0
2015-11-11 00:00:00-05:00,65.82588767599417,66.58364916645891,65.67280655215077,66.27748107910156,906600,0.0,0.0
2015-11-12 00:00:00-05:00,66.3080883443843,66.36932312043731,65.13700099080118,65.18292999267578,1040500,0.0,0.0
2015-11-13 00:00:00-05:00,65.22120958317551,65.48145451038684,63.7975328910503,64.15727996826172,1535100,0.0,0.0
2015-11-16 00:00:00-05:00,64.1955340117546,64.89971633929946,64.11898763033838,64.87675476074219,1321000,0.0,0.0
2015-11-17 00:00:00-05:00,64.86145657145705,65.1293514428468,63.56024957346675,63.973575592041016,1527400,0.0,0.0
2015-11-18 00:00:00-05:00,64.24914588943426,65.51973588442773,63.78224075401353,65.305419921875,1592900,0.0,0.0
2015-11-19 00:00:00-05:00,65.45846305872772,65.94067953402201,65.07575453657978,65.12933349609375,1095300,0.0,0.0
2015-11-20 00:00:00-05:00,65.35897920881837,65.6345298889368,64.70071989960994,64.74664306640625,1609000,0.0,0.0
2015-11-23 00:00:00-05:00,65.08035807684217,66.012939453125,65.04952821148626,66.012939453125,1390200,0.583,0.0
2015-11-24 00:00:00-05:00,65.55821552593193,66.80679878788027,65.55821552593193,66.68347930908203,2367100,0.0,0.0
2015-11-25 00:00:00-05:00,66.47538578873241,67.22299396684002,66.32894537605668,66.98406982421875,1260700,0.0,0.0
2015-11-27 00:00:00-05:00,66.89159147384585,67.60836990256044,66.66807928852651,67.0534439086914,638200,0.0,0.0
2015-11-30 00:00:00-05:00,67.03029031862044,67.30004424528622,66.5139033904039,66.5216064453125,1530900,0.0,0.0
2015-12-01 00:00:00-05:00,66.55246668172875,66.94554022867572,65.68925372240648,65.98983764648438,2526700,0.0,0.0
2015-12-02 00:00:00-05:00,66.14397336230553,66.55245885827998,65.39636516920669,65.673828125,1190100,0.0,0.0
2015-12-03 00:00:00-05:00,65.74320303295,66.02836907328061,64.7412527220771,65.17285919189453,1027500,0.0,0.0
2015-12-04 00:00:00-05:00,65.36554881685407,66.8915953893205,65.36554881685407,66.66808319091797,1090200,0.0,0.0
2015-12-07 00:00:00-05:00,66.62183831213618,67.26924806022902,66.45227693615065,67.16134643554688,922500,0.0,0.0
2015-12-08 00:00:00-05:00,67.01489647638464,68.07079751671715,66.8145111334109,67.71626281738281,1372200,0.0,0.0
2015-12-09 00:00:00-05:00,67.19218414122888,67.81647302538188,66.67579689433198,66.75286865234375,995500,0.0,0.0
2015-12-10 00:00:00-05:00,66.66806540370595,67.45420647782747,66.56787274020108,66.87615966796875,1018900,0.0,0.0
2015-12-11 00:00:00-05:00,66.1671110680347,68.24037482432311,66.01296755582953,67.3848648071289,1919000,0.0,0.0
2015-12-14 00:00:00-05:00,67.52358515032742,69.51206788190542,67.44651340697418,69.2962646484375,2275500,0.0,0.0
2015-12-15 00:00:00-05:00,69.55832742663634,70.05159376567251,68.34057357955395,68.86466979980469,1955200,0.0,0.0
2015-12-16 00:00:00-05:00,69.22690210536886,70.90709213240997,69.05734072682931,70.46006774902344,1683600,0.0,0.0
2015-12-17 00:00:00-05:00,70.48318139427911,70.58337995133978,68.92631103276709,69.23460388183594,1280200,0.0,0.0
2015-12-18 00:00:00-05:00,68.66424822686997,68.67966610077634,67.70854585153553,68.409912109375,1852700,0.0,0.0
2015-12-21 00:00:00-05:00,68.69508088380665,68.90318102862031,68.2018147423023,68.7336196899414,878500,0.0,0.0
2015-12-22 00:00:00-05:00,68.98023861051665,69.2037507038166,67.93975574047525,69.15750885009766,793000,0.0,0.0
2015-12-23 00:00:00-05:00,69.25773116882381,69.6893376689891,68.68739316786291,69.62767791748047,746000,0.0,0.0
2015-12-24 00:00:00-05:00,69.58142141246684,69.76639474789923,69.3502062132254,69.61225128173828,292400,0.0,0.0
2015-12-28 00:00:00-05:00,69.51977355524001,69.69704386379827,69.13440894378037,69.66621398925781,515000,0.0,0.0
2015-12-29 00:00:00-05:00,69.89742900136707,70.32132650881891,69.7972304478155,70.12094116210938,593100,0.0,0.0
2015-12-30 00:00:00-05:00,70.02844755092174,70.23654182376887,69.72786366781119,69.82805633544922,666600,0.0,0.0
2015-12-31 00:00:00-05:00,69.44269272763239,69.44269272763239,68.66425466782876,68.80298614501953,559100,0.0,0.0
2016-01-04 00:00:00-05:00,67.94752630744483,68.14020871297157,67.14596679482956,67.81649780273438,1042800,0.0,0.0
2016-01-05 00:00:00-05:00,68.19411883848036,68.50240579911129,67.23070738601662,67.56982421875,1449700,0.0,0.0
2016-01-06 00:00:00-05:00,66.82991901050349,67.85499011639308,66.44455446364542,67.6160659790039,2128400,0.0,0.0
2016-01-07 00:00:00-05:00,66.82993664965589,67.19218036014482,65.83569515071753,66.05149841308594,1713000,0.0,0.0
2016-01-08 00:00:00-05:00,66.26729427255803,66.45997655822119,65.31929483980876,65.4503173828125,1182100,0.0,0.0
2016-01-11 00:00:00-05:00,64.96477458033108,65.46574981045255,64.3713097156617,64.93394470214844,1611100,0.0,0.0
2016-01-12 00:00:00-05:00,65.50425070745268,65.66610307859501,64.74893964212183,65.51966857910156,843300,0.0,0.0
2016-01-13 00:00:00-05:00,65.69695593894723,65.74320368988775,64.29422901782672,64.4329605102539,1348600,0.0,0.0
2016-01-14 00:00:00-05:00,64.81061229597584,65.5659294606926,64.3404729177647,65.1805648803711,1549100,0.0,0.0
2016-01-15 00:00:00-05:00,64.12465060066317,64.540844967278,63.67763224854707,64.2171401977539,1547100,0.0,0.0
2016-01-19 00:00:00-05:00,64.48690042069127,65.31158029735356,64.37128988317491,65.21138763427734,1166800,0.0,0.0
2016-01-20 00:00:00-05:00,64.64877011611772,65.95901342482867,63.70077639130581,65.50428009033203,1741300,0.0,0.0
2016-01-21 00:00:00-05:00,65.48115420406181,65.72778732067948,64.60252335859906,65.24993896484375,1667100,0.0,0.0
2016-01-22 00:00:00-05:00,65.689254140551,66.4291534876216,65.41949420884836,65.70466613769531,1121100,0.0,0.0
2016-01-25 00:00:00-05:00,65.44261676773866,65.6738319910464,63.993642162143644,64.56398010253906,2127100,0.0,0.0
2016-01-26 00:00:00-05:00,64.84144267951092,65.88963481666956,64.46378703427192,65.57363891601562,1379500,0.0,0.0
2016-01-27 00:00:00-05:00,65.6352972201622,66.32124569307577,64.96476074295822,65.07266235351562,2222400,0.0,0.0
2016-01-28 00:00:00-05:00,66.06691142190087,68.00144346158392,63.5235025767336,67.0534439086914,3498400,0.0,0.0
2016-01-29 00:00:00-05:00,67.24611566321354,68.03996571531172,66.77597042999484,67.90894317626953,2351800,0.0,0.0
2016-02-01 00:00:00-05:00,67.97058590856543,69.61223640511287,67.78560673246807,68.8723373413086,2463200,0.0,0.0
2016-02-02 00:00:00-05:00,68.18639754540126,69.31166121236363,67.93205555678897,68.9802474975586,2242800,0.0,0.0
2016-02-03 00:00:00-05:00,68.92630622549436,69.24230211060792,68.21723683822802,68.42533111572266,1696400,0.0,0.0
2016-02-04 00:00:00-05:00,68.37907305702939,69.08814227638334,67.97829071204137,68.31741333007812,1343100,0.0,0.0
2016-02-05 00:00:00-05:00,68.51010308317723,68.90317653537323,67.36171847364317,67.59293365478516,1227000,0.0,0.0
2016-02-08 00:00:00-05:00,67.40025863321942,69.68162198408143,67.3463078304745,69.37332916259766,2284500,0.0,0.0
2016-02-09 00:00:00-05:00,68.63343928220489,69.63538373846792,68.10163423960087,69.22689819335938,1872300,0.0,0.0
2016-02-10 00:00:00-05:00,69.22689392201052,70.39069661697823,69.01109069490592,69.17294311523438,1084800,0.0,0.0
2016-02-11 00:00:00-05:00,68.61030587942754,68.67196562225573,67.76250499622869,68.20182037353516,1356100,0.0,0.0
2016-02-12 00:00:00-05:00,68.58716730883198,69.26541254513873,68.4176059997553,69.13438415527344,1080300,0.0,0.0
2016-02-16 00:00:00-05:00,69.36563006273508,69.79723654590674,68.6334396530407,69.66621398925781,1013600,0.0,0.0
2016-02-17 00:00:00-05:00,69.82035922770949,71.26933396635746,69.66621573135001,70.60650634765625,1506100,0.0,0.0
2016-02-18 00:00:00-05:00,70.45236149088754,70.45236149088754,69.3733393966143,69.7432861328125,1111400,0.0,0.0
2016-02-19 00:00:00-05:00,69.8126590421004,70.47548668807963,69.47353627991633,70.15948486328125,1182000,0.0,0.0
2016-02-22 00:00:00-05:00,70.71440568620008,70.71440568620008,69.3733384945737,69.63538360595703,1004400,0.0,0.0
2016-02-23 00:00:00-05:00,69.60669012324658,70.06437084016399,68.9860998809856,69.74632263183594,1126200,0.583,0.0
2016-02-24 00:00:00-05:00,69.53687052723937,70.53756918022714,69.31966571915902,70.33587646484375,1116600,0.0,0.0
2016-02-25 00:00:00-05:00,70.32811304964211,71.33656464168847,69.9557577773387,71.32105255126953,860800,0.0,0.0
2016-02-26 00:00:00-05:00,71.36761599108249,71.36761599108249,70.01007981733906,70.29710388183594,792800,0.0,0.0
2016-02-29 00:00:00-05:00,70.1962280830698,71.14262532002219,70.04108351763549,70.50652313232422,1052700,0.0,0.0
2016-03-01 00:00:00-05:00,71.14264127618023,71.60808099525967,70.91767746297462,71.25900268554688,958700,0.0,0.0
2016-03-02 00:00:00-05:00,71.35982163393015,71.72441782977717,70.81680980078681,71.5770263671875,944000,0.0,0.0
2016-03-03 00:00:00-05:00,71.52274460364659,72.46138889897344,71.36760001444813,72.42259979248047,816900,0.0,0.0
2016-03-04 00:00:00-05:00,72.18212322357938,72.75616530026892,71.92612932726595,72.28296661376953,681200,0.0,0.0
2016-03-07 00:00:00-05:00,71.7709852588671,72.37606340944232,71.40639485314426,71.70893096923828,982700,0.0,0.0
2016-03-08 00:00:00-05:00,71.1891765347383,71.8407968126547,71.12712225172584,71.39862823486328,897200,0.0,0.0
2016-03-09 00:00:00-05:00,71.66240001520399,72.31402051864279,71.33659272267889,71.8097915649414,889000,0.0,0.0
2016-03-10 00:00:00-05:00,72.14332011015536,72.14332011015536,71.20468192430475,71.32879638671875,734300,0.0,0.0
2016-03-11 00:00:00-05:00,71.5149861158812,72.11229924940854,71.49946810710134,71.9261245727539,656500,0.0,0.0
2016-03-14 00:00:00-04:00,71.73994986441255,72.00369682969128,71.42189578681452,71.61582946777344,562900,0.0,0.0
2016-03-15 00:00:00-04:00,71.36759393681619,71.9416359700294,70.863365187281,71.78649139404297,538300,0.0,0.0
2016-03-16 00:00:00-04:00,71.69339900620527,72.23641684309095,71.17365818158616,71.98042297363281,624300,0.0,0.0
2016-03-17 00:00:00-04:00,72.15106808739976,72.34500171397285,71.75544183204296,71.86404418945312,995400,0.0,0.0
2016-03-18 00:00:00-04:00,71.90286078338178,71.98043308000379,70.24278877844593,70.57635498046875,2147500,0.0,0.0
2016-03-21 00:00:00-04:00,70.35916201915376,70.73927642978025,69.85493900467777,70.49879455566406,888900,0.0,0.0
2016-03-22 00:00:00-04:00,70.30482905141304,70.50652171713797,69.26534746341855,69.3118896484375,1620200,0.0,0.0
2016-03-23 00:00:00-04:00,69.31190548282862,70.11091140624485,69.23433318394699,69.75407409667969,963700,0.0,0.0
2016-03-24 00:00:00-04:00,69.35067397565683,70.08761947354188,69.31964388165106,69.87041473388672,886100,0.0,0.0
2016-03-28 00:00:00-04:00,69.91696246424313,70.59185374606061,69.90920937891536,70.0643539428711,872100,0.0,0.0
2016-03-29 00:00:00-04:00,69.97128001376039,71.30554488193867,69.93249682289627,71.25900268554688,1284500,0.0,0.0
2016-03-30 00:00:00-04:00,71.36759735867615,71.39862745903848,70.71598300622681,71.25123596191406,1507100,0.0,0.0
2016-03-31 00:00:00-04:00,70.98746405779318,71.60029500837206,70.89437378939665,71.43738555908203,1174500,0.0,0.0
2016-04-01 00:00:00-04:00,71.28224751938617,72.74062634672353,71.22018733480546,72.69408416748047,1158500,0.0,0.0
2016-04-04 00:00:00-04:00,72.77165777573514,73.05092269309318,71.62357393182764,71.75544738769531,978900,0.0,0.0
2016-04-05 00:00:00-04:00,72.00370381524665,72.13557731067993,70.65392692196995,70.8556137084961,1123600,0.0,0.0
2016-04-06 00:00:00-04:00,70.88664735925104,71.48396649875248,70.43672565122696,71.25900268554688,1019100,0.0,0.0
2016-04-07 00:00:00-04:00,70.80906897506719,71.03403276894342,69.88594270336587,70.62289428710938,1146600,0.0,0.0
2016-04-08 00:00:00-04:00,70.78579005494561,71.22795858896434,70.65391657881752,71.22019958496094,736600,0.0,0.0
2016-04-11 00:00:00-04:00,71.3288180291154,71.67790226724307,70.97973970937502,71.05731201171875,778800,0.0,0.0
2016-04-12 00:00:00-04:00,70.93319949785332,71.69341636785086,70.6849645723702,71.47621154785156,526500,0.0,0.0
2016-04-13 00:00:00-04:00,71.52273983092672,71.62358913372408,70.95645679159243,71.4451675415039,1117300,0.0,0.0
2016-04-14 00:00:00-04:00,71.4529163114612,71.94938599471942,71.32879593145391,71.51497650146484,1059100,0.0,0.0
2016-04-15 00:00:00-04:00,71.61582194085575,72.55446014783844,71.2279546197033,72.53894805908203,1148300,0.0,0.0
2016-04-18 00:00:00-04:00,72.48464130561183,73.01989414320423,72.08901501126384,72.95008087158203,967200,0.0,0.0
2016-04-19 00:00:00-04:00,73.01989610296985,73.64048615317611,72.74839017539911,73.35346221923828,1429200,0.0,0.0
2016-04-20 00:00:00-04:00,72.06576960759558,72.68635394395972,70.75477580158656,71.04955291748047,2543300,0.0,0.0
2016-04-21 00:00:00-04:00,70.9409453661083,71.22796937383399,69.64546966552734,69.64546966552734,2113400,0.0,0.0
2016-04-22 00:00:00-04:00,69.72306611433284,70.25056619982861,69.42052990983854,70.24281311035156,1296600,0.0,0.0
2016-04-25 00:00:00-04:00,70.14193182819041,71.35208201358466,69.96351615722703,70.8788833618164,1634200,0.0,0.0
2016-04-26 00:00:00-04:00,68.38876739234138,69.81611626175669,68.20258682107246,69.50582122802734,3052700,0.0,0.0
2016-04-27 00:00:00-04:00,69.69200842350874,70.68495389382198,69.3429301467299,70.49102020263672,2268600,0.0,0.0
2016-04-28 00:00:00-04:00,70.20398108549483,71.4063720791751,69.98677634510014,71.10383605957031,1384800,0.0,0.0
2016-04-29 00:00:00-04:00,71.1658868473352,72.30621759699743,70.90213993787087,72.22864532470703,1820900,0.0,0.0
2016-05-02 00:00:00-04:00,72.20538877580668,72.80270190295498,72.03472619136826,72.70185852050781,1304800,0.0,0.0
2016-05-03 00:00:00-04:00,72.53120644996864,73.33797138165068,71.87959203498721,72.03473663330078,1796400,0.0,0.0
2016-05-04 00:00:00-04:00,71.64687416881885,72.02698260381761,71.25124772188444,71.47621154785156,1507400,0.0,0.0
2016-05-05 00:00:00-04:00,71.42965629367389,72.09678864367612,71.08833111412305,71.29002380371094,1621000,0.0,0.0
2016-05-06 00:00:00-04:00,71.05729684307373,71.1969293248399,69.9790260910295,71.06505584716797,1060900,0.0,0.0
2016-05-09 00:00:00-04:00,71.20470070182377,72.10455002637902,71.142640495058,71.7322006225586,874500,0.0,0.0
2016-05-10 00:00:00-04:00,71.9493943533638,72.35277379847874,71.80200286457845,72.26744842529297,740300,0.0,0.0
2016-05-11 00:00:00-04:00,72.0812948984452,72.438132288827,71.28228879406981,71.55379486083984,919800,0.0,0.0
2016-05-12 00:00:00-04:00,71.71667157300654,72.32950270412023,71.39862341946352,72.26744842529297,804500,0.0,0.0
2016-05-13 00:00:00-04:00,72.14334058857591,72.45363571026873,71.65462976682107,71.70893096923828,929100,0.0,0.0
2016-05-16 00:00:00-04:00,71.56927355661269,72.05798420831209,71.43739418087164,71.90283966064453,741000,0.0,0.0
2016-05-17 00:00:00-04:00,71.63910199232117,71.97266816696327,70.1109036089233,70.35913848876953,1105000,0.0,0.0
2016-05-18 00:00:00-04:00,70.01005404918583,70.54531286599384,69.29637957236574,69.72303009033203,1076000,0.0,0.0
2016-05-19 00:00:00-04:00,69.50584939365312,70.31261444091797,69.17228313294157,70.31261444091797,1219100,0.0,0.0
2016-05-20 00:00:00-04:00,70.50651954581068,70.6694231067459,70.08762213838347,70.4134292602539,1043300,0.0,0.0
2016-05-23 00:00:00-04:00,70.45484483709413,71.30586502996722,70.25185422238604,70.75153350830078,869200,0.583,0.0
2016-05-24 00:00:00-04:00,70.82957603569677,71.5790946339432,70.71246245170482,71.31363677978516,761200,0.0,0.0
2016-05-25 00:00:00-04:00,71.39175370228338,71.65720573822269,70.9311082868069,71.32929229736328,1483900,0.0,0.0
2016-05-26 00:00:00-04:00,71.41512004488756,72.41447792463913,71.3058156490799,71.94602966308594,918400,0.0,0.0
2016-05-27 00:00:00-04:00,72.07097575630775,72.5550425323836,72.02413269807775,72.29739379882812,762200,0.0,0.0
2016-05-31 00:00:00-04:00,72.41451047593536,72.8673465802046,71.72745311392534,72.49258422851562,3257000,0.0,0.0
2016-06-01 00:00:00-04:00,72.6253001708769,73.023483997669,72.18808245150966,72.60968780517578,1147700,0.0,0.0
2016-06-02 00:00:00-04:00,72.4613514017004,72.56285263804583,71.82894628078951,72.42231750488281,873900,0.0,0.0
2016-06-03 00:00:00-04:00,72.41449148004705,73.24208376226439,72.41449148004705,73.00005340576172,1028600,0.0,0.0
2016-06-06 00:00:00-04:00,73.00007728350049,73.38264286557457,72.44574586063719,72.83612060546875,1083500,0.0,0.0
2016-06-07 00:00:00-04:00,72.89075708312811,73.12498426207965,72.68776059181309,72.77364349365234,406800,0.0,0.0
2016-06-08 00:00:00-04:00,72.69558680835596,73.17184448242188,72.1100246802401,73.17184448242188,939700,0.0,0.0
2016-06-09 00:00:00-04:00,73.1327856131263,75.50626420354946,73.03129034836326,75.27984619140625,2991900,0.0,0.0
2016-06-10 00:00:00-04:00,75.02220010786938,75.88883233893769,74.43663811156078,75.26423645019531,1631500,0.0,0.0
2016-06-13 00:00:00-04:00,74.9675395180596,75.50625840060619,74.63962626635471,74.66304779052734,1086300,0.0,0.0
2016-06-14 00:00:00-04:00,74.42884078921232,75.58434655086053,74.05407846103348,75.40477752685547,1231800,0.0,0.0
2016-06-15 00:00:00-04:00,75.39693843887913,75.5843165502727,74.56934631996833,74.99095153808594,2317900,0.0,0.0
2016-06-16 00:00:00-04:00,75.00658182132076,75.61556529634636,74.772354658629,75.5609130859375,1422700,0.0,0.0
2016-06-17 00:00:00-04:00,75.44380308190426,75.84979605560173,74.59278919995046,75.81856536865234,2133300,0.0,0.0
2016-06-20 00:00:00-04:00,75.77171680093443,76.31823889115465,75.40476370179627,75.45160675048828,1225500,0.0,0.0
2016-06-21 00:00:00-04:00,75.69363598529075,76.16209029182066,75.56871920508834,76.0918197631836,1333900,0.0,0.0
2016-06-22 00:00:00-04:00,76.09182619802357,76.09182619802357,75.65460849537511,76.00594329833984,1315100,0.0,0.0
2016-06-23 00:00:00-04:00,76.31043096797362,76.41193218397723,75.3891466033493,75.82637023925781,1169600,0.0,0.0
2016-06-24 00:00:00-04:00,74.6864915185937,76.89600782476629,74.52252890042894,76.49002075195312,1920300,0.0,0.0
2016-06-27 00:00:00-04:00,75.92004322478178,76.02934762571813,75.27202597827137,75.89662170410156,1631200,0.0,0.0
2016-06-28 00:00:00-04:00,75.95910794009461,75.95910794009461,74.53033514425154,75.13151550292969,1456100,0.0,0.0
2016-06-29 00:00:00-04:00,75.8810503580446,75.920084261396,75.13933471461219,75.84201049804688,1603700,0.0,0.0
2016-06-30 00:00:00-04:00,76.16209864371665,91.96446323237927,76.10744642951421,88.60723876953125,19899400,0.0,0.0
2016-07-01 00:00:00-04:00,87.52199792817281,89.46606207483114,84.74253224406336,87.4048843383789,6594200,0.0,0.0
2016-07-05 00:00:00-04:00,85.88241415982459,88.31054470942024,85.17973867082453,86.31182861328125,2600800,0.0,0.0
2016-07-06 00:00:00-04:00,86.61630882684311,87.19406150476755,84.86742651838817,85.32807159423828,4177300,0.0,0.0
2016-07-07 00:00:00-04:00,85.8824350802941,86.53826172535389,85.10168567047324,85.91366577148438,2007900,0.0,0.0
2016-07-08 00:00:00-04:00,86.21816297456513,86.55388548011891,85.43741351575594,86.42896270751953,1113900,0.0,0.0
2016-07-11 00:00:00-04:00,86.27280762274465,87.93580167958721,85.59355350883396,85.99173736572266,2617600,0.0,0.0
2016-07-12 00:00:00-04:00,86.02296259736949,86.31184199782321,84.898681640625,84.898681640625,1545800,0.0,0.0
2016-07-13 00:00:00-04:00,84.74255470897884,85.56233814156833,84.46929356478233,84.57859802246094,1130300,0.0,0.0
2016-07-14 00:00:00-04:00,84.79719021588849,85.67163166152442,84.21943734542737,84.39119720458984,1312700,0.0,0.0
2016-07-15 00:00:00-04:00,84.65664677820516,87.44392153899484,84.18819838986086,86.39772033691406,2810000,0.0,0.0
2016-07-18 00:00:00-04:00,86.18693343193026,86.61634802266586,85.08607977776967,85.39057159423828,756600,0.0,0.0
2016-07-19 00:00:00-04:00,85.39834951977078,85.63257667386051,84.89086728031629,85.36711883544922,1158600,0.0,0.0
2016-07-20 00:00:00-04:00,85.10949062778718,85.48424699026583,84.72691914709046,85.19537353515625,882000,0.0,0.0
2016-07-21 00:00:00-04:00,85.4061617944787,85.77311490283363,84.77375679467636,85.56230926513672,1153000,0.0,0.0
2016-07-22 00:00:00-04:00,85.49205658228372,86.05419708547701,85.39836451286985,85.84339141845703,961500,0.0,0.0
2016-07-25 00:00:00-04:00,86.13228547340753,86.94426567642243,85.88244586914496,86.6475830078125,1584500,0.0,0.0
2016-07-26 00:00:00-04:00,86.66317825362087,87.01451308009923,85.3046760461544,85.52328491210938,722700,0.0,0.0
2016-07-27 00:00:00-04:00,85.83558782866325,85.83558782866325,84.43023657698065,84.46927642822266,1257000,0.0,0.0
2016-07-28 00:00:00-04:00,85.47643453085458,87.6156859086026,84.64103303233166,86.93643188476562,2138300,0.0,0.0
2016-07-29 00:00:00-04:00,86.67881304440719,87.37368562902688,86.0932508776895,86.47582244873047,1272100,0.0,0.0
2016-08-01 00:00:00-04:00,85.22662291148758,86.66319921037933,84.90651273989867,86.57731628417969,1541300,0.0,0.0
2016-08-02 00:00:00-04:00,86.37429029710006,87.79525374177305,85.82776818631977,87.57664489746094,1609700,0.0,0.0
2016-08-03 00:00:00-04:00,87.58449707563749,87.58449707563749,85.8434227133387,86.2572250366211,961800,0.0,0.0
2016-08-04 00:00:00-04:00,86.43676328705702,86.99890379464408,86.00735470133833,86.44457244873047,505200,0.0,0.0
2016-08-05 00:00:00-04:00,86.53045530168843,87.34243537249935,86.28061573810393,87.17066955566406,836000,0.0,0.0
2016-08-08 00:00:00-04:00,87.15505056935352,87.28778249012707,85.86681886617826,86.42115020751953,586900,0.0,0.0
2016-08-09 00:00:00-04:00,86.21031423998697,86.71780234659565,86.07758832250802,86.09320068359375,720100,0.0,0.0
2016-08-10 00:00:00-04:00,86.22595715224627,87.5219979311815,86.22595715224627,87.25654602050781,582100,0.0,0.0
2016-08-11 00:00:00-04:00,87.44392037565166,88.02948234245291,86.71782329855235,87.47515106201172,1281600,0.0,0.0
2016-08-12 00:00:00-04:00,87.2955574331373,87.83427623349519,87.03010559082031,87.03010559082031,708200,0.0,0.0
2016-08-15 00:00:00-04:00,86.98330917692523,88.02951070213287,86.69442970251227,87.30341339111328,1116100,0.0,0.0
2016-08-16 00:00:00-04:00,86.93643712881386,87.33462095691931,86.60071467700823,87.05355072021484,1072500,0.0,0.0
2016-08-17 00:00:00-04:00,87.20189967076023,88.80243231682424,86.99890316523461,88.5604019165039,1415600,0.0,0.0
2016-08-18 00:00:00-04:00,88.68532209181839,88.91174013416044,87.58446852776392,88.27933502197266,815200,0.0,0.0
2016-08-19 00:00:00-04:00,88.17001371225159,89.09910723295349,87.74059923882363,88.70873260498047,2564900,0.0,0.0
2016-08-22 00:00:00-04:00,88.52134898527969,89.13033841187314,88.36520151588287,88.9195327758789,818000,0.0,0.0
2016-08-23 00:00:00-04:00,88.94934209791559,89.42035215274197,88.470486267546,88.75308990478516,1145600,0.618,0.0
2016-08-24 00:00:00-04:00,88.53333422720564,88.53333422720564,87.04966735839844,87.04966735839844,1745000,0.0,0.0
2016-08-25 00:00:00-04:00,87.05750950493353,87.96027115860699,86.90050409303932,87.1360092163086,656300,0.0,0.0
2016-08-26 00:00:00-04:00,87.27732951379693,88.2350417664887,86.85342379592622,87.04182434082031,607300,0.0,0.0
2016-08-29 00:00:00-04:00,86.80628471086706,87.92099590006293,86.80628471086706,87.66194152832031,1801200,0.0,0.0
2016-08-30 00:00:00-04:00,77.9121457049725,78.6893029625002,77.5196411926049,78.22615051269531,7956100,0.0,0.0
2016-08-31 00:00:00-04:00,78.46164940607578,79.39581205941074,78.10839774159533,78.41455078125,3255300,0.0,0.0
2016-09-01 00:00:00-04:00,78.54801076264751,78.85416384083035,78.05345717230853,78.13980865478516,1189300,0.0,0.0
2016-09-02 00:00:00-04:00,78.5009046940367,78.70500872320144,77.8493457476817,77.95140075683594,2461300,0.0,0.0
2016-09-06 00:00:00-04:00,78.210447621139,78.41455164620801,77.81794310554515,78.33605194091797,1371500,0.0,0.0
2016-09-07 00:00:00-04:00,78.21831902988417,78.32036807347251,77.60601279006397,77.81796264648438,1439300,0.0,0.0
2016-09-08 00:00:00-04:00,77.75515515778018,77.86505595463751,76.93089319220599,77.00154113769531,1151200,0.0,0.0
2016-09-09 00:00:00-04:00,76.76603173205103,76.85238320219865,75.48646920308524,75.50216674804688,1457500,0.0,0.0
2016-09-12 00:00:00-04:00,75.81618798938986,76.75034484032574,75.20388178767625,76.52269744873047,1565500,0.0,0.0
2016-09-13 00:00:00-04:00,76.34213055903412,76.35782810490268,75.34517169492604,75.36872100830078,1451100,0.0,0.0
2016-09-14 00:00:00-04:00,75.70626483524521,75.79261629862653,75.0939588142816,75.34516143798828,1242600,0.0,0.0
2016-09-15 00:00:00-04:00,75.0468644211292,75.62776944456672,74.74856313647615,75.36872100830078,1137700,0.0,0.0
2016-09-16 00:00:00-04:00,75.42368682636167,75.85543830119202,74.82707814590799,74.95268249511719,1350700,0.0,0.0
2016-09-19 00:00:00-04:00,75.27452121176937,75.52572388117314,74.77996764082746,74.92911529541016,1282600,0.0,0.0
2016-09-20 00:00:00-04:00,74.97621641646859,75.36086917592712,74.89771670890575,74.98406219482422,1227400,0.0,0.0
2016-09-21 00:00:00-04:00,74.88985525913517,75.85541291669735,74.67789948806045,75.64346313476562,1062700,0.0,0.0
2016-09-22 00:00:00-04:00,75.64345720723205,76.13801065241412,75.07039808164492,75.48645782470703,947500,0.0,0.0
2016-09-23 00:00:00-04:00,75.19602728299985,76.7110951837944,74.39531459516526,75.24312591552734,3847800,0.0,0.0
2016-09-26 00:00:00-04:00,74.9369718226857,75.49432759366344,74.74857130595316,74.83492279052734,859300,0.0,0.0
2016-09-27 00:00:00-04:00,75.16459367873627,75.25094512710689,74.14407982843346,74.34033203125,1437700,0.0,0.0
2016-09-28 00:00:00-04:00,74.56017090055037,74.89772507098677,74.24616604609767,74.67791748046875,722700,0.0,0.0
2016-09-29 00:00:00-04:00,74.85847384888456,75.36087923129496,74.26971697989008,74.29326629638672,975600,0.0,0.0
2016-09-30 00:00:00-04:00,74.54446203505292,75.54142692748728,74.33251221720644,75.04686737060547,959800,0.0,0.0
2016-10-03 00:00:00-04:00,74.81138409886582,75.054735050419,74.48167566133,74.89773559570312,910000,0.0,0.0
2016-10-04 00:00:00-04:00,74.74857229531072,75.21957658794841,74.45811675343097,74.59941864013672,1199600,0.0,0.0
2016-10-05 00:00:00-04:00,74.58373363508584,74.78783173642714,74.19907477433269,74.34822845458984,2303300,0.0,0.0
2016-10-06 00:00:00-04:00,74.15195149503043,75.0233119885303,74.15195149503043,74.6622085571289,1569200,0.0,0.0
2016-10-07 00:00:00-04:00,74.8584675886359,74.9840659291627,74.01065633078971,74.74071502685547,1231400,0.0,0.0
2016-10-10 00:00:00-04:00,74.74073821999693,75.78480207508403,74.74073821999693,75.0390396118164,754100,0.0,0.0
2016-10-11 00:00:00-04:00,75.15676087004026,75.28236518631147,74.05774705924102,74.285400390625,719800,0.0,0.0
2016-10-12 00:00:00-04:00,74.3325077970658,74.75641339669546,74.26185386922236,74.53660583496094,688200,0.0,0.0
2016-10-13 00:00:00-04:00,74.29325974814546,75.29022464569083,73.94785383225333,75.08612060546875,1022200,0.0,0.0
2016-10-14 00:00:00-04:00,75.32160311915376,76.28716672137206,75.31375734217397,75.69841003417969,1566700,0.0,0.0
2016-10-17 00:00:00-04:00,75.67487226350312,75.95747599557696,75.34516990579819,75.9417724609375,749600,0.0,0.0
2016-10-18 00:00:00-04:00,76.33427616450808,76.45988048370913,75.54926713693231,75.60421752929688,776500,0.0,0.0
2016-10-19 00:00:00-04:00,75.51786659144724,75.61206983151456,74.63866030739358,75.0704116821289,697000,0.0,0.0
2016-10-20 00:00:00-04:00,75.11751410033656,75.20386557058747,74.58370773385064,74.67005920410156,753200,0.0,0.0
2016-10-21 00:00:00-04:00,74.59156089780711,74.88201641642499,73.8144035777384,74.85846710205078,1112700,0.0,0.0
2016-10-24 00:00:00-04:00,75.12534784270854,75.36085290368956,74.56014647681056,74.80349731445312,648200,0.0,0.0
2016-10-25 00:00:00-04:00,74.96835720283026,75.25096091330222,74.56015517056142,75.21170806884766,703600,0.0,0.0
2016-10-26 00:00:00-04:00,75.28237778076952,75.76907961488521,74.88987321047266,75.47863006591797,775800,0.0,0.0
2016-10-27 00:00:00-04:00,75.8946629210434,76.58546861724514,74.84274784978825,74.97620391845703,2422800,0.0,0.0
2016-10-28 00:00:00-04:00,76.6953725298463,81.13852609120967,76.6953725298463,80.38491821289062,4346800,0.0,0.0
2016-10-31 00:00:00-04:00,80.41630929400715,80.8873134107676,79.6469979782893,80.4320068359375,1724300,0.0,0.0
2016-11-01 00:00:00-04:00,80.54192053441123,80.54192053441123,79.6391590052758,80.06306457519531,1138700,0.0,0.0
2016-11-02 00:00:00-04:00,79.9924094780293,80.41631500998756,79.41150455903883,79.94530487060547,1054800,0.0,0.0
2016-11-03 00:00:00-04:00,79.8511239001054,79.93747537730616,78.80706039514648,79.03471374511719,838500,0.0,0.0
2016-11-04 00:00:00-04:00,79.12891755679041,79.33301560514141,78.3360567100608,78.50090789794922,853300,0.0,0.0
2016-11-07 00:00:00-05:00,78.94051726528127,79.84327897483529,78.85416578068036,79.75692749023438,1830800,0.0,0.0
2016-11-08 00:00:00-05:00,79.804036757775,80.81669333770188,79.41937794428577,79.4350814819336,1240900,0.0,0.0
2016-11-09 00:00:00-05:00,77.96708977521537,79.30160261339954,77.16638327013348,78.86199951171875,1354900,0.0,0.0
2016-11-10 00:00:00-05:00,78.67362220222553,78.67362220222553,76.09094124113506,76.35784149169922,2393000,0.0,0.0
2016-11-11 00:00:00-05:00,76.28718979656038,77.20564906899985,75.56498281254702,76.3421401977539,778900,0.0,0.0
2016-11-14 00:00:00-05:00,76.2400712864901,77.82578672832038,75.75336358199617,77.65308380126953,1484900,0.0,0.0
2016-11-15 00:00:00-05:00,77.66096319648001,78.39102201837605,77.48826020798813,77.81796264648438,1202100,0.0,0.0
2016-11-16 00:00:00-05:00,77.87289506082692,78.57940440090199,77.75514849510084,77.95140075683594,942100,0.0,0.0
2016-11-17 00:00:00-05:00,77.78655819421817,78.5166169845376,77.0800547106112,77.84151458740234,1350600,0.0,0.0
2016-11-18 00:00:00-05:00,77.6845188306976,78.21047361903118,76.86026266744622,77.37051391601562,1218200,0.0,0.0
2016-11-21 00:00:00-05:00,77.36890753454249,77.7006902452612,76.381454685784,77.25041198730469,1232800,0.618,0.0
2016-11-22 00:00:00-05:00,77.5269045054955,77.63749875228174,77.03712567906032,77.19512176513672,1033000,0.0,0.0
2016-11-23 00:00:00-05:00,76.97392742942155,77.32150673854028,76.14446461454448,76.75273895263672,1083600,0.0,0.0
2016-11-25 00:00:00-05:00,77.1635329137066,77.40052406119025,76.66585873631324,77.20303344726562,564400,0.0,0.0
2016-11-28 00:00:00-05:00,77.13982062250854,77.79549078496055,77.02132507085886,77.28990936279297,931400,0.0,0.0
2016-11-29 00:00:00-05:00,77.234610286399,77.98507807655281,76.67373778485705,77.51899719238281,1040300,0.0,0.0
2016-11-30 00:00:00-05:00,76.98182463423014,77.41630631513978,76.25506075610322,76.34195709228516,4424200,0.0,0.0
2016-12-01 00:00:00-05:00,76.23135643948483,76.89492183058951,75.58358764138728,76.05756378173828,1090100,0.0,0.0
2016-12-02 00:00:00-05:00,76.2945635115247,77.13192165527023,75.99437396796739,76.68954467773438,825600,0.0,0.0
2016-12-05 00:00:00-05:00,76.58686293840012,77.5269202539769,76.19978299601847,77.32942962646484,706500,0.0,0.0
2016-12-06 00:00:00-05:00,77.47950147438978,77.96927422825848,77.02922321815964,77.80338287353516,1279800,0.0,0.0
2016-12-07 00:00:00-05:00,77.85080216995114,78.43537269774961,77.14773606879122,78.33267974853516,883500,0.0,0.0
2016-12-08 00:00:00-05:00,78.26946085380801,78.58544695789213,77.64538995564862,77.76388549804688,947000,0.0,0.0
2016-12-09 00:00:00-05:00,77.75599874319073,79.54131544256602,77.5111123294787,79.23323059082031,1724900,0.0,0.0
2016-12-12 00:00:00-05:00,79.19373696880905,80.37077935192578,79.02784557470014,79.86520385742188,823900,0.0,0.0
2016-12-13 00:00:00-05:00,79.92840013417968,80.54456987471903,79.40702202945552,79.69931030273438,696400,0.0,0.0
2016-12-14 00:00:00-05:00,79.88098826381008,80.1574738576019,78.6802422180086,78.98832702636719,731600,0.0,0.0
2016-12-15 00:00:00-05:00,79.07522092847864,79.83358397396299,78.08776810462918,79.55709838867188,1377700,0.0,0.0
2016-12-16 00:00:00-05:00,79.71509944971547,80.27597196556096,79.08312719209384,79.91259002685547,929300,0.0,0.0
2016-12-19 00:00:00-05:00,80.02320629781025,80.21279561651589,79.48603153903109,80.14959716796875,566700,0.0,0.0
2016-12-20 00:00:00-05:00,79.54131054636248,81.20813157855635,79.50971132929074,81.05803680419922,928400,0.0,0.0
2016-12-21 00:00:00-05:00,81.34244477618813,82.17980315096369,81.0817556881005,81.50043487548828,1002600,0.0,0.0
2016-12-22 00:00:00-05:00,81.7610880799114,83.15931852855779,81.68209306493101,82.50365447998047,1505300,0.0,0.0
2016-12-23 00:00:00-05:00,82.47999000129963,82.5510837355111,81.61102640358774,81.85591888427734,581400,0.0,0.0
2016-12-27 00:00:00-05:00,81.81640627524855,82.18768957095403,81.76110914782018,81.99810028076172,362300,0.0,0.0
2016-12-28 00:00:00-05:00,81.91908715506246,81.91908715506246,81.27921962805618,81.48461151123047,467100,0.0,0.0
2016-12-29 00:00:00-05:00,81.42142179107964,82.31407710558166,81.42142179107964,82.14818572998047,625000,0.0,0.0
2016-12-30 00:00:00-05:00,81.82430611120877,82.03759330546175,80.97904659179883,81.705810546875,732900,0.0,0.0
2017-01-03 00:00:00-05:00,82.02968181895997,82.47206480247019,81.57150826833492,82.09288024902344,686200,0.0,0.0
2017-01-04 00:00:00-05:00,82.27457528521569,82.70905093687959,82.02968287230861,82.2508773803711,844200,0.0,0.0
2017-01-05 00:00:00-05:00,81.46091279124445,82.36146931169414,81.37401645796125,81.72159576416016,1581800,0.0,0.0
2017-01-06 00:00:00-05:00,82.51155050058412,83.1277260875821,81.92698015218096,82.55895233154297,916500,0.0,0.0
2017-01-09 00:00:00-05:00,82.55897749805028,82.73277020169886,81.79271295574627,82.06919860839844,890200,0.0,0.0
2017-01-10 00:00:00-05:00,82.45629604202755,83.05666932030468,82.03761681806172,82.81178283691406,1125900,0.0,0.0
2017-01-11 00:00:00-05:00,82.53523991766706,83.41209227263144,82.47994281371557,82.9065170288086,940600,0.0,0.0
2017-01-12 00:00:00-05:00,82.74067127344804,83.32524786786493,82.40098715445173,82.69327545166016,762400,0.0,0.0
2017-01-13 00:00:00-05:00,82.62214567194171,83.13562232017345,82.43255642674028,82.8275375366211,679900,0.0,0.0
2017-01-17 00:00:00-05:00,82.80385191188891,83.26993282466074,82.48786577174545,83.08033752441406,902100,0.0,0.0
2017-01-18 00:00:00-05:00,83.12777370748236,83.95723088775107,82.92238172749053,83.45955657958984,1184700,0.0,0.0
2017-01-19 00:00:00-05:00,83.45162528219859,83.49902109634608,82.82755427920651,83.11984252929688,463000,0.0,0.0
2017-01-20 00:00:00-05:00,83.57013212775558,83.89401361305016,82.92236313023098,83.3963394165039,623500,0.0,0.0
2017-01-23 00:00:00-05:00,83.38841502495316,83.45161345281446,82.93024149029334,83.18302917480469,696100,0.0,0.0
2017-01-24 00:00:00-05:00,83.29361966199086,84.72344937314266,83.04872727178166,84.14677429199219,849700,0.0,0.0
2017-01-25 00:00:00-05:00,84.20999996163032,84.3679960752907,83.73602367452013,83.97301483154297,699800,0.0,0.0
2017-01-26 00:00:00-05:00,83.71231002114536,83.89399798401693,83.38842256925392,83.4753189086914,766800,0.0,0.0
2017-01-27 00:00:00-05:00,83.72022129607818,83.7518144896934,82.63006928136632,83.34893798828125,1035300,0.0,0.0
2017-01-30 00:00:00-05:00,83.57010894053366,83.80709400444891,82.59055741709625,83.00133514404297,1321800,0.0,0.0
2017-01-31 00:00:00-05:00,83.57010946326149,83.97299190945137,82.98553906962684,83.31732177734375,1702800,0.0,0.0
2017-02-01 00:00:00-05:00,83.17512465335136,83.68860131276578,82.55895507282749,83.04083251953125,1234000,0.0,0.0
2017-02-02 00:00:00-05:00,83.30942407430246,83.79130156315637,82.88284370579568,83.41211700439453,1520800,0.0,0.0
2017-02-03 00:00:00-05:00,81.84008614825397,84.8735442575295,80.2680629918403,84.51016235351562,2708100,0.0,0.0
2017-02-06 00:00:00-05:00,84.52595847950242,85.0789296288753,83.98878392285441,84.84984588623047,1095100,0.0,0.0
2017-02-07 00:00:00-05:00,84.88146469848614,85.36334228568191,84.57337981840168,84.67607879638672,1446800,0.0,0.0
2017-02-08 00:00:00-05:00,84.52595894632773,84.92094006289936,84.29686917548418,84.51016235351562,893700,0.0,0.0
2017-02-09 00:00:00-05:00,84.51016917603548,86.56406994263295,84.51016917603548,85.40282440185547,1935500,0.0,0.0
2017-02-10 00:00:00-05:00,85.50553519829703,85.79782347893017,84.87356884486589,85.01576232910156,979200,0.0,0.0
2017-02-13 00:00:00-05:00,84.92095422638214,85.63192156017597,84.77876075962337,85.48182678222656,654500,0.0,0.0
2017-02-14 00:00:00-05:00,85.30804802394383,85.63193553935375,84.87357226848447,85.58453369140625,686500,0.0,0.0
2017-02-15 00:00:00-05:00,85.32382036348521,86.16907969081136,85.063131386579,85.94789123535156,1058100,0.0,0.0
2017-02-16 00:00:00-05:00,86.28757038460785,86.5561546291801,84.81033895866132,85.0394287109375,1465100,0.0,0.0
2017-02-17 00:00:00-05:00,84.39166701478246,85.12633213443824,84.13887934065,84.72344970703125,1749500,0.0,0.0
2017-02-21 00:00:00-05:00,84.92096354017399,86.00321426847567,84.62077997828679,85.69512939453125,1906900,0.0,0.0
2017-02-22 00:00:00-05:00,85.63791490103156,85.93187782389833,85.47107304582593,85.76502990722656,839400,0.618,0.0
2017-02-23 00:00:00-05:00,85.87625695068984,86.84553386676768,85.78092221236484,86.32117462158203,880600,0.0,0.0
2017-02-24 00:00:00-05:00,86.36089694300048,86.5912993338226,85.94776559283176,86.5197982788086,1055600,0.0,0.0
2017-02-27 00:00:00-05:00,86.3529376272718,86.59922706733585,85.59022956579766,85.64584350585938,744300,0.0,0.0
2017-02-28 00:00:00-05:00,85.94777073900164,86.67075216045237,85.90010336613818,86.08283233642578,1554300,0.0,0.0
2017-03-01 00:00:00-05:00,86.2814674977398,87.31430518312828,85.6617673110937,86.91706085205078,1709000,0.0,0.0
2017-03-02 00:00:00-05:00,87.06004571684643,87.12360624753332,86.26555726765775,86.70252227783203,1059400,0.0,0.0
2017-03-03 00:00:00-05:00,86.43240577490906,86.6866418557817,85.8762601807421,86.3291244506836,883800,0.0,0.0
2017-03-06 00:00:00-05:00,85.7809303853591,86.36885021975434,85.71736984610918,86.28145599365234,774800,0.0,0.0
2017-03-07 00:00:00-05:00,86.33705863517699,86.50390048274252,85.8683133579404,85.9239273071289,803200,0.0,0.0
2017-03-08 00:00:00-05:00,85.8127025260718,86.40062230477425,85.26450353453788,86.25761413574219,1696000,0.0,0.0
2017-03-09 00:00:00-05:00,86.44034233169124,87.03620864538911,86.02720495977331,86.88525390625,993700,0.0,0.0
2017-03-10 00:00:00-05:00,87.23483968413152,87.27456047223336,86.37679064977755,86.54363250732422,735600,0.0,0.0
2017-03-13 00:00:00-04:00,86.31323350672446,86.5436359080472,86.10666479149262,86.36090087890625,768800,0.0,0.0
2017-03-14 00:00:00-04:00,86.36088840638155,86.48800946246234,86.02720472636783,86.21788024902344,679400,0.0,0.0
2017-03-15 00:00:00-04:00,86.28938328023828,87.04414481528346,86.22582275520188,86.82963562011719,857600,0.0,0.0
2017-03-16 00:00:00-04:00,86.78200354700135,86.9965128293979,86.20202412775956,86.9726791381836,604300,0.0,0.0
2017-03-17 00:00:00-04:00,87.20304400378032,87.20304400378032,86.5674508918286,86.607177734375,1361800,0.0,0.0
2017-03-20 00:00:00-04:00,86.60720837221973,86.73432340269873,86.19407088486157,86.48008728027344,946500,0.0,0.0
2017-03-21 00:00:00-04:00,86.13843271912054,86.54362350901376,85.78886193742605,85.89214324951172,1196600,0.0,0.0
2017-03-22 00:00:00-04:00,86.1225363538743,86.36882579699048,85.10559225930625,85.75707244873047,1173800,0.0,0.0
2017-03-23 00:00:00-04:00,85.74120050167609,86.39268085228889,85.52669126612463,85.88420867919922,707600,0.0,0.0
2017-03-24 00:00:00-04:00,86.10666231917945,86.29734392536461,85.39162751111704,85.78887176513672,794500,0.0,0.0
2017-03-27 00:00:00-04:00,85.53462257263594,86.22582358933123,85.367774677435,86.01131439208984,854400,0.0,0.0
2017-03-28 00:00:00-04:00,85.82860017528044,87.31429599937245,85.58231065558681,86.71842956542969,1338900,0.0,0.0
2017-03-29 00:00:00-04:00,86.67867157793555,87.17920308200108,86.34498794953494,87.0838623046875,792900,0.0,0.0
2017-03-30 00:00:00-04:00,86.90909594397266,87.09183096478543,86.23378193582018,86.5197982788086,933300,0.0,0.0
2017-03-31 00:00:00-04:00,86.5118276695529,87.13947413337856,86.00335565911824,86.79784393310547,1034400,0.0,0.0
2017-04-03 00:00:00-04:00,86.54362926013135,86.86142586035321,86.32912004032454,86.53568267822266,1008200,0.0,0.0
2017-04-04 00:00:00-04:00,86.14638140008533,86.24172219457965,85.5981824393081,86.1146011352539,935000,0.0,0.0
2017-04-05 00:00:00-04:00,86.21786757281176,87.23481768754397,85.98747130010416,86.65483856201172,912700,0.0,0.0
2017-04-06 00:00:00-04:00,86.65485336292438,86.81374862533796,86.21788229908843,86.50389862060547,535500,0.0,0.0
2017-04-07 00:00:00-04:00,86.61510785782137,87.23481379525404,86.28937082160459,87.0123519897461,961100,0.0,0.0
2017-04-10 00:00:00-04:00,87.09183563086712,87.22689722744053,85.83654228732655,86.05899810791016,1426000,0.0,0.0
2017-04-11 00:00:00-04:00,85.90803131317229,86.18610711141865,85.62201499492193,86.1304931640625,737200,0.0,0.0
2017-04-12 00:00:00-04:00,86.15434614687778,86.67870547349071,85.82065632652372,86.63898468017578,596100,0.0,0.0
2017-04-13 00:00:00-04:00,86.55950457689961,86.56745115772634,85.92391752446078,85.96363830566406,571900,0.0,0.0
2017-04-17 00:00:00-04:00,86.05105083679172,86.48007537082718,85.9398229273899,86.36090087890625,557000,0.0,0.0
2017-04-18 00:00:00-04:00,86.36886602772748,87.39375718021707,86.30530547684415,86.9726791381836,857400,0.0,0.0
2017-04-19 00:00:00-04:00,87.04414943713019,87.21893785952854,86.09076575682268,86.3052749633789,655900,0.0,0.0
2017-04-20 00:00:00-04:00,86.39267233537466,86.67074208051578,85.87625363070352,86.44034576416016,940300,0.0,0.0
2017-04-21 00:00:00-04:00,86.28144000162453,86.3926678939628,85.31216317284917,85.32805633544922,1075200,0.0,0.0
2017-04-24 00:00:00-04:00,85.51874936944594,86.29735083672612,85.51874936944594,86.15434265136719,864800,0.0,0.0
2017-04-25 00:00:00-04:00,86.2337799542494,86.51184970869109,86.03515783515304,86.17021942138672,941500,0.0,0.0
2017-04-26 00:00:00-04:00,86.29733039229285,86.36883143729985,84.62095941829949,85.40750122070312,1788500,0.0,0.0
2017-04-27 00:00:00-04:00,85.63790746815002,86.19404693723241,85.20093641282415,85.31216430664062,897500,0.0,0.0
2017-04-28 00:00:00-04:00,85.00230811544651,86.01131172915922,84.88313364890637,85.96363830566406,1067200,0.0,0.0
2017-05-01 00:00:00-04:00,85.80474936744803,85.96364462687556,85.04998779296875,85.04998779296875,893700,0.0,0.0
2017-05-02 00:00:00-04:00,85.10558815327667,85.3518775845103,84.779845043548,85.05791473388672,879900,0.0,0.0
2017-05-03 00:00:00-04:00,84.8672638447426,85.02615912486901,84.21578349787804,84.80370330810547,1231000,0.0,0.0
2017-05-04 00:00:00-04:00,85.3201136352659,85.92392655075865,84.77191466847209,85.23271942138672,1136900,0.0,0.0
2017-05-05 00:00:00-04:00,85.52669037651033,85.52669037651033,85.16916690568813,85.4472427368164,684700,0.0,0.0
2017-05-08 00:00:00-04:00,85.32011919390088,85.39956683129459,84.8434273080724,85.01026916503906,1341700,0.0,0.0
2017-05-09 00:00:00-04:00,84.98644609799219,85.23273562312345,84.33496569162325,84.54153442382812,732500,0.0,0.0
2017-05-10 00:00:00-04:00,84.5653370495451,85.10558933892885,84.35876839321652,84.7162857055664,791200,0.0,0.0
2017-05-11 00:00:00-04:00,84.47795967631745,84.80369679399537,84.23166413113414,84.65274810791016,768700,0.0,0.0
2017-05-12 00:00:00-04:00,84.57330237588945,85.19300852665116,84.5574152721878,85.06588745117188,590200,0.0,0.0
2017-05-15 00:00:00-04:00,85.0023244150204,85.79681292901452,84.85137571915863,85.68558502197266,802200,0.0,0.0
2017-05-16 00:00:00-04:00,85.79680880594883,85.80475538791747,85.07382744492038,85.17710876464844,595400,0.0,0.0
2017-05-17 00:00:00-04:00,85.17708885456891,87.11564222208895,84.79573786973964,86.41648864746094,1258100,0.0,0.0
2017-05-18 00:00:00-04:00,86.36088550163548,88.33121937435669,86.01131473210225,87.9975357055664,1779600,0.0,0.0
2017-05-19 00:00:00-04:00,87.99754287928145,89.10188134563792,87.45729048799826,88.9668197631836,1573200,0.0,0.0
2017-05-22 00:00:00-04:00,88.86353918409023,90.06321853886485,88.86353918409023,89.59446716308594,1359800,0.0,0.0
2017-05-23 00:00:00-04:00,89.78459349092076,90.92697267758642,89.60085763351452,90.38374328613281,1253700,0.618,0.0
2017-05-24 00:00:00-04:00,90.35178693870665,91.44623608048049,90.30385690595652,91.35836029052734,1200300,0.0,0.0
2017-05-25 00:00:00-04:00,91.27845790241692,92.46077651948524,91.0947159862541,92.11726379394531,1884000,0.0,0.0
2017-05-26 00:00:00-04:00,92.117286502538,93.05994913792419,91.62199321445068,92.63655090332031,993000,0.0,0.0
2017-05-30 00:00:00-04:00,92.58061691087823,92.58061691087823,91.90957213070422,92.2850341796875,729900,0.0,0.0
2017-05-31 00:00:00-04:00,92.45283403505326,92.79634691586453,92.03741999111622,92.0853500366211,1652000,0.0,0.0
2017-06-01 00:00:00-04:00,92.34094680168161,92.52468872070312,91.74179711489718,92.52468872070312,1279300,0.0,0.0
2017-06-02 00:00:00-04:00,92.08533045675297,92.66850563082644,91.67791296685282,92.57263946533203,1058200,0.0,0.0
2017-06-05 00:00:00-04:00,92.4448067177603,92.47676210028234,92.02140856535877,92.213134765625,1320200,0.0,0.0
2017-06-06 00:00:00-04:00,92.21314414885138,92.68447237556337,91.94951678736842,92.25308990478516,649200,0.0,0.0
2017-06-07 00:00:00-04:00,91.99745291346227,92.30901030617245,91.78175558320653,92.25308990478516,711200,0.0,0.0
2017-06-08 00:00:00-04:00,92.2531104685109,92.28505976653962,90.66336166995593,90.91899871826172,1222600,0.0,0.0
2017-06-09 00:00:00-04:00,90.96692874848091,91.19860076027913,90.47961970553769,91.08675384521484,833200,0.0,0.0
2017-06-12 00:00:00-04:00,91.24651238814182,91.44622896889162,90.47161107965404,90.75121307373047,677600,0.0,0.0
2017-06-13 00:00:00-04:00,90.41570158329085,91.27847877893274,90.00029372698202,91.23853302001953,721200,0.0,0.0
2017-06-14 00:00:00-04:00,91.35037645906809,92.13326825427258,91.22256099762961,91.38233184814453,745200,0.0,0.0
2017-06-15 00:00:00-04:00,91.10272074475138,92.14124335946745,90.67932254764764,91.77376556396484,1356400,0.0,0.0
2017-06-16 00:00:00-04:00,91.86963177648569,92.00543759547423,88.45048471685254,89.33722686767578,2287800,0.0,0.0
2017-06-19 00:00:00-04:00,89.44108974888458,90.00029993792538,88.65820401704197,89.71270751953125,1259000,0.0,0.0
2017-06-20 00:00:00-04:00,89.74466535475028,89.8325411628919,89.00970959108223,89.14551544189453,779900,0.0,0.0
2017-06-21 00:00:00-04:00,89.35321349688883,89.8964429405654,88.89785985254726,89.12953186035156,842800,0.0,0.0
2017-06-22 00:00:00-04:00,88.96976713051168,89.1455126464157,88.26676068742398,88.29072570800781,763000,0.0,0.0
2017-06-23 00:00:00-04:00,88.10696926667914,88.43450129636454,87.37201369750883,87.7235107421875,1264500,0.0,0.0
2017-06-26 00:00:00-04:00,87.96319317753908,88.43452149972815,87.62767070124843,88.0989990234375,1089500,0.0,0.0
2017-06-27 00:00:00-04:00,87.89928091035499,87.95520132212683,86.3175286374557,86.42137908935547,1025100,0.0,0.0
2017-06-28 00:00:00-04:00,86.79683061275566,86.9645918157729,85.95801850280284,86.0139389038086,825900,0.0,0.0
2017-06-29 00:00:00-04:00,85.99797952607663,85.99797952607663,84.71979435126136,85.1751480102539,917000,0.0,0.0
2017-06-30 00:00:00-04:00,85.3029576225134,86.86075083988983,85.3029576225134,85.7742919921875,1620900,0.0,0.0
2017-07-03 00:00:00-04:00,85.51866215636063,85.94206043060504,84.91152190345488,85.19112396240234,716400,0.0,0.0
2017-07-05 00:00:00-04:00,85.19110231913233,85.31093348391397,84.55999720649078,84.92747497558594,1715000,0.0,0.0
2017-07-06 00:00:00-04:00,84.98340019178471,85.71037149644458,84.70379818801806,85.02334594726562,1197500,0.0,0.0
2017-07-07 00:00:00-04:00,85.20708277145818,85.36685359405158,84.56798729135214,84.6079330444336,751700,0.0,0.0
2017-07-10 00:00:00-04:00,84.77570749848921,84.88754831077364,83.83304487004396,83.85700988769531,948700,0.0,0.0
2017-07-11 00:00:00-04:00,83.87295830136186,84.00877018368658,82.89834058925926,83.13001251220703,1672600,0.0,0.0
2017-07-12 00:00:00-04:00,83.505485399988,83.88894386915908,83.36967960470754,83.74514770507812,952000,0.0,0.0
2017-07-13 00:00:00-04:00,83.75314832735172,83.9129252602216,83.40165126477156,83.72119903564453,644800,0.0,0.0
2017-07-14 00:00:00-04:00,83.94486660180982,84.38423938023936,83.92090158960568,84.25642395019531,570700,0.0,0.0
2017-07-17 00:00:00-04:00,84.24045573701517,85.03932210187968,84.12063065817884,84.91150665283203,843400,0.0,0.0
2017-07-18 00:00:00-04:00,84.86356716601227,85.01534761391619,84.39223289392642,84.59194946289062,762300,0.0,0.0
2017-07-19 00:00:00-04:00,84.59995901962513,84.95944648734668,84.51208322176123,84.75173950195312,575200,0.0,0.0
2017-07-20 00:00:00-04:00,84.90352630615234,85.07927790235007,84.66387002531968,84.90352630615234,420000,0.0,0.0
2017-07-21 00:00:00-04:00,84.82362521950236,85.05529718127768,84.45614744750691,84.99138641357422,751200,0.0,0.0
2017-07-24 00:00:00-04:00,84.97543051400032,84.97543051400032,84.08868822482182,84.12064361572266,1293500,0.0,0.0
2017-07-25 00:00:00-04:00,84.2085025253193,85.9100856091063,83.71320320801149,85.8302001953125,1301400,0.0,0.0
2017-07-26 00:00:00-04:00,85.39083840392578,86.35746612289935,84.40024566549405,84.67984771728516,1761700,0.0,0.0
2017-07-27 00:00:00-04:00,84.72774170111954,85.04728937927216,83.95284056243055,85.03929901123047,1434900,0.0,0.0
2017-07-28 00:00:00-04:00,84.95945282868746,85.59854847996914,84.52007990144065,84.73577117919922,815700,0.0,0.0
2017-07-31 00:00:00-04:00,84.83163033964605,85.03134695229622,83.89695196034405,84.12862396240234,1175700,0.0,0.0
2017-08-01 00:00:00-04:00,84.28840484578613,84.67984771829835,83.68925497985478,84.4002456665039,889700,0.0,0.0
2017-08-02 00:00:00-04:00,84.33632790457527,84.56799989827842,83.60936263007727,84.35230255126953,707400,0.0,0.0
2017-08-03 00:00:00-04:00,84.33631242518571,84.66385052353831,84.18452588254759,84.31234741210938,727500,0.0,0.0
2017-08-04 00:00:00-04:00,84.56799325108756,84.61592328227009,83.70521612060203,83.76912689208984,710800,0.0,0.0
2017-08-07 00:00:00-04:00,83.88098123038988,84.47214072487922,83.7691404096721,84.4002456665039,761600,0.0,0.0
2017-08-08 00:00:00-04:00,84.09666703740886,84.8236384197175,83.88097578142677,83.96086120605469,971400,0.0,0.0
2017-08-09 00:00:00-04:00,83.98482231455114,84.18453891425794,83.23389204416308,84.0806884765625,1003100,0.0,0.0
2017-08-10 00:00:00-04:00,83.86500658338358,84.51208648823959,83.64131884707771,84.12064361572266,552600,0.0,0.0
2017-08-11 00:00:00-04:00,84.0886694604905,84.83161537226114,83.8889528830776,84.04073333740234,572000,0.0,0.0
2017-08-14 00:00:00-04:00,84.28038625591324,84.71177474633213,84.24843087571196,84.63188934326172,535700,0.0,0.0
2017-08-15 00:00:00-04:00,84.59996032714844,84.73576616417617,84.36828831964185,84.59996032714844,548400,0.0,0.0
2017-08-16 00:00:00-04:00,84.67980609941452,84.95940801378873,84.50405458327513,84.71176147460938,705300,0.0,0.0
2017-08-17 00:00:00-04:00,85.42277456191529,87.3480391949478,85.42277456191529,86.15773010253906,1654300,0.0,0.0
2017-08-18 00:00:00-04:00,86.2136721014854,86.2616082364871,85.12721316275268,85.75032806396484,1047000,0.0,0.0
2017-08-21 00:00:00-04:00,85.67841106108351,86.06985384328489,85.19909249789684,85.96600341796875,642700,0.0,0.0
2017-08-22 00:00:00-04:00,85.97400513758608,86.1577409985452,85.3588745894815,86.08584594726562,1304300,0.0,0.0
2017-08-23 00:00:00-04:00,86.05851046838714,86.47646261818079,85.6887819156705,86.35590362548828,2264800,0.656,0.0
2017-08-24 00:00:00-04:00,85.73700757559828,86.6291809361706,84.78857130635011,84.81268310546875,2298900,0.0,0.0
2017-08-25 00:00:00-04:00,85.15830282402686,85.43158419865101,84.4509967858069,84.5233383178711,1360400,0.0,0.0
2017-08-28 00:00:00-04:00,84.61171543605832,84.62779405164629,83.49449080830419,83.96871185302734,1606900,0.0,0.0
2017-08-29 00:00:00-04:00,84.04909585323736,84.56350122957434,83.9446093691112,84.34648895263672,1119500,0.0,0.0
2017-08-30 00:00:00-04:00,84.28220414322873,84.82072142457484,83.63116104584603,83.9124755859375,873700,0.0,0.0
2017-08-31 00:00:00-04:00,83.7758468777431,84.38669962054288,83.59097951334468,84.33043670654297,769400,0.0,0.0
2017-09-01 00:00:00-04:00,84.70016528944008,84.92522307760106,83.84014295718174,84.8850326538086,1173300,0.0,0.0
2017-09-05 00:00:00-04:00,84.58764341424134,85.15831189201491,84.00090244551835,84.12146759033203,1410700,0.0,0.0
2017-09-06 00:00:00-04:00,84.10537048863955,84.65996635361506,83.75171444347295,84.62781524658203,1430000,0.0,0.0
2017-09-07 00:00:00-04:00,84.74033680915304,86.85422140003493,84.52332451279942,86.64524841308594,1725300,0.0,0.0
2017-09-08 00:00:00-04:00,86.59703803138888,87.52136258909503,86.22730943474595,86.92658233642578,1089000,0.0,0.0
2017-09-11 00:00:00-04:00,87.19180530663304,88.33314195902116,86.96674756773439,88.1322021484375,1073600,0.0,0.0
2017-09-12 00:00:00-04:00,88.11614254342308,88.65466601246014,87.8991301993318,88.07595825195312,759900,0.0,0.0
2017-09-13 00:00:00-04:00,87.7785455855508,88.89577043502423,87.64994729630163,87.94733428955078,779300,0.0,0.0
2017-09-14 00:00:00-04:00,87.7544404363689,88.01968247654324,87.54546130178939,87.8669662475586,537900,0.0,0.0
2017-09-15 00:00:00-04:00,87.95538455342539,88.85559721907276,87.95538455342539,88.8154067993164,1224500,0.0,0.0
2017-09-18 00:00:00-04:00,88.83952442184727,88.96812886774013,88.05184365344469,88.21259307861328,923500,0.0,0.0
2017-09-19 00:00:00-04:00,88.14828881734586,88.26081463880135,87.73033664225366,87.93931579589844,946000,0.0,0.0
2017-09-20 00:00:00-04:00,87.55350418094932,87.80266761128425,86.58899543651984,87.14358520507812,691300,0.0,0.0
2017-09-21 00:00:00-04:00,87.20789730629532,87.3204231348244,86.06656039853024,86.44432830810547,959300,0.0,0.0
2017-09-22 00:00:00-04:00,86.50860009138783,86.69346740470566,85.19847480899108,85.58428192138672,1148800,0.0,0.0
2017-09-25 00:00:00-04:00,85.68074087660537,85.913831811436,85.15026292287111,85.86560821533203,1483300,0.0,0.0
2017-09-26 00:00:00-04:00,86.01028635584362,86.33179130955645,85.68878140213079,86.17103576660156,835600,0.0,0.0
2017-09-27 00:00:00-04:00,86.2031787862791,87.03908913461568,86.16298837126243,86.98282623291016,1254200,0.0,0.0
2017-09-28 00:00:00-04:00,86.49252722335291,87.40881221252229,86.32373852873708,86.66131591796875,896500,0.0,0.0
2017-09-29 00:00:00-04:00,86.87033446891202,87.99559907614432,86.62920414871982,87.74642944335938,1200800,0.0,0.0
2017-10-02 00:00:00-04:00,87.77051687590266,88.15632405463545,87.3606040304831,87.48116302490234,878500,0.0,0.0
2017-10-03 00:00:00-04:00,87.56956649343168,87.6981709149163,86.29159224895905,86.53272247314453,948600,0.0,0.0
2017-10-04 00:00:00-04:00,86.76583327068995,87.60978317618383,86.09871756385567,86.9989242553711,851000,0.0,0.0
2017-10-05 00:00:00-04:00,87.11141761070773,87.5936780238549,86.86225422752534,87.54544830322266,876400,0.0,0.0
2017-10-06 00:00:00-04:00,87.49724943276536,87.79464262059359,87.0551793065609,87.32846069335938,994400,0.0,0.0
2017-10-09 00:00:00-04:00,87.39272057716991,87.56150923480044,86.58092225335145,86.71755981445312,601000,0.0,0.0
2017-10-10 00:00:00-04:00,86.91049597655292,87.68210421374741,86.30767646635124,87.63388061523438,655400,0.0,0.0
2017-10-11 00:00:00-04:00,87.68210083916345,88.72699040284435,87.68210083916345,88.02771759033203,893700,0.0,0.0
2017-10-12 00:00:00-04:00,87.97948536888413,88.92792151407698,87.97948536888413,88.389404296875,1167500,0.0,0.0
2017-10-13 00:00:00-04:00,88.574289377874,88.70289383396896,88.00362090139805,88.46980285644531,1042200,0.0,0.0
2017-10-16 00:00:00-04:00,88.590344489578,89.20923640673993,88.2125766653041,89.16905212402344,604200,0.0,0.0
2017-10-17 00:00:00-04:00,89.03243378016984,89.12888712414647,88.41354168653129,89.07262420654297,559400,0.0,0.0
2017-10-18 00:00:00-04:00,89.15298681193555,89.15298681193555,88.4054903612401,88.45372009277344,671500,0.0,0.0
2017-10-19 00:00:00-04:00,88.42158989882869,88.59841798115309,87.68212645163584,87.89110565185547,683500,0.0,0.0
2017-10-20 00:00:00-04:00,88.00362242325174,88.40550215720127,87.49725616606665,87.6258544921875,716800,0.0,0.0
2017-10-23 00:00:00-04:00,87.71426334259603,87.83482848209823,86.7658269812152,87.70623016357422,949200,0.0,0.0
2017-10-24 00:00:00-04:00,87.92322068219394,88.22061380151257,87.79462239559413,87.89910888671875,789400,0.0,0.0
2017-10-25 00:00:00-04:00,87.36865139242349,87.65800529039868,86.60508235355444,87.28827667236328,1192500,0.0,0.0
2017-10-26 00:00:00-04:00,86.38001566886663,86.40412746747347,82.40140332941826,82.68272399902344,2601800,0.0,0.0
2017-10-27 00:00:00-04:00,82.59431135578154,83.6874245469093,82.48178553894755,83.6552734375,1844300,0.0,0.0
2017-10-30 00:00:00-04:00,83.85621415094579,84.90109762281108,83.74368833293255,84.17771911621094,1449700,0.0,0.0
2017-10-31 00:00:00-04:00,84.56352259583498,85.51195889787988,84.41080635320655,85.34317016601562,1312800,0.0,0.0
2017-11-01 00:00:00-04:00,85.6566433487694,85.89777363385478,84.88503502157323,85.78524780273438,811000,0.0,0.0
2017-11-02 00:00:00-04:00,85.52803580718547,85.83346215413086,84.92521629165311,85.6727066040039,874100,0.0,0.0
2017-11-03 00:00:00-04:00,85.53605778602324,85.83345091567152,85.061842772683,85.1341781616211,809400,0.0,0.0
2017-11-06 00:00:00-05:00,85.23065169397846,85.23065169397846,83.70350753260473,83.89640808105469,780300,0.0,0.0
2017-11-07 00:00:00-05:00,83.73566250149216,85.27083991276209,83.66332095986893,85.17439270019531,955200,0.0,0.0
2017-11-08 00:00:00-05:00,85.15828770032398,86.74169435964252,85.15025452323033,86.60505676269531,798400,0.0,0.0
2017-11-09 00:00:00-05:00,86.38001540882762,87.07928209510904,86.24337779566883,86.62113952636719,854000,0.0,0.0
2017-11-10 00:00:00-05:00,86.27553802945012,87.5052951619437,86.27553802945012,87.28827667236328,751700,0.0,0.0
2017-11-13 00:00:00-05:00,87.42491399170812,88.05185152317283,86.84621233006064,86.95069885253906,939900,0.0,0.0
2017-11-14 00:00:00-05:00,86.80602462434642,88.66270707761927,86.5247100302442,88.30101776123047,997800,0.0,0.0
2017-11-15 00:00:00-05:00,87.97148232235162,89.17712167514145,86.05049744414906,86.33985137939453,924100,0.0,0.0
2017-11-16 00:00:00-05:00,86.83815653380721,88.50997736928606,86.45234936708252,88.17239379882812,1202700,0.0,0.0
2017-11-17 00:00:00-05:00,87.83482433403296,88.9279375847538,87.59370019861355,87.69014739990234,1993400,0.0,0.0
2017-11-20 00:00:00-05:00,87.69015987574662,89.01636427192604,87.47314750977463,88.4939193725586,922100,0.0,0.0
2017-11-21 00:00:00-05:00,88.37746981660678,88.93538375960368,87.6416617751103,87.73869323730469,1060300,0.656,0.0
2017-11-22 00:00:00-05:00,87.73868435275824,88.06211635836866,87.21310811476037,87.42333984375,957700,0.0,0.0
2017-11-24 00:00:00-05:00,87.60123248962184,87.69826395406771,86.86543060000514,86.88159942626953,291200,0.0,0.0
2017-11-27 00:00:00-05:00,87.1241759257936,87.89232164502904,86.63094343863712,87.62549591064453,634600,0.0,0.0
2017-11-28 00:00:00-05:00,87.81146079274448,88.83835703532958,87.33440332478429,88.81409454345703,915900,0.0,0.0
2017-11-29 00:00:00-05:00,88.83835416044292,90.22910137076934,88.31277789469868,89.3477554321289,843900,0.0,0.0
2017-11-30 00:00:00-05:00,89.50948962575072,90.47169842539027,89.15371986832642,89.69546508789062,1732700,0.0,0.0
2017-12-01 00:00:00-05:00,89.78437289527331,89.78437289527331,88.1187065818802,89.76011657714844,723900,0.0,0.0
2017-12-04 00:00:00-05:00,90.10783674823969,91.48241539261163,90.04314909771648,91.22367095947266,1172000,0.0,0.0
2017-12-05 00:00:00-05:00,91.2479169821598,91.82200593557903,90.57679656391285,91.1751480102539,1010100,0.0,0.0
2017-12-06 00:00:00-05:00,91.15898202072816,92.09693443319836,90.95683774241515,91.98373413085938,795400,0.0,0.0
2017-12-07 00:00:00-05:00,91.749229630102,92.1292617924428,91.32876615174303,91.8219985961914,689800,0.0,0.0
2017-12-08 00:00:00-05:00,91.83009001868685,91.94329030563344,91.24791358927416,91.53091430664062,590300,0.0,0.0
2017-12-11 00:00:00-05:00,91.36919430484652,91.41770694722678,90.56061736409566,91.20748138427734,599900,0.0,0.0
2017-12-12 00:00:00-05:00,91.45815411816824,91.82201133700795,90.70617718613978,91.69264221191406,901300,0.0,0.0
2017-12-13 00:00:00-05:00,91.58754164213302,91.91097377327182,91.2802845104763,91.49860382080078,974300,0.0,0.0
2017-12-14 00:00:00-05:00,91.43387016370119,92.16159055043491,91.27215109500942,91.66027069091797,812600,0.0,0.0
2017-12-15 00:00:00-05:00,91.81391242334597,92.90549003975613,91.52282423644294,92.29096984863281,1596900,0.0,0.0
2017-12-18 00:00:00-05:00,91.60367988985254,93.24509004831972,91.08619115523094,92.38800048828125,1264900,0.0,0.0
2017-12-19 00:00:00-05:00,92.89742613642177,93.64940311540938,92.84082598397985,93.35022735595703,1165200,0.0,0.0
2017-12-20 00:00:00-05:00,93.52809644016762,93.64938421919986,92.45268759180924,92.97826385498047,982500,0.0,0.0
2017-12-21 00:00:00-05:00,93.2936112934652,93.37447392798121,92.61440957999159,92.71144104003906,574300,0.0,0.0
2017-12-22 00:00:00-05:00,92.98634653606895,93.29360354727832,92.50120161401907,92.94591522216797,396100,0.0,0.0
2017-12-26 00:00:00-05:00,92.94591935875572,93.3582953368796,92.7195187963199,92.99443817138672,406400,0.0,0.0
2017-12-27 00:00:00-05:00,93.17234301742465,93.45534377188417,92.39610356383028,92.64676666259766,434800,0.0,0.0
2017-12-28 00:00:00-05:00,92.87316059591934,92.97827339175392,92.21012766068226,92.4688720703125,536400,0.0,0.0
2017-12-29 00:00:00-05:00,92.25054804101083,92.78421182831033,91.78157806396484,91.78157806396484,416600,0.0,0.0
2018-01-02 00:00:00-05:00,91.75733479042106,92.16970468221452,90.52829410673,90.64958190917969,845800,0.0,0.0
2018-01-03 00:00:00-05:00,90.74659486388076,90.90830778817272,90.05121818531059,90.26953125,818800,0.0,0.0
2018-01-04 00:00:00-05:00,90.70615841696295,91.1508781870364,90.42315773098544,90.90021514892578,679700,0.0,0.0
2018-01-05 00:00:00-05:00,91.01342861063527,91.48240476903698,90.25337039658937,91.33686065673828,767100,0.0,0.0
2018-01-08 00:00:00-05:00,91.55517364060633,92.68717647102545,91.36919822192161,92.22628784179688,869700,0.0,0.0
2018-01-09 00:00:00-05:00,92.31522242454821,92.53354164034539,91.89476515438464,91.9998779296875,584100,0.0,0.0
2018-01-10 00:00:00-05:00,90.02697135471963,90.55254770352099,88.59579260203037,89.60651397705078,1309600,0.0,0.0
2018-01-11 00:00:00-05:00,89.54989911097348,89.58224292993349,88.80600978175151,89.0162353515625,763900,0.0,0.0
2018-01-12 00:00:00-05:00,89.16987498695116,89.323506598621,88.3208727962966,88.35321044921875,621400,0.0,0.0
2018-01-16 00:00:00-05:00,86.76840564047774,88.369390994616,86.71989298909445,87.5608139038086,1641100,0.0,0.0
2018-01-17 00:00:00-05:00,87.73061968851647,88.66857213199853,87.40718759873113,88.07830810546875,1509800,0.0,0.0
2018-01-18 00:00:00-05:00,88.18339940236883,88.35319982007226,86.99479030949233,87.15650939941406,700100,0.0,0.0
2018-01-19 00:00:00-05:00,87.44759432276041,88.57960323407798,87.41525050598536,88.4340591430664,1046600,0.0,0.0
2018-01-22 00:00:00-05:00,88.4664191306961,88.9434766351872,88.25618736770598,88.9111328125,1137300,0.0,0.0
2018-01-23 00:00:00-05:00,89.00816140907578,89.94610756093206,88.7898421552187,89.59841918945312,762800,0.0,0.0
2018-01-24 00:00:00-05:00,89.26690508419003,89.74396256939447,88.73324128485643,89.19412994384766,910000,0.0,0.0
2018-01-25 00:00:00-05:00,89.33155576146952,90.22098889002412,89.08089279174051,89.93798828125,562900,0.0,0.0
2018-01-26 00:00:00-05:00,90.19676683015513,90.40699240853831,89.46095879895513,89.80864715576172,1116200,0.0,0.0
2018-01-29 00:00:00-05:00,89.549900359424,89.79247592052951,88.66046691695843,88.6766357421875,798600,0.0,0.0
2018-01-30 00:00:00-05:00,88.33701501137199,89.23453574893958,88.12678331699048,88.56341552734375,862600,0.0,0.0
2018-01-31 00:00:00-05:00,88.4583349486053,89.69545691023512,88.44215995217868,89.21031188964844,1254700,0.0,0.0
2018-02-01 00:00:00-05:00,85.26444604525285,85.91131014213967,83.12172183334089,83.90603637695312,3156100,0.0,0.0
2018-02-02 00:00:00-05:00,82.7416817715044,85.13506883208252,82.58805017508756,83.25917053222656,2333400,0.0,0.0
2018-02-05 00:00:00-05:00,83.15406224269334,83.50175062672909,80.99516296386719,80.99516296386719,1878100,0.0,0.0
2018-02-06 00:00:00-05:00,80.43725706632972,82.26463697164196,79.92784951705565,81.9007797241211,2551000,0.0,0.0
2018-02-07 00:00:00-05:00,81.66625351051134,81.93308532431178,80.07335629164047,80.0814437866211,1664100,0.0,0.0
2018-02-08 00:00:00-05:00,80.32404106640699,80.74450458639534,78.93329372439675,78.95755004882812,1824000,0.0,0.0
2018-02-09 00:00:00-05:00,79.58013733049677,81.09217836026748,79.11116124610344,80.59085845947266,1898500,0.0,0.0
2018-02-12 00:00:00-05:00,80.85768984561066,81.24580947120855,80.31594480419359,80.67980194091797,1234200,0.0,0.0
2018-02-13 00:00:00-05:00,80.28359644843708,80.83342895505567,79.70142012743483,80.4857406616211,1130000,0.0,0.0
2018-02-14 00:00:00-05:00,79.89548431432867,80.51000450716695,79.32139543548789,80.0652847290039,955300,0.0,0.0
2018-02-15 00:00:00-05:00,80.15424946835053,81.63394711142536,79.36993482641938,81.49649047851562,982600,0.0,0.0
2018-02-16 00:00:00-05:00,81.18111348604047,81.52880176336096,80.04910471088414,81.43177032470703,2472000,0.0,0.0
2018-02-20 00:00:00-05:00,81.20539268516528,81.30242415116031,80.5019284368462,80.77684783935547,1153800,0.0,0.0
2018-02-21 00:00:00-05:00,80.64748549351535,81.1164617343218,79.13545012840225,79.15161895751953,1166900,0.0,0.0
2018-02-22 00:00:00-05:00,78.04126087291017,79.91353100559827,77.50399669750479,79.01809692382812,1200300,0.656,0.0
2018-02-23 00:00:00-05:00,78.9692639398932,79.54722604549204,78.44828383877389,78.92041778564453,1252500,0.0,0.0
2018-02-26 00:00:00-05:00,79.02626110980292,80.18218554282674,78.92043293076591,79.7751693725586,881200,0.0,0.0
2018-02-27 00:00:00-05:00,79.88912073430018,80.95550094390892,79.60421070240925,79.92982482910156,1492900,0.0,0.0
2018-02-28 00:00:00-05:00,80.36940491921203,80.73571693902365,79.90540679584988,79.98680877685547,1309100,0.0,0.0
2018-03-01 00:00:00-05:00,79.93795070998323,80.67872291108569,78.99367669197274,79.61234283447266,1219600,0.0,0.0
2018-03-02 00:00:00-05:00,79.23787838234546,80.79268261063721,79.23787838234546,80.48335266113281,973700,0.0,0.0
2018-03-05 00:00:00-05:00,80.1903192736802,80.9962094681211,80.1903192736802,80.95550537109375,1210400,0.0,0.0
2018-03-06 00:00:00-05:00,80.95549107892555,81.0938812580427,80.32054702506295,80.89037322998047,1009400,0.0,0.0
2018-03-07 00:00:00-05:00,80.10077769420323,81.3055419921875,79.84028761270068,81.3055419921875,1009700,0.0,0.0
2018-03-08 00:00:00-05:00,81.40321904554094,81.6881290700858,80.53220485017657,81.1183090209961,951200,0.0,0.0
2018-03-09 00:00:00-05:00,81.24853842491753,81.69625854492188,80.83338654335545,81.69625854492188,647900,0.0,0.0
2018-03-12 00:00:00-04:00,81.82650884529426,82.88475312271194,81.82650884529426,82.21724700927734,818400,0.0,0.0
2018-03-13 00:00:00-04:00,82.4940317963719,83.1941000839086,82.09515770110174,82.86849212646484,1246900,0.0,0.0
2018-03-14 00:00:00-04:00,82.89291908789981,83.84533548589106,82.61614484805945,82.77081298828125,994800,0.0,0.0
2018-03-15 00:00:00-04:00,82.982420330037,83.58480224394708,81.8020702568546,82.16838836669922,1218500,0.0,0.0
2018-03-16 00:00:00-04:00,82.33934101700713,82.86846307823839,81.4276229082614,82.23351287841797,2293200,0.0,0.0
2018-03-19 00:00:00-04:00,82.16027329337628,82.55101149676634,81.16715297822573,81.460205078125,1146600,0.0,0.0
2018-03-20 00:00:00-04:00,81.62299833179816,82.16840457485273,81.28110633029333,81.67184448242188,777600,0.0,0.0
2018-03-21 00:00:00-04:00,80.84967912951065,80.89038322438114,79.25417673763936,80.15775299072266,1492500,0.0,0.0
2018-03-22 00:00:00-04:00,80.00307177571496,80.84152382386806,78.96925376745138,79.00181579589844,996800,0.0,0.0
2018-03-23 00:00:00-04:00,79.2053348720025,80.2228751133665,78.08196647077008,78.19593048095703,1418200,0.0,0.0
2018-03-26 00:00:00-04:00,78.88785765083331,79.89725576524732,78.39129754869857,79.79142761230469,1085300,0.0,0.0
2018-03-27 00:00:00-04:00,79.84025702805049,80.44263894628635,79.23786889924357,79.60418701171875,1032500,0.0,0.0
2018-03-28 00:00:00-04:00,79.81587947555995,80.94738401714285,79.81587947555995,79.97868347167969,1063700,0.0,0.0
2018-03-29 00:00:00-04:00,80.33683940595573,81.01248140856116,80.19031336226134,80.55662536621094,896900,0.0,0.0
2018-04-02 00:00:00-04:00,80.2147466162247,80.33685270795021,78.56226197851768,78.99369812011719,804300,0.0,0.0
2018-04-03 00:00:00-04:00,79.4739497461987,79.93794778344358,78.79016577997336,79.62047576904297,848300,0.0,0.0
2018-04-04 00:00:00-04:00,79.16464777792365,82.27425117486489,79.16464777792365,81.89165496826172,1331000,0.0,0.0
2018-04-05 00:00:00-04:00,82.2172562370111,82.2172562370111,80.62175379193786,81.15901184082031,1039000,0.0,0.0
2018-04-06 00:00:00-04:00,80.89850755085119,81.91604767193512,80.01935760626941,80.46707153320312,774000,0.0,0.0
2018-04-09 00:00:00-04:00,80.72756457444427,81.71254270321641,79.87283456711585,80.88223266601562,744800,0.0,0.0
2018-04-10 00:00:00-04:00,79.13209226441973,79.74261659069548,77.76451752513904,78.03314971923828,2460900,0.0,0.0
2018-04-11 00:00:00-04:00,77.97613278912773,79.0913589616711,77.87844670484851,78.67620086669922,1027800,0.0,0.0
2018-04-12 00:00:00-04:00,78.86343057981897,78.96111667130081,77.41445438098563,77.79705047607422,776800,0.0,0.0
2018-04-13 00:00:00-04:00,77.87029610454536,78.38313397607618,77.62608404539506,78.114501953125,709000,0.0,0.0
2018-04-16 00:00:00-04:00,77.96800820887107,79.10765460533513,77.70751813629984,78.79832458496094,1108600,0.0,0.0
2018-04-17 00:00:00-04:00,78.944860851946,79.20535095821653,78.34247243510403,78.71692657470703,774700,0.0,0.0
2018-04-18 00:00:00-04:00,78.60295311554056,78.70878128421155,77.58541278953957,77.60983276367188,1100800,0.0,0.0
2018-04-19 00:00:00-04:00,77.41443759127667,77.4877036966411,75.74567581174696,76.16082763671875,1851500,0.0,0.0
2018-04-20 00:00:00-04:00,76.28294852544688,76.86091058011642,74.9397942975606,75.28169250488281,1828900,0.0,0.0
2018-04-23 00:00:00-04:00,75.47707785971863,76.0550400628415,75.14332162675507,75.85153198242188,1284200,0.0,0.0
2018-04-24 00:00:00-04:00,76.08758747243354,76.3806395487417,74.82583513218601,75.51776123046875,1607900,0.0,0.0
2018-04-25 00:00:00-04:00,75.37939983329207,76.72255455029271,75.30613989755582,76.14459228515625,1384400,0.0,0.0
2018-04-26 00:00:00-04:00,75.71312730371241,76.92603339285117,74.4025351268403,75.94105529785156,3524500,0.0,0.0
2018-04-27 00:00:00-04:00,75.12702830594661,76.61670863965271,74.9153782067547,76.01432037353516,1774000,0.0,0.0
2018-04-30 00:00:00-04:00,76.16899523318986,76.5190293392284,74.7688588090357,74.84212493896484,1287700,0.0,0.0
2018-05-01 00:00:00-04:00,74.89096741341217,75.0456355291494,73.97924905257297,74.3374252319336,1418600,0.0,0.0
2018-05-02 00:00:00-04:00,73.82457352582226,74.22344751796622,72.83145336489183,72.88843536376953,2257100,0.0,0.0
2018-05-03 00:00:00-04:00,73.27103858732116,73.66177055754191,72.53026631914474,73.01868438720703,1728400,0.0,0.0
2018-05-04 00:00:00-04:00,73.01053665100294,75.07003674660749,72.85586857391003,74.71186065673828,1236200,0.0,0.0
2018-05-07 00:00:00-04:00,74.80954747377957,74.88280737802451,74.2315854570843,74.61418151855469,1270300,0.0,0.0
2018-05-08 00:00:00-04:00,74.28042381430808,75.31424177474338,74.03621171753925,75.01305389404297,1395400,0.0,0.0
2018-05-09 00:00:00-04:00,75.2084469876947,75.60732109316983,74.87469695960395,75.38753509521484,903300,0.0,0.0
2018-05-10 00:00:00-04:00,75.65615972439774,75.95734768381094,75.37938552835581,75.6154556274414,730000,0.0,0.0
2018-05-11 00:00:00-04:00,75.70500482840175,76.25040498555256,75.02122066909153,75.26542663574219,704100,0.0,0.0
2018-05-14 00:00:00-04:00,75.15144782202212,75.43635783234109,75.09446581995833,75.33053588867188,898100,0.0,0.0
2018-05-15 00:00:00-04:00,74.77700349450204,76.75510212398642,73.80830312297739,75.42008972167969,2542000,0.0,0.0
2018-05-16 00:00:00-04:00,75.6561474060555,76.250387377195,75.5014793154924,76.22596740722656,1709400,0.0,0.0
2018-05-17 00:00:00-04:00,76.20156894549255,76.4050770334336,75.10262651272568,75.37939453125,1117300,0.0,0.0
2018-05-18 00:00:00-04:00,74.83399869168956,75.24101489120693,73.28733589140862,74.47582244873047,1681000,0.0,0.0
2018-05-21 00:00:00-04:00,74.66305130626003,75.09448747638915,74.23975098836316,74.9398193359375,1021400,0.0,0.0
2018-05-22 00:00:00-04:00,75.04563436928034,75.44450842885689,74.41069021428042,74.6060562133789,816700,0.0,0.0
2018-05-23 00:00:00-04:00,74.59791984780063,75.02122012383639,74.23160779520019,74.97237396240234,1040500,0.0,0.0
2018-05-24 00:00:00-04:00,75.11666396763107,75.60038537482254,74.46896443121076,75.15765380859375,809400,0.656,0.0
2018-05-25 00:00:00-04:00,75.14944838866178,76.44484101323276,75.09205136064509,75.45279693603516,1401900,0.0,0.0
2018-05-29 00:00:00-04:00,75.22323876682191,75.73156154221401,74.79690817674746,75.09205627441406,1124800,0.0,0.0
2018-05-30 00:00:00-04:00,75.20685285422374,75.53479661324045,74.82151205674023,75.10026550292969,1677100,0.0,0.0
2018-05-31 00:00:00-04:00,75.1248672489891,75.1248672489891,73.52611939060516,73.82127380371094,2342100,0.0,0.0
2018-06-01 00:00:00-04:00,73.88687069018313,74.13282854975103,73.66550173593201,73.79668426513672,1184000,0.0,0.0
2018-06-04 00:00:00-04:00,74.1984012361441,75.09205853586494,74.11641530348288,74.86249542236328,1746400,0.0,0.0
2018-06-05 00:00:00-04:00,74.91987967716263,74.96087576748639,73.98522636493236,74.19839477539062,1118000,0.0,0.0
2018-06-06 00:00:00-04:00,74.19841429927953,74.32959681873359,73.48512342378335,74.23941040039062,894600,0.0,0.0
2018-06-07 00:00:00-04:00,73.75568368262246,75.07567809074173,73.20637094896774,74.67394256591797,1265200,0.0,0.0
2018-06-08 00:00:00-04:00,74.78050545062723,75.42820491738065,74.71491420599072,75.23963165283203,1000600,0.0,0.0
2018-06-11 00:00:00-04:00,75.42820806904416,76.10870318654939,75.10025808728406,75.76435852050781,1254300,0.0,0.0
2018-06-12 00:00:00-04:00,76.02671964754107,76.65801822181832,75.69056918549836,76.55963134765625,864700,0.0,0.0
2018-06-13 00:00:00-04:00,75.17404465147712,75.60857568909545,73.65727687169587,74.78870391845703,2894400,0.0,0.0
2018-06-14 00:00:00-04:00,75.05928541099804,75.67418942172127,74.76413098544074,75.54300689697266,1260800,0.0,0.0
2018-06-15 00:00:00-04:00,75.34622535815876,77.06795501708984,75.26423942299554,77.06795501708984,2530400,0.0,0.0
2018-06-18 00:00:00-04:00,76.32186219318483,77.03515290480235,74.84609671914477,75.05926513671875,1346700,0.0,0.0
2018-06-19 00:00:00-04:00,75.05106084969421,75.77254573884974,74.85429338085635,75.36260986328125,1272500,0.0,0.0
2018-06-20 00:00:00-04:00,75.37903730930897,75.73977675318348,74.6985420153292,75.31344604492188,707400,0.0,0.0
2018-06-21 00:00:00-04:00,75.3626253678509,75.80535695516431,75.1658578585315,75.35443115234375,1224600,0.0,0.0
2018-06-22 00:00:00-04:00,75.5839964034579,76.37107271787954,75.37082794690834,75.97753143310547,931200,0.0,0.0
2018-06-25 00:00:00-04:00,76.0431293047969,77.37951843588183,76.0431293047969,77.23194122314453,1488900,0.0,0.0
2018-06-26 00:00:00-04:00,77.18273208517665,77.40410097787176,76.57602869412896,77.10074615478516,1715100,0.0,0.0
2018-06-27 00:00:00-04:00,76.93677498881972,77.89602985194188,76.70721186093616,77.01056671142578,1037800,0.0,0.0
2018-06-28 00:00:00-04:00,77.0515737554046,77.77305886770839,76.64983196940264,77.21554565429688,895000,0.0,0.0
2018-06-29 00:00:00-04:00,77.4368776034795,77.4368776034795,76.27266132016887,76.29725646972656,1193200,0.0,0.0
2018-07-02 00:00:00-04:00,76.16610346273895,76.38746613133546,75.24784465032165,75.61679077148438,1094000,0.0,0.0
2018-07-03 00:00:00-04:00,75.86273417381514,76.51863409442903,75.37081236091734,76.05950164794922,635600,0.0,0.0
2018-07-05 00:00:00-04:00,76.44486861139832,78.05181708762939,76.11691853856746,78.01902770996094,1195400,0.0,0.0
2018-07-06 00:00:00-04:00,78.01081797149565,78.95367197321505,77.37951306163828,78.3387680053711,1259100,0.0,0.0
2018-07-09 00:00:00-04:00,78.08459573869533,78.56012292812669,76.77280198778637,77.00236511230469,785900,0.0,0.0
2018-07-10 00:00:00-04:00,76.99417786809038,77.21554054245293,76.42846422064767,76.91218566894531,926200,0.0,0.0
2018-07-11 00:00:00-04:00,76.88757773166685,77.46968596910965,76.71540540130705,77.10074615478516,929700,0.0,0.0
2018-07-12 00:00:00-04:00,77.23194814002039,77.5189083747459,76.3874808907205,76.78922271728516,884300,0.0,0.0
2018-07-13 00:00:00-04:00,76.73998110371699,77.38768042335158,76.6661956616046,77.05973052978516,856100,0.0,0.0
2018-07-16 00:00:00-04:00,77.06794578367166,77.1827273301735,75.82174345516948,76.04310607910156,776800,0.0,0.0
2018-07-17 00:00:00-04:00,76.00212400825323,77.02696390186576,76.00212400825323,76.70721435546875,601800,0.0,0.0
2018-07-18 00:00:00-04:00,76.6170371878257,76.64163860254651,74.86251157869776,74.94450378417969,1092400,0.0,0.0
2018-07-19 00:00:00-04:00,74.94449603984224,76.08411752085604,74.81331352872844,75.61679077148438,976000,0.0,0.0
2018-07-20 00:00:00-04:00,75.64136951133285,75.7643515250284,75.06745553246193,75.36260986328125,842200,0.0,0.0
2018-07-23 00:00:00-04:00,75.11667871364709,75.42822783765246,74.2148144636603,74.64115142822266,834900,0.0,0.0
2018-07-24 00:00:00-04:00,74.5509638512131,75.8053670548307,74.33779537222594,75.4774169921875,1400300,0.0,0.0
2018-07-25 00:00:00-04:00,75.7151775618267,76.31368687102227,75.15766435447232,76.10871887207031,1444900,0.0,0.0
2018-07-26 00:00:00-04:00,77.88781452686885,83.3727584146641,77.70744174503926,81.70841979980469,3534700,0.0,0.0
2018-07-27 00:00:00-04:00,81.30669976293335,81.30669976293335,79.35540677419498,79.51937866210938,2216800,0.0,0.0
2018-07-30 00:00:00-04:00,79.03564980648754,80.3392430820684,78.93726292988434,80.1834716796875,1567300,0.0,0.0
2018-07-31 00:00:00-04:00,80.34743521909087,80.92134296860567,79.66694013386237,80.51960754394531,1631500,0.0,0.0
2018-08-01 00:00:00-04:00,80.60979850702483,80.70818537899689,79.11763201863997,79.14222717285156,1377100,0.0,0.0
2018-08-02 00:00:00-04:00,78.92086382920698,80.05228469877589,78.55191775393133,79.97029876708984,1253100,0.0,0.0
2018-08-03 00:00:00-04:00,80.38844175773058,82.67587883887329,80.11788253131544,81.29850006103516,1365300,0.0,0.0
2018-08-06 00:00:00-04:00,81.55266426029553,82.20855807038012,81.13452781234524,82.04458618164062,1260100,0.0,0.0
2018-08-07 00:00:00-04:00,82.06916997447168,82.07737044431103,80.36383504517923,80.82296752929688,1373800,0.0,0.0
2018-08-08 00:00:00-04:00,80.77377350195174,80.89675553290111,79.92930648062578,80.0932846069336,748400,0.0,0.0
2018-08-09 00:00:00-04:00,80.1752739282526,80.37204143300535,79.46198312272536,79.80632781982422,764200,0.0,0.0
2018-08-10 00:00:00-04:00,79.60956429203533,80.31465466234279,79.33081083430407,80.10148620605469,633900,0.0,0.0
2018-08-13 00:00:00-04:00,80.1260839882704,80.45402774600718,79.52757474566091,80.39663696289062,712200,0.0,0.0
2018-08-14 00:00:00-04:00,80.42942829680496,81.09352875756622,80.27365689673208,80.84756469726562,626000,0.0,0.0
2018-08-15 00:00:00-04:00,81.04433140940631,82.40532168770198,80.35564205541995,82.34793090820312,1118200,0.0,0.0
2018-08-16 00:00:00-04:00,82.56108183153113,82.90543271670818,81.78220617949073,82.39710998535156,1457400,0.0,0.0
2018-08-17 00:00:00-04:00,82.39711493417843,83.59412699753256,82.21674213947261,83.20059204101562,2508600,0.0,0.0
2018-08-20 00:00:00-04:00,83.54493177765876,84.2582161900625,83.37275946241907,83.98766326904297,965000,0.0,0.0
2018-08-21 00:00:00-04:00,83.78271588733526,83.98768387315994,82.3315390448257,82.88085174560547,971000,0.0,0.0
2018-08-22 00:00:00-04:00,82.80704582982003,82.83984145007061,81.74121006461394,82.1511459350586,818200,0.0,0.0
2018-08-23 00:00:00-04:00,81.86376831292993,82.16106486669653,81.56647175916333,81.74815368652344,654400,0.722,0.0
2018-08-24 00:00:00-04:00,81.73990927257185,82.59875908030553,81.4756463393018,82.39230346679688,917900,0.0,0.0
2018-08-27 00:00:00-04:00,82.77217034935573,82.87126499116238,81.63253156438708,81.99589538574219,612700,0.0,0.0
2018-08-28 00:00:00-04:00,81.99592777344354,82.23541708661257,81.34352715491957,81.55824279785156,622300,0.0,0.0
2018-08-29 00:00:00-04:00,81.97113340226016,82.40881826731943,81.83899879366307,82.26016998291016,665500,0.0,0.0
2018-08-30 00:00:00-04:00,82.11979827040437,82.85477985270852,81.89682264849904,82.51618957519531,906300,0.0,0.0
2018-08-31 00:00:00-04:00,82.67308143460046,83.30896191395804,82.46662583343534,83.01166534423828,1141700,0.0,0.0
2018-09-04 00:00:00-04:00,83.16856821456562,84.08523152823322,82.92082528957611,83.82096862792969,1232500,0.0,0.0
2018-09-05 00:00:00-04:00,83.62276481378923,85.52215225423508,83.47411655318705,84.95233917236328,2057700,0.0,0.0
2018-09-06 00:00:00-04:00,84.90277612061055,86.25712398875346,84.63851327561981,86.08370208740234,1292400,0.0,0.0
2018-09-07 00:00:00-04:00,85.61301524353787,85.92683181920547,84.88629372717045,85.58824157714844,1173100,0.0,0.0
2018-09-10 00:00:00-04:00,85.50563819520528,86.50488238120695,85.38176359517514,86.22410583496094,1148100,0.0,0.0
2018-09-11 00:00:00-04:00,86.49661317648307,87.04991882424886,85.83595921426783,86.08370208740234,922400,0.0,0.0
2018-09-12 00:00:00-04:00,86.30671580353618,87.61151063414162,85.81122353743686,87.55370330810547,1414500,0.0,0.0
2018-09-13 00:00:00-04:00,87.53717687348696,88.05744273199885,86.95910369736264,88.03266906738281,1024400,0.0,0.0
2018-09-14 00:00:00-04:00,88.09873857466296,88.16480588230657,86.95910587017445,87.51240539550781,967700,0.0,0.0
2018-09-17 00:00:00-04:00,87.4546084639096,87.4546084639096,85.6295414020274,85.69560241699219,1831700,0.0,0.0
2018-09-18 00:00:00-04:00,85.41482045528272,85.85250536721921,83.90356378534966,85.42308044433594,1080000,0.0,0.0
2018-09-19 00:00:00-04:00,85.78642870028483,85.78642870028483,84.51466144738463,84.7789306640625,639900,0.0,0.0
2018-09-20 00:00:00-04:00,84.91103920858048,85.65428045618314,84.68806998456141,85.43130493164062,871200,0.0,0.0
2018-09-21 00:00:00-04:00,85.9185626291667,86.4966357847658,85.62126606328006,85.80294799804688,1396200,0.0,0.0
2018-09-24 00:00:00-04:00,85.60476825780647,85.75341026778152,84.28344714200763,84.39080810546875,619600,0.0,0.0
2018-09-25 00:00:00-04:00,84.19260573100694,84.67158431802976,84.11828472639615,84.473388671875,854200,0.0,0.0
2018-09-26 00:00:00-04:00,84.5559492994787,85.02666778354529,84.1843317648825,84.23387908935547,753800,0.0,0.0
2018-09-27 00:00:00-04:00,83.74665605364444,84.75415413065265,83.56497411008594,84.01917266845703,521300,0.0,0.0
2018-09-28 00:00:00-04:00,83.82096791734882,84.59724293688915,83.65580596875596,84.23387908935547,663100,0.0,0.0
2018-10-01 00:00:00-04:00,84.44032894295354,84.47336259053445,83.57321302039574,83.93657684326172,777100,0.0,0.0
2018-10-02 00:00:00-04:00,84.42383467029241,85.26617082534302,84.15957172944069,84.81196594238281,559400,0.0,0.0
2018-10-03 00:00:00-04:00,84.7376538158308,85.27443974266113,83.93660492047992,84.31648254394531,933100,0.0,0.0
2018-10-04 00:00:00-04:00,84.23387788230949,84.94408559202581,83.75489941751952,84.83673095703125,801900,0.0,0.0
2018-10-05 00:00:00-04:00,85.29920758552232,86.44710036730609,85.1918529276991,86.20761108398438,1138100,0.0,0.0
2018-10-08 00:00:00-04:00,85.89380758439198,87.98313768605895,85.89380758439198,87.72713470458984,935300,0.0,0.0
2018-10-09 00:00:00-04:00,87.55370537826273,87.84274831580376,86.56272082263285,86.64530181884766,869800,0.0,0.0
2018-10-10 00:00:00-04:00,86.81870715284852,87.53717491325003,85.59649352197636,85.67081451416016,1176700,0.0,0.0
2018-10-11 00:00:00-04:00,85.99288308014462,86.17456501377006,83.95310707218805,84.3082046508789,952100,0.0,0.0
2018-10-12 00:00:00-04:00,84.67156483858332,85.66255544242289,84.15955901209787,85.3982925415039,850000,0.0,0.0
2018-10-15 00:00:00-04:00,85.3569996921831,87.0334180760489,85.33222602945003,86.67831420898438,779500,0.0,0.0
2018-10-16 00:00:00-04:00,86.65354145031756,87.3637491918563,86.29843757954819,87.12425994873047,724700,0.0,0.0
2018-10-17 00:00:00-04:00,87.04994518692969,87.33898177671497,86.20760278181244,86.8682632446289,849000,0.0,0.0
2018-10-18 00:00:00-04:00,87.04995138832423,87.82622024183068,85.75340403508964,86.36451721191406,1578900,0.0,0.0
2018-10-19 00:00:00-04:00,87.10775561421278,88.18958101767868,86.9673610079984,88.01615905761719,1303800,0.0,0.0
2018-10-22 00:00:00-04:00,88.04094111434748,88.38778506752777,87.0582102798107,87.35550689697266,941700,0.0,0.0
2018-10-23 00:00:00-04:00,86.97561062689647,89.18881480177635,86.97561062689647,88.94932556152344,1437300,0.0,0.0
2018-10-24 00:00:00-04:00,89.1062390960625,90.44406736487805,88.83371618925749,89.32920837402344,1799200,0.0,0.0
2018-10-25 00:00:00-04:00,83.89528860202009,85.82771615632682,81.88028637423868,84.92756652832031,2429000,0.0,0.0
2018-10-26 00:00:00-04:00,84.46510397237344,85.65429010246235,83.75489628918415,84.66329956054688,1728300,0.0,0.0
2018-10-29 00:00:00-04:00,85.39829351589576,88.7098366525815,85.39829351589576,87.53717041015625,2069100,0.0,0.0
2018-10-30 00:00:00-04:00,87.5371766678655,89.26314250432893,87.34723473871362,89.22185516357422,1775600,0.0,0.0
2018-10-31 00:00:00-04:00,88.32996915856107,89.7668984681934,87.05820181995763,88.48687744140625,1582500,0.0,0.0
2018-11-01 00:00:00-04:00,88.56121782453333,89.15581113123612,88.0904991734814,88.643798828125,956700,0.0,0.0
2018-11-02 00:00:00-04:00,88.56946495841461,88.57772494773279,86.76917161912696,87.4050521850586,1166000,0.0,0.0
2018-11-05 00:00:00-05:00,87.71885192014499,89.00713278312243,87.53716999320721,88.33821868896484,1206700,0.0,0.0
2018-11-06 00:00:00-05:00,88.38780007846499,89.10626807537842,88.16483072798952,88.93284606933594,884800,0.0,0.0
2018-11-07 00:00:00-05:00,89.24661621292512,89.67604103911933,88.05743007804246,89.2301025390625,1904900,0.0,0.0
2018-11-08 00:00:00-05:00,88.75940476222992,89.18056969938047,87.83448129727107,88.42081451416016,1883300,0.0,0.0
2018-11-09 00:00:00-05:00,88.70159772015792,89.77516318949039,88.25565281424112,89.66780853271484,1679400,0.0,0.0
2018-11-12 00:00:00-05:00,89.46133463774008,90.67529447250774,89.25487905497073,89.74211120605469,1136700,0.0,0.0
2018-11-13 00:00:00-05:00,89.64300928250672,90.34495694684186,88.88324801118539,90.13024139404297,1217500,0.0,0.0
2018-11-14 00:00:00-05:00,90.22110129094023,90.22110129094023,88.84197933253199,89.14752960205078,995700,0.0,0.0
2018-11-15 00:00:00-05:00,88.87499679298458,89.86598101715106,88.1813027956488,89.52739715576172,1400600,0.0,0.0
2018-11-16 00:00:00-05:00,89.55218611922211,90.91478808516534,89.55218611922211,90.13851928710938,1606900,0.0,0.0
2018-11-19 00:00:00-05:00,90.00640069990419,90.584480282815,89.0484497890203,89.47787475585938,1119100,0.0,0.0
2018-11-20 00:00:00-05:00,89.67073034912406,90.87620304166175,88.47356671205073,88.52345275878906,1521800,0.722,0.0
2018-11-21 00:00:00-05:00,88.37379833468228,89.23840938171465,87.79184102893035,88.25740814208984,1319100,0.0,0.0
2018-11-23 00:00:00-05:00,88.30728085085417,88.79778143184011,88.15763542325367,88.29896545410156,780200,0.0,0.0
2018-11-26 00:00:00-05:00,88.4403049883011,88.69803157301163,87.40110228018273,88.1243896484375,1059800,0.0,0.0
2018-11-27 00:00:00-05:00,88.16597751662425,89.00564890200037,87.6754704443237,88.63153839111328,1452500,0.0,0.0
2018-11-28 00:00:00-05:00,87.91655998152635,89.0721530284702,87.91655998152635,88.66478729248047,1207300,0.0,0.0
2018-11-29 00:00:00-05:00,88.50683283058245,89.58760639596525,88.49851743130655,89.32987976074219,770300,0.0,0.0
2018-11-30 00:00:00-05:00,89.65408215022349,90.19446876166519,89.45455703037042,90.03651428222656,2120900,0.0,0.0
2018-12-03 00:00:00-05:00,90.21943351927658,90.88452589281098,89.42132647670987,90.56029510498047,2094900,0.0,0.0
2018-12-04 00:00:00-05:00,90.7930825016741,91.69927077159915,89.64580472919882,89.87026977539062,2184900,0.0,0.0
2018-12-06 00:00:00-05:00,89.78713608161802,89.92846616243948,87.37618393679404,89.90352630615234,1307900,0.0,0.0
2018-12-07 00:00:00-05:00,89.72891275308672,90.15290920501221,88.49018498562232,89.07213592529297,1101800,0.0,0.0
2018-12-10 00:00:00-05:00,89.44626867827986,89.44626867827986,87.50088390023946,89.0638427734375,966200,0.0,0.0
2018-12-11 00:00:00-05:00,89.50446259977075,90.30256959614118,89.18854088637225,89.7123031616211,1251300,0.0,0.0
2018-12-12 00:00:00-05:00,90.06146637023453,91.00090334906771,89.7954307266753,90.64341735839844,1047800,0.0,0.0
2018-12-13 00:00:00-05:00,90.54365566581971,91.57454296568454,90.1778542866332,91.4581527709961,1233400,0.0,0.0
2018-12-14 00:00:00-05:00,91.15886263998036,91.44983812910587,89.46288306263304,89.67903900146484,992500,0.0,0.0
2018-12-17 00:00:00-05:00,89.61254346710137,90.02822461890565,86.89398518233843,87.43437194824219,988300,0.0,0.0
2018-12-18 00:00:00-05:00,87.61725782331851,87.84172915921958,86.21225373860199,86.76095581054688,1202600,0.0,0.0
2018-12-19 00:00:00-05:00,89.30491445345352,90.4521982004807,88.3987328171738,89.23009490966797,2414700,0.0,0.0
2018-12-20 00:00:00-05:00,88.68974368225676,89.69569145457261,87.50921056196464,88.48190307617188,1523000,0.0,0.0
2018-12-21 00:00:00-05:00,88.31562676736853,90.8845334290087,88.04959106445312,88.04959106445312,1949000,0.0,0.0
2018-12-24 00:00:00-05:00,88.04124950005811,88.04124950005811,85.68017778842263,85.93790435791016,572900,0.0,0.0
2018-12-26 00:00:00-05:00,86.05428894616746,87.93316264237366,84.89038078901663,87.8167724609375,838000,0.0,0.0
2018-12-27 00:00:00-05:00,87.59232155074312,88.24078304931534,85.71344121024114,88.23246765136719,1007200,0.0,0.0
2018-12-28 00:00:00-05:00,88.43199728389033,89.70398040320526,88.0163161942951,88.3738021850586,1036800,0.0,0.0
2018-12-31 00:00:00-05:00,88.52345666712338,89.13034756791882,87.97475452830929,89.10540771484375,835500,0.0,0.0
2019-01-02 00:00:00-05:00,88.2740349616673,88.58995030106404,87.10181126410289,87.65882873535156,1037700,0.0,0.0
2019-01-03 00:00:00-05:00,87.48426503504085,89.24674920104371,87.21822933020317,88.32393646240234,1236700,0.0,0.0
2019-01-04 00:00:00-05:00,88.3821201077917,89.29662367088922,87.72534315919927,88.19091033935547,1642000,0.0,0.0
2019-01-07 00:00:00-05:00,87.89993153441328,88.34886155780389,87.23483921204345,87.63389587402344,1733200,0.0,0.0
2019-01-08 00:00:00-05:00,88.04125291775973,88.6897143796497,87.21820616557555,88.51512908935547,1589700,0.0,0.0
2019-01-09 00:00:00-05:00,88.45693507350998,88.92249585331695,87.61725751610962,87.86666870117188,1039100,0.0,0.0
2019-01-10 00:00:00-05:00,87.99138397506026,88.89757219254219,87.8084895945362,88.78949737548828,1050300,0.0,0.0
2019-01-11 00:00:00-05:00,88.74792732627469,88.98070776015277,87.44268874249452,88.61490631103516,1141300,0.0,0.0
2019-01-14 00:00:00-05:00,88.47356853648301,88.69803989445835,87.92487275336991,88.14933776855469,1145000,0.0,0.0
2019-01-15 00:00:00-05:00,88.06620559284292,89.64579517580067,88.06620559284292,89.56266021728516,805400,0.0,0.0
2019-01-16 00:00:00-05:00,89.39638444462823,89.67905091647026,88.3738123980125,88.70635223388672,753700,0.0,0.0
2019-01-17 00:00:00-05:00,88.71464511546702,89.68733720837542,88.71464511546702,89.60420227050781,996300,0.0,0.0
2019-01-18 00:00:00-05:00,89.82870673729093,90.24438792285397,89.20518495894636,89.90352630615234,938800,0.0,0.0
2019-01-22 00:00:00-05:00,89.9450709259938,90.45220233300792,89.10539339823096,90.04483032226562,983900,0.0,0.0
2019-01-23 00:00:00-05:00,90.1529261343636,90.54366741414184,89.74555405730632,90.252685546875,849300,0.0,0.0
2019-01-24 00:00:00-05:00,88.95577297233658,89.08047859552899,87.24316853172132,87.60065460205078,1239900,0.0,0.0
2019-01-25 00:00:00-05:00,87.89990748996337,88.2740178547169,86.50321906927415,86.7110595703125,1661700,0.0,0.0
2019-01-28 00:00:00-05:00,86.75265635241112,87.4177487419164,86.37854584755884,87.25147247314453,1171800,0.0,0.0
2019-01-29 00:00:00-05:00,87.15171560909911,87.9581380936035,86.73603443917243,87.30136108398438,913600,0.0,0.0
2019-01-30 00:00:00-05:00,87.46760887762736,88.77284716714225,87.38447393324094,87.77521514892578,1424800,0.0,0.0
2019-01-31 00:00:00-05:00,85.87970940441234,88.57332089319446,83.80130410752713,88.20751953125,3209100,0.0,0.0
2019-02-01 00:00:00-05:00,88.16596385612905,88.49850366193087,86.72770445915432,87.1101303100586,1522900,0.0,0.0
2019-02-04 00:00:00-05:00,87.08519507126553,87.92487271380514,86.61963424425294,87.89993286132812,1169000,0.0,0.0
2019-02-05 00:00:00-05:00,87.77521402032531,88.87261176336911,87.43435250709712,88.20751953125,1485400,0.0,0.0
2019-02-06 00:00:00-05:00,88.18260383965189,88.6315402678974,87.91656814248321,88.24079895019531,885100,0.0,0.0
2019-02-07 00:00:00-05:00,87.4177595511343,88.93083889869972,86.7609824795548,88.92252349853516,1072500,0.0,0.0
2019-02-08 00:00:00-05:00,88.79779028934624,90.21110976717043,88.5068148018733,90.13628387451172,1420700,0.0,0.0
2019-02-11 00:00:00-05:00,90.38570083640585,91.05078680130971,89.97833512790807,90.31087493896484,1227200,0.0,0.0
2019-02-12 00:00:00-05:00,90.34413732075231,91.42491082037833,90.06978624646082,91.200439453125,1007700,0.0,0.0
2019-02-13 00:00:00-05:00,91.30018978909662,91.4082645836887,90.2526717186888,90.73486328125,1618000,0.0,0.0
2019-02-14 00:00:00-05:00,90.2609830307217,90.61015359079046,89.63746145511772,89.95337677001953,936900,0.0,0.0
2019-02-15 00:00:00-05:00,90.48545785217938,91.38333054100963,90.41895369739912,90.90945434570312,2175300,0.0,0.0
2019-02-19 00:00:00-05:00,90.64342889001452,91.44153592222702,90.17786804025495,91.19213104248047,1122200,0.0,0.0
2019-02-20 00:00:00-05:00,91.10899426152848,92.18145242320021,90.79307886105424,92.01518249511719,1485400,0.0,0.0
2019-02-21 00:00:00-05:00,91.95826324963367,93.32227924161218,91.55659272713939,93.05449676513672,1179600,0.722,0.0
2019-02-22 00:00:00-05:00,91.8076402364565,92.66956493031114,91.28044525264086,92.23442077636719,1132500,0.0,0.0
2019-02-25 00:00:00-05:00,92.31810821792675,92.51057988992294,91.2637117903604,91.6068115234375,943700,0.0,0.0
2019-02-26 00:00:00-05:00,91.85784439383013,92.44362296296508,91.70721634855978,91.8327407836914,1019900,0.0,0.0
2019-02-27 00:00:00-05:00,91.50639611444136,91.87459948212746,91.12982913162715,91.69886779785156,1113600,0.0,0.0
2019-02-28 00:00:00-05:00,91.88296158975852,92.6946727137601,91.74906714594064,92.6193618774414,1195100,0.0,0.0
2019-03-01 00:00:00-05:00,92.98756330619028,93.94153885329054,92.70304081113251,93.91643524169922,1218900,0.0,0.0
2019-03-04 00:00:00-05:00,93.92481202933952,94.10054371956433,91.86623259242718,92.58589935302734,1131300,0.0,0.0
2019-03-05 00:00:00-05:00,92.5859135582989,93.6988874849232,92.23445012392497,93.51478576660156,963000,0.0,0.0
2019-03-06 00:00:00-05:00,93.69049328293282,93.96664578908333,93.0043002092622,93.45618438720703,1052300,0.0,0.0
2019-03-07 00:00:00-05:00,93.42270350943078,93.91643125939868,93.13818741087557,93.6653823852539,765700,0.0,0.0
2019-03-08 00:00:00-05:00,93.70724210061812,93.79092294490502,92.30974582482632,93.0879898071289,1010200,0.0,0.0
2019-03-11 00:00:00-04:00,92.82017884719795,93.25532931932125,92.36829476511787,93.21348571777344,748300,0.0,0.0
2019-03-12 00:00:00-04:00,93.33901920816815,93.55659446537261,92.2929929121977,92.35157012939453,911300,0.0,0.0
2019-03-13 00:00:00-04:00,92.38505135486204,92.85366913107787,92.21768330304327,92.70304107666016,733300,0.0,0.0
2019-03-14 00:00:00-04:00,92.76161595227352,92.80345956027936,92.15910374984327,92.3683090209961,919700,0.0,0.0
2019-03-15 00:00:00-04:00,92.5607900859406,93.17166596450065,92.35995479286704,92.71141815185547,1333400,0.0,0.0
2019-03-18 00:00:00-04:00,92.66956002401973,92.82018806634052,91.87458259114976,92.48545837402344,1145200,0.0,0.0
2019-03-19 00:00:00-04:00,92.3850528836383,92.68630899745887,91.2302356525133,91.48965454101562,1356600,0.0,0.0
2019-03-20 00:00:00-04:00,91.64863458241172,92.32646394471288,91.17164686013042,91.88294982910156,1181900,0.0,0.0
2019-03-21 00:00:00-04:00,92.00849697491229,93.39762336111339,91.8746088903226,93.30557250976562,1113500,0.0,0.0
2019-03-22 00:00:00-04:00,93.38924637216873,94.51059012083819,93.34740914205759,93.7239761352539,1387800,0.0,0.0
2019-03-25 00:00:00-04:00,93.33066151357437,94.30137710873076,93.32229151446063,94.07543182373047,758800,0.0,0.0
2019-03-26 00:00:00-04:00,94.36830448184037,94.89550581531627,94.16746922284078,94.76998138427734,860200,0.0,0.0
2019-03-27 00:00:00-04:00,94.77836191662415,95.59007942520046,94.10053246744971,94.74488830566406,781500,0.0,0.0
2019-03-28 00:00:00-04:00,94.97918125580647,95.76579502024016,94.8955004346712,95.67374420166016,892200,0.0,0.0
2019-03-29 00:00:00-04:00,95.91645427719723,96.1842368226678,95.33904556984776,96.0921859741211,1077800,0.0,0.0
2019-04-01 00:00:00-04:00,96.04197696785693,96.23444867435914,94.7616414113519,95.26373291015625,705100,0.0,0.0
2019-04-02 00:00:00-04:00,95.37251848634129,96.0921852690957,94.60264447181686,96.02523803710938,1012800,0.0,0.0
2019-04-03 00:00:00-04:00,96.02521297010348,96.55240791938488,95.34738998039343,96.11726379394531,1122800,0.0,0.0
2019-04-04 00:00:00-04:00,96.2511631025195,96.56915921643736,96.00849059428754,96.15911865234375,827200,0.0,0.0
2019-04-05 00:00:00-04:00,96.41852079916922,97.12981740295349,96.25952275929305,96.96245574951172,829600,0.0,0.0
2019-04-08 00:00:00-04:00,96.93733926956877,97.33064615172296,96.64445320342331,97.29717254638672,611000,0.0,0.0
2019-04-09 00:00:00-04:00,97.0712561928005,97.682138459029,96.63611199143416,97.0879898071289,754000,0.0,0.0
2019-04-10 00:00:00-04:00,97.15491868235938,97.4310711499091,96.86203260364195,97.33065032958984,589800,0.0,0.0
2019-04-11 00:00:00-04:00,97.32229909107538,97.48129076291677,96.42690074546486,97.00430297851562,1049300,0.0,0.0
2019-04-12 00:00:00-04:00,96.91225828353683,97.36414248440174,96.56079492212153,97.1633071899414,810400,0.0,0.0
2019-04-15 00:00:00-04:00,97.28045018264734,97.74070432868459,97.07961491184842,97.69049072265625,428500,0.0,0.0
2019-04-16 00:00:00-04:00,97.69046801796654,98.09214485064696,97.33063478317831,97.76578521728516,798800,0.0,0.0
2019-04-17 00:00:00-04:00,97.9833609652177,97.9833609652177,96.62771512617256,97.69884490966797,956700,0.0,0.0
2019-04-18 00:00:00-04:00,97.9582688397568,98.20094770734164,97.38923027752564,97.87458801269531,859300,0.0,0.0
2019-04-22 00:00:00-04:00,97.7407083001422,98.39342774508896,97.5482366354956,97.94154357910156,673300,0.0,0.0
2019-04-23 00:00:00-04:00,97.94155214076207,98.5273244157821,97.3808834797516,97.79092407226562,1026000,0.0,0.0
2019-04-24 00:00:00-04:00,97.71560301736612,98.62774139209061,97.64029217828802,97.9666519165039,1452900,0.0,0.0
2019-04-25 00:00:00-04:00,100.5189558002176,104.29301447592609,100.41853496685289,102.46038055419922,2966300,0.0,0.0
2019-04-26 00:00:00-04:00,102.51057765555902,105.53987212630868,102.51057765555902,104.74488830566406,1948100,0.0,0.0
2019-04-29 00:00:00-04:00,104.20933207389687,104.3181229045163,103.21351290742412,104.02523040771484,1688800,0.0,0.0
2019-04-30 00:00:00-04:00,104.18423331978151,104.85369279448732,103.28046494426027,104.47711944580078,1518700,0.0,0.0
2019-05-01 00:00:00-04:00,104.60262690261597,104.84530576316256,102.85367404533432,102.8620376586914,1443300,0.0,0.0
2019-05-02 00:00:00-04:00,102.8453005606496,105.02103384956993,101.78253433206619,102.5440444946289,1591200,0.0,0.0
2019-05-03 00:00:00-04:00,102.60263244141454,102.92062215128409,101.44782165715743,101.94991302490234,1128200,0.0,0.0
2019-05-06 00:00:00-04:00,101.53986286940852,103.5566046590153,101.31392399566882,103.46455383300781,1421900,0.0,0.0
2019-05-07 00:00:00-04:00,103.6151898504066,104.02523040771484,102.52731985084283,104.02523040771484,1727700,0.0,0.0
2019-05-08 00:00:00-04:00,103.88297664444498,105.02105391475439,103.50640968219145,104.48548889160156,1426600,0.0,0.0
2019-05-09 00:00:00-04:00,104.46035812104647,105.12144742122632,103.53985637584256,105.02102661132812,1270800,0.0,0.0
2019-05-10 00:00:00-04:00,105.00431312612326,106.25954476045109,104.52732536045622,106.17585754394531,1267900,0.0,0.0
2019-05-13 00:00:00-04:00,105.59846145229376,106.59427426514316,105.447833392069,106.3348617553711,1778300,0.0,0.0
2019-05-14 00:00:00-04:00,106.16749301594754,106.69468799942932,105.85786691708086,106.32648468017578,1667500,0.0,0.0
2019-05-15 00:00:00-04:00,106.48549012947812,107.09637237120101,106.28465484339934,106.8955307006836,1305000,0.0,0.0
2019-05-16 00:00:00-04:00,106.85370331396872,107.64868091688034,106.46876632002127,107.52316284179688,2067800,0.0,0.0
2019-05-17 00:00:00-04:00,107.10472237510679,108.51058196788111,107.08798876357613,107.86622619628906,1818900,0.0,0.0
2019-05-20 00:00:00-04:00,107.86624500677175,108.34323920848762,107.75746693619628,108.20098114013672,945400,0.0,0.0
2019-05-21 00:00:00-04:00,108.686308072599,109.29718378519678,108.15910679290717,109.04613494873047,1732800,0.0,0.0
2019-05-22 00:00:00-04:00,109.2051540030174,110.28464760818976,108.89553428077353,109.99176788330078,1360900,0.0,0.0
2019-05-23 00:00:00-04:00,109.48016413250808,110.63293709067291,109.34553015274201,109.57272338867188,1606000,0.722,0.0
2019-05-24 00:00:00-04:00,109.5054106263359,110.11125071926915,109.08468905287688,109.5474853515625,963800,0.0,0.0
2019-05-28 00:00:00-04:00,109.87565034430504,110.15332813028682,107.95716094970703,107.95716094970703,2919400,0.0,0.0
2019-05-29 00:00:00-04:00,107.67105790161924,108.63030893814509,107.47752958437819,108.4451904296875,1726200,0.0,0.0
2019-05-30 00:00:00-04:00,109.01735667620552,110.13647744440809,108.47883365174881,110.06916046142578,982300,0.0,0.0
2019-05-31 00:00:00-04:00,109.36237339061445,111.07050205414326,108.66397399606065,111.03684997558594,1331500,0.0,0.0
2019-06-03 00:00:00-04:00,111.01159768707898,111.86146355523775,110.37210546301287,111.34818267822266,1251200,0.0,0.0
2019-06-04 00:00:00-04:00,111.45755882070787,112.39156117650217,111.23877539720475,112.02132415771484,1079700,0.0,0.0
2019-06-05 00:00:00-04:00,112.49256030858548,114.7139701756757,112.16439792501782,114.4447021484375,1730300,0.0,0.0
2019-06-06 00:00:00-04:00,114.713936123954,115.70683279099909,113.87249304771821,115.47965240478516,1414100,0.0,0.0
2019-06-07 00:00:00-04:00,115.82462821269397,117.24666899100033,115.79097614075258,116.12754821777344,1339300,0.0,0.0
2019-06-10 00:00:00-04:00,116.12758369360371,116.39685170900052,114.59616358410278,115.0589599609375,1216400,0.0,0.0
2019-06-11 00:00:00-04:00,115.05894185684053,115.57222269594791,114.46151156631086,115.12625885009766,1123000,0.0,0.0
2019-06-12 00:00:00-04:00,115.4796799550764,116.34636550321453,115.4796799550764,116.30429077148438,754300,0.0,0.0
2019-06-13 00:00:00-04:00,116.58194932731445,117.07839769723307,115.51331294711746,115.80782318115234,1191900,0.0,0.0
2019-06-14 00:00:00-04:00,116.07708502453568,116.90169575237725,115.73209023656987,116.388427734375,1129000,0.0,0.0
2019-06-17 00:00:00-04:00,116.5398792117777,116.62402866465966,114.78967587494456,115.8667221069336,1148700,0.0,0.0
2019-06-18 00:00:00-04:00,116.27900613769957,116.53144159670802,115.37865599642961,116.3294906616211,1311200,0.0,0.0
2019-06-19 00:00:00-04:00,116.20329492086988,116.37999077826916,115.46282089907574,116.03499603271484,1678200,0.0,0.0
2019-06-20 00:00:00-04:00,115.3534420879512,116.00135692946796,113.71263046019156,115.81623840332031,1618900,0.0,0.0
2019-06-21 00:00:00-04:00,115.82463374347198,116.31267226603792,115.33660806030836,115.38709259033203,2156700,0.0,0.0
2019-06-24 00:00:00-04:00,115.8414829707399,116.53988236244915,115.44600364242979,115.65636444091797,1626000,0.0,0.0
2019-06-25 00:00:00-04:00,115.83306099401204,116.11914856844864,114.62138086768898,115.44599151611328,1129400,0.0,0.0
2019-06-26 00:00:00-04:00,114.7812703805341,114.97479872215354,112.87960052490234,112.87960052490234,1828700,0.0,0.0
2019-06-27 00:00:00-04:00,112.6271501901844,113.55272978247096,112.33264000571978,113.49383544921875,1078200,0.0,0.0
2019-06-28 00:00:00-04:00,113.45179793271889,113.66215875077123,112.39999384245716,112.77864074707031,1901400,0.0,0.0
2019-07-01 00:00:00-04:00,113.33396685600032,113.51908535480125,112.34105737703146,112.96372985839844,1023100,0.0,0.0
2019-07-02 00:00:00-04:00,113.14884455801516,114.78965588829192,113.09836003083765,114.51197814941406,1121400,0.0,0.0
2019-07-03 00:00:00-04:00,114.75602207550159,116.57352954008367,114.75602207550159,116.11915588378906,766200,0.0,0.0
2019-07-05 00:00:00-04:00,116.02659129680433,116.33792114257812,114.94954513041617,116.33792114257812,855000,0.0,0.0
2019-07-08 00:00:00-04:00,116.16963675311632,117.0279123428151,116.16963675311632,116.6156005859375,1069900,0.0,0.0
2019-07-09 00:00:00-04:00,116.7586554178822,116.99425848997471,116.32952400215748,116.64085388183594,820500,0.0,0.0
2019-07-10 00:00:00-04:00,116.59880065917969,117.16256611211848,116.3547749196148,116.59880065917969,725000,0.0,0.0
2019-07-11 00:00:00-04:00,116.54827165662519,116.54827165662519,114.89905047685079,115.35342407226562,1074800,0.0,0.0
2019-07-12 00:00:00-04:00,115.83304992472692,115.87512464386515,114.92428991682792,115.42073822021484,655800,0.0,0.0
2019-07-15 00:00:00-04:00,115.94243480697766,116.99423864303539,115.54696837687007,116.43047332763672,1070900,0.0,0.0
2019-07-16 00:00:00-04:00,116.94375894460008,118.25640813192628,116.4641430520322,118.16384887695312,1393800,0.0,0.0
2019-07-17 00:00:00-04:00,120.27589577099518,122.68242389076791,119.73737262444347,122.60669708251953,2333200,0.0,0.0
2019-07-18 00:00:00-04:00,122.87596941890068,124.18861896971681,121.89989206696843,124.1128921508789,1745900,0.0,0.0
2019-07-19 00:00:00-04:00,123.78472065120593,123.9445969276993,122.16072845458984,122.16072845458984,1124000,0.0,0.0
2019-07-22 00:00:00-04:00,122.53936488455565,124.05395221927307,122.53936488455565,123.74262237548828,1106000,0.0,0.0
2019-07-23 00:00:00-04:00,124.03713913642623,124.44102825767015,123.18727332870846,123.9361572265625,1630900,0.0,0.0
2019-07-24 00:00:00-04:00,123.37239469663874,123.82678120299764,122.05133558316672,123.49019622802734,1940700,0.0,0.0
2019-07-25 00:00:00-04:00,119.48494524589663,126.13234199353292,117.1793860464307,125.98088836669922,2111400,0.0,0.0
2019-07-26 00:00:00-04:00,127.01585500790651,129.16153784619664,125.0384710897999,128.72398376464844,1465000,0.0,0.0
2019-07-29 00:00:00-04:00,128.64822490467222,128.85858566309042,127.14204752373452,128.0760498046875,1249400,0.0,0.0
2019-07-30 00:00:00-04:00,127.83204594611601,129.4980998420252,127.37767227974221,128.11813354492188,1018400,0.0,0.0
2019-07-31 00:00:00-04:00,127.97508516641008,128.61459017545144,126.41000039916156,127.68058776855469,1037800,0.0,0.0
2019-08-01 00:00:00-04:00,128.23595209094256,129.02691083680324,127.53756545984155,127.63853454589844,1224200,0.0,0.0
2019-08-02 00:00:00-04:00,128.00036080024785,129.50655161631394,127.53757722020961,127.99195098876953,1213400,0.0,0.0
2019-08-05 00:00:00-04:00,127.55437903579806,128.26118828350832,125.12260855973862,125.47601318359375,1588600,0.0,0.0
2019-08-06 00:00:00-04:00,125.47599758318141,126.82231174997058,125.13942546118584,126.52780151367188,1301600,0.0,0.0
2019-08-07 00:00:00-04:00,126.7381668924127,128.78288048387077,125.01321865542373,128.4126434326172,1290100,0.0,0.0
2019-08-08 00:00:00-04:00,128.32850576389893,130.08713191884974,127.78998259609624,130.0618896484375,921100,0.0,0.0
2019-08-09 00:00:00-04:00,130.28064277889263,131.77000073026187,130.18808352000744,130.82757568359375,1205600,0.0,0.0
2019-08-12 00:00:00-04:00,130.8949143404707,131.70270553711552,130.42370815884684,131.17259216308594,608300,0.0,0.0
2019-08-13 00:00:00-04:00,130.92857453688106,131.84574459583015,130.53309518313145,130.72662353515625,959100,0.0,0.0
2019-08-14 00:00:00-04:00,130.46571484109398,130.5835163250559,127.94138632242489,128.25271606445312,1070400,0.0,0.0
2019-08-15 00:00:00-04:00,128.84178240415176,131.29038526847287,128.446303061554,130.84442138671875,1062800,0.0,0.0
2019-08-16 00:00:00-04:00,131.13890954019507,131.61852542071912,130.21331701370661,130.79391479492188,946000,0.0,0.0
2019-08-19 00:00:00-04:00,130.95376819750308,133.28455588512895,130.7434074635686,132.75445556640625,917000,0.0,0.0
2019-08-20 00:00:00-04:00,132.86385395134656,133.1162894370619,131.45864558279382,131.66900634765625,881300,0.0,0.0
2019-08-21 00:00:00-04:00,132.0224265817582,133.61275363954033,131.80365598248684,133.5791015625,912700,0.0,0.0
2019-08-22 00:00:00-04:00,133.52244641800627,134.22426310120377,132.53314229414315,133.91986083984375,1105200,0.773,0.0
2019-08-23 00:00:00-04:00,134.35954467616247,134.66394694141042,132.2879242414993,132.77835083007812,782000,0.0,0.0
2019-08-26 00:00:00-04:00,133.20111857916933,134.64703242942028,132.45702135544002,134.4863739013672,939800,0.0,0.0
2019-08-27 00:00:00-04:00,134.1481278490643,135.15434660602577,133.76762831886032,134.76539611816406,1211900,0.0,0.0
2019-08-28 00:00:00-04:00,134.98527367954645,136.48191933255063,134.16507898682087,135.69554138183594,1289400,0.0,0.0
2019-08-29 00:00:00-04:00,135.91544101244932,135.9746235564032,133.18427047195487,133.59014892578125,1044100,0.0,0.0
2019-08-30 00:00:00-04:00,134.19041883192668,135.10362551645952,133.34485852056957,134.00439453125,1026400,0.0,0.0
2019-09-03 00:00:00-04:00,134.00440874889458,135.24738357064518,132.95592210899397,135.23046875,915100,0.0,0.0
2019-09-04 00:00:00-04:00,135.35731663660104,136.62565729522487,134.96835315764258,136.47344970703125,1047000,0.0,0.0
2019-09-05 00:00:00-04:00,136.93848904687744,137.14987912348644,135.24736843400527,135.54331970214844,1154900,0.0,0.0
2019-09-06 00:00:00-04:00,135.47566919257062,135.9576318433646,134.22424358988133,134.4271697998047,1223300,0.0,0.0
2019-09-09 00:00:00-04:00,134.02976362289627,134.06359326143394,132.00887494486636,132.03424072265625,1360200,0.0,0.0
2019-09-10 00:00:00-04:00,131.1717923030209,131.1717923030209,126.84251417185443,128.98178100585938,2358900,0.0,0.0
2019-09-11 00:00:00-04:00,128.98180143414976,130.44463048448875,127.25686357824321,127.80647277832031,1819400,0.0,0.0
2019-09-12 00:00:00-04:00,126.64804163009012,129.08325982521617,126.15761502678122,127.89946746826172,1697300,0.0,0.0
2019-09-13 00:00:00-04:00,127.13842492423449,128.34756974808403,125.15981726581306,125.6248779296875,1830700,0.0,0.0
2019-09-16 00:00:00-04:00,124.76245667600959,126.74951614663102,124.29739581191366,125.17677307128906,1287800,0.0,0.0
2019-09-17 00:00:00-04:00,126.04768771859209,130.17401345802165,126.04768771859209,129.10861206054688,1657600,0.0,0.0
2019-09-18 00:00:00-04:00,130.13172817470252,130.21628936765006,128.10238856622718,129.4130096435547,861300,0.0,0.0
2019-09-19 00:00:00-04:00,129.48063289922126,130.12325398331484,129.08321858733237,129.75120544433594,793800,0.0,0.0
2019-09-20 00:00:00-04:00,130.08947577885135,130.71518223223,129.34537848053287,130.1655731201172,3212400,0.0,0.0
2019-09-23 00:00:00-04:00,130.49533346649744,131.40007635335107,129.6328582763672,129.6328582763672,740400,0.0,0.0
2019-09-24 00:00:00-04:00,130.42772107059724,132.4316955411529,130.23324574742776,131.61996459960938,1155200,0.0,0.0
2019-09-25 00:00:00-04:00,131.3155165719305,132.31327152831426,129.2861641198442,129.68357849121094,976700,0.0,0.0
2019-09-26 00:00:00-04:00,130.5460913992251,130.9942374537435,129.83582364137294,130.4530792236328,965600,0.0,0.0
2019-09-27 00:00:00-04:00,130.72362379792665,131.044927929213,129.05786902244353,130.03025817871094,526100,0.0,0.0
2019-09-30 00:00:00-04:00,130.04718686189474,131.5184536412035,129.86116254920995,131.05340576171875,835400,0.0,0.0
2019-10-01 00:00:00-04:00,130.88428035719394,131.44235328241604,129.73431776986982,130.96884155273438,657500,0.0,0.0
2019-10-02 00:00:00-04:00,130.84206522820705,131.6537962617141,129.48071200732727,129.83584594726562,772600,0.0,0.0
2019-10-03 00:00:00-04:00,130.03026246654613,131.9835047036729,130.03026246654613,131.46771240234375,1135000,0.0,0.0
2019-10-04 00:00:00-04:00,132.2287599924394,133.20114944238827,131.37473559853476,133.18423461914062,954300,0.0,0.0
2019-10-07 00:00:00-04:00,132.71069363253983,133.9790341506633,132.3809256139168,133.34486389160156,769000,0.0,0.0
2019-10-08 00:00:00-04:00,133.39562149963098,133.94524357282643,131.82287843391805,132.14419555664062,798200,0.0,0.0
2019-10-09 00:00:00-04:00,132.30482482910156,132.72760499078407,131.23095960580454,132.30482482910156,826500,0.0,0.0
2019-10-10 00:00:00-04:00,131.78058745403789,133.16730593031812,131.04494116627868,132.1610870361328,608800,0.0,0.0
2019-10-11 00:00:00-04:00,132.73607425465494,132.7529890760784,130.27550318002122,131.32398986816406,932500,0.0,0.0
2019-10-14 00:00:00-04:00,131.96664810275067,132.8967570148411,131.11262364535645,131.38320922851562,784500,0.0,0.0
2019-10-15 00:00:00-04:00,131.69603563558601,132.1103648868821,128.58437947784358,128.98178100585938,1215800,0.0,0.0
2019-10-16 00:00:00-04:00,128.5589929847417,129.1170659255063,127.91637174830893,128.1277618408203,818700,0.0,0.0
2019-10-17 00:00:00-04:00,128.06860347185471,129.7005291006787,128.06860347185471,129.1424560546875,596000,0.0,0.0
2019-10-18 00:00:00-04:00,128.9649012659989,130.08949836815447,128.46601072587237,129.42996215820312,715700,0.0,0.0
2019-10-21 00:00:00-04:00,129.25234060605806,130.14863240860873,128.97330417469738,129.86114501953125,691700,0.0,0.0
2019-10-22 00:00:00-04:00,129.60750028838206,129.98799989735613,126.49584413241931,126.62267303466797,956000,0.0,0.0
2019-10-23 00:00:00-04:00,126.48737590818386,127.5274244796636,125.81092501432316,126.58885192871094,1400400,0.0,0.0
2019-10-24 00:00:00-04:00,123.11358393031293,124.99917977274325,120.9489387404531,123.76465606689453,1855400,0.0,0.0
2019-10-25 00:00:00-04:00,123.7646507885128,124.22126055290856,120.2133002866846,121.17723846435547,1390200,0.0,0.0
2019-10-28 00:00:00-04:00,121.84530557257233,122.13279312239297,118.7928308407567,119.35089111328125,1408300,0.0,0.0
2019-10-29 00:00:00-04:00,119.46919902406655,121.78603869527335,119.46074806658147,121.4647216796875,1469500,0.0,0.0
2019-10-30 00:00:00-04:00,121.86214567021698,123.88303426056314,121.3886339690486,123.42643737792969,1127900,0.0,0.0
2019-10-31 00:00:00-04:00,123.77313787703717,124.70324659370797,122.97830902129235,124.18745422363281,1037900,0.0,0.0
2019-11-01 00:00:00-04:00,124.51720631063947,124.9738161022039,120.50925870816492,120.97431945800781,1110300,0.0,0.0
2019-11-04 00:00:00-05:00,120.95742265666034,121.32947131195385,118.23471702717057,118.82660675048828,1112100,0.0,0.0
2019-11-05 00:00:00-05:00,118.55601612667827,118.95341760026714,117.61744367136117,118.62364959716797,1079300,0.0,0.0
2019-11-06 00:00:00-05:00,119.5199767633135,120.99970757551185,118.93653797871868,119.07183074951172,1022500,0.0,0.0
2019-11-07 00:00:00-05:00,119.04644712065125,119.60452010032003,118.0909726094067,119.4946060180664,808900,0.0,0.0
2019-11-08 00:00:00-05:00,119.99349071913186,120.41627095879996,118.6067720491097,119.19866180419922,468800,0.0,0.0
2019-11-11 00:00:00-05:00,119.35085147054538,119.85819289767028,118.46302332641947,119.84127807617188,512200,0.0,0.0
2019-11-12 00:00:00-05:00,119.9934783568954,121.12652618593953,119.34239324225996,120.7883071899414,710700,0.0,0.0
2019-11-13 00:00:00-05:00,121.65075434343258,123.58709462561399,121.2871696131465,123.26577758789062,1402800,0.0,0.0
2019-11-14 00:00:00-05:00,123.61243462052782,124.49181145848502,123.15582493560468,123.71389770507812,844800,0.0,0.0
2019-11-15 00:00:00-05:00,123.49415696452981,123.52797371942205,121.862217917393,123.24048614501953,877700,0.0,0.0
2019-11-18 00:00:00-05:00,122.94449043050524,124.7286235855067,122.60627139444671,124.03527069091797,740800,0.0,0.0
2019-11-19 00:00:00-05:00,124.2550969274182,125.0330109391865,123.56174411567525,124.77088928222656,754400,0.0,0.0
2019-11-20 00:00:00-05:00,125.62491791065744,126.76641673739452,125.2021377002597,126.0899658203125,1164900,0.0,0.0
2019-11-21 00:00:00-05:00,126.00753970799124,126.33902614021531,124.29911162952263,124.5625991821289,719600,0.773,0.0
2019-11-22 00:00:00-05:00,124.75808611461315,125.1490764245956,124.09511325941418,124.80908203125,589000,0.0,0.0
2019-11-25 00:00:00-05:00,124.94506877788362,125.32755108841394,123.92511162664981,124.16310119628906,1299300,0.0,0.0
2019-11-26 00:00:00-05:00,124.57107946796346,127.22297061259478,124.13760125223214,127.14647674560547,1899700,0.0,0.0
2019-11-27 00:00:00-05:00,127.1040362641447,127.17203516806411,126.08407864428314,126.27107238769531,823600,0.0,0.0
2019-11-29 00:00:00-05:00,126.48351093193278,126.90849417569008,125.37005690840216,125.93103790283203,423400,0.0,0.0
2019-12-02 00:00:00-05:00,125.51456640053688,126.72151741749849,124.75809664450246,126.61103057861328,677300,0.0,0.0
2019-12-03 00:00:00-05:00,126.74700390585954,127.81797002653028,125.55705596006972,126.47502136230469,829900,0.0,0.0
2019-12-04 00:00:00-05:00,126.25400416104588,127.64794854722835,126.02452256958045,127.6309585571289,802300,0.0,0.0
2019-12-05 00:00:00-05:00,127.6054801802845,128.13245528229623,126.82351252361997,127.469482421875,570300,0.0,0.0
2019-12-06 00:00:00-05:00,127.64797613028456,128.04746146473278,126.84051046450271,126.85751342773438,600200,0.0,0.0
2019-12-09 00:00:00-05:00,127.35894297576317,127.66493135220182,126.50897670448425,127.10395050048828,918700,0.0,0.0
2019-12-10 00:00:00-05:00,127.17197137177409,127.57145662598188,126.67898929276325,126.98497772216797,539700,0.0,0.0
2019-12-11 00:00:00-05:00,126.77249621232245,127.8264593240776,126.48351071972259,127.29948425292969,615000,0.0,0.0
2019-12-12 00:00:00-05:00,126.73847026247799,126.94246683503312,124.6050596068447,124.79205322265625,713500,0.0,0.0
2019-12-13 00:00:00-05:00,123.99312263620688,125.43806315601218,123.0071583400724,125.07257080078125,586300,0.0,0.0
2019-12-16 00:00:00-05:00,125.25957196200186,125.91404986641294,124.52010518044105,124.75809478759766,916600,0.0,0.0
2019-12-17 00:00:00-05:00,125.04708213610645,125.57407024773752,122.85416675011682,122.99867248535156,1489300,0.0,0.0
2019-12-18 00:00:00-05:00,123.49161402501265,124.69857774055745,123.03263787008997,123.94210815429688,984000,0.0,0.0
2019-12-19 00:00:00-05:00,124.56256660262403,125.76951721887468,124.03557866578569,124.66455841064453,925100,0.0,0.0
2019-12-20 00:00:00-05:00,125.20004362310208,125.42953816478689,124.12058274720675,125.31903839111328,1269300,0.0,0.0
2019-12-23 00:00:00-05:00,125.67599350188347,125.73548438734143,124.25655160980872,124.3585433959961,481800,0.0,0.0
2019-12-24 00:00:00-05:00,124.31607017269955,124.69856539496797,123.95908587211167,124.17157745361328,250800,0.0,0.0
2019-12-26 00:00:00-05:00,124.0185591705461,124.80052644138763,123.76356674170667,124.34153747558594,400800,0.0,0.0
2019-12-27 00:00:00-05:00,124.64757738664147,125.65054456333993,124.54558556067381,125.4720458984375,420700,0.0,0.0
2019-12-30 00:00:00-05:00,125.12353954714837,125.1660274848234,124.14607056095964,124.79205322265625,446400,0.0,0.0
2019-12-31 00:00:00-05:00,124.74104593260094,124.94504250774023,123.73809195277569,124.92803955078125,594800,0.0,0.0
2020-01-02 00:00:00-05:00,125.14057208891039,125.6335542464669,122.00419343016482,122.36119079589844,821500,0.0,0.0
2020-01-03 00:00:00-05:00,122.36965931882192,124.0015931927852,122.19116067457173,123.46611022949219,770900,0.0,0.0
2020-01-06 00:00:00-05:00,123.47464317489897,123.48313817131242,122.0976885577698,122.87966918945312,1032900,0.0,0.0
2020-01-07 00:00:00-05:00,122.56517448073957,123.68713655724915,122.3781808013213,123.11766052246094,858800,0.0,0.0
2020-01-08 00:00:00-05:00,123.65309503861133,124.88554359313618,123.12612007710088,124.12907409667969,865200,0.0,0.0
2020-01-09 00:00:00-05:00,124.14610625301796,125.1150675546837,123.38114158255647,124.57959747314453,919100,0.0,0.0
2020-01-10 00:00:00-05:00,124.8005587467647,126.14350711479251,124.18008695255705,125.905517578125,724100,0.0,0.0
2020-01-13 00:00:00-05:00,126.08402353276934,127.50346598680154,125.96502874528937,127.23148345947266,734900,0.0,0.0
2020-01-14 00:00:00-05:00,127.35894190965692,127.79243300483233,125.87150094737001,126.50048065185547,734700,0.0,0.0
2020-01-15 00:00:00-05:00,126.45801784631273,127.4694800805324,126.08403050228598,126.22852325439453,852800,0.0,0.0
2020-01-16 00:00:00-05:00,126.09248618573957,127.05293913616131,125.08951936358085,126.61946105957031,1016500,0.0,0.0
2020-01-17 00:00:00-05:00,126.8999872187783,128.54041615972127,126.8999872187783,128.21743774414062,879400,0.0,0.0
2020-01-21 00:00:00-05:00,128.42145923002997,129.9514018081494,128.14947664362094,129.90040588378906,869800,0.0,0.0
2020-01-22 00:00:00-05:00,130.21480195467782,130.56329116307057,129.32233496929896,129.56883239746094,486600,0.0,0.0
2020-01-23 00:00:00-05:00,129.4499183248674,131.2518434021491,129.22891870405726,130.7503662109375,603100,0.0,0.0
2020-01-24 00:00:00-05:00,130.94581857314265,131.6002963179178,130.16385105900895,131.47279357910156,592600,0.0,0.0
2020-01-27 00:00:00-05:00,130.99683706792825,131.93180543596122,129.82389207921233,129.91738891601562,1130600,0.0,0.0
2020-01-28 00:00:00-05:00,129.56884530271302,130.21481492426946,128.6338773259627,129.35635375976562,821700,0.0,0.0
2020-01-29 00:00:00-05:00,129.43292437982115,129.772905862426,128.30246714443976,128.4724578857422,795800,0.0,0.0
2020-01-30 00:00:00-05:00,128.67639343393998,134.45616667898702,128.48090482277505,134.41366577148438,1386000,0.0,0.0
2020-01-31 00:00:00-05:00,133.86970545728133,135.85012868800018,131.87227926743722,131.8892822265625,1341600,0.0,0.0
2020-02-03 00:00:00-05:00,132.3992519429169,133.05371664483798,131.02229774097765,131.44728088378906,812900,0.0,0.0
2020-02-04 00:00:00-05:00,131.51524903043298,132.05922680741912,129.29683702424126,129.56883239746094,842700,0.0,0.0
2020-02-05 00:00:00-05:00,129.34789941011076,130.554863287438,128.9314241137628,129.94288635253906,802200,0.0,0.0
2020-02-06 00:00:00-05:00,129.4753946861823,131.58330791262136,129.2968960198798,131.18382263183594,676800,0.0,0.0
2020-02-07 00:00:00-05:00,131.5237989533489,132.7987484908086,131.14981168058085,132.6372528076172,717300,0.0,0.0
2020-02-10 00:00:00-05:00,132.94323623603063,134.53266911630558,132.94323623603063,133.43621826171875,733600,0.0,0.0
2020-02-11 00:00:00-05:00,133.3257550250334,134.49871302722192,133.0962604225486,133.99722290039062,680600,0.0,0.0
2020-02-12 00:00:00-05:00,133.76773990194886,134.5922084937004,133.14725498191456,134.17572021484375,673000,0.0,0.0
2020-02-13 00:00:00-05:00,134.00569812976968,135.55263014583915,133.75920062486577,135.42514038085938,774100,0.0,0.0
2020-02-14 00:00:00-05:00,135.1446632017649,136.49610672111248,134.99167546876336,136.2836151123047,687400,0.0,0.0
2020-02-18 00:00:00-05:00,135.92664424413255,136.77661076364524,135.6206557783296,136.04563903808594,1061600,0.0,0.0
2020-02-19 00:00:00-05:00,136.17309752560033,137.55003868931774,135.833103246657,136.4110870361328,806800,0.0,0.0
2020-02-20 00:00:00-05:00,135.6278920245878,136.96025459618428,135.2862522419828,136.74673461914062,716700,0.773,0.0
2020-02-21 00:00:00-05:00,136.48203730572288,137.47277360148823,135.24362345213194,136.92616271972656,1028200,0.0,0.0
2020-02-24 00:00:00-05:00,136.1318004055667,137.44707777213003,135.09835794937544,135.74746704101562,1083600,0.0,0.0
2020-02-25 00:00:00-05:00,135.8499672517789,137.06275932841493,133.99661515375033,134.36387634277344,1466600,0.0,0.0
2020-02-26 00:00:00-05:00,134.36387283519562,138.1474410073151,134.3467875860476,135.26919555664062,1144100,0.0,0.0
2020-02-27 00:00:00-05:00,134.79945648893846,136.53323795600923,129.70059752389514,129.7860107421875,1580700,0.0,0.0
2020-02-28 00:00:00-05:00,127.34333813752869,127.9582768038878,120.43382076583075,122.97898864746094,2127600,0.0,0.0
2020-03-02 00:00:00-05:00,123.26087066045957,130.32410510090412,123.26087066045957,130.12767028808594,1280500,0.0,0.0
2020-03-03 00:00:00-05:00,130.7681731310031,133.72329529931187,129.45289582802604,131.0927276611328,1342200,0.0,0.0
2020-03-04 00:00:00-05:00,133.2279872587562,137.54108223693416,132.35682172615896,137.46421813964844,1002300,0.0,0.0
2020-03-05 00:00:00-05:00,135.65354451841424,136.96028603530493,134.11619772435805,135.79873657226562,974100,0.0,0.0
2020-03-06 00:00:00-05:00,132.1945052307673,134.44927597554383,130.64862247062865,133.48416137695312,1118400,0.0,0.0
2020-03-09 00:00:00-04:00,128.24012167353973,131.66499121173206,126.40385467327194,128.96609497070312,1221600,0.0,0.0
2020-03-10 00:00:00-04:00,130.6485991128521,132.33967361104203,126.40382110479554,131.998046875,1900300,0.0,0.0
2020-03-11 00:00:00-04:00,128.2230500104751,129.66644746944013,125.39604695521373,127.0615005493164,1076700,0.0,0.0
2020-03-12 00:00:00-04:00,117.85451984232739,121.86869377917043,113.45599942768469,113.48162078857422,2478500,0.0,0.0
2020-03-13 00:00:00-04:00,119.64808271637713,119.66516796806287,112.2175881649688,119.43456268310547,1905000,0.0,0.0
2020-03-16 00:00:00-04:00,109.715134132231,116.65026029503476,98.3985664198367,107.55430603027344,1974600,0.0,0.0
2020-03-17 00:00:00-04:00,109.69803282388116,123.49141905003162,109.15995827545146,118.80252838134766,2678800,0.0,0.0
2020-03-18 00:00:00-04:00,112.91793919989426,116.97481979865486,95.29826202906928,99.16724395751953,3028600,0.0,0.0
2020-03-19 00:00:00-04:00,99.13307808757995,109.10873403106471,98.22775525631431,104.01841735839844,1806400,0.0,0.0
2020-03-20 00:00:00-04:00,102.60918728876233,107.86178144225835,99.56866408172827,100.55085754394531,1763100,0.0,0.0
2020-03-23 00:00:00-04:00,100.5679128227849,104.59062855376276,93.84630135668435,95.17012786865234,1917300,0.0,0.0
2020-03-24 00:00:00-04:00,97.92029543040381,105.23121979730699,97.55304068677023,104.12945556640625,1522800,0.0,0.0
2020-03-25 00:00:00-04:00,105.4618082743433,111.70512488790168,103.65969883331574,107.73365783691406,2003600,0.0,0.0
2020-03-26 00:00:00-04:00,107.71658732619855,113.66098419304035,107.71658732619855,113.12290954589844,1440400,0.0,0.0
2020-03-27 00:00:00-04:00,110.21047147035068,115.73636981231894,110.01403673006021,111.74781799316406,1521400,0.0,0.0
2020-03-30 00:00:00-04:00,113.84035342491282,118.39260282671262,113.84035342491282,117.67517852783203,1348200,0.0,0.0
2020-03-31 00:00:00-04:00,116.88086484988166,117.90575834547766,112.78981394451814,113.16561126708984,2162800,0.0,0.0
2020-04-01 00:00:00-04:00,109.65532089374749,114.14777660126693,109.1087102638127,112.44816589355469,1412300,0.0,0.0
2020-04-02 00:00:00-04:00,110.87668250820383,116.57339509166155,110.85104811609251,115.92428588867188,2134800,0.0,0.0
2020-04-03 00:00:00-04:00,115.19832759658732,119.97263220871672,115.19832759658732,119.3747787475586,1468800,0.0,0.0
2020-04-06 00:00:00-04:00,122.60321049362415,122.98754396205977,117.91430568846815,121.1598129272461,1294800,0.0,0.0
2020-04-07 00:00:00-04:00,121.40747120173171,123.51704992101841,119.59682570620546,120.51923370361328,1368000,0.0,0.0
2020-04-08 00:00:00-04:00,120.95483066514437,123.0217031324999,120.03242250883021,121.88578796386719,779600,0.0,0.0
2020-04-09 00:00:00-04:00,121.93700151177501,125.84868935575284,121.90283101477543,122.91065216064453,952300,0.0,0.0
2020-04-13 00:00:00-04:00,122.30424976634202,123.34622837801788,120.5363109955321,121.83450317382812,1683900,0.0,0.0
2020-04-14 00:00:00-04:00,122.85940801452219,125.94263720535513,121.07437098555764,124.80670928955078,1152100,0.0,0.0
2020-04-15 00:00:00-04:00,124.79816119686053,125.33623574892296,121.09145725031661,121.79180908203125,1715600,0.0,0.0
2020-04-16 00:00:00-04:00,123.00463137390358,125.26793864171543,121.85161791612511,124.22595977783203,1443100,0.0,0.0
2020-04-17 00:00:00-04:00,125.89140161801595,126.20742011715924,122.95337701896597,125.08857727050781,1164300,0.0,0.0
2020-04-20 00:00:00-04:00,122.34695175138876,125.80597812462709,122.18467447717322,123.48287963867188,1048700,0.0,0.0
2020-04-21 00:00:00-04:00,124.9007012561019,124.9007012561019,120.21179596179722,120.95484161376953,1235900,0.0,0.0
2020-04-22 00:00:00-04:00,121.78327938148408,124.25157037048068,121.70641529955597,122.37259674072266,1292700,0.0,0.0
2020-04-23 00:00:00-04:00,119.57120251647973,121.28789866100753,116.04384787193099,116.93209838867188,2165200,0.0,0.0
2020-04-24 00:00:00-04:00,116.18050829114874,116.66734017567194,113.92573747787165,115.93283081054688,1416000,0.0,0.0
2020-04-27 00:00:00-04:00,116.62464524291963,117.58974693522762,115.38623165146798,115.39476776123047,1318600,0.0,0.0
2020-04-28 00:00:00-04:00,115.39478020881194,116.2573965481054,114.28447330517268,114.66027069091797,1167200,0.0,0.0
2020-04-29 00:00:00-04:00,114.93355381825172,115.2239378954764,112.80688989033196,114.7968978881836,1909900,0.0,0.0
2020-04-30 00:00:00-04:00,114.95920046871366,115.20687799325616,112.73858672933491,113.1058349609375,1216100,0.0,0.0
2020-05-01 00:00:00-04:00,112.26030292991621,114.23322609545482,111.3464308656824,113.19978332519531,1153400,0.0,0.0
2020-05-04 00:00:00-04:00,112.64464858236589,112.73859793526785,110.95357326236154,112.09803771972656,1109500,0.0,0.0
2020-05-05 00:00:00-04:00,112.38839032831727,113.50723310544092,110.82542227744814,112.19195556640625,1135600,0.0,0.0
2020-05-06 00:00:00-04:00,112.77272017971138,113.57555748418802,112.08091744821931,112.5079574584961,858200,0.0,0.0
2020-05-07 00:00:00-04:00,113.69513462469989,113.85741192298019,111.36349968515403,111.48307037353516,979200,0.0,0.0
2020-05-08 00:00:00-04:00,112.95209879948308,114.2417551225289,112.57630145178001,113.75493621826172,831300,0.0,0.0
2020-05-11 00:00:00-04:00,113.70366028586146,115.46306277967365,113.52429777421487,113.54991912841797,1087200,0.0,0.0
2020-05-12 00:00:00-04:00,114.32717028605708,115.03605837991677,113.08875666540804,113.13999938964844,663400,0.0,0.0
2020-05-13 00:00:00-04:00,113.05457298753257,114.13072220009953,111.68805271551484,112.62753295898438,803300,0.0,0.0
2020-05-14 00:00:00-04:00,112.59339248768863,113.26811010046832,110.59484798012261,111.91012573242188,1151100,0.0,0.0
2020-05-15 00:00:00-04:00,111.79908512901399,113.99407734459605,111.07312482924793,111.35497283935547,2602800,0.0,0.0
2020-05-18 00:00:00-04:00,112.66170789215214,113.4645452625679,110.01405439808671,112.96917724609375,1789400,0.0,0.0
2020-05-19 00:00:00-04:00,112.32006503829967,112.95208898014971,110.6204540437987,111.80762481689453,1170600,0.0,0.0
2020-05-20 00:00:00-04:00,112.58485627815712,113.02043248104377,111.64536286146506,112.07240295410156,1137600,0.0,0.0
2020-05-21 00:00:00-04:00,111.86017672936697,112.08356182165492,109.23980011672434,109.99584197998047,2597300,0.773,0.0
2020-05-22 00:00:00-04:00,110.36527671007525,112.16946523999732,109.62640824991756,111.9117202758789,900000,0.0,0.0
2020-05-26 00:00:00-04:00,113.19184922908441,113.29494197453347,109.82401741339147,110.20204162597656,1719600,0.0,0.0
2020-05-27 00:00:00-04:00,110.26215583069892,114.4891280939889,109.14527643277194,114.3087158203125,1443900,0.0,0.0
2020-05-28 00:00:00-04:00,115.89810735347389,116.99780670593717,114.76404813163066,116.82598114013672,1372700,0.0,0.0
2020-05-29 00:00:00-04:00,116.46517507674122,117.65079408808744,115.00463770751198,116.56826782226562,2912000,0.0,0.0
2020-06-01 00:00:00-04:00,116.73152183439169,118.0460069475916,115.82943397551554,117.21263885498047,746100,0.0,0.0
2020-06-02 00:00:00-04:00,117.02363964707877,117.87418112517291,116.20744494260678,117.85699462890625,2057600,0.0,0.0
2020-06-03 00:00:00-04:00,118.23497790755992,118.5184960051371,115.27953082797472,115.31390380859375,981000,0.0,0.0
2020-06-04 00:00:00-04:00,114.97027049157164,116.04419688709393,113.81042474062635,114.63519287109375,1133400,0.0,0.0
2020-06-05 00:00:00-04:00,115.16787772007476,117.0837588794832,114.51492203368237,116.3620834350586,1304500,0.0,0.0
2020-06-08 00:00:00-04:00,115.69194929028944,116.62840998849546,114.60083636965803,116.55967712402344,1987700,0.0,0.0
2020-06-09 00:00:00-04:00,116.32771298700432,116.32771298700432,114.14550011183928,114.5578842163086,1276900,0.0,0.0
2020-06-10 00:00:00-04:00,115.15071066512611,116.5940749070924,114.07678400958368,116.2590103149414,1352300,0.0,0.0
2020-06-11 00:00:00-04:00,115.57168368358352,116.25039949742019,110.88936653093911,110.90653991699219,1189700,0.0,0.0
2020-06-12 00:00:00-04:00,112.31551814306296,112.8481945670492,109.65218190621896,110.92371368408203,1085800,0.0,0.0
2020-06-15 00:00:00-04:00,109.33430375718272,111.86017426185968,108.25178408104875,111.80004119873047,1183100,0.0,0.0
2020-06-16 00:00:00-04:00,113.8705723831832,114.42042224372172,112.19524961353108,113.90494537353516,789500,0.0,0.0
2020-06-17 00:00:00-04:00,114.2228092564331,114.6609796175846,113.33789495178827,113.64718627929688,910400,0.0,0.0
2020-06-18 00:00:00-04:00,113.09733791855066,114.23999719549161,112.8653661426197,113.87055969238281,595500,0.0,0.0
2020-06-19 00:00:00-04:00,114.3001182423626,114.82419480136498,111.17284537980217,111.21580505371094,3316100,0.0,0.0
2020-06-22 00:00:00-04:00,111.2759706707103,112.92552018343218,111.1814646153716,112.16947174072266,993100,0.0,0.0
2020-06-23 00:00:00-04:00,113.56986542855122,113.87055695137981,111.6969309918334,111.90312957763672,1072500,0.0,0.0
2020-06-24 00:00:00-04:00,111.08693914107312,111.63678888252858,109.05077251570694,109.95287322998047,969300,0.0,0.0
2020-06-25 00:00:00-04:00,109.58344340534806,110.67455620806042,108.8359883331292,110.5456771850586,1112300,0.0,0.0
2020-06-26 00:00:00-04:00,110.61442012569435,111.23300278602731,107.92531075729167,108.12290954589844,1539300,0.0,0.0
2020-06-29 00:00:00-04:00,108.38925009675305,110.19343863720029,107.82221379427527,109.63500213623047,797700,0.0,0.0
2020-06-30 00:00:00-04:00,110.18482800488205,111.98902926277735,109.87553673522717,111.36184692382812,2200300,0.0,0.0
2020-07-01 00:00:00-04:00,111.49073611482974,112.53888922940929,111.25017767306905,111.79142761230469,1292300,0.0,0.0
2020-07-02 00:00:00-04:00,112.59044181733191,113.13169178648391,111.00102556621347,111.56806182861328,1287400,0.0,0.0
2020-07-06 00:00:00-04:00,112.99423329980904,112.99423329980904,110.45976985261464,111.21580505371094,986000,0.0,0.0
2020-07-07 00:00:00-04:00,110.82919057702189,111.61959873513469,110.46835292502158,111.04397583007812,1097000,0.0,0.0
2020-07-08 00:00:00-04:00,110.8120142720834,111.25877131015316,109.25697099452728,110.41681671142578,1024400,0.0,0.0
2020-07-09 00:00:00-04:00,110.04739476009263,110.15908731274027,108.30333914751779,108.89614868164062,811000,0.0,0.0
2020-07-10 00:00:00-04:00,108.55248819184379,109.96147922096443,108.15728403047845,109.75528717041016,661400,0.0,0.0
2020-07-13 00:00:00-04:00,110.28793591076654,110.76905281659793,109.60922022777991,109.86695861816406,1248700,0.0,0.0
2020-07-14 00:00:00-04:00,109.60063242415079,113.36366817032183,109.46317325339865,113.23480224609375,1856600,0.0,0.0
2020-07-15 00:00:00-04:00,114.15411079174021,114.72114724794642,112.94273141097227,113.40666198730469,1155600,0.0,0.0
2020-07-16 00:00:00-04:00,113.8189887862119,116.42218480225267,113.53547070107028,115.5114974975586,1614800,0.0,0.0
2020-07-17 00:00:00-04:00,115.45139575973363,117.83980718716342,115.04759835708974,117.18685150146484,2708300,0.0,0.0
2020-07-20 00:00:00-04:00,117.0493854913461,117.28994394505719,115.70911439423107,116.42220306396484,1080100,0.0,0.0
2020-07-21 00:00:00-04:00,116.59407830080657,118.79347805786261,116.55970530553321,117.96869659423828,1162500,0.0,0.0
2020-07-22 00:00:00-04:00,117.79683459028978,118.96526698929146,117.0150130573245,118.95668029785156,1589500,0.0,0.0
2020-07-23 00:00:00-04:00,122.85719773640618,125.90715177063453,122.35030754935734,125.7181396484375,2281200,0.0,0.0
2020-07-24 00:00:00-04:00,126.31955218701187,126.81785574529763,124.54113640175265,125.15970611572266,1162200,0.0,0.0
2020-07-27 00:00:00-04:00,125.40024130988489,126.06177052116877,124.06856997677428,125.68374633789062,879600,0.0,0.0
2020-07-28 00:00:00-04:00,125.43460085747843,126.14768954507652,124.7386986625624,125.20262908935547,919400,0.0,0.0
2020-07-29 00:00:00-04:00,125.15969263389402,125.99306070597994,124.80745468000264,125.2713851928711,863900,0.0,0.0
2020-07-30 00:00:00-04:00,124.60984541741779,125.15969531195,123.84521020299869,124.82463073730469,774000,0.0,0.0
2020-07-31 00:00:00-04:00,124.5496720896928,124.97924259062727,123.2094142242895,124.92769622802734,1757100,0.0,0.0
2020-08-03 00:00:00-04:00,124.8589826699859,125.70093731128361,124.03420141257455,124.52391815185547,1060100,0.0,0.0
2020-08-04 00:00:00-04:00,123.99125418123619,125.17686002627583,123.83660196091162,123.97406768798828,974000,0.0,0.0
2020-08-05 00:00:00-04:00,124.16308625912197,124.48955099113404,121.9636869490336,122.23001861572266,709500,0.0,0.0
2020-08-06 00:00:00-04:00,121.84341971672575,123.50155605504804,121.76608704018355,123.43282318115234,618000,0.0,0.0
2020-08-07 00:00:00-04:00,122.86575389539364,123.99123965584987,122.65096863804311,123.64757537841797,671900,0.0,0.0
2020-08-10 00:00:00-04:00,123.9568666733808,124.36066400595594,123.31251090132922,123.64757537841797,561600,0.0,0.0
2020-08-11 00:00:00-04:00,124.05997928435612,124.14589864484688,121.90353967435766,122.43620300292969,998400,0.0,0.0
2020-08-12 00:00:00-04:00,122.83142176141767,126.06178804208118,122.4276243376529,125.4518051147461,878700,0.0,0.0
2020-08-13 00:00:00-04:00,125.86420836590109,126.2851923487819,124.94492082454609,125.92435455322266,734900,0.0,0.0
2020-08-14 00:00:00-04:00,125.83843278544835,126.23363045950659,125.1854900881811,125.49478149414062,514000,0.0,0.0
2020-08-17 00:00:00-04:00,125.71811916137541,127.91751828730243,125.27996191829637,127.4364013671875,863900,0.0,0.0
2020-08-18 00:00:00-04:00,127.3161134216986,129.11171505758512,126.57725159940028,128.51890563964844,1046300,0.0,0.0
2020-08-19 00:00:00-04:00,127.53949525488021,127.99483899477126,126.83500636105846,126.94668579101562,1220100,0.0,0.0
2020-08-20 00:00:00-04:00,126.58732680520724,128.61735958976664,126.41456114254105,127.62394714355469,1241200,0.804,0.0
2020-08-21 00:00:00-04:00,127.8744962479197,128.09045669057053,126.7601461635603,127.35618591308594,707400,0.0,0.0
2020-08-24 00:00:00-04:00,127.84856440871987,128.88517175417667,127.11429373255012,128.57418823242188,436800,0.0,0.0
2020-08-25 00:00:00-04:00,129.3170934992685,129.3170934992685,127.82265112243364,128.42733764648438,503600,0.0,0.0
2020-08-26 00:00:00-04:00,128.17681620411122,129.12703402114172,127.23521887636949,128.8419647216797,1042500,0.0,0.0
2020-08-27 00:00:00-04:00,129.4984858538889,130.1550006660315,128.34094137675237,128.45323181152344,646500,0.0,0.0
2020-08-28 00:00:00-04:00,128.6346540925964,128.9456375916686,127.14884550604884,128.88516235351562,407000,0.0,0.0
2020-08-31 00:00:00-04:00,128.55689602647035,129.2306913297617,128.24591256486087,128.40139770507812,682400,0.0,0.0
2020-09-01 00:00:00-04:00,128.4014109467415,128.49643404706538,126.65644727769231,128.21136474609375,644400,0.0,0.0
2020-09-02 00:00:00-04:00,127.857205863954,130.10319956682775,127.857205863954,129.07522583007812,773200,0.0,0.0
2020-09-03 00:00:00-04:00,129.35162077501457,131.45938279694266,126.9760568369758,128.15951538085938,861800,0.0,0.0
2020-09-04 00:00:00-04:00,128.60873598190364,129.20478876873378,126.3454621260286,128.5396270751953,779500,0.0,0.0
2020-09-08 00:00:00-04:00,128.34091845638937,128.79875332724112,125.4124835629884,125.7061996459961,924300,0.0,0.0
2020-09-09 00:00:00-04:00,126.79469135571463,128.7642494965826,126.66512036533348,127.60670471191406,624200,0.0,0.0
2020-09-10 00:00:00-04:00,127.32159876474094,127.73623899598861,125.19654286489293,125.38658905029297,694900,0.0,0.0
2020-09-11 00:00:00-04:00,125.64573961628531,126.8983071159469,125.34340300942897,125.68893432617188,484400,0.0,0.0
2020-09-14 00:00:00-04:00,126.25044475884941,126.81194970840637,124.80783086640447,124.82511138916016,585600,0.0,0.0
2020-09-15 00:00:00-04:00,124.98060026752982,126.44049472614974,124.177233881384,124.68689727783203,882200,0.0,0.0
2020-09-16 00:00:00-04:00,125.47299304142113,126.18998315482762,123.66756725167417,123.6934814453125,629200,0.0,0.0
2020-09-17 00:00:00-04:00,123.14059027935232,123.14059027935232,120.55769983049667,121.36971282958984,857700,0.0,0.0
2020-09-18 00:00:00-04:00,121.6893714271194,122.25087641944438,119.31380684258035,120.0048828125,1567900,0.0,0.0
2020-09-21 00:00:00-04:00,119.21013981060389,119.78891209605911,116.62724870281721,118.34629821777344,1291200,0.0,0.0
2020-09-22 00:00:00-04:00,118.32899402894655,119.47790469936585,117.94890169513278,118.71772003173828,623000,0.0,0.0
2020-09-23 00:00:00-04:00,119.26196897359524,119.63342771514243,115.75477419285957,116.04847717285156,1083900,0.0,0.0
2020-09-24 00:00:00-04:00,116.21262178618099,119.13241092351787,116.20398811448395,118.91645050048828,963900,0.0,0.0
2020-09-25 00:00:00-04:00,118.48451899278047,120.55773359483807,117.91438036380268,120.52318572998047,684900,0.0,0.0
2020-09-28 00:00:00-04:00,121.20558751425342,122.59637272750578,120.63544901365142,121.29197692871094,589900,0.0,0.0
2020-09-29 00:00:00-04:00,122.92464674733033,123.33928697208496,121.19696376614839,121.96578216552734,735300,0.0,0.0
2020-09-30 00:00:00-04:00,122.17311836525624,124.73872912303757,121.9917190000186,123.82305908203125,798500,0.0,0.0
2020-10-01 00:00:00-04:00,123.95263865533714,124.84239446841157,122.41500162801374,124.33271789550781,759700,0.0,0.0
2020-10-02 00:00:00-04:00,123.96124996730336,124.43636540829102,122.74323034072808,123.46022033691406,535700,0.0,0.0
2020-10-05 00:00:00-04:00,123.68481965205481,124.51411329183239,123.20107052100758,124.19449615478516,432700,0.0,0.0
2020-10-06 00:00:00-04:00,123.89218475291102,124.18588779047234,121.87943185224786,122.28543853759766,680300,0.0,0.0
2020-10-07 00:00:00-04:00,122.68274500802951,124.4622559754653,122.44950416650796,123.88348388671875,615300,0.0,0.0
2020-10-08 00:00:00-04:00,123.66755016870928,124.5313916537975,123.25289676542094,123.96988677978516,474300,0.0,0.0
2020-10-09 00:00:00-04:00,124.6091486668913,126.4750496544325,124.26361730527695,125.80125427246094,612700,0.0,0.0
2020-10-12 00:00:00-04:00,127.00196330336883,128.68645135713993,126.57867628219624,127.91763305664062,601600,0.0,0.0
2020-10-13 00:00:00-04:00,127.34752439100274,129.02337916846963,127.09701613203028,128.58282470703125,574300,0.0,0.0
2020-10-14 00:00:00-04:00,128.2891447684478,129.7749537629026,128.07318431205823,129.11843872070312,577000,0.0,0.0
2020-10-15 00:00:00-04:00,128.3409723608928,130.3018836007195,127.92631883937267,129.93907165527344,579600,0.0,0.0
2020-10-16 00:00:00-04:00,130.37960108999576,131.00156807134476,129.41210275508675,129.5071258544922,912200,0.0,0.0
2020-10-19 00:00:00-04:00,130.09453999837072,130.2241109557071,127.20929926364856,127.4166259765625,614200,0.0,0.0
2020-10-20 00:00:00-04:00,128.40136015610753,128.89375598515198,126.75142024003492,126.8810043334961,434700,0.0,0.0
2020-10-21 00:00:00-04:00,126.45775085574452,127.26113026809578,125.32612065165289,125.75804138183594,688600,0.0,0.0
2020-10-22 00:00:00-04:00,126.05174041715203,126.18995821001859,124.79053930547374,125.63710021972656,442500,0.0,0.0
2020-10-23 00:00:00-04:00,126.46643258534175,126.69967355900654,125.965415947365,126.41460418701172,383700,0.0,0.0
2020-10-26 00:00:00-04:00,126.02587368551518,126.02587368551518,123.68485671905026,124.56597900390625,610600,0.0,0.0
2020-10-27 00:00:00-04:00,124.92876733278757,125.14472773167908,122.97649007203188,123.09742736816406,825100,0.0,0.0
2020-10-28 00:00:00-04:00,121.47339910042378,122.52728688545729,119.31379514440046,119.38290405273438,858300,0.0,0.0
2020-10-29 00:00:00-04:00,119.13236420006508,120.47132093394818,117.89706421060522,119.0632553100586,710800,0.0,0.0
2020-10-30 00:00:00-04:00,118.45859069260214,119.39154110678392,117.33559409139212,118.74365997314453,783900,0.0,0.0
2020-11-02 00:00:00-05:00,120.6441121100231,122.66549814126313,120.22945868219762,121.61161041259766,1266100,0.0,0.0
2020-11-03 00:00:00-05:00,122.51000066585895,124.87691780097325,122.45815910671476,123.2874526977539,569800,0.0,0.0
2020-11-04 00:00:00-05:00,124.2204170807979,126.63052919693813,123.63299797469278,124.34135437011719,985000,0.0,0.0
2020-11-05 00:00:00-05:00,125.758052408702,126.36273884774417,124.26361024196012,124.91149139404297,923600,0.0,0.0
2020-11-06 00:00:00-05:00,128.6260015880612,130.2068332071077,126.82057591112363,129.05792236328125,1354900,0.0,0.0
2020-11-09 00:00:00-05:00,131.79631968553926,133.4548939814179,129.23934274115751,129.33436584472656,1168400,0.0,0.0
2020-11-10 00:00:00-05:00,129.7317265478097,132.6515154049975,129.10977271584392,131.5285186767578,987700,0.0,0.0
2020-11-11 00:00:00-05:00,132.1072859391154,132.88475126650607,130.9151935269986,132.73789978027344,697200,0.0,0.0
2020-11-12 00:00:00-05:00,133.02296323229385,133.18708205238843,131.21752439949552,132.65150451660156,584500,0.0,0.0
2020-11-13 00:00:00-05:00,133.09209145436233,133.30805187028918,131.51125962803647,133.0316162109375,580400,0.0,0.0
2020-11-16 00:00:00-05:00,133.85224824671275,134.31873007461735,132.85018886493927,133.9990997314453,783900,0.0,0.0
2020-11-17 00:00:00-05:00,133.4807872380159,133.86951326212446,131.82221320229124,132.10726928710938,701000,0.0,0.0
2020-11-18 00:00:00-05:00,132.60831036295315,133.3684951378651,130.05998045036986,130.12908935546875,678200,0.0,0.0
2020-11-19 00:00:00-05:00,129.47252156402504,130.19335889062495,128.2219128649555,129.75042724609375,659400,0.804,0.0
2020-11-20 00:00:00-05:00,129.48117760697477,129.71567000764477,127.69211786919259,128.34347534179688,600600,0.0,0.0
2020-11-23 00:00:00-05:00,128.08294482204923,128.83852859075697,127.06682863506633,127.51844024658203,657000,0.0,0.0
2020-11-24 00:00:00-05:00,128.1871629007464,129.29011873981014,127.77028455417344,128.71693420410156,2261500,0.0,0.0
2020-11-25 00:00:00-05:00,128.89931787290112,129.6896348972567,128.36954652438737,128.66482543945312,1565300,0.0,0.0
2020-11-27 00:00:00-05:00,128.91670837805728,128.92538837604945,127.1450081466574,128.5780029296875,1252900,0.0,0.0
2020-11-30 00:00:00-05:00,128.01346750121306,128.5606120936895,126.99735129511645,128.43902587890625,1507400,0.0,0.0
2020-12-01 00:00:00-05:00,129.40301876707068,130.38440160638254,128.6127018478355,130.3062286376953,1325500,0.0,0.0
2020-12-02 00:00:00-05:00,130.3062077893484,131.8260416592186,128.9253333394651,129.6201171875,1094700,0.0,0.0
2020-12-03 00:00:00-05:00,129.40307909181334,130.43656889077135,129.29886608751772,130.12391662597656,719400,0.0,0.0
2020-12-04 00:00:00-05:00,130.27151381109078,131.2268435464669,130.16730084065108,131.02708435058594,1002500,0.0,0.0
2020-12-07 00:00:00-05:00,131.83478420979,132.6251012981461,129.12512751426985,130.02835083007812,879900,0.0,0.0
2020-12-08 00:00:00-05:00,129.4898961076835,131.74792783526658,129.2640836585922,130.81866455078125,814300,0.0,0.0
2020-12-09 00:00:00-05:00,130.66232284865666,132.61639551314875,129.48988720110344,132.1300506591797,1179100,0.0,0.0
2020-12-10 00:00:00-05:00,132.2951002907447,132.71196553167297,129.99362833673584,130.01100158691406,899800,0.0,0.0
2020-12-11 00:00:00-05:00,129.39433746038105,130.44518675825384,129.38564421289178,129.49855041503906,613700,0.0,0.0
2020-12-14 00:00:00-05:00,129.89809489831467,131.6437286778738,129.43778995450674,129.52464294433594,579600,0.0,0.0
2020-12-15 00:00:00-05:00,129.84593296435372,130.98364845307015,129.5940805787288,130.4712371826172,689100,0.0,0.0
2020-12-16 00:00:00-05:00,130.41048123706324,131.72187645216263,129.8112301166316,130.5146942138672,743500,0.0,0.0
2020-12-17 00:00:00-05:00,131.22686609352496,132.69458093637644,130.5755084125549,131.66978454589844,797100,0.0,0.0
2020-12-18 00:00:00-05:00,131.91292328358546,132.3124283899133,130.38440908717547,131.0357666015625,1717300,0.0,0.0
2020-12-21 00:00:00-05:00,129.41169380492403,130.65362223784356,127.53579441443145,129.97621154785156,846100,0.0,0.0
2020-12-22 00:00:00-05:00,129.75913271487016,129.97625193301891,128.70826986819188,129.07302856445312,560000,0.0,0.0
2020-12-23 00:00:00-05:00,129.8198917414904,130.52335573916926,129.55066608824566,129.79383850097656,580100,0.0,0.0
2020-12-24 00:00:00-05:00,129.6636293598469,130.4278801710832,129.26412407631895,130.22813415527344,188200,0.0,0.0
2020-12-28 00:00:00-05:00,131.27895322300165,131.91293756176105,130.64495563233825,131.83477783203125,432900,0.0,0.0
2020-12-29 00:00:00-05:00,132.43402851047512,132.85089365294942,131.33973929011216,131.52212524414062,518700,0.0,0.0
2020-12-30 00:00:00-05:00,131.582899717992,132.00845807061515,130.5928368125385,130.73179626464844,387600,0.0,0.0
2020-12-31 00:00:00-05:00,130.61022732602342,132.47744717248293,129.84596349027223,132.29507446289062,479300,0.0,0.0
2021-01-04 00:00:00-05:00,132.88563297593998,133.24171165130667,129.91544385253243,131.0531463623047,861600,0.0,0.0
2021-01-05 00:00:00-05:00,131.12260623186492,131.60895105531296,129.84594444436257,130.90548706054688,678500,0.0,0.0
2021-01-06 00:00:00-05:00,131.8434944798577,133.6846615243559,131.06187046147085,131.36582946777344,835800,0.0,0.0
2021-01-07 00:00:00-05:00,131.3484584387057,132.28641513314938,130.47998149035857,131.28765869140625,600000,0.0,0.0
2021-01-08 00:00:00-05:00,131.53949053882673,132.30374104518103,131.0097192067443,132.03451538085938,552600,0.0,0.0
2021-01-11 00:00:00-05:00,131.87820454104448,132.3819094125225,130.12387773228699,130.36705017089844,613700,0.0,0.0
2021-01-12 00:00:00-05:00,129.95015136564732,130.92284086813908,128.77770271382911,129.7330322265625,621700,0.0,0.0
2021-01-13 00:00:00-05:00,129.7070015350198,131.8173935728292,129.35960290096074,130.2020263671875,709700,0.0,0.0
2021-01-14 00:00:00-05:00,130.5407663494595,130.8186853303621,127.96138878504779,128.03086853027344,836700,0.0,0.0
2021-01-15 00:00:00-05:00,127.7442445893354,129.82859678310126,127.56187188917197,128.93406677246094,1193700,0.0,0.0
2021-01-19 00:00:00-05:00,129.44647404386998,130.57549657222165,128.6908901911636,129.18592834472656,790300,0.0,0.0
2021-01-20 00:00:00-05:00,129.22935793673594,130.0544082938955,128.18718836706572,129.9501953125,872800,0.0,0.0
2021-01-21 00:00:00-05:00,130.271531275551,130.271531275551,128.7516967440029,129.38568115234375,826500,0.0,0.0
2021-01-22 00:00:00-05:00,129.27280044430805,129.90678491284564,128.3000972404635,128.70828247070312,643200,0.0,0.0
2021-01-25 00:00:00-05:00,128.4042769187923,130.33229612566092,127.63133323689647,128.12635803222656,1114400,0.0,0.0
2021-01-26 00:00:00-05:00,128.16111779711645,130.18465692250095,126.48495081212477,129.85464477539062,1167100,0.0,0.0
2021-01-27 00:00:00-05:00,129.39433792330757,129.8459362297091,126.45888267218916,126.96260070800781,1251800,0.0,0.0
2021-01-28 00:00:00-05:00,127.15367353420906,129.62882411396163,126.88444788448639,128.71693420410156,1220800,0.0,0.0
2021-01-29 00:00:00-05:00,127.97005012607622,130.01965571748755,126.20704344279183,126.3112564086914,1366600,0.0,0.0
2021-02-01 00:00:00-05:00,126.49362214640507,127.11892641123944,125.59909223319248,126.02465057373047,848100,0.0,0.0
2021-02-02 00:00:00-05:00,126.58044750040864,128.95138459039902,126.0941027898362,127.77025604248047,1001900,0.0,0.0
2021-02-03 00:00:00-05:00,127.752949868095,128.34350776486778,126.42418134845121,127.30133819580078,889800,0.0,0.0
2021-02-04 00:00:00-05:00,128.41296413990634,130.27150372970738,126.19834592612077,127.85713958740234,1273000,0.0,0.0
2021-02-05 00:00:00-05:00,128.44774271127508,129.75045820835456,127.31003996413082,127.31873321533203,825500,0.0,0.0
2021-02-08 00:00:00-05:00,131.35709456535545,131.46130752374077,127.95266765511299,129.6896209716797,2026200,0.0,0.0
2021-02-09 00:00:00-05:00,129.58541716036112,131.3657838339913,129.53329742558734,129.9414825439453,1090000,0.0,0.0
2021-02-10 00:00:00-05:00,130.5494185272542,130.83600416477458,129.59408889584554,130.27149963378906,883400,0.0,0.0
2021-02-11 00:00:00-05:00,129.90678927424958,130.94895900801595,129.79388302535662,130.6363067626953,871400,0.0,0.0
2021-02-12 00:00:00-05:00,130.1412783028472,131.8000592319585,130.00231880820652,131.4700469970703,785700,0.0,0.0
2021-02-16 00:00:00-05:00,131.33108750242963,132.28641746320096,130.40181079041506,131.4700469970703,1197600,0.0,0.0
2021-02-17 00:00:00-05:00,131.07914786602723,132.40792906305666,131.0096814097754,131.3917999267578,864800,0.0,0.0
2021-02-18 00:00:00-05:00,130.80160704370772,134.3377322445285,130.80160704370772,133.578125,1385900,0.804,0.0
2021-02-19 00:00:00-05:00,133.69163905443068,134.0845522693669,129.87612293304153,129.96343994140625,1166000,0.0,0.0
2021-02-22 00:00:00-05:00,130.18169916685653,130.18169916685653,127.91159052470884,129.43954467773438,862100,0.0,0.0
2021-02-23 00:00:00-05:00,130.13808369182775,131.36918178527532,128.43550830871268,129.20384216308594,1477900,0.0,0.0
2021-02-24 00:00:00-05:00,129.1950818121765,129.65783260684253,128.45292727288745,128.84584045410156,774700,0.0,0.0
2021-02-25 00:00:00-05:00,128.7323310175105,130.21662677338475,128.6013555162045,128.84584045410156,1589800,0.0,0.0
2021-02-26 00:00:00-05:00,129.2649525488719,130.03328631886933,127.09088679213052,127.16946411132812,1053900,0.0,0.0
2021-03-01 00:00:00-05:00,127.63219163473335,129.14269310415781,126.35744872519646,126.76781463623047,1177200,0.0,0.0
2021-03-02 00:00:00-05:00,126.68925253909103,127.89414465918166,125.36211127765702,126.90753173828125,969600,0.0,0.0
2021-03-03 00:00:00-05:00,126.83771610043097,127.3091934399249,125.94713298948827,126.0519027709961,1101000,0.0,0.0
2021-03-04 00:00:00-05:00,126.47097073500706,130.18171704481156,126.13045572419202,127.55362701416016,1251100,0.0,0.0
2021-03-05 00:00:00-05:00,128.0774833234861,131.67471965269812,127.52741557156575,131.29928588867188,1031700,0.0,0.0
2021-03-08 00:00:00-05:00,132.10259200445873,135.00133323665466,131.0199222328613,132.53041076660156,1112900,0.0,0.0
2021-03-09 00:00:00-05:00,132.51294389210716,133.77896062029546,131.40408179708325,131.4564666748047,953000,0.0,0.0
2021-03-10 00:00:00-05:00,131.21199786661805,134.03216153412953,130.13806788199764,133.28128051757812,1121100,0.0,0.0
2021-03-11 00:00:00-05:00,132.59153077153002,133.67420050577815,132.3034006005759,132.62644958496094,959300,0.0,0.0
2021-03-12 00:00:00-05:00,133.10662676069845,133.48207383709573,132.0239706726836,133.097900390625,756700,0.0,0.0
2021-03-15 00:00:00-04:00,133.9099629450674,134.04966487599444,132.08515143647725,133.86631774902344,773400,0.0,0.0
2021-03-16 00:00:00-04:00,134.24169977177928,134.69572421030767,133.26381327898355,134.0146942138672,916400,0.0,0.0
2021-03-17 00:00:00-04:00,135.74346830878142,136.08398332372656,134.18932148952365,134.9489288330078,995800,0.0,0.0
2021-03-18 00:00:00-04:00,134.4948797112748,136.60783367809444,134.45996090809297,136.26731872558594,673000,0.0,0.0
2021-03-19 00:00:00-04:00,136.77372664530233,137.03566432160375,135.02749323356426,135.07115173339844,1455300,0.0,0.0
2021-03-22 00:00:00-04:00,134.53857974330674,136.7475644315308,134.40761753756485,136.53802490234375,801700,0.0,0.0
2021-03-23 00:00:00-04:00,136.71264966863677,137.2889100363901,136.07527804396193,137.00950622558594,690000,0.0,0.0
2021-03-24 00:00:00-04:00,136.24985649996822,138.17071047392776,135.26323041783735,137.3063201904297,977400,0.0,0.0
2021-03-25 00:00:00-04:00,137.7865921529472,138.48508842009744,136.36340717436553,137.11428833007812,937200,0.0,0.0
2021-03-26 00:00:00-04:00,137.41111967429705,139.07876255727064,136.68643116623744,139.06130981445312,676500,0.0,0.0
2021-03-29 00:00:00-04:00,138.65093915813122,141.19171203565793,138.51996365522646,140.685302734375,818600,0.0,0.0
2021-03-30 00:00:00-04:00,140.4844910746904,141.0607513736095,138.3278914624643,138.70333862304688,1019300,0.0,0.0
2021-03-31 00:00:00-04:00,138.2929762294693,139.43675716216316,137.67305740895054,138.0921630859375,1170700,0.0,0.0
2021-04-01 00:00:00-04:00,138.11834294586734,139.27958984001467,136.45068673017948,138.6160125732422,932200,0.0,0.0
2021-04-05 00:00:00-04:00,138.79936068793072,140.8686429712116,138.44137964909632,139.1311492919922,979700,0.0,0.0
2021-04-06 00:00:00-04:00,139.3494383496301,141.0520133441749,139.02637609333905,140.36224365234375,941500,0.0,0.0
2021-04-07 00:00:00-04:00,140.57178387086105,140.88610640497112,139.62008989800398,140.19635009765625,771800,0.0,0.0
2021-04-08 00:00:00-04:00,140.1352232147069,140.62416641017873,139.17478956452808,139.79470825195312,995300,0.0,0.0
2021-04-09 00:00:00-04:00,140.24875699262773,140.40591162301274,138.49378368376424,139.2621307373047,714200,0.0,0.0
2021-04-12 00:00:00-04:00,139.3145246518431,139.95189623203905,138.799388899667,139.34945678710938,942700,0.0,0.0
2021-04-13 00:00:00-04:00,138.4326812304111,139.3931017856519,138.1096189318075,138.66842651367188,1136700,0.0,0.0
2021-04-14 00:00:00-04:00,138.70330317182297,138.86045776443075,136.9657963471255,138.11831665039062,889300,0.0,0.0
2021-04-15 00:00:00-04:00,140.57179881688901,140.87739501296406,139.33197461238387,140.48448181152344,1079600,0.0,0.0
2021-04-16 00:00:00-04:00,140.84242441761734,141.03451111879906,139.80341362196185,140.5630340576172,1260700,0.0,0.0
2021-04-19 00:00:00-04:00,140.5805137239953,141.1043890680577,139.27957837998918,140.5543212890625,772000,0.0,0.0
2021-04-20 00:00:00-04:00,140.26618694219502,142.48391073262573,139.9431380393201,141.6107940673828,836500,0.0,0.0
2021-04-21 00:00:00-04:00,142.13466475737818,143.18241547785,142.13466475737818,142.26564025878906,929800,0.0,0.0
2021-04-22 00:00:00-04:00,142.30931760613578,142.67602507778466,141.06949330026418,141.65447998046875,825900,0.0,0.0
2021-04-23 00:00:00-04:00,141.62830911633023,141.96008450443637,140.7027939399923,140.947265625,682500,0.0,0.0
2021-04-26 00:00:00-04:00,141.13059619964034,141.13059619964034,138.65967410627883,138.8517608642578,762000,0.0,0.0
2021-04-27 00:00:00-04:00,138.90414775928002,139.21847033847914,137.90006877382157,138.57237243652344,1063100,0.0,0.0
2021-04-28 00:00:00-04:00,139.0525800221282,140.52814958025192,138.3890160347915,138.70333862304688,1320900,0.0,0.0
2021-04-29 00:00:00-04:00,139.7161816443808,144.50085892245187,139.2708834619539,143.38327026367188,1609000,0.0,0.0
2021-04-30 00:00:00-04:00,143.12130583150682,144.05554721268123,142.4577418523819,143.45309448242188,1191000,0.0,0.0
2021-05-03 00:00:00-04:00,143.80233040917153,146.50899774510532,143.42689659021613,145.58349609375,1125400,0.0,0.0
2021-05-04 00:00:00-04:00,145.71445226979608,146.62248781780573,144.7278260898967,145.73191833496094,1261000,0.0,0.0
2021-05-05 00:00:00-04:00,145.56604420243838,147.48689863303017,145.43508200230718,146.99795532226562,960300,0.0,0.0
2021-05-06 00:00:00-04:00,147.8012242557193,149.1196259472312,146.61378476701418,147.23370361328125,951100,0.0,0.0
2021-05-07 00:00:00-04:00,147.2336860108872,147.67024439832602,146.15974278544027,147.1114501953125,780900,0.0,0.0
2021-05-10 00:00:00-04:00,147.43448395959265,149.4251889355438,147.3646330260694,148.70050048828125,1385200,0.0,0.0
2021-05-11 00:00:00-04:00,150.02761929722143,150.3157493591971,147.04156227679377,147.48684692382812,986700,0.0,0.0
2021-05-12 00:00:00-04:00,147.60035162738868,148.0107174610991,146.19463348531065,146.33433532714844,1071400,0.0,0.0
2021-05-13 00:00:00-04:00,146.03749147671655,150.64754649317257,145.8978029328113,149.8268280029297,1462700,0.0,0.0
2021-05-14 00:00:00-04:00,150.2197185787235,151.6079708204121,149.39898681640625,149.39898681640625,840300,0.0,0.0
2021-05-17 00:00:00-04:00,149.5037918740604,151.77390097334344,149.04978071236826,150.6039276123047,1123000,0.0,0.0
2021-05-18 00:00:00-04:00,150.45549209094213,152.1231350394993,150.45549209094213,150.8658447265625,1372400,0.0,0.0
2021-05-19 00:00:00-04:00,150.33323048425285,151.11904352602963,149.40772889250354,150.42054748535156,998800,0.0,0.0
2021-05-20 00:00:00-04:00,150.53806667581014,152.7749557152819,150.4152577638673,151.83633422851562,1006600,0.804,0.0
2021-05-21 00:00:00-04:00,152.26622654954687,153.28379411810218,151.98551271608102,152.4241180419922,904500,0.0,0.0
2021-05-24 00:00:00-04:00,152.64340720859423,153.59079623501725,152.4153372779478,152.7223663330078,725500,0.0,0.0
2021-05-25 00:00:00-04:00,152.70479070359195,153.2925200756302,151.12580927899808,153.26620483398438,766600,0.0,0.0
2021-05-26 00:00:00-04:00,152.96800561041104,153.71362667168071,152.4416738381959,152.8978271484375,814800,0.0,0.0
2021-05-27 00:00:00-04:00,152.89777960030762,153.4328784944246,151.7661706575045,152.1521453857422,1026000,0.0,0.0
2021-05-28 00:00:00-04:00,152.21359010990332,152.82763486517322,151.77498480111453,151.80130004882812,871100,0.0,0.0
2021-06-01 00:00:00-04:00,152.33636953651734,153.16094949885516,150.76615533968186,151.45037841796875,752200,0.0,0.0
2021-06-02 00:00:00-04:00,151.99428764820718,152.827635058928,151.52058641841853,152.2311248779297,767800,0.0,0.0
2021-06-03 00:00:00-04:00,151.98552401414688,153.1873117983973,151.45920561503218,153.1083526611328,758100,0.0,0.0
2021-06-04 00:00:00-04:00,153.38903550987868,153.99431292390895,152.82762129986824,153.4241180419922,599100,0.0,0.0
2021-06-07 00:00:00-04:00,153.8627418470322,153.8627418470322,151.59076948791792,152.62588500976562,648600,0.0,0.0
2021-06-08 00:00:00-04:00,152.8890321334608,152.8890321334608,151.8276147854611,152.26622009277344,552600,0.0,0.0
2021-06-09 00:00:00-04:00,151.85390038916566,152.2749576541414,151.35388401155706,151.6345977783203,553900,0.0,0.0
2021-06-10 00:00:00-04:00,151.57319692920967,153.21358967179282,151.57319692920967,152.9679718017578,580100,0.0,0.0
2021-06-11 00:00:00-04:00,153.58204369481368,153.58204369481368,152.10832282825925,153.33642578125,443500,0.0,0.0
2021-06-14 00:00:00-04:00,152.9943268790797,153.22239685058594,151.71359332173284,153.22239685058594,618500,0.0,0.0
2021-06-15 00:00:00-04:00,153.3451836211418,153.57326694480693,152.5118362239548,153.38027954101562,434400,0.0,0.0
2021-06-16 00:00:00-04:00,153.6346523737533,153.7486940264163,151.3538996315167,151.4679412841797,667200,0.0,0.0
2021-06-17 00:00:00-04:00,151.46794978937695,152.42410611258885,150.47669754714244,152.20480346679688,502500,0.0,0.0
2021-06-18 00:00:00-04:00,151.34513720205686,151.34513720205686,149.450359175558,149.55563354492188,1333200,0.0,0.0
2021-06-21 00:00:00-04:00,150.3889729290734,151.16968975251413,150.16088962851907,151.0907440185547,856900,0.0,0.0
2021-06-22 00:00:00-04:00,151.61705317439475,152.24864577840967,150.95914532731,151.11705017089844,615100,0.0,0.0
2021-06-23 00:00:00-04:00,150.55568780662904,150.67849677826206,149.41531113565154,149.4503936767578,803600,0.0,0.0
2021-06-24 00:00:00-04:00,149.21351436130325,152.30128574517684,148.67841541029145,151.22232055664062,1959600,0.0,0.0
2021-06-25 00:00:00-04:00,151.36270202938982,153.8013465928823,150.85391824047215,153.61712646484375,1778500,0.0,0.0
2021-06-28 00:00:00-04:00,153.6434517339287,154.26627723249706,152.51185579843485,153.1083526611328,762200,0.0,0.0
2021-06-29 00:00:00-04:00,152.79251567729708,153.40657372422908,150.45914596260045,150.8802032470703,998800,0.0,0.0
2021-06-30 00:00:00-04:00,150.8802287504402,152.9855289138194,150.7925023331444,152.79254150390625,1235400,0.0,0.0
2021-07-01 00:00:00-04:00,152.81887648607,153.91538982196198,152.14342052331222,152.37149047851562,875400,0.0,0.0
2021-07-02 00:00:00-04:00,152.92410936957657,153.43289307011665,152.3275992642237,152.63462829589844,661100,0.0,0.0
2021-07-06 00:00:00-04:00,152.7311355592153,153.88027928446047,151.7574312740156,153.59957885742188,879200,0.0,0.0
2021-07-07 00:00:00-04:00,153.58200497443988,156.45925413807782,153.45919604862007,154.88905334472656,1338800,0.0,0.0
2021-07-08 00:00:00-04:00,154.31006254282224,155.70482366632285,153.50303069679987,154.2047882080078,976400,0.0,0.0
2021-07-09 00:00:00-04:00,154.87152711768624,155.45048929999888,154.47678504253525,155.04696655273438,779400,0.0,0.0
2021-07-12 00:00:00-04:00,154.73994295141375,155.1522330001389,153.80133457901087,155.10838317871094,794100,0.0,0.0
2021-07-13 00:00:00-04:00,154.73995732334592,155.34523482918792,153.75748565309377,154.32766723632812,755600,0.0,0.0
2021-07-14 00:00:00-04:00,154.41536940830733,156.15224251979413,153.95044889556172,155.7662811279297,669800,0.0,0.0
2021-07-15 00:00:00-04:00,155.4417263564982,157.590889797591,155.4417263564982,157.45054626464844,565500,0.0,0.0
2021-07-16 00:00:00-04:00,157.7488032305243,158.40671126154373,157.21370416322156,157.88916015625,852600,0.0,0.0
2021-07-19 00:00:00-04:00,157.56454506072737,159.00316973923955,156.19609882813893,157.3978729248047,1037800,0.0,0.0
2021-07-20 00:00:00-04:00,158.14352416992188,159.8628628166185,157.73123412161124,158.14352416992188,824400,0.0,0.0
2021-07-21 00:00:00-04:00,158.51195934073598,158.5733705101744,156.0645475543424,156.16104125976562,569200,0.0,0.0
2021-07-22 00:00:00-04:00,155.6873352404919,156.31892795020357,154.9504815408855,155.1873321533203,555200,0.0,0.0
2021-07-23 00:00:00-04:00,155.3627515659454,157.38033838486996,155.08203778219212,157.24874877929688,563100,0.0,0.0
2021-07-26 00:00:00-04:00,157.03825225145818,157.38036386506485,156.01191741063815,156.14349365234375,719200,0.0,0.0
2021-07-27 00:00:00-04:00,155.95925048464912,157.6873562579602,155.8101263043596,157.23121643066406,901600,0.0,0.0
2021-07-28 00:00:00-04:00,156.69611461043738,157.0820893688924,153.86271508140146,154.82765197753906,1075800,0.0,0.0
2021-07-29 00:00:00-04:00,153.73114250650477,157.2750670919302,152.81006879020208,156.59962463378906,1138900,0.0,0.0
2021-07-30 00:00:00-04:00,156.71365247732095,157.70490463826624,156.28382789332676,156.91542053222656,788400,0.0,0.0
2021-08-02 00:00:00-04:00,157.50316283966467,157.50316283966467,155.88909857953968,156.50314331054688,701500,0.0,0.0
2021-08-03 00:00:00-04:00,156.53825435104363,158.05582518800068,156.27508845121022,157.766357421875,546500,0.0,0.0
2021-08-04 00:00:00-04:00,157.8979082886501,157.96808674299896,156.17856962003154,156.28384399414062,626500,0.0,0.0
2021-08-05 00:00:00-04:00,157.0207095272891,157.7487959877425,156.51192573377327,156.80140686035156,648400,0.0,0.0
2021-08-06 00:00:00-04:00,157.19614027284788,157.70492403816968,156.266299158187,156.66104125976562,444800,0.0,0.0
2021-08-09 00:00:00-04:00,156.6610318587487,157.25754200425743,156.266289780858,156.55577087402344,422200,0.0,0.0
2021-08-10 00:00:00-04:00,156.83647338467154,157.34525712624085,156.3013743965703,156.98561096191406,557600,0.0,0.0
2021-08-11 00:00:00-04:00,157.16979112806132,157.7926164228007,156.49433534915192,156.73118591308594,518700,0.0,0.0
2021-08-12 00:00:00-04:00,157.21364598958257,157.2311939450983,155.6258973371967,155.82765197753906,667800,0.0,0.0
2021-08-13 00:00:00-04:00,156.27505358874765,157.66104785918174,156.2487383431522,157.37156677246094,624300,0.0,0.0
2021-08-16 00:00:00-04:00,157.5908849443704,158.97687935143452,157.5908849443704,158.9154815673828,471800,0.0,0.0
2021-08-17 00:00:00-04:00,159.15228414524944,160.2751258259158,158.6435138675887,159.76634216308594,691800,0.0,0.0
2021-08-18 00:00:00-04:00,159.41550277026667,159.59094223984297,157.32775032751337,157.4680938720703,706700,0.0,0.0
2021-08-19 00:00:00-04:00,156.63140738093333,159.7083074759909,156.57851138944258,158.9148406982422,531400,0.901,0.0
2021-08-20 00:00:00-04:00,158.91483189820084,159.64659112958643,157.92740423786987,158.7208709716797,631300,0.0,0.0
2021-08-23 00:00:00-04:00,158.69443666684876,159.05591055679207,157.53949597464887,157.59239196777344,755300,0.0,0.0
2021-08-24 00:00:00-04:00,157.5747696527015,157.66293861763205,155.25607654521528,155.2913360595703,1053800,0.0,0.0
2021-08-25 00:00:00-04:00,154.98274607805612,155.37066796925953,154.330344218027,154.81524658203125,549800,0.0,0.0
2021-08-26 00:00:00-04:00,154.40968774289655,155.0180185747492,153.81899339314384,154.38323974609375,518600,0.0,0.0
2021-08-27 00:00:00-04:00,154.87694957406035,155.42355943061915,153.98650231536072,154.84169006347656,570300,0.0,0.0
2021-08-30 00:00:00-04:00,154.52430611949322,156.48153861707627,154.52430611949322,155.63516235351562,597000,0.0,0.0
2021-08-31 00:00:00-04:00,155.51176135316456,156.93119574038488,155.34424837381917,156.6667022705078,1127900,0.0,0.0
2021-09-01 00:00:00-04:00,157.15155480484043,157.4160481907026,155.8467378079973,157.12510681152344,526100,0.0,0.0
2021-09-02 00:00:00-04:00,157.19563927793286,157.96265798951006,156.42860711366322,157.12510681152344,545900,0.0,0.0
2021-09-03 00:00:00-04:00,157.08102072194072,157.23972213290185,155.88199571070444,156.92233276367188,462900,0.0,0.0
2021-09-07 00:00:00-04:00,156.8694477834214,156.8694477834214,153.07842469386514,153.1665802001953,687300,0.0,0.0
2021-09-08 00:00:00-04:00,153.15777936963636,155.82913489156178,152.77866896261742,155.7233428955078,744600,0.0,0.0
2021-09-09 00:00:00-04:00,155.67920718466846,155.7673626681396,154.28622139999132,154.6388702392578,623500,0.0,0.0
2021-09-10 00:00:00-04:00,154.56839101643752,155.03565690244162,153.6602937888526,154.3391571044922,570600,0.0,0.0
2021-09-13 00:00:00-04:00,154.7887690492932,156.2875468816597,154.60361965375003,154.70941162109375,475800,0.0,0.0
2021-09-14 00:00:00-04:00,154.70062966138622,155.12381106429547,153.49279296116669,153.8895263671875,648100,0.0,0.0
2021-09-15 00:00:00-04:00,153.6602812646786,155.4147411624183,153.59857376066506,154.35678100585938,516300,0.0,0.0
2021-09-16 00:00:00-04:00,154.40969808776677,155.42357390698425,153.21948434112443,154.7799835205078,498700,0.0,0.0
2021-09-17 00:00:00-04:00,154.32148472333574,155.3530101817437,153.99528386630405,154.3479461669922,1278400,0.0,0.0
2021-09-20 00:00:00-04:00,153.68670708516896,154.48898516752283,151.5443258210359,152.90203857421875,629000,0.0,0.0
2021-09-21 00:00:00-04:00,153.36052020235311,154.08346790007192,151.30630750242818,151.44737243652344,662100,0.0,0.0
2021-09-22 00:00:00-04:00,152.3466575955725,152.716942989699,150.48640565787204,151.9851837158203,768700,0.0,0.0
2021-09-23 00:00:00-04:00,152.33780069015398,153.99527982819728,151.95870386113268,152.5846710205078,741200,0.0,0.0
2021-09-24 00:00:00-04:00,153.03430502173063,154.400842856188,152.60229874616797,153.43984985351562,817200,0.0,0.0
2021-09-27 00:00:00-04:00,153.18419097879644,154.3303199903273,150.4334921132761,150.67152404785156,694900,0.0,0.0
2021-09-28 00:00:00-04:00,150.31889319136664,150.6803670722622,147.93847939148492,148.7143096923828,830500,0.0,0.0
2021-09-29 00:00:00-04:00,149.1727630951185,152.31138414716116,149.1463150993862,151.5531768798828,748700,0.0,0.0
2021-09-30 00:00:00-04:00,152.21441422417166,152.37311566225424,149.20804639519955,149.21685791015625,795200,0.0,0.0
2021-10-01 00:00:00-04:00,149.88687164768436,151.35920156526757,148.74956758114496,150.56573486328125,814500,0.0,0.0
2021-10-04 00:00:00-04:00,150.91839209915253,152.46125456832988,149.64002302951565,151.25341796875,1120900,0.0,0.0
2021-10-05 00:00:00-04:00,152.24084951467722,155.0091985871966,151.33276580023292,153.81898498535156,1099000,0.0,0.0
2021-10-06 00:00:00-04:00,153.60735883257502,157.75104324653572,153.00785311304554,157.41603088378906,1345000,0.0,0.0
2021-10-07 00:00:00-04:00,157.91854746339752,159.60247450779445,156.43740627123216,156.97520446777344,1367100,0.0,0.0
2021-10-08 00:00:00-04:00,157.0634033130757,157.63647462157783,156.07597557899612,156.71075439453125,639200,0.0,0.0
2021-10-11 00:00:00-04:00,156.64905362411085,157.77755990482427,156.24350866078652,157.1163330078125,849500,0.0,0.0
2021-10-12 00:00:00-04:00,157.39838305457616,159.25863447777854,156.70189693621242,158.25357055664062,1523000,0.0,0.0
2021-10-13 00:00:00-04:00,158.63269923313916,159.23221848257978,156.29637009479399,158.82666015625,858200,0.0,0.0
2021-10-14 00:00:00-04:00,159.57608278485242,160.66049107238163,158.5710184921606,160.6428680419922,844000,0.0,0.0
2021-10-15 00:00:00-04:00,160.60755566263094,160.6780881249649,157.85685689506488,158.35057067871094,2607600,0.0,0.0
2021-10-18 00:00:00-04:00,158.38585607802744,158.6591744590157,157.30144787932278,157.5747528076172,743300,0.0,0.0
2021-10-19 00:00:00-04:00,157.6540861930849,158.90600714460925,157.2573394065432,158.42991638183594,657800,0.0,0.0
2021-10-20 00:00:00-04:00,158.6062413565622,159.593682390697,158.45636491671402,158.86192321777344,610500,0.0,0.0
2021-10-21 00:00:00-04:00,160.31665182142416,160.31665182142416,158.37705573771018,158.9589385986328,543100,0.0,0.0
2021-10-22 00:00:00-04:00,158.9765725444389,161.06604506758538,158.78261159389342,160.54588317871094,481900,0.0,0.0
2021-10-25 00:00:00-04:00,160.49296003372558,160.51942148171852,158.7914095568879,158.89720153808594,597300,0.0,0.0
2021-10-26 00:00:00-04:00,159.47026713373583,160.73982467357038,158.8883843525295,160.2020263671875,692400,0.0,0.0
2021-10-27 00:00:00-04:00,160.82801479828927,160.98671625128497,157.4689842649841,158.262451171875,1025000,0.0,0.0
2021-10-28 00:00:00-04:00,157.63647766178613,160.3871769470263,156.93116635840056,158.1654510498047,1900900,0.0,0.0
2021-10-29 00:00:00-04:00,155.36185216784327,157.15157165521873,153.74845713905125,154.59483337402344,1043800,0.0,0.0
2021-11-01 00:00:00-04:00,154.63889866255434,155.34420992341742,153.3428930883677,154.00411987304688,753300,0.0,0.0
2021-11-02 00:00:00-04:00,154.5242783560967,155.40591397308387,152.276104842241,154.72705078125,709700,0.0,0.0
2021-11-03 00:00:00-04:00,154.7358552710261,156.0494971236802,154.18924551816596,155.6615753173828,618400,0.0,0.0
2021-11-04 00:00:00-04:00,155.4941237175729,155.91731864732446,153.76612483885887,154.61248779296875,600000,0.0,0.0
2021-11-05 00:00:00-04:00,155.10617382992422,156.10242655020474,154.24217454613876,154.63009643554688,900300,0.0,0.0
2021-11-08 00:00:00-05:00,155.0532458983171,155.0532458983171,152.6287480416119,154.0570068359375,560700,0.0,0.0
2021-11-09 00:00:00-05:00,153.65148127648925,155.34422034450006,153.48396832736884,155.3265838623047,763800,0.0,0.0
2021-11-10 00:00:00-05:00,155.78502466922856,158.69442515426198,155.26486283764706,158.30650329589844,874200,0.0,0.0
2021-11-11 00:00:00-05:00,158.29767561192517,158.29767561192517,156.4815084175552,157.23971557617188,433200,0.0,0.0
2021-11-12 00:00:00-05:00,157.68056818813858,157.7863601792609,156.45509496442466,156.65786743164062,564700,0.0,0.0
2021-11-15 00:00:00-05:00,157.01049225338687,157.35432962441496,155.71448675042888,156.46388244628906,659100,0.0,0.0
2021-11-16 00:00:00-05:00,156.83418738042067,157.85688810743986,156.56969395754408,156.68431091308594,745800,0.0,0.0
2021-11-17 00:00:00-05:00,156.68428460374437,158.47400384916352,156.43742770456188,158.0772705078125,645400,0.0,0.0
2021-11-18 00:00:00-05:00,158.0958770998453,159.97438001957843,157.71486561054027,159.59336853027344,840300,0.901,0.0
2021-11-19 00:00:00-05:00,160.38200296769108,160.7541584791729,158.42374162325976,158.90223693847656,1277700,0.0,0.0
2021-11-22 00:00:00-05:00,158.39715710721256,161.6934070283447,157.6528460980888,160.51490783691406,750500,0.0,0.0
2021-11-23 00:00:00-05:00,160.62126775377536,162.8010379135653,160.62126775377536,161.45419311523438,1283700,0.0,0.0
2021-11-24 00:00:00-05:00,161.45414675877188,161.75541352027003,159.69082626535567,160.3553924560547,708300,0.0,0.0
2021-11-26 00:00:00-05:00,159.87693979172903,161.06430864424317,157.25412543237846,157.65286254882812,609500,0.0,0.0
2021-11-29 00:00:00-05:00,158.2199437206323,159.42502449444467,156.81106639907813,158.75160217285156,1057200,0.0,0.0
2021-11-30 00:00:00-05:00,157.81236510438592,158.8933941412827,156.17309599350412,157.2718505859375,3210300,0.0,0.0
2021-12-01 00:00:00-05:00,158.44148991001276,158.93769732984953,155.13638343667023,155.51739501953125,1263700,0.0,0.0
2021-12-02 00:00:00-05:00,156.1199135744128,157.9275279175101,155.7566140942678,156.56295776367188,921500,0.0,0.0
2021-12-03 00:00:00-05:00,157.75029324536072,159.44272508192435,157.49333359676044,159.1503143310547,944500,0.0,0.0
2021-12-06 00:00:00-05:00,160.5503839285844,161.27696949704426,159.7351840983094,160.11619567871094,975300,0.0,0.0
2021-12-07 00:00:00-05:00,160.18708309622554,162.4023044174153,159.39846484670747,161.2681121826172,735100,0.0,0.0
2021-12-08 00:00:00-05:00,161.22378501665338,162.60608078599472,160.00984821010246,162.34912109375,1010300,0.0,0.0
2021-12-09 00:00:00-05:00,162.28707741146363,163.62507948567912,161.7199814029873,162.5972137451172,701400,0.0,0.0
2021-12-10 00:00:00-05:00,163.62510293513841,165.4947501798862,163.03142527248318,165.2643585205078,659100,0.0,0.0
2021-12-13 00:00:00-05:00,164.98966946120362,167.91376409951786,164.0769994240023,167.16058349609375,731700,0.0,0.0
2021-12-14 00:00:00-05:00,167.42640305722202,167.84286569329385,165.5656255009145,166.3099365234375,770600,0.0,0.0
2021-12-15 00:00:00-05:00,166.53147159100772,168.72896724218103,166.53147159100772,168.15301513671875,796800,0.0,0.0
2021-12-16 00:00:00-05:00,168.15298687538984,170.71378161900864,167.79854342952177,170.24415588378906,958700,0.0,0.0
2021-12-17 00:00:00-05:00,169.57959518414697,170.71378720677902,165.9377714725383,166.24789428710938,1694300,0.0,0.0
2021-12-20 00:00:00-05:00,165.39725838866946,166.65550225158952,164.56433315757022,166.39852905273438,568200,0.0,0.0
2021-12-21 00:00:00-05:00,166.35425104880184,167.83401714297023,164.88334097173504,165.99095153808594,599500,0.0,0.0
2021-12-22 00:00:00-05:00,166.5668811913716,167.64791004018977,165.94662206187797,167.35549926757812,549500,0.0,0.0
2021-12-23 00:00:00-05:00,167.71880344092907,168.40109526285653,166.84157109845094,166.99221801757812,292100,0.0,0.0
2021-12-27 00:00:00-05:00,167.19604080561373,168.294781889628,166.73527100100011,168.25048828125,282300,0.0,0.0
2021-12-28 00:00:00-05:00,168.27701149877655,169.49980400760697,168.27701149877655,169.2162628173828,401400,0.0,0.0
2021-12-29 00:00:00-05:00,169.2517698532871,170.7492616730366,168.79986955812038,169.96951293945312,413400,0.0,0.0
2021-12-30 00:00:00-05:00,170.65176161461616,170.65176161461616,169.27832189126508,169.4821319580078,313800,0.0,0.0
2021-12-31 00:00:00-05:00,169.1985419495398,171.90996972412913,169.1985419495398,171.43148803710938,538000,0.0,0.0
2022-01-03 00:00:00-05:00,170.9087458031121,171.43153474745387,169.18086249656122,171.20115661621094,798600,0.0,0.0
2022-01-04 00:00:00-05:00,171.35177050989748,173.83280708874153,171.09479731525167,172.66317749023438,721600,0.0,0.0
2022-01-05 00:00:00-05:00,173.40751523927898,175.59615489691473,173.39865922178544,174.55943298339844,963400,0.0,0.0
2022-01-06 00:00:00-05:00,175.07338086543206,176.01263258408926,173.79741116437376,174.17843627929688,710600,0.0,0.0
2022-01-07 00:00:00-05:00,174.07205016038822,174.7366164095528,173.07077953901197,173.5404052734375,998300,0.0,0.0
2022-01-10 00:00:00-05:00,173.8594271263888,175.17083429490634,171.40495824371854,172.46826171875,846200,0.0,0.0
2022-01-11 00:00:00-05:00,172.05177094268802,172.25556747462144,170.01376506144882,171.92771911621094,725900,0.0,0.0
2022-01-12 00:00:00-05:00,171.90114059138716,173.89483938690583,171.08594092858468,173.5315399169922,784700,0.0,0.0
2022-01-13 00:00:00-05:00,173.53153764839172,174.82523257676183,173.008748771576,174.3290252685547,708500,0.0,0.0
2022-01-14 00:00:00-05:00,174.2935317003786,177.13788053424796,173.1681959944506,176.80116271972656,765900,0.0,0.0
2022-01-18 00:00:00-05:00,175.56070597543305,176.38476173018208,173.10623722439334,175.72906494140625,1424300,0.0,0.0
2022-01-19 00:00:00-05:00,176.46449347190932,178.49364341070387,176.20753379369674,176.898681640625,1389400,0.0,0.0
2022-01-20 00:00:00-05:00,176.8986614788419,177.6518419157306,175.75561356093343,176.4733428955078,884500,0.0,0.0
2022-01-21 00:00:00-05:00,178.13035039599544,179.7784753647591,177.1733732992324,177.52781677246094,1011400,0.0,0.0
2022-01-24 00:00:00-05:00,177.32401979895235,178.98987044454503,173.59359492213517,177.1468048095703,1879100,0.0,0.0
2022-01-25 00:00:00-05:00,175.83539328992097,176.29616306736344,172.14926211165465,172.5834503173828,1552400,0.0,0.0
2022-01-26 00:00:00-05:00,172.32651084373103,173.58475506028097,170.94421476134207,172.01638793945312,1251600,0.0,0.0
2022-01-27 00:00:00-05:00,173.3808908483158,175.1973745130657,170.35047057550844,172.22897338867188,1182000,0.0,0.0
2022-01-28 00:00:00-05:00,171.47583249197652,174.56827238250978,169.24288591816813,174.40878295898438,889300,0.0,0.0
2022-01-31 00:00:00-05:00,173.442975838024,175.11768263925643,172.78726545042346,174.62147521972656,825000,0.0,0.0
2022-02-01 00:00:00-05:00,174.8252319543212,175.3657463818299,172.27329321190166,173.43406677246094,879000,0.0,0.0
2022-02-02 00:00:00-05:00,173.9480074146745,176.63285411979592,173.6555966273022,175.92398071289062,1406200,0.0,0.0
2022-02-03 00:00:00-05:00,176.33159349813354,182.67598975538087,176.33159349813354,180.69114685058594,1635000,0.0,0.0
2022-02-04 00:00:00-05:00,180.46076185313547,181.9493838345146,178.36072320854154,179.68099975585938,1251400,0.0,0.0
2022-02-07 00:00:00-05:00,181.71897686039378,182.38354303665884,178.43158355939056,181.39112854003906,1291300,0.0,0.0
2022-02-08 00:00:00-05:00,182.05571797872545,183.60637258814765,180.83291173154927,183.4202880859375,1166500,0.0,0.0
2022-02-09 00:00:00-05:00,183.4291369725474,184.14687986405946,180.0177050767938,180.44302368164062,1422900,0.0,0.0
2022-02-10 00:00:00-05:00,179.53036324273975,180.99240362915594,178.99870481824186,180.2480926513672,1117500,0.0,0.0
2022-02-11 00:00:00-05:00,180.84179506418377,182.5342273099229,180.12406555699525,181.81649780273438,872400,0.0,0.0
2022-02-14 00:00:00-05:00,182.05572799105465,182.4633210821059,178.01515354352574,180.1860809326172,1051900,0.0,0.0
2022-02-15 00:00:00-05:00,180.39873800877098,182.42788806016927,179.24682035975528,179.76962280273438,788200,0.0,0.0
2022-02-16 00:00:00-05:00,179.53921433000588,180.75316454446784,177.5720971422566,179.5657958984375,756100,0.0,0.0
2022-02-17 00:00:00-05:00,179.1305790293399,180.99968028917883,176.86986909942806,179.81591796875,1258100,0.901,0.0
2022-02-18 00:00:00-05:00,179.3887199867072,180.99080502038532,178.64108483133077,180.31436157226562,1107000,0.0,0.0
2022-02-22 00:00:00-05:00,179.92271909867728,180.67926331837842,178.69446536145776,179.81591796875,1126100,0.0,0.0
2022-02-23 00:00:00-05:00,180.34104598329378,180.93737494147288,178.91698108617047,180.2965545654297,920200,0.0,0.0
2022-02-24 00:00:00-05:00,178.96149471641243,180.08294740484962,171.85892027991835,175.16989135742188,1331600,0.0,0.0
2022-02-25 00:00:00-05:00,176.6829792121787,182.09445907139178,176.24686548093143,181.85415649414062,1080000,0.0,0.0
2022-02-28 00:00:00-05:00,179.4421056375686,180.8216791235567,178.27614799864946,180.0206298828125,1293400,0.0,0.0
2022-03-01 00:00:00-05:00,179.96722269207098,183.4651090610973,179.59340515922406,182.33474731445312,1403600,0.0,0.0
2022-03-02 00:00:00-05:00,181.18657817930537,185.96611841173836,180.8127470989766,185.1561737060547,1289500,0.0,0.0
2022-03-03 00:00:00-05:00,185.90381883627586,187.27449665613625,185.04938267157405,185.25408935546875,939800,0.0,0.0
2022-03-04 00:00:00-05:00,183.37606315343433,189.73988269465028,183.04675068254255,189.4194793701172,1477500,0.0,0.0
2022-03-07 00:00:00-05:00,187.86193502869625,192.57027037022675,187.86193502869625,189.91793823242188,1672600,0.0,0.0
2022-03-08 00:00:00-05:00,189.2325831245857,190.149328945864,181.5692904689073,181.57818603515625,1047400,0.0,0.0
2022-03-09 00:00:00-05:00,183.4384110841174,184.39964842007888,180.12744023041435,182.35255432128906,1109900,0.0,0.0
2022-03-10 00:00:00-05:00,181.69390825734064,183.4384036091478,180.64366096813347,182.58395385742188,907700,0.0,0.0
2022-03-11 00:00:00-05:00,182.83317066570237,185.27190056747472,182.11223588238406,182.18344116210938,815400,0.0,0.0
2022-03-14 00:00:00-04:00,183.19812438682783,184.8180006430565,181.9520521471696,183.9813690185547,947100,0.0,0.0
2022-03-15 00:00:00-04:00,184.90695872951477,185.89490981037164,182.36142797223602,185.85931396484375,931800,0.0,0.0
2022-03-16 00:00:00-04:00,186.0195199749569,186.52685245741327,180.39442557931392,183.08236694335938,1256400,0.0,0.0
2022-03-17 00:00:00-04:00,183.76775314235078,185.4766394089196,182.3970750368288,183.9813690185547,1077700,0.0,0.0
2022-03-18 00:00:00-04:00,184.23055080588497,184.292846938181,181.72061559727604,183.99913024902344,1932000,0.0,0.0
2022-03-21 00:00:00-04:00,184.53314431265454,186.59804291311374,183.6964993281259,185.44989013671875,663000,0.0,0.0
2022-03-22 00:00:00-04:00,185.44098936716563,185.770301863361,183.8478002823471,185.396484375,700200,0.0,0.0
2022-03-23 00:00:00-04:00,185.92160353700194,187.17657094864632,183.84779589690626,184.9158477783203,652200,0.0,0.0
2022-03-24 00:00:00-04:00,186.072953185834,188.12006102652487,185.2185169131583,188.0132598876953,727700,0.0,0.0
2022-03-25 00:00:00-04:00,188.5116319679794,191.21736420255615,188.44042670114632,190.79904174804688,793700,0.0,0.0
2022-03-28 00:00:00-04:00,190.62106073177404,191.2885949185001,189.0189759674279,191.04827880859375,538400,0.0,0.0
2022-03-29 00:00:00-04:00,191.0482882820077,191.5111158104394,188.90328864387178,191.12840270996094,895700,0.0,0.0
2022-03-30 00:00:00-04:00,190.9592815744728,192.8906788500056,189.82891988714556,192.828369140625,602400,0.0,0.0
2022-03-31 00:00:00-04:00,192.81947295916797,194.46606270647283,192.50795157529373,192.81057739257812,1075300,0.0,0.0
2022-04-01 00:00:00-04:00,192.98861068340054,194.83990736838118,192.30327169198964,194.71530151367188,1131300,0.0,0.0
2022-04-04 00:00:00-04:00,194.31477718286004,194.37707331762675,190.56767893671272,192.7126922607422,1046700,0.0,0.0
2022-04-05 00:00:00-04:00,192.61474546688433,197.14507369783308,192.61474546688433,194.39483642578125,923000,0.0,0.0
2022-04-06 00:00:00-04:00,194.91110881146363,197.4210305728455,194.48387710572342,197.3676300048828,1203300,0.0,0.0
2022-04-07 00:00:00-04:00,197.54561781072098,198.88068620806447,197.06499916332527,198.22206115722656,1101500,0.0,0.0
2022-04-08 00:00:00-04:00,198.60474368243447,200.03771741830457,196.5843366826886,199.1209716796875,1073300,0.0,0.0
2022-04-11 00:00:00-04:00,200.1979220614186,201.55079498535002,198.20422889037877,199.30787658691406,746600,0.0,0.0
2022-04-12 00:00:00-04:00,199.4058363001076,202.64560216413227,198.06187215768935,201.1681365966797,1258500,0.0,0.0
2022-04-13 00:00:00-04:00,200.90111036756315,202.4764950112352,198.5246900507123,200.77650451660156,873900,0.0,0.0
2022-04-14 00:00:00-04:00,201.42620873027204,203.3398148349691,200.2691467848069,201.1324920654297,850600,0.0,0.0
2022-04-18 00:00:00-04:00,200.70528439170258,202.23616392232475,199.1922095759067,199.73513793945312,658400,0.0,0.0
2022-04-19 00:00:00-04:00,199.51263088575885,202.38747445652564,199.38802504129578,202.02255249023438,880200,0.0,0.0
2022-04-20 00:00:00-04:00,201.97803387199383,205.6005258462689,201.97803387199383,204.4256591796875,890100,0.0,0.0
2022-04-21 00:00:00-04:00,204.22096302665008,206.13456924171183,202.99270931676477,203.63352966308594,861200,0.0,0.0
2022-04-22 00:00:00-04:00,203.62462288212583,204.5324731593626,199.33461032921565,199.49481201171875,1163000,0.0,0.0
2022-04-25 00:00:00-04:00,199.4948118861684,200.89218993853663,196.76237907072863,200.24244689941406,1308100,0.0,0.0
2022-04-26 00:00:00-04:00,200.0021613861306,201.35502097820319,195.7922357380469,195.92575073242188,1187100,0.0,0.0
2022-04-27 00:00:00-04:00,196.98494670964297,199.7974811693914,195.3027470779689,197.8037872314453,1386900,0.0,0.0
2022-04-28 00:00:00-04:00,203.15291377753292,203.45552603039675,198.2487672760568,202.91259765625,1376300,0.0,0.0
2022-04-29 00:00:00-04:00,202.19164549289425,204.00734601603537,200.74086690384743,200.94558715820312,1366000,0.0,0.0
2022-05-02 00:00:00-04:00,201.8000189315292,202.93038055573052,192.0362183946252,193.61160278320312,1635000,0.0,0.0
2022-05-03 00:00:00-04:00,194.08335971250094,197.412135460384,194.08335971250094,195.8723602294922,1466400,0.0,0.0
2022-05-04 00:00:00-04:00,195.94351230453884,200.68745647133971,195.94351230453884,200.553955078125,1287000,0.0,0.0
2022-05-05 00:00:00-04:00,199.8152471052678,202.2005629126243,198.2131622296454,199.22781372070312,1419600,0.0,0.0
2022-05-06 00:00:00-04:00,198.49801706315057,201.93359437612233,198.49801706315057,201.19485473632812,1445900,0.0,0.0
2022-05-09 00:00:00-04:00,200.03774598559508,201.86234215795204,197.86603257701552,198.65817260742188,1269100,0.0,0.0
2022-05-10 00:00:00-04:00,199.1298907779866,201.03458774693755,197.4566143481625,198.61366271972656,1426900,0.0,0.0
2022-05-11 00:00:00-04:00,197.794851417134,202.34298547148165,197.70585499605676,199.93096923828125,1003600,0.0,0.0
2022-05-12 00:00:00-04:00,199.3702273342217,201.00790808502256,196.70898592840612,198.06185913085938,1397900,0.0,0.0
2022-05-13 00:00:00-04:00,198.80058668174115,201.38171350131122,197.00269075871327,201.07020568847656,1842100,0.0,0.0
2022-05-16 00:00:00-04:00,202.16496385025766,204.39007792520593,200.77649484045293,204.1052703857422,1061800,0.0,0.0
2022-05-17 00:00:00-04:00,203.6691529354958,203.82045907014873,197.8126507787797,200.6251983642578,1247100,0.0,0.0
2022-05-18 00:00:00-04:00,200.01108547510006,200.3403980623516,184.36407929058979,184.85360717773438,1749200,0.0,0.0
2022-05-19 00:00:00-04:00,182.77162357916697,184.85445354467026,180.05408822161664,183.36160278320312,1635400,0.901,0.0
2022-05-20 00:00:00-04:00,184.5684111147464,185.6321824061421,181.3592285890779,185.02430725097656,1320100,0.0,0.0
2022-05-23 00:00:00-04:00,187.33061142434036,188.44801582884725,185.54276437712934,187.05349731445312,976300,0.0,0.0
2022-05-24 00:00:00-04:00,188.00999686301773,191.10296453115072,187.50045392128007,190.80796813964844,859700,0.0,0.0
2022-05-25 00:00:00-04:00,190.80800317845467,191.08511733161072,188.07259895154434,189.0022735595703,1174300,0.0,0.0
2022-05-26 00:00:00-04:00,189.17212226576038,190.7186200324083,187.08034415619304,187.31275939941406,1161100,0.0,0.0
2022-05-27 00:00:00-04:00,187.36640828825077,190.05711364746094,187.1786783142627,190.05711364746094,917000,0.0,0.0
2022-05-31 00:00:00-04:00,189.61012744559568,190.44146981168376,186.17746423818946,189.2525634765625,1493100,0.0,0.0
2022-06-01 00:00:00-04:00,189.51178424717244,189.77996402839045,185.75730823069102,187.4468231201172,1035300,0.0,0.0
2022-06-02 00:00:00-04:00,187.6971070152762,187.78650481593644,182.80734467528927,187.0355987548828,1005000,0.0,0.0
2022-06-03 00:00:00-04:00,186.24899167808567,187.67032696020152,185.30142118314984,186.99093627929688,722900,0.0,0.0
2022-06-06 00:00:00-04:00,187.7776031123061,189.49393491433804,187.31275898669557,188.98440551757812,753200,0.0,0.0
2022-06-07 00:00:00-04:00,186.96413923286332,189.38667849826837,186.96413923286332,189.3062286376953,825500,0.0,0.0
2022-06-08 00:00:00-04:00,188.51955270705807,189.61907494641676,187.509414646073,188.2156219482422,597100,0.0,0.0
2022-06-09 00:00:00-04:00,188.58214857174008,190.1822659830263,187.15186520462714,187.23231506347656,769800,0.0,0.0
2022-06-10 00:00:00-04:00,185.62323704759174,191.8181349208934,184.85446217714343,190.71861267089844,1447500,0.0,0.0
2022-06-13 00:00:00-04:00,188.7519613340105,190.38784314713402,187.1875950451985,187.777587890625,1468500,0.0,0.0
2022-06-14 00:00:00-04:00,189.09163337462644,189.45814527650913,183.334763958423,184.85443115234375,1185600,0.0,0.0
2022-06-15 00:00:00-04:00,185.6500527117785,187.92062636780358,183.06661396973828,184.318115234375,955900,0.0,0.0
2022-06-16 00:00:00-04:00,182.36040934837365,184.49688614758273,180.24181483992288,180.8049774169922,1022000,0.0,0.0
2022-06-17 00:00:00-04:00,181.3681597701055,184.586290205908,180.9748312012639,184.17507934570312,2002100,0.0,0.0
2022-06-21 00:00:00-04:00,185.96293446216632,192.9802405195702,185.96293446216632,192.25616455078125,1187100,0.0,0.0
2022-06-22 00:00:00-04:00,191.27285975690853,193.82948214569,189.47607798738548,192.1042022705078,991800,0.0,0.0
2022-06-23 00:00:00-04:00,193.11430073506122,195.87652119257868,192.22037719746794,194.97366333007812,804300,0.0,0.0
2022-06-24 00:00:00-04:00,194.8753575329047,197.55712850812816,194.178098170562,197.52137756347656,1154300,0.0,0.0
2022-06-27 00:00:00-04:00,197.46773068621036,199.03209708842405,196.2341253129385,197.52137756347656,1050200,0.0,0.0
2022-06-28 00:00:00-04:00,197.70909883792348,198.88908464382556,194.65188148653107,195.2508087158203,1058900,0.0,0.0
2022-06-29 00:00:00-04:00,195.80501304479176,197.04756626322083,195.00048728674378,195.68881225585938,1699900,0.0,0.0
2022-06-30 00:00:00-04:00,194.87537960811378,195.75142107333627,191.49634888777578,192.33663940429688,2047000,0.0,0.0
2022-07-01 00:00:00-04:00,192.54220175541775,197.7001446956933,191.92539229508327,197.55711364746094,1107500,0.0,0.0
2022-07-05 00:00:00-04:00,196.84200473153425,197.79850968019758,192.61374926248797,195.17930603027344,822200,0.0,0.0
2022-07-06 00:00:00-04:00,195.76033727807172,198.28119477842571,195.63518851763135,197.2353057861328,1279400,0.0,0.0
2022-07-07 00:00:00-04:00,197.1012098455941,197.68225470113197,194.82170204891528,196.60060119628906,963100,0.0,0.0
2022-07-08 00:00:00-04:00,197.49453623504502,198.31695795805237,195.8944189778674,196.4754638671875,670600,0.0,0.0
2022-07-11 00:00:00-04:00,196.4218130035858,198.72813734282948,196.4218130035858,197.11013793945312,582500,0.0,0.0
2022-07-12 00:00:00-04:00,197.11015104904604,198.91588051509817,195.8407811915849,196.77940368652344,769900,0.0,0.0
2022-07-13 00:00:00-04:00,196.18939285371854,198.24541964451575,196.02847952982108,196.4665069580078,886700,0.0,0.0
2022-07-14 00:00:00-04:00,192.8282602020359,195.01837023089746,192.58689701773625,194.75912475585938,596400,0.0,0.0
2022-07-15 00:00:00-04:00,195.94806947390387,195.94806947390387,193.10539869636904,193.8026580810547,703000,0.0,0.0
2022-07-18 00:00:00-04:00,193.22156575789788,193.93670731069278,191.63038296402928,192.2471923828125,973000,0.0,0.0
2022-07-19 00:00:00-04:00,193.2573675838629,193.8026615884413,192.42601144695792,193.18585205078125,643800,0.0,0.0
2022-07-20 00:00:00-04:00,193.3109886268252,193.9903656879462,191.38011027602786,192.5332794189453,707800,0.0,0.0
2022-07-21 00:00:00-04:00,192.60477143782407,193.90989216438163,191.91644649452988,193.0070343017578,720300,0.0,0.0
2022-07-22 00:00:00-04:00,193.58813240444275,193.82056131791575,192.05953037291306,193.01602172851562,837300,0.0,0.0
2022-07-25 00:00:00-04:00,193.49869824198538,194.79488466551533,192.81930761213093,193.85626220703125,910200,0.0,0.0
2022-07-26 00:00:00-04:00,193.0696135435564,195.12564053279695,192.29190438352813,194.88427734375,1116000,0.0,0.0
2022-07-27 00:00:00-04:00,194.81278329960975,195.34914296992153,191.68405038324138,195.08096313476562,1116000,0.0,0.0
2022-07-28 00:00:00-04:00,196.8151328500061,200.77522099743842,196.27878694095526,200.480224609375,1227800,0.0,0.0
2022-07-29 00:00:00-04:00,201.0613036054169,206.99695603334857,200.96297145934395,203.77883911132812,1532700,0.0,0.0
2022-08-01 00:00:00-04:00,203.4033830737979,206.46061398653777,203.22460107029426,205.40577697753906,873400,0.0,0.0
2022-08-02 00:00:00-04:00,206.3533477990166,207.35455163855443,204.52080144899315,204.8515625,1282000,0.0,0.0
2022-08-03 00:00:00-04:00,203.97549297806106,204.35095291639692,201.8747805736737,203.92185974121094,931800,0.0,0.0
2022-08-04 00:00:00-04:00,203.60899205940484,204.13640373532047,201.17751865834526,201.3473663330078,648600,0.0,0.0
2022-08-05 00:00:00-04:00,201.30268058062558,203.11734460397264,199.30028657822496,203.01901245117188,670100,0.0,0.0
2022-08-08 00:00:00-04:00,203.2514134749108,203.80565540653154,201.6691784545052,202.33067321777344,523700,0.0,0.0
2022-08-09 00:00:00-04:00,202.95640229488913,204.64591730460444,202.65247155329175,204.0738067626953,562100,0.0,0.0
2022-08-10 00:00:00-04:00,204.70851785522854,204.83366662184673,201.28478860536822,202.43795776367188,629900,0.0,0.0
2022-08-11 00:00:00-04:00,202.92063322011555,203.59107584088684,201.0523363905451,201.29368591308594,767100,0.0,0.0
2022-08-12 00:00:00-04:00,201.7227953928488,202.29490593009277,200.14054686008387,201.8121795654297,690700,0.0,0.0
2022-08-15 00:00:00-04:00,201.18645684448882,206.25500236256946,201.18645684448882,205.8885040283203,1131200,0.0,0.0
2022-08-16 00:00:00-04:00,205.16437926922544,207.3366204850674,205.16437926922544,206.24603271484375,603900,0.0,0.0
2022-08-17 00:00:00-04:00,206.22815841108,206.97905091271318,205.69181246999517,206.031494140625,445400,0.0,0.0
2022-08-18 00:00:00-04:00,206.1626056371012,207.61730996045046,205.65077563023752,207.11444091796875,568500,1.036,0.0
2022-08-19 00:00:00-04:00,207.66221006931795,210.37405291518243,206.9887401166609,209.38629150390625,916800,0.0,0.0
2022-08-22 00:00:00-04:00,208.73977897863386,209.77242745512814,206.8271198733239,207.80589294433594,607700,0.0,0.0
2022-08-23 00:00:00-04:00,207.51856066312416,209.0630529531817,207.02467992471352,208.82957458496094,1010800,0.0,0.0
2022-08-24 00:00:00-04:00,209.5209562044324,210.62544289255212,208.62299642832036,209.56585693359375,741300,0.0,0.0
2022-08-25 00:00:00-04:00,209.7724025617135,209.8352526267239,207.67117978656498,209.54791259765625,543100,0.0,0.0
2022-08-26 00:00:00-04:00,209.01814338592317,209.43119729385398,205.0401736446632,205.3365020751953,512400,0.0,0.0
2022-08-29 00:00:00-04:00,203.9715978417918,205.74956841400189,202.4989440669535,204.63609313964844,757700,0.0,0.0
2022-08-30 00:00:00-04:00,203.94465080667288,204.99526225938484,202.69648707719998,203.1275177001953,549400,0.0,0.0
2022-08-31 00:00:00-04:00,202.65159403664782,205.45323838538224,201.7266963884093,201.74465942382812,850500,0.0,0.0
2022-09-01 00:00:00-04:00,201.10710478552343,204.36668989806327,199.49077422876198,204.33975219726562,877100,0.0,0.0
2022-09-02 00:00:00-04:00,205.08505454191138,206.28831748151762,200.6042298496531,201.1879119873047,720500,0.0,0.0
2022-09-06 00:00:00-04:00,202.9569325392165,203.7201903538839,199.6524324595686,200.02059936523438,994400,0.0,0.0
2022-09-07 00:00:00-04:00,199.9307546971176,205.30953911983337,199.9307546971176,204.95933532714844,858500,0.0,0.0
2022-09-08 00:00:00-04:00,203.06467226465455,203.96263225763556,200.39772998935837,202.47201538085938,748500,0.0,0.0
2022-09-09 00:00:00-04:00,202.73243518037853,204.8156952774821,201.6638605767933,203.1634521484375,714000,0.0,0.0
2022-09-12 00:00:00-04:00,203.58546602376293,204.6809781785314,202.73240687420528,203.99851989746094,650600,0.0,0.0
2022-09-13 00:00:00-04:00,202.30141265733857,203.6214150205974,199.4369316211896,200.15528869628906,958500,0.0,0.0
2022-09-14 00:00:00-04:00,199.58055897853038,200.45158116256013,198.3593329876481,199.1226043701172,735100,0.0,0.0
2022-09-15 00:00:00-04:00,198.98794691008405,198.98794691008405,195.46793155647234,197.20997619628906,1127100,0.0,0.0
2022-09-16 00:00:00-04:00,196.401766011142,198.1438101928885,196.38380297887625,197.45237731933594,1306200,0.0,0.0
2022-09-19 00:00:00-04:00,197.0033846157601,200.41563433010066,196.32991481826306,200.12828063964844,673900,0.0,0.0
2022-09-20 00:00:00-04:00,198.87118983653212,200.30793122723077,197.92832915524747,199.76914978027344,850100,0.0,0.0
2022-09-21 00:00:00-04:00,200.41571367625704,203.52264789910728,200.41571367625704,200.61326599121094,755200,0.0,0.0
2022-09-22 00:00:00-04:00,200.5324102833222,203.72914531652103,200.0744419678352,202.50791931152344,760500,0.0,0.0
2022-09-23 00:00:00-04:00,201.36752250184176,202.1128309183032,198.95200799950115,201.0891571044922,723700,0.0,0.0
2022-09-26 00:00:00-04:00,200.4246923600159,203.66632888170886,199.47285684259523,200.9455108642578,955700,0.0,0.0
2022-09-27 00:00:00-04:00,201.8793790046095,203.34304452529983,197.7307943799682,198.8352813720703,789800,0.0,0.0
2022-09-28 00:00:00-04:00,199.9667074731948,204.321805097078,197.95527221216307,203.20834350585938,839600,0.0,0.0
2022-09-29 00:00:00-04:00,202.92995901991347,203.7830181689459,199.70627262455534,200.9634246826172,846300,0.0,0.0
2022-09-30 00:00:00-04:00,201.25978838138352,201.7446807747571,197.6589598476986,197.97325134277344,1252800,0.0,0.0
2022-10-03 00:00:00-04:00,199.4099777192885,202.28344689164337,197.79364702803204,201.64588928222656,1183200,0.0,0.0
2022-10-04 00:00:00-04:00,202.32834613430774,204.932424555231,201.43038616822636,202.6426239013672,949800,0.0,0.0
2022-10-05 00:00:00-04:00,202.3373109683244,203.54057397597074,199.27526434436587,202.12179565429688,835600,0.0,0.0
2022-10-06 00:00:00-04:00,201.88833688780602,203.36996532228235,197.33567337155222,198.13485717773438,755500,0.0,0.0
2022-10-07 00:00:00-04:00,198.17076371461815,198.95198440832317,196.80586089078932,198.0181121826172,947300,0.0,0.0
2022-10-10 00:00:00-04:00,198.9160798862203,201.3585318981051,198.6377145109022,200.7389373779297,594500,0.0,0.0
2022-10-11 00:00:00-04:00,200.70302292713458,203.60344342275624,200.53242204661103,202.4540557861328,839400,0.0,0.0
2022-10-12 00:00:00-04:00,202.87609603766904,204.18712366525463,201.57405677921585,201.61895751953125,943700,0.0,0.0
2022-10-13 00:00:00-04:00,199.553639015137,205.38140411565456,198.48506446541393,204.55528259277344,807700,0.0,0.0
2022-10-14 00:00:00-04:00,205.02222074485712,205.02222074485712,199.14058037836028,199.9846649169922,854500,0.0,0.0
2022-10-17 00:00:00-04:00,201.28666966215806,202.91197468854068,201.11605510990282,202.68748474121094,754800,0.0,0.0
2022-10-18 00:00:00-04:00,204.36670784874985,205.1658916800981,202.5797762639073,204.1152801513672,1013900,0.0,0.0
2022-10-19 00:00:00-04:00,204.26792126959154,205.1479318672635,201.19689994975204,203.1724090576172,913300,0.0,0.0
2022-10-20 00:00:00-04:00,203.69326412581557,203.93571718732755,201.00837221796633,201.80755615234375,626100,0.0,0.0
2022-10-21 00:00:00-04:00,201.71773560980282,205.138961047332,200.71202478560883,204.93243408203125,705200,0.0,0.0
2022-10-24 00:00:00-04:00,206.53076416100245,209.1797429609724,206.43198803007166,208.290771484375,653200,0.0,0.0
2022-10-25 00:00:00-04:00,209.21569178020616,210.42792948061128,208.2728311009257,210.23037719726562,1069800,0.0,0.0
2022-10-26 00:00:00-04:00,211.02958999464136,211.91857539185082,208.13815748849123,209.03611755371094,875900,0.0,0.0
2022-10-27 00:00:00-04:00,209.74547035064478,212.22383468604798,209.22465197618996,210.50872802734375,972100,0.0,0.0
2022-10-28 00:00:00-04:00,210.8948559618921,215.99526145499627,210.66139132795035,215.47445678710938,862900,0.0,0.0
2022-10-31 00:00:00-04:00,215.52834897461872,216.81242511398528,214.03773218344443,214.40589904785156,958500,0.0,0.0
2022-11-01 00:00:00-04:00,214.05567631648987,215.9683215055928,212.76261192275373,213.49893188476562,847100,0.0,0.0
2022-11-02 00:00:00-04:00,213.6695570950792,215.2409869320702,210.96670270809574,211.11935424804688,1155700,0.0,0.0
2022-11-03 00:00:00-04:00,210.43693009404925,211.1822248315698,207.9944778140011,208.40753173828125,1412800,0.0,0.0
2022-11-04 00:00:00-04:00,210.48178429404047,210.7242372911156,201.61892491974996,205.6597442626953,1833700,0.0,0.0
2022-11-07 00:00:00-05:00,206.41406702895705,208.5691793149001,204.33978155880155,205.90223693847656,904900,0.0,0.0
2022-11-08 00:00:00-05:00,205.92019293125765,209.5569199548979,205.84835448733878,207.4916229248047,959700,0.0,0.0
2022-11-09 00:00:00-05:00,207.10546869341908,209.0809777130841,206.40506107464492,207.17730712890625,808500,0.0,0.0
2022-11-10 00:00:00-05:00,210.69732635081354,210.73323872075082,198.7095552968818,203.20834350585938,1828300,0.0,0.0
2022-11-11 00:00:00-05:00,202.10382958452558,203.12750326326713,189.90953320336715,196.5454559326172,2677700,0.0,0.0
2022-11-14 00:00:00-05:00,197.78464020606486,200.18219146533048,195.85403192554844,195.86300659179688,1371600,0.0,0.0
2022-11-15 00:00:00-05:00,196.6621950005407,197.22791412853735,193.42055917664283,195.1356658935547,1249700,0.0,0.0
2022-11-16 00:00:00-05:00,196.45566511908558,202.46301902075834,196.45566511908558,200.37974548339844,1214800,0.0,0.0
2022-11-17 00:00:00-05:00,199.68149687304407,202.18946798870186,199.1672795119079,199.93409729003906,889500,1.036,0.0
2022-11-18 00:00:00-05:00,200.5204727689387,203.72310144841208,200.5204727689387,203.17279052734375,1219900,0.0,0.0
2022-11-21 00:00:00-05:00,203.98472869071838,209.7855349704584,203.1728008224149,209.41566467285156,1373300,0.0,0.0
2022-11-22 00:00:00-05:00,210.44413994105128,211.85148910088992,208.65787637754156,209.46981811523438,858800,0.0,0.0
2022-11-23 00:00:00-05:00,209.9389347534633,210.41707224620563,208.07148118446963,209.45176696777344,859700,0.0,0.0
2022-11-25 00:00:00-05:00,210.39898498964183,211.03950244405343,209.24423650090827,210.88613891601562,281800,0.0,0.0
2022-11-28 00:00:00-05:00,210.95832129526767,211.77026289431095,209.3795620237645,209.86672973632812,706300,0.0,0.0
2022-11-29 00:00:00-05:00,209.30741266930184,209.83066031154056,206.17695710850361,207.9361572265625,755400,0.0,0.0
2022-11-30 00:00:00-05:00,207.6835405594346,212.18525121061447,206.13184457375067,212.15818786621094,1638800,0.0,0.0
2022-12-01 00:00:00-05:00,212.5461478517972,212.60929107548938,208.3962601095727,209.19015502929688,913800,0.0,0.0
2022-12-02 00:00:00-05:00,208.89242102390156,211.90559274507396,208.73002718775248,211.76124572753906,741300,0.0,0.0
2022-12-05 00:00:00-05:00,209.43370262413043,210.63356140206716,208.92850182619694,210.4260711669922,539700,0.0,0.0
2022-12-06 00:00:00-05:00,210.48020003549794,212.00483273726775,207.9541822540011,209.8035888671875,709900,0.0,0.0
2022-12-07 00:00:00-05:00,211.44553475253406,213.73698550543733,211.28314089131732,213.5294952392578,1018600,0.0,0.0
2022-12-08 00:00:00-05:00,214.30530027707968,218.73485109018006,213.94443275010357,217.69737243652344,1334300,0.0,0.0
2022-12-09 00:00:00-05:00,217.5801175417945,218.89726009947785,213.49338689748026,213.60165405273438,1013900,0.0,0.0
2022-12-12 00:00:00-05:00,214.02566802940996,215.87506103515625,212.76265214774273,215.87506103515625,894300,0.0,0.0
2022-12-13 00:00:00-05:00,215.90209396311224,216.0013170409197,212.27545467846124,213.2046661376953,1357600,0.0,0.0
2022-12-14 00:00:00-05:00,213.60165714400048,215.9111545927186,212.22137134432614,212.916015625,681900,0.0,0.0
2022-12-15 00:00:00-05:00,211.88752239642974,212.63630698033936,209.75845230413483,211.2289581298828,790800,0.0,0.0
2022-12-16 00:00:00-05:00,210.2095570774977,213.1686022123213,209.66827639128735,212.0048370361328,1569000,0.0,0.0
2022-12-19 00:00:00-05:00,212.00483072644218,214.48573832004948,210.8500821114001,211.9055938720703,698300,0.0,0.0
2022-12-20 00:00:00-05:00,211.52669441806864,212.23938545554958,209.40664059305482,210.78692626953125,653700,0.0,0.0
2022-12-21 00:00:00-05:00,211.77029436808908,213.69186086346667,211.03954269063766,211.98680114746094,430800,0.0,0.0
2022-12-22 00:00:00-05:00,211.8875694708245,212.8167811302118,209.96600292841785,211.9416961669922,432100,0.0,0.0
2022-12-23 00:00:00-05:00,211.88752763015603,212.87989608290673,210.940283102889,212.7987060546875,354000,0.0,0.0
2022-12-27 00:00:00-05:00,213.24979570209268,213.90836003302363,212.35666402936153,212.66339111328125,497300,0.0,0.0
2022-12-28 00:00:00-05:00,213.28588089285375,213.34000758363794,209.97499857155663,210.083251953125,416800,0.0,0.0
2022-12-29 00:00:00-05:00,210.8320351106395,211.06660245660103,209.14502235346384,210.4260711669922,570300,0.0,0.0
2022-12-30 00:00:00-05:00,210.26368370080553,210.57942730556456,207.3407186311051,208.91046142578125,441400,0.0,0.0
2023-01-03 00:00:00-05:00,207.89103634137072,207.94516303162354,202.85704766251854,204.7244873046875,1160800,0.0,0.0
2023-01-04 00:00:00-05:00,204.64329994277472,204.64329994277472,199.7987683822076,201.42263793945312,1394300,0.0,0.0
2023-01-05 00:00:00-05:00,201.64819868863543,202.39698345483663,200.14161262857675,201.25125122070312,939300,0.0,0.0
2023-01-06 00:00:00-05:00,201.16104389598127,204.5080204755958,201.16104389598127,203.5697784423828,945800,0.0,0.0
2023-01-09 00:00:00-05:00,203.00142984540764,205.62667113725433,202.17145499781623,203.33522033691406,884000,0.0,0.0
2023-01-10 00:00:00-05:00,203.85845554639076,205.36504157837464,202.49621654836352,202.78489685058594,750700,0.0,0.0
2023-01-11 00:00:00-05:00,203.3622585762334,204.48092737130537,201.9819728433611,204.4177703857422,1054000,0.0,0.0
2023-01-12 00:00:00-05:00,204.47188613910347,204.60721662991702,201.78348832968342,202.2526092529297,794600,0.0,0.0
2023-01-13 00:00:00-05:00,202.523286707663,204.50801031139778,201.99100872275804,204.4358367919922,622200,0.0,0.0
2023-01-17 00:00:00-05:00,205.68079447989905,208.23387580349396,203.70508751376687,204.0298614501953,1114500,0.0,0.0
2023-01-18 00:00:00-05:00,203.9486829215091,204.03888949657653,195.5226069189434,195.55870056152344,1092100,0.0,0.0
2023-01-19 00:00:00-05:00,195.19779656563404,196.57808217457492,194.14228485089626,194.97225952148438,1226200,0.0,0.0
2023-01-20 00:00:00-05:00,195.17975660919794,195.52256354351078,192.20266497859487,193.52882385253906,1298300,0.0,0.0
2023-01-23 00:00:00-05:00,193.88969624812844,198.26512067686406,193.66415919026971,195.80224609375,1219500,0.0,0.0
2023-01-24 00:00:00-05:00,195.1527366632743,198.99588365861223,194.15135144936136,198.7342529296875,1131600,0.0,0.0
2023-01-25 00:00:00-05:00,198.19294248871597,199.42888113159063,196.46983610357836,199.36573791503906,906200,0.0,0.0
2023-01-26 00:00:00-05:00,198.89662266337209,199.12215972233943,196.1180044450117,198.48162841796875,823400,0.0,0.0
2023-01-27 00:00:00-05:00,198.47259629251036,198.50867616220603,196.46080973902906,197.3539276123047,806500,0.0,0.0
2023-01-30 00:00:00-05:00,198.69814589204333,201.74741128737088,198.69814589204333,201.3504638671875,998600,0.0,0.0
2023-01-31 00:00:00-05:00,202.0902044233303,202.6224822998047,200.32200173801382,202.6224822998047,1378300,0.0,0.0
2023-02-01 00:00:00-05:00,200.57461647379478,204.15614602754394,200.57461647379478,203.25399780273438,1477700,0.0,0.0
2023-02-02 00:00:00-05:00,204.37266505721635,212.36569935937175,203.84040087639949,211.48159790039062,2072500,0.0,0.0
2023-02-03 00:00:00-05:00,212.1491748331432,213.34903359564876,208.26091827867262,213.15957641601562,1504000,0.0,0.0
2023-02-06 00:00:00-05:00,213.80913121772025,218.55442596757922,213.36707362790878,216.99371337890625,2165600,0.0,0.0
2023-02-07 00:00:00-05:00,214.8375978880606,215.17138835757686,212.53711694554372,213.90838623046875,1630400,0.0,0.0
2023-02-08 00:00:00-05:00,213.8993373137299,213.9173703658931,210.64258185873746,211.8604736328125,1002600,0.0,0.0
2023-02-09 00:00:00-05:00,211.8514717004656,212.96111017524575,210.45313918292234,212.14015197753906,1050400,0.0,0.0
2023-02-10 00:00:00-05:00,212.8528671916506,216.2268929457327,212.1130989951937,215.7036590576172,922400,0.0,0.0
2023-02-13 00:00:00-05:00,215.8840610109149,216.9125093796934,215.4059235794637,216.4343719482422,931400,0.0,0.0
2023-02-14 00:00:00-05:00,216.96665130568357,218.2116202795269,215.39690841543282,215.52320861816406,757500,0.0,0.0
2023-02-15 00:00:00-05:00,215.432997823316,215.47810798748196,213.12350058118784,214.23313903808594,932100,0.0,0.0
2023-02-16 00:00:00-05:00,213.1421889695292,214.22045164795986,211.3209304702519,213.1331329345703,954400,1.036,0.0
2023-02-17 00:00:00-05:00,213.65865863003089,218.0985488321883,212.86128517618775,218.08949279785156,1404800,0.0,0.0
2023-02-21 00:00:00-05:00,218.66035984737263,220.08293161749177,215.9782940693153,218.27978515625,1646800,0.0,0.0
2023-02-22 00:00:00-05:00,218.81438223129578,221.43301412789677,216.71222082555025,217.33743286132812,940700,0.0,0.0
2023-02-23 00:00:00-05:00,217.33742970440235,219.14057603093184,216.16856526501843,217.89015197753906,766100,0.0,0.0
2023-02-24 00:00:00-05:00,217.45524378072702,217.46429981585652,215.389334038557,216.57632446289062,749600,0.0,0.0
2023-02-27 00:00:00-05:00,217.34651341248846,218.21637673995332,216.12328495868894,216.75755310058594,711600,0.0,0.0
2023-02-28 00:00:00-05:00,216.15953310932184,218.38854848556792,215.49808300347212,215.94207763671875,1194700,0.0,0.0
2023-03-01 00:00:00-05:00,214.12983179325886,215.3802419866843,212.03672650933834,214.4288330078125,743900,0.0,0.0
2023-03-02 00:00:00-05:00,214.70976738451665,216.69411759228228,214.07548542182457,216.01454162597656,704000,0.0,0.0
2023-03-03 00:00:00-05:00,216.10515728522068,216.40417236951623,214.12079325144663,216.01454162597656,881000,0.0,0.0
2023-03-06 00:00:00-05:00,215.65210076143825,218.28885875705743,214.81848925795197,217.35557556152344,925000,0.0,0.0
2023-03-07 00:00:00-05:00,217.4642844476357,218.43381935228135,215.73362786566494,215.96922302246094,670600,0.0,0.0
2023-03-08 00:00:00-05:00,216.8571799809131,217.74515519606177,215.5976999929961,216.5400390625,668300,0.0,0.0
2023-03-09 00:00:00-05:00,217.78144761133333,218.56975129855806,215.1990534396542,216.21388244628906,774900,0.0,0.0
2023-03-10 00:00:00-05:00,216.32260510473947,218.23447918659252,214.4288430921311,215.41650390625,789100,0.0,0.0
2023-03-13 00:00:00-04:00,215.14464260405234,219.94698109228668,214.37445115580527,217.98074340820312,1511400,0.0,0.0
2023-03-14 00:00:00-04:00,218.96843340701022,219.42148403617676,217.1018670270054,219.27650451660156,846000,0.0,0.0
2023-03-15 00:00:00-04:00,219.16774747635074,222.3753394183925,218.85060654794842,221.46923828125,1271500,0.0,0.0
2023-03-16 00:00:00-04:00,221.54176137496015,222.17602950122054,219.6842509990482,221.99481201171875,1021100,0.0,0.0
2023-03-17 00:00:00-04:00,223.36299722632933,223.9882092535914,219.73859250110613,220.31849670410156,2097400,0.0,0.0
2023-03-20 00:00:00-04:00,220.8984269635476,221.83172401030748,219.49398102766523,221.5780029296875,1586500,0.0,0.0
2023-03-21 00:00:00-04:00,221.25176759944827,221.9494693418155,218.90496898767472,220.354736328125,1047500,0.0,0.0
2023-03-22 00:00:00-04:00,220.3275670634753,222.21225918397994,219.46677370448697,219.94700622558594,823700,0.0,0.0
2023-03-23 00:00:00-04:00,220.39101119594346,222.4116270117882,219.937960554437,221.07058715820312,856300,0.0,0.0
2023-03-24 00:00:00-04:00,222.38445491067128,225.01215720654915,221.46929749483664,224.58628845214844,1587300,0.0,0.0
2023-03-27 00:00:00-04:00,225.46515233252052,227.5491877567614,225.32922886350104,227.3407745361328,1232700,0.0,0.0
2023-03-28 00:00:00-04:00,227.73946897984547,230.12251952553302,227.73946897984547,229.15298461914062,977800,0.0,0.0
2023-03-29 00:00:00-04:00,230.08626695830975,230.91989221426442,228.26500855629388,228.88116455078125,984300,0.0,0.0
2023-03-30 00:00:00-04:00,228.05665480279723,229.83260573589496,227.76669572946966,229.50640869140625,641200,0.0,0.0
2023-03-31 00:00:00-04:00,230.2947149042817,231.10114452637345,229.54264914925093,230.521240234375,764800,0.0,0.0
2023-04-03 00:00:00-04:00,230.14970215219176,233.56569368216662,229.06238348990246,233.0129852294922,817900,0.0,0.0
2023-04-04 00:00:00-04:00,232.72304044557453,234.2452839006778,232.50558499542134,233.83755493164062,1001200,0.0,0.0
2023-04-05 00:00:00-04:00,234.91581775093672,236.51053713960516,234.4174454747152,235.06983947753906,1323400,0.0,0.0
2023-04-06 00:00:00-04:00,235.5228697172375,236.64645396775998,233.77410110129625,235.468505859375,986200,0.0,0.0
2023-04-10 00:00:00-04:00,234.86143089776166,235.22386583007045,233.24857194477664,234.45367431640625,538300,0.0,0.0
2023-04-11 00:00:00-04:00,234.58055782516632,235.80377234902355,234.45369038155803,234.8070831298828,612000,0.0,0.0
2023-04-12 00:00:00-04:00,233.15799249745487,235.50479153961976,232.6777599158847,234.32684326171875,818400,0.0,0.0
2023-04-13 00:00:00-04:00,233.71974502704575,234.4989787837014,232.26090772044952,233.77410888671875,738500,0.0,0.0
2023-04-14 00:00:00-04:00,232.8589613795684,233.3210818855405,231.7535305270676,232.21563720703125,806100,0.0,0.0
2023-04-17 00:00:00-04:00,233.01300775573796,234.81614044866453,232.55088725573506,234.70741271972656,787500,0.0,0.0
2023-04-18 00:00:00-04:00,234.54428583870052,235.58629662027232,233.746912410433,235.22386169433594,659700,0.0,0.0
2023-04-19 00:00:00-04:00,236.12998214347581,236.33836772562242,233.02206161271897,233.13983154296875,835700,0.0,0.0
2023-04-20 00:00:00-04:00,233.91907572547504,236.08464309051467,233.71973236680083,235.9668731689453,753700,0.0,0.0
2023-04-21 00:00:00-04:00,237.50722959747117,237.97841989391745,235.48664172529266,236.3564910888672,873000,0.0,0.0
2023-04-24 00:00:00-04:00,236.8186148250925,237.68849195437184,235.58633036997125,236.492431640625,735100,0.0,0.0
2023-04-25 00:00:00-04:00,236.83676193236263,239.24699470569456,236.50150887609018,238.28652954101562,1013800,0.0,0.0
2023-04-26 00:00:00-04:00,238.28651153849154,238.6308067783699,236.47430907759136,237.1719970703125,1237200,0.0,0.0
2023-04-27 00:00:00-04:00,239.4553672265031,247.74621578020495,238.9479527389955,247.66464233398438,1818500,0.0,0.0
2023-04-28 00:00:00-04:00,246.0064672991619,247.5468503467391,244.37549625632633,247.41998291015625,1129900,0.0,0.0
2023-05-01 00:00:00-04:00,248.38044646280792,250.88129452219368,247.73712237941996,250.40106201171875,1179800,0.0,0.0
2023-05-02 00:00:00-04:00,250.537028432193,250.537028432193,246.80389521767114,248.54359436035156,1443100,0.0,0.0
2023-05-03 00:00:00-04:00,249.8755059482829,250.72724324746872,247.76430242073474,248.4619903564453,1104600,0.0,0.0
2023-05-04 00:00:00-04:00,248.8606962616268,249.17783722122041,247.19347332355207,248.85165405273438,887200,0.0,0.0
2023-05-05 00:00:00-04:00,247.78244745340993,249.7033777362308,247.43812454384457,249.4768524169922,727900,0.0,0.0
2023-05-08 00:00:00-04:00,247.89120430467403,249.84838661106824,246.459576285785,248.96946716308594,589500,0.0,0.0
2023-05-09 00:00:00-04:00,249.76682399392948,249.9843071146818,247.90932734378114,248.34423828125,903000,0.0,0.0
2023-05-10 00:00:00-04:00,247.80958400464084,248.57977547941144,246.64977568861372,248.38043212890625,776500,0.0,0.0
2023-05-11 00:00:00-04:00,248.90597867005664,249.22309192763723,246.6588380285074,248.97845458984375,652700,0.0,0.0
2023-05-12 00:00:00-04:00,249.28663530652415,249.7396860475296,247.55597815764054,248.79733276367188,644400,0.0,0.0
2023-05-15 00:00:00-04:00,248.79728085185806,248.79728085185806,244.74700696628219,245.06414794921875,677900,0.0,0.0
2023-05-16 00:00:00-04:00,244.59298543083793,245.11851201429064,241.57565263772074,243.9496612548828,906300,0.0,0.0
2023-05-17 00:00:00-04:00,244.31214165189,244.31214165189,239.99908984361966,242.38214111328125,1167300,0.0,0.0
2023-05-18 00:00:00-04:00,241.60525813251374,242.86964903069176,240.36818260809102,242.72410583496094,1010700,1.036,0.0
2023-05-19 00:00:00-04:00,242.92420549744122,243.09703629405297,240.5318897165222,241.99639892578125,1261100,0.0,0.0
2023-05-22 00:00:00-04:00,241.960016842248,242.83324822810934,236.5022721014454,239.1219940185547,1274800,0.0,0.0
2023-05-23 00:00:00-04:00,238.78544560640822,239.30391027707168,235.80187949095932,238.70358276367188,1369600,0.0,0.0
2023-05-24 00:00:00-04:00,238.83088627014527,240.0497791554019,237.20265146213944,238.7490234375,940300,0.0,0.0
2023-05-25 00:00:00-04:00,239.12194497408873,239.57675694253928,235.42887401103175,236.84788513183594,1673800,0.0,0.0
2023-05-26 00:00:00-04:00,236.59323931629186,237.83941991997048,233.35497966776813,234.42832946777344,1142300,0.0,0.0
2023-05-30 00:00:00-04:00,232.5908861430131,234.74670475895195,231.96324327557886,233.20033264160156,1414200,0.0,0.0
2023-05-31 00:00:00-04:00,234.36465448910613,236.47498915952409,233.01842852587723,236.22940063476562,1779200,0.0,0.0
2023-06-01 00:00:00-04:00,236.84792361542668,237.6665797397509,235.12872077077418,236.1929931640625,1139000,0.0,0.0
2023-06-02 00:00:00-04:00,234.56475217170004,237.99405264781106,234.56475217170004,237.33001708984375,991900,0.0,0.0
2023-06-05 00:00:00-04:00,237.24817463150893,238.25784410137655,234.0553850200964,236.02928161621094,1100800,0.0,0.0
2023-06-06 00:00:00-04:00,236.9843300727118,237.58468521969442,231.09906191917048,232.2178955078125,955000,0.0,0.0
2023-06-07 00:00:00-04:00,230.13488094739483,232.80917783213033,228.87959533706726,230.31680297851562,1268700,0.0,0.0
2023-06-08 00:00:00-04:00,230.33502838265593,232.11788394406042,229.2252858092302,232.0633087158203,794500,0.0,0.0
2023-06-09 00:00:00-04:00,230.94449129052518,233.71884792101906,230.56245078596334,232.7000732421875,691100,0.0,0.0
2023-06-12 00:00:00-04:00,233.05479026049838,233.354981768328,230.2167674202478,232.12698364257812,913900,0.0,0.0
2023-06-13 00:00:00-04:00,231.2537255520748,234.52836390627039,230.41687306556608,234.4374237060547,1179000,0.0,0.0
2023-06-14 00:00:00-04:00,234.41012613115473,237.63017524479045,233.24580847073625,237.03892517089844,871400,0.0,0.0
2023-06-15 00:00:00-04:00,237.63020752199327,238.11230721812984,236.03836523632177,237.2845458984375,943700,0.0,0.0
2023-06-16 00:00:00-04:00,238.3215137804914,239.49493664009273,236.7478540968326,237.15719604492188,1577100,0.0,0.0
2023-06-20 00:00:00-04:00,237.73932937499603,238.59437820632414,234.7375811012855,235.10142517089844,957000,0.0,0.0
2023-06-21 00:00:00-04:00,235.39252640011372,236.43858857615166,233.50959782753048,235.4925994873047,952100,0.0,0.0
2023-06-22 00:00:00-04:00,236.97523873462532,237.42097337909024,235.3833967060897,236.7842254638672,740800,0.0,0.0
2023-06-23 00:00:00-04:00,237.68476095547385,237.68476095547385,234.52836428808672,235.67449951171875,3652200,0.0,0.0
2023-06-26 00:00:00-04:00,235.66539560697802,236.1384178970313,232.88194812906474,236.07473754882812,857200,0.0,0.0
2023-06-27 00:00:00-04:00,236.92067703116248,237.93945154602469,235.0104609360341,236.42039489746094,674300,0.0,0.0
2023-06-28 00:00:00-04:00,234.75578095979483,235.00139723858845,226.76019104240441,227.0330810546875,1929000,0.0,0.0
2023-06-29 00:00:00-04:00,225.8232513300878,227.1240208795836,224.3769524878653,226.20529174804688,1413000,0.0,0.0
2023-06-30 00:00:00-04:00,226.3418100331447,227.24234306218696,225.43218575806705,227.1331787109375,1323900,0.0,0.0
2023-07-03 00:00:00-04:00,226.2781207101775,228.97970581054688,224.84091274690158,228.97970581054688,608400,0.0,0.0
2023-07-05 00:00:00-04:00,228.84325603947988,228.96151162604204,225.44125656244688,226.32359313964844,1188400,0.0,0.0
2023-07-06 00:00:00-04:00,225.78690244477988,227.26048909245785,224.81359796431713,225.36846923828125,973400,0.0,0.0
2023-07-07 00:00:00-04:00,224.69535120779048,224.69535120779048,221.00227954738853,221.0204620361328,1395900,0.0,0.0
2023-07-10 00:00:00-04:00,219.9925896928566,221.84821671227587,219.40132571194331,220.0471649169922,1413200,0.0,0.0
2023-07-11 00:00:00-04:00,219.81974668213266,221.14778999484437,218.33705506994735,219.4195098876953,1205600,0.0,0.0
2023-07-12 00:00:00-04:00,218.3097926472446,219.21941678327477,216.38139392038468,217.21824645996094,1470300,0.0,0.0
2023-07-13 00:00:00-04:00,217.85497502243422,219.66513200367748,216.42685850300745,216.92715454101562,1097000,0.0,0.0
2023-07-14 00:00:00-04:00,217.56388738050688,217.7912934073933,215.9629539479408,217.2819061279297,1559600,0.0,0.0
2023-07-17 00:00:00-04:00,216.97262628872036,219.89252563335842,216.344983465496,217.80947875976562,953200,0.0,0.0
2023-07-18 00:00:00-04:00,217.8913403538188,221.08412967469627,217.4365283256379,218.1642303466797,1283700,0.0,0.0
2023-07-19 00:00:00-04:00,220.51110108469516,221.93011264287202,219.11937714265525,220.7294158935547,1125800,0.0,0.0
2023-07-20 00:00:00-04:00,221.4115983181938,223.94035212365034,219.07385779486413,223.42185974121094,2069200,0.0,0.0
2023-07-21 00:00:00-04:00,223.21264037161149,226.43270333367533,222.9397503864085,224.34967041015625,1591400,0.0,0.0
2023-07-24 00:00:00-04:00,224.07678479503429,224.77719919877092,223.03981393484827,223.60379028320312,760700,0.0,0.0
2023-07-25 00:00:00-04:00,223.4036921253714,223.59470542021418,221.15691941142174,221.9482879638672,983200,0.0,0.0
2023-07-26 00:00:00-04:00,221.03865746011607,221.0477487044494,218.31887639012695,218.71002197265625,1458400,0.0,0.0
2023-07-27 00:00:00-04:00,214.67126703874175,216.57237789451,210.67801817740644,212.4517822265625,2414900,0.0,0.0
2023-07-28 00:00:00-04:00,213.50697377219205,216.18127089592664,212.95210250584057,214.3438262939453,1622100,0.0,0.0
2023-07-31 00:00:00-04:00,214.34380989780908,214.4074902433899,209.65925160727204,210.40513610839844,1691200,0.0,0.0
2023-08-01 00:00:00-04:00,211.0600745211757,211.7786853182312,208.96793635776228,209.75021362304688,1518800,0.0,0.0
2023-08-02 00:00:00-04:00,210.12315548535105,214.48935369996,209.668343460491,212.115234375,1142100,0.0,0.0
2023-08-03 00:00:00-04:00,211.2874664272932,212.13342398405788,209.28629635761564,210.1504364013672,969200,0.0,0.0
2023-08-04 00:00:00-04:00,210.50520340880004,211.26928430660226,207.50344116199193,207.60350036621094,830700,0.0,0.0
2023-08-07 00:00:00-04:00,207.90367681667038,208.96793532118033,207.46706114604729,208.19476318359375,900600,0.0,0.0
2023-08-08 00:00:00-04:00,209.41364381866282,209.8411682201257,203.5647541295762,204.02867126464844,1296400,0.0,0.0
2023-08-09 00:00:00-04:00,204.8018712758192,205.9207189707724,203.9650187256168,205.25668334960938,1079300,0.0,0.0
2023-08-10 00:00:00-04:00,205.23849247132782,207.0850283050611,203.02809866557664,203.5647735595703,979500,0.0,0.0
2023-08-11 00:00:00-04:00,204.35617208596005,205.3021751282677,203.07359865802925,203.36468505859375,842400,0.0,0.0
2023-08-14 00:00:00-04:00,204.2015533237743,204.48353462112587,202.65518099159613,204.0832977294922,1504500,0.0,0.0
2023-08-15 00:00:00-04:00,203.755794948595,203.84676290895902,200.644882244862,200.7631378173828,969000,0.0,0.0
2023-08-16 00:00:00-04:00,201.43623665598622,202.182135015423,199.23494819093983,199.65338134765625,1068200,0.0,0.0
2023-08-17 00:00:00-04:00,200.23142688460143,200.5606802455001,198.6766247741839,198.94186401367188,1634600,1.192,0.0
2023-08-18 00:00:00-04:00,199.0607003400847,202.37152883026602,199.0607003400847,200.0941925048828,1142400,0.0,0.0
2023-08-21 00:00:00-04:00,199.37169512136214,199.83813150270188,197.07606280275328,197.81687927246094,1640200,0.0,0.0
2023-08-22 00:00:00-04:00,198.50283028320266,199.22536500936332,195.45725444535074,195.58529663085938,1531400,0.0,0.0
2023-08-23 00:00:00-04:00,196.05176538182485,197.25901847932738,195.85055420631545,196.92977905273438,872400,0.0,0.0
2023-08-24 00:00:00-04:00,197.26812405991896,198.25588395969137,195.57612522172957,195.6127166748047,1278000,0.0,0.0
2023-08-25 00:00:00-04:00,196.76512539788348,199.36256072901637,196.31697074239582,198.74978637695312,1390100,0.0,0.0
2023-08-28 00:00:00-04:00,198.78636466120034,199.96618094179232,198.74063231888712,199.38998413085938,603400,0.0,0.0
2023-08-29 00:00:00-04:00,200.350275073468,200.67952834706605,198.08209360843088,199.0972900390625,1335200,0.0,0.0
2023-08-30 00:00:00-04:00,199.5271943811444,201.13686966616635,198.47540626044136,198.74978637695312,1041700,0.0,0.0
2023-08-31 00:00:00-04:00,198.85952494045472,198.86867978249126,196.46330085959795,196.509033203125,1442900,0.0,0.0
2023-09-01 00:00:00-04:00,196.4084229726218,196.819986143503,195.01824070456266,195.58529663085938,1221600,0.0,0.0
2023-09-05 00:00:00-04:00,195.4206878247403,196.3352789676214,193.2805478997313,193.9847869873047,1087200,0.0,0.0
2023-09-06 00:00:00-04:00,194.0579033048685,194.51519878512943,192.13727066110286,192.42079162597656,1006500,0.0,0.0
2023-09-07 00:00:00-04:00,193.43599927834887,194.5792380447694,190.80197269473962,191.140380859375,1079000,0.0,0.0
2023-09-08 00:00:00-04:00,191.4604618732866,191.76227855475236,189.77761791197744,191.17694091796875,984100,0.0,0.0
2023-09-11 00:00:00-04:00,191.14952094900846,194.10364600157513,191.112943449078,193.9207305908203,1047800,0.0,0.0
2023-09-12 00:00:00-04:00,193.47258673059545,193.71953022439934,189.0368284620408,189.85995483398438,1293100,0.0,0.0
2023-09-13 00:00:00-04:00,191.3598754220659,192.74091679537062,190.070312688636,191.79888916015625,1155800,0.0,0.0
2023-09-14 00:00:00-04:00,192.08240166361375,194.32314677509547,191.51534576583632,193.7012176513672,1157600,0.0,0.0
2023-09-15 00:00:00-04:00,193.72869164843073,195.59445133414906,193.19822714083614,194.22256469726562,2600800,0.0,0.0
2023-09-18 00:00:00-04:00,194.91763007582327,195.46639025979374,192.51226522792726,194.3140106201172,985100,0.0,0.0
2023-09-19 00:00:00-04:00,194.20426476744086,194.670715145446,190.8019848651137,191.21356201171875,1534100,0.0,0.0
2023-09-20 00:00:00-04:00,192.256180124572,194.0213340547518,190.46357562530312,193.280517578125,1311700,0.0,0.0
2023-09-21 00:00:00-04:00,193.17990174774667,193.6189014965841,190.27149526726637,190.37210083007812,1516100,0.0,0.0
2023-09-22 00:00:00-04:00,190.23494220093463,192.3293496068385,189.66790020438162,190.18006896972656,2465900,0.0,0.0
2023-09-25 00:00:00-04:00,189.32032344454362,190.52759017676712,187.1344516692755,188.3782958984375,1409800,0.0,0.0
2023-09-26 00:00:00-04:00,188.03077748872147,188.3966222954165,186.58572190226897,187.67408752441406,1118500,0.0,0.0
2023-09-27 00:00:00-04:00,187.3997070424083,188.11308696963036,184.61021540789892,185.2595672607422,1137500,0.0,0.0
2023-09-28 00:00:00-04:00,185.63452065055196,186.49423835056348,183.37547995560254,184.6010284423828,1591900,0.0,0.0
2023-09-29 00:00:00-04:00,185.51566052504978,185.51566052504978,182.27801408160772,182.99139404296875,1406600,0.0,0.0
2023-10-02 00:00:00-04:00,182.4883628907542,183.0919963721209,180.16530761397553,182.0127716064453,1483100,0.0,0.0
2023-10-03 00:00:00-04:00,181.19876808307444,182.5432179964437,179.918346239652,180.33905029296875,1679400,0.0,0.0
2023-10-04 00:00:00-04:00,180.95186044714163,181.96705715851039,178.01601678273366,181.9304656982422,1423000,0.0,0.0
2023-10-05 00:00:00-04:00,181.50057571766806,183.96996855252766,178.47328183131174,178.81167602539062,1894900,0.0,0.0
2023-10-06 00:00:00-04:00,178.1623430125178,179.01290600792825,173.89120439542856,178.3818359375,1876200,0.0,0.0
2023-10-09 00:00:00-04:00,177.9428247407713,179.04948600373714,177.11054357202065,179.00375366210938,1182600,0.0,0.0
2023-10-10 00:00:00-04:00,179.9640864534122,180.6317340184321,177.6227355769983,177.7416229248047,1116300,0.0,0.0
2023-10-11 00:00:00-04:00,178.66535061090815,178.87570262532276,174.6045644930578,175.39111328125,1559300,0.0,0.0
2023-10-12 00:00:00-04:00,175.14418214432953,175.6014776590667,170.69012829656617,171.6230010986328,1951400,0.0,0.0
2023-10-13 00:00:00-04:00,172.4918974218233,175.90331852254886,172.0163061136501,174.55886840820312,1761800,0.0,0.0
2023-10-16 00:00:00-04:00,175.09843485940075,176.45202555995712,174.04666084748098,175.44598388671875,1733900,0.0,0.0
2023-10-17 00:00:00-04:00,174.41251916584415,176.19596901141983,173.8912094981617,174.47654724121094,1227200,0.0,0.0
2023-10-18 00:00:00-04:00,175.50088209091442,176.47950124689663,174.01009416212187,174.86981201171875,1472500,0.0,0.0
2023-10-19 00:00:00-04:00,175.14417723643245,176.79044383446478,174.5131072108908,175.21734619140625,1462500,0.0,0.0
2023-10-20 00:00:00-04:00,175.81183536866706,176.9642290345909,174.60458242764219,174.63201904296875,1324800,0.0,0.0
2023-10-23 00:00:00-04:00,174.46736327599615,175.86668630244893,172.5924630071433,173.0406036376953,1495700,0.0,0.0
2023-10-24 00:00:00-04:00,173.47046417909127,174.61370286901163,172.79366185066024,174.03750610351562,1551900,0.0,0.0
2023-10-25 00:00:00-04:00,173.79973298736897,178.07087143933967,173.32414174237314,177.8605194091797,2055600,0.0,0.0
2023-10-26 00:00:00-04:00,174.68689215559428,178.32696066049658,170.77244354205968,172.9034423828125,3021700,0.0,0.0
2023-10-27 00:00:00-04:00,171.40351400872916,172.04372496001017,168.2481776409104,168.38536071777344,2066900,0.0,0.0
2023-10-30 00:00:00-04:00,168.78776842617995,170.46147159698356,168.0469519640564,170.0956268310547,1405000,0.0,0.0
2023-10-31 00:00:00-04:00,171.3486328125,172.1443225324206,169.31823963600132,171.3486328125,1303200,0.0,0.0
2023-11-01 00:00:00-04:00,171.95224741444295,173.24182406273908,169.99502324941483,171.80592346191406,1205900,0.0,0.0
2023-11-02 00:00:00-04:00,171.8699451832107,174.74176046754786,171.56812846776597,173.36073303222656,969900,0.0,0.0
2023-11-03 00:00:00-04:00,174.668578005615,175.1167326009686,171.87907278055803,171.9339599609375,978900,0.0,0.0
2023-11-06 00:00:00-05:00,172.04370424987968,173.42473156108116,171.01021201007998,171.63214111328125,1741300,0.0,0.0
2023-11-07 00:00:00-05:00,171.30291003429437,172.0071490650591,169.9218685883939,171.4766845703125,1018800,0.0,0.0
2023-11-08 00:00:00-05:00,171.59558636102855,172.92175468728166,171.08341755211447,172.8760223388672,1036400,0.0,0.0
2023-11-09 00:00:00-05:00,173.5527956102336,174.32106271167223,171.68703597657327,172.51016235351562,1134700,0.0,0.0
2023-11-10 00:00:00-05:00,172.79366005664292,175.58316522219687,172.40039265005757,175.12586975097656,1442300,0.0,0.0
2023-11-13 00:00:00-05:00,175.1258777311065,178.72022755557148,175.1258777311065,178.07086181640625,2123300,0.0,0.0
2023-11-14 00:00:00-05:00,178.80254830420276,181.3725468934874,178.57390054422297,180.94268798828125,1606000,0.0,0.0
2023-11-15 00:00:00-05:00,182.00361105961267,182.83589222836332,178.62876799853365,179.00375366210938,1535900,0.0,0.0
2023-11-16 00:00:00-05:00,179.33687676887948,181.8214014828191,178.6191254968762,180.2110595703125,1335300,1.192,0.0
2023-11-17 00:00:00-05:00,180.6895472323617,181.3520889627101,179.04240384564866,180.3582763671875,1074700,0.0,0.0
2023-11-20 00:00:00-05:00,179.48409209713952,179.8061520203654,176.8891346689134,177.662109375,1288800,0.0,0.0
2023-11-21 00:00:00-05:00,175.11315444514426,176.6866804197683,174.01811987882638,175.3800048828125,1474800,0.0,0.0
2023-11-22 00:00:00-05:00,176.3002109372518,177.35844393756412,175.4628298596896,176.31861877441406,1302500,0.0,0.0
2023-11-24 00:00:00-05:00,177.33084018778402,177.33084018778402,174.66226542705314,176.38302612304688,773400,0.0,0.0
2023-11-27 00:00:00-05:00,176.4014392202922,176.67750062322924,173.13474304118068,173.3647918701172,1246600,0.0,0.0
2023-11-28 00:00:00-05:00,173.40160462041467,174.41381102601935,172.91390223458228,173.90771484375,1396800,0.0,0.0
2023-11-29 00:00:00-05:00,172.99671047064146,173.35558606369858,170.8526538101998,170.89866638183594,1168300,0.0,0.0
2023-11-30 00:00:00-05:00,171.15635265244478,173.1163734420904,169.49080114470965,172.92312622070312,2799400,0.0,0.0
2023-12-01 00:00:00-05:00,173.18997580909968,175.77572253794577,172.81269233962763,175.73890686035156,1262700,0.0,0.0
2023-12-04 00:00:00-05:00,175.43524328787325,177.1284134554594,174.5150479094085,175.4076385498047,1024300,0.0,0.0
2023-12-05 00:00:00-05:00,175.58246372177354,175.9505502680385,172.17774390495202,172.9322967529297,952200,0.0,0.0
2023-12-06 00:00:00-05:00,172.2329416726236,174.9291210316663,172.2329416726236,174.10093688964844,973100,0.0,0.0
2023-12-07 00:00:00-05:00,174.1101751837286,176.3278353930398,172.54583179448966,173.97213745117188,1496800,0.0,0.0
2023-12-08 00:00:00-05:00,173.4567867968349,173.59481045372252,169.7760061751514,170.91705322265625,1505100,0.0,0.0
2023-12-11 00:00:00-05:00,171.34038414642276,172.07654328956494,170.30057287126218,171.41400146484375,1198700,0.0,0.0
2023-12-12 00:00:00-05:00,171.8372852394923,171.8464821382364,169.5091921201552,169.9508819580078,1354100,0.0,0.0
2023-12-13 00:00:00-05:00,170.1625269823845,173.88012415868482,169.65641671815214,173.7236785888672,1281000,0.0,0.0
2023-12-14 00:00:00-05:00,174.10096941613696,174.56106712286092,169.87727583826717,171.34959411621094,1968300,0.0,0.0
2023-12-15 00:00:00-05:00,169.2515151100992,170.40175923727946,166.98784253080544,167.2086944580078,3532400,0.0,0.0
2023-12-18 00:00:00-05:00,167.83441259155785,169.4447542935048,166.80379839545273,167.71478271484375,1800800,0.0,0.0
2023-12-19 00:00:00-05:00,167.92641895521774,168.86500790411228,167.2178647540978,167.98162841796875,1651000,0.0,0.0
2023-12-20 00:00:00-05:00,167.01543354398882,168.17487447413896,165.0462163216968,165.19345092773438,1634600,0.0,0.0
2023-12-21 00:00:00-05:00,165.40511469551214,166.60137146258037,164.54933975696648,166.55535888671875,1326600,0.0,0.0
2023-12-22 00:00:00-05:00,167.2455014495933,169.12269374721686,167.02464951531607,167.9540557861328,1214900,0.0,0.0
2023-12-26 00:00:00-05:00,167.7515724833901,169.2974935388213,167.0706230426522,168.76377868652344,703100,0.0,0.0
2023-12-27 00:00:00-05:00,168.55217832580925,169.34354687789377,168.3037216531254,169.24232482910156,860000,0.0,0.0
2023-12-28 00:00:00-05:00,168.48778299574263,170.03370452472083,168.31294362354612,169.41717529296875,1122200,0.0,0.0
2023-12-29 00:00:00-05:00,169.38038996905678,171.86491497482263,169.1227223150089,171.56124877929688,1591800,0.0,0.0
2024-01-02 00:00:00-05:00,170.72383897909788,176.88914490093345,170.65022166754244,176.70510864257812,2359100,0.0,0.0
2024-01-03 00:00:00-05:00,177.1376057413263,178.83997276357874,176.09778049759947,176.5302734375,2370500,0.0,0.0
2024-01-04 00:00:00-05:00,176.35542970841502,180.0362110353097,175.14077917189434,175.29721069335938,1925000,0.0,0.0
2024-01-05 00:00:00-05:00,174.85552042695386,175.56406072103564,172.05811876253478,172.6654510498047,1237800,0.0,0.0
2024-01-08 00:00:00-05:00,172.72063939672952,176.24498876223763,172.72063939672952,176.17137145996094,1650900,0.0,0.0
2024-01-09 00:00:00-05:00,175.77568426772388,177.73569042033523,174.60703247722165,177.68048095703125,1434200,0.0,0.0
2024-01-10 00:00:00-05:00,177.8277654121293,179.05162700907883,174.42304515682474,174.505859375,1611600,0.0,0.0
2024-01-11 00:00:00-05:00,174.02734137193602,175.4444500843001,172.53662938717224,175.2144012451172,1284900,0.0,0.0
2024-01-12 00:00:00-05:00,177.71734757969926,179.17125804149669,175.02116767313703,175.42605590820312,1629800,0.0,0.0
2024-01-16 00:00:00-05:00,175.9045425971253,178.21422781991225,175.24200083644914,176.24501037597656,1617400,0.0,0.0
2024-01-17 00:00:00-05:00,175.9045467401812,178.03939265403443,175.53646017498804,176.25421142578125,1428100,0.0,0.0
2024-01-18 00:00:00-05:00,176.10697461422149,176.32781249192254,173.21756203875367,176.18978881835938,1815000,0.0,0.0
2024-01-19 00:00:00-05:00,176.2910207574522,176.53947742488134,173.54884264053172,175.26040649414062,1286200,0.0,0.0
2024-01-22 00:00:00-05:00,175.0855480294079,175.0855480294079,172.7666521489597,173.23594665527344,1142900,0.0,0.0
2024-01-23 00:00:00-05:00,173.88931317064882,177.20202198531064,173.73288164899347,176.70510864257812,1314900,0.0,0.0
2024-01-24 00:00:00-05:00,176.15301945759114,176.15301945759114,174.1469999887157,174.20220947265625,1403900,0.0,0.0
2024-01-25 00:00:00-05:00,173.769663495228,175.21437674297866,172.38017375565488,174.2481689453125,1401200,0.0,0.0
2024-01-26 00:00:00-05:00,174.47824215974268,176.14379350893466,174.47824215974268,175.03036499023438,1111100,0.0,0.0
2024-01-29 00:00:00-05:00,177.8645471226265,179.09761952192903,175.87693590377788,177.40444946289062,1679000,0.0,0.0
2024-01-30 00:00:00-05:00,177.58851655523242,181.82140700049214,177.23883780762074,181.628173828125,2355600,0.0,0.0
2024-01-31 00:00:00-05:00,181.2784866282971,181.47173383272158,177.94738390522312,178.0946044921875,2147700,0.0,0.0
2024-02-01 00:00:00-05:00,177.3952473082345,182.6863702384204,175.65607876760734,182.59434509277344,1776400,0.0,0.0
2024-02-02 00:00:00-05:00,182.69558085145061,183.31212409965042,181.0852389692019,181.8858184814453,1761400,0.0,0.0
2024-02-05 00:00:00-05:00,181.085220317324,183.63416513703942,180.60672888830888,180.71714782714844,1911100,0.0,0.0
2024-02-06 00:00:00-05:00,180.7355489424644,180.91038828316846,178.15899948386036,179.23562622070312,1602200,0.0,0.0
2024-02-07 00:00:00-05:00,179.806178584167,180.72637399972785,178.30626960472884,178.7571563720703,1959300,0.0,0.0
2024-02-08 00:00:00-05:00,176.86152860071218,192.9465380356447,174.4414245814907,186.16470336914062,4712400,0.0,0.0
2024-02-09 00:00:00-05:00,185.18930852663019,185.69541876187276,179.13442162378806,179.8521728515625,3118500,0.0,0.0
2024-02-12 00:00:00-05:00,174.83711093120672,179.0884088196559,174.46903841935702,178.26023864746094,3132200,0.0,0.0
2024-02-13 00:00:00-05:00,178.07621244656735,181.67416568241464,178.07621244656735,179.29086303710938,1977500,0.0,0.0
2024-02-14 00:00:00-05:00,177.83695337429057,179.4472952828639,175.21440497639716,175.98736572265625,1610600,0.0,0.0
2024-02-15 00:00:00-05:00,176.83394394250348,179.30007485462758,176.83394394250348,177.2112274169922,1270700,0.0,0.0
2024-02-16 00:00:00-05:00,177.24830930848378,179.11114919374396,175.6542318790555,177.16490173339844,1595200,1.37,0.0
2024-02-20 00:00:00-05:00,178.277032476297,180.82570079483637,178.1658223840951,179.39845275878906,1811400,0.0,0.0
2024-02-21 00:00:00-05:00,180.53841656909182,181.02961338068727,177.75805085439842,178.3975372314453,1243700,0.0,0.0
2024-02-22 00:00:00-05:00,177.5355987577496,179.60233310605616,174.22697124170145,179.37063598632812,1570600,0.0,0.0
2024-02-23 00:00:00-05:00,178.92575804311662,181.02030878181418,178.35115378677847,179.63938903808594,1679000,0.0,0.0
2024-02-26 00:00:00-05:00,179.75062176589557,180.4271733924811,174.79231191328918,174.80157470703125,2032900,0.0,0.0
2024-02-27 00:00:00-05:00,174.35671838769608,175.52446676220595,173.3743248777905,173.4669952392578,1905000,0.0,0.0
2024-02-28 00:00:00-05:00,173.60602152529844,174.11574386616684,170.99247127392323,172.57728576660156,1328800,0.0,0.0
2024-02-29 00:00:00-05:00,173.01284096311034,174.727405053137,171.91923750713022,174.1620635986328,2160400,0.0,0.0
2024-03-01 00:00:00-05:00,174.10650068312017,174.7459870567268,172.23438381896347,174.2825927734375,1284000,0.0,0.0
2024-03-04 00:00:00-05:00,173.09626036835834,173.09626036835834,167.89697727095336,170.529052734375,2729600,0.0,0.0
2024-03-05 00:00:00-05:00,170.76077782158248,174.23623462934873,170.76077782158248,173.8284454345703,1986300,0.0,0.0
2024-03-06 00:00:00-05:00,180.55694546330662,182.42904808350136,177.06294879854752,178.71263122558594,2928400,0.0,0.0
2024-03-07 00:00:00-05:00,178.9442921700614,179.78767294302622,177.15558334232645,178.42529296875,2179200,0.0,0.0
2024-03-08 00:00:00-05:00,178.24921431806433,181.1778690502989,178.07312225974403,180.31594848632812,1968900,0.0,0.0
2024-03-11 00:00:00-04:00,181.37250308385245,184.70894727544058,181.37250308385245,184.44944763183594,2152700,0.0,0.0
2024-03-12 00:00:00-04:00,184.19918161958606,184.95915484244472,181.0944350400228,182.0861053466797,1957900,0.0,0.0
2024-03-13 00:00:00-04:00,182.92024226760518,184.68114890788212,181.48373140163827,181.54859924316406,2254300,0.0,0.0
2024-03-14 00:00:00-04:00,181.7710283677206,182.1417381015434,179.07407050789948,180.77935791015625,2304700,0.0,0.0
2024-03-15 00:00:00-04:00,180.20475410235102,184.08800009166023,179.37063598632812,179.37063598632812,12184800,0.0,0.0
2024-03-18 00:00:00-04:00,179.06477819965514,184.21771901547243,177.74872633566267,182.62364196777344,2688000,0.0,0.0
2024-03-19 00:00:00-04:00,183.45778543578433,187.65613631675913,183.45778543578433,187.41517639160156,2514600,0.0,0.0
2024-03-20 00:00:00-04:00,187.39661206750534,189.24092607859868,182.2807361284858,183.5319061279297,2347500,0.0,0.0
2024-03-21 00:00:00-04:00,183.01291335750446,185.96937072728392,182.5309794117247,184.71820068359375,2331300,0.0,0.0
2024-03-22 00:00:00-04:00,184.98695705335217,184.98695705335217,183.27239297943126,183.4948272705078,1127400,0.0,0.0
2024-03-25 00:00:00-04:00,183.4114434037289,183.809969823067,177.60975232940396,178.18435668945312,1766200,0.0,0.0
2024-03-26 00:00:00-04:00,177.3965755656772,178.68481090889,175.26495936293844,176.9239044189453,2396800,0.0,0.0
2024-03-27 00:00:00-04:00,177.8877635941351,180.26033957992368,177.86922386690188,179.52818298339844,1446100,0.0,0.0
2024-03-28 00:00:00-04:00,180.72375496126386,182.36417454288755,180.04720332543545,180.26036071777344,1585100,0.0,0.0
2024-04-01 00:00:00-04:00,182.1880588931002,184.37528000502186,180.39934999101237,183.75433349609375,1573800,0.0,0.0
2024-04-02 00:00:00-04:00,185.00551100450627,186.48837822237923,183.2909608093649,185.867431640625,1993700,0.0,0.0
2024-04-03 00:00:00-04:00,185.35770104142196,185.63574042131816,180.529126706958,180.603271484375,2095400,0.0,0.0
2024-04-04 00:00:00-04:00,180.30668888795216,182.32708084376998,179.00917662251663,181.60418701171875,1465900,0.0,0.0
2024-04-05 00:00:00-04:00,181.1871423401456,182.4568379938702,178.16581707805776,179.55599975585938,1407300,0.0,0.0
2024-04-08 00:00:00-04:00,179.7042611702746,181.74320691898464,179.7042611702746,179.97303771972656,1182300,0.0,0.0
2024-04-09 00:00:00-04:00,180.3252403800787,180.621805338429,177.7487554090806,180.33450317382812,1351900,0.0,0.0
2024-04-10 00:00:00-04:00,178.40678312495362,179.37063692573545,176.71075850266143,177.97119140625,1373600,0.0,0.0
2024-04-11 00:00:00-04:00,178.28629751156495,178.77749428052536,174.72743309966208,175.6264190673828,1301400,0.0,0.0
2024-04-12 00:00:00-04:00,175.16300082067318,175.41323763865552,171.06659794821633,172.19728088378906,1803400,0.0,0.0
2024-04-15 00:00:00-04:00,171.6319624423861,172.40119858481643,168.84232004142322,169.2037811279297,2005700,0.0,0.0
2024-04-16 00:00:00-04:00,169.73203506386838,170.7422310738002,168.36965491989196,169.88958740234375,1620900,0.0,0.0
2024-04-17 00:00:00-04:00,170.788569062819,170.90905608286351,167.22970492075734,169.09254455566406,1736000,0.0,0.0
2024-04-18 00:00:00-04:00,169.8803231423912,171.6875577642069,168.675495347291,171.32611083984375,1415600,0.0,0.0
2024-04-19 00:00:00-04:00,171.45587128120633,172.03047562178728,169.45400474143574,171.4744110107422,1740300,0.0,0.0
2024-04-22 00:00:00-04:00,172.28998066176754,172.7997171774343,171.23344231187215,172.68850708007812,1631700,0.0,0.0
2024-04-23 00:00:00-04:00,172.2250899403187,174.4493764419893,172.2250899403187,173.38357543945312,1288200,0.0,0.0
2024-04-24 00:00:00-04:00,172.28069292334612,175.06105808805128,171.38170705542467,174.365966796875,1629900,0.0,0.0
2024-04-25 00:00:00-04:00,174.9776498716181,175.35763650337142,172.21582444469107,173.4484405517578,1316500,0.0,0.0
2024-04-26 00:00:00-04:00,172.7904444642671,174.28257446538,172.34558995870844,172.53094482421875,1186500,0.0,0.0
2024-04-29 00:00:00-04:00,173.50405047369387,178.49943903528975,173.1518663809465,178.3789520263672,2960300,0.0,0.0
2024-04-30 00:00:00-04:00,179.70426910981004,183.2353448715365,179.1482045424139,179.72280883789062,3133700,0.0,0.0
2024-05-01 00:00:00-04:00,178.24921008960217,180.7422730842199,177.19267190641241,179.51890563964844,1794000,0.0,0.0
2024-05-02 00:00:00-04:00,181.3354273138111,182.08612367822698,179.91744214954355,181.53932189941406,2347600,0.0,0.0
2024-05-03 00:00:00-04:00,181.65051498028083,184.48648504332652,177.58191472572594,183.42994689941406,3396000,0.0,0.0
2024-05-06 00:00:00-04:00,183.4485157736726,184.13433020485758,179.88037443438677,182.10467529296875,1775000,0.0,0.0
2024-05-07 00:00:00-04:00,183.43921801609358,185.19086163746354,181.9749048143693,183.6523895263672,2047300,0.0,0.0
2024-05-08 00:00:00-04:00,185.04259355885844,186.73861819486362,182.6143980954231,185.3206329345703,2027400,0.0,0.0
2024-05-09 00:00:00-04:00,185.72838795405676,185.72838795405676,184.3289425742381,185.4410858154297,1470900,0.0,0.0
2024-05-10 00:00:00-04:00,185.8581618645759,189.99164484799405,185.8118337523395,189.78775024414062,1785100,0.0,0.0
2024-05-13 00:00:00-04:00,190.6033206203081,194.83873658534168,190.5755180974708,194.17144775390625,2284400,0.0,0.0
2024-05-14 00:00:00-04:00,194.6255833259982,196.40501553369262,191.68766550326805,193.5968475341797,2094600,0.0,0.0
2024-05-15 00:00:00-04:00,193.68953231071634,193.98609727491146,190.26968050768477,190.3716278076172,1470700,0.0,0.0
2024-05-16 00:00:00-04:00,190.81945979055683,194.30891266184983,190.59553197129412,194.22494506835938,1299800,1.37,0.0
2024-05-17 00:00:00-04:00,195.37257697856157,195.38191620378655,192.57354284284222,193.17066955566406,1180700,0.0,0.0
2024-05-20 00:00:00-04:00,193.13333545006353,194.934040391454,192.70414399606068,194.1503143310547,1306900,0.0,0.0
2024-05-21 00:00:00-04:00,194.6354583191412,195.6057836597435,192.6574792190939,193.45986938476562,1137200,0.0,0.0
2024-05-22 00:00:00-04:00,192.5828287072602,193.198619463285,190.3995861031212,191.79910278320312,1148200,0.0,0.0
2024-05-23 00:00:00-04:00,190.83812561952303,191.16468527016738,187.45130427110405,187.5725860595703,1199800,0.0,0.0
2024-05-24 00:00:00-04:00,187.53525221771395,187.8244834134242,183.72856479266133,183.80320739746094,1880200,0.0,0.0
2024-05-28 00:00:00-04:00,183.01015749200332,185.08144367948964,182.1797780194793,184.3723602294922,2257900,0.0,0.0
2024-05-29 00:00:00-04:00,183.74721193141016,183.74721193141016,180.49099800308446,180.5843048095703,1492700,0.0,0.0
2024-05-30 00:00:00-04:00,180.73360731532875,181.43336572113336,179.55800408213943,180.1924591064453,1496200,0.0,0.0
2024-05-31 00:00:00-04:00,180.19247133335642,184.6429248458908,179.7073014861569,184.57762145996094,3878300,0.0,0.0
2024-06-03 00:00:00-04:00,184.35366046693437,185.53858855426753,176.16182411965974,183.2620391845703,1108000,0.0,0.0
2024-06-04 00:00:00-04:00,183.12215627852805,187.16209745513282,182.29177668016237,186.6676025390625,1486700,0.0,0.0
2024-06-05 00:00:00-04:00,186.34100891286582,186.90082136029028,182.5623104843055,185.07211303710938,857000,0.0,0.0
2024-06-06 00:00:00-04:00,184.68025381587924,185.7252218868277,183.96183114879105,184.10179138183594,776100,0.0,0.0
2024-06-07 00:00:00-04:00,183.33670519421452,185.33334864060524,182.73025359432754,182.92617797851562,715600,0.0,0.0
2024-06-10 00:00:00-04:00,182.58097646278532,183.11278548002602,176.8896020598323,178.31710815429688,1437000,0.0,0.0
2024-06-11 00:00:00-04:00,177.51473366901982,178.32646322142037,175.2661871436731,177.84129333496094,1270400,0.0,0.0
2024-06-12 00:00:00-04:00,177.70133695569842,178.0931999899818,174.58506842028257,174.67837524414062,1132500,0.0,0.0
2024-06-13 00:00:00-04:00,174.83698542869047,175.12621665133477,173.07359465637344,173.15756225585938,1087000,0.0,0.0
2024-06-14 00:00:00-04:00,172.88698520994933,176.39510233885872,172.88698520994933,174.45443725585938,1145300,0.0,0.0
2024-06-17 00:00:00-04:00,173.54005367459226,173.791970641986,170.1159048615577,170.7876739501953,1651700,0.0,0.0
2024-06-18 00:00:00-04:00,170.6571004381565,172.32718440239663,169.19226586238997,170.48915100097656,2294200,0.0,0.0
2024-06-20 00:00:00-04:00,170.49847787130972,172.0939191074909,169.3322138298702,169.80804443359375,1691000,0.0,0.0
2024-06-21 00:00:00-04:00,170.25587207305855,171.7300314106382,169.26688252374294,169.89199829101562,2280800,0.0,0.0
2024-06-24 00:00:00-04:00,170.6757372311561,175.67667798641318,170.63842304612186,174.7530059814453,1855000,0.0,0.0
2024-06-25 00:00:00-04:00,175.2288294234899,178.62498958770757,173.036261667618,173.46543884277344,1913400,0.0,0.0
2024-06-26 00:00:00-04:00,171.67403159206975,172.84029539364633,170.53575698280153,170.7876739501953,1208100,0.0,0.0
2024-06-27 00:00:00-04:00,171.12360074706604,171.70206317975962,169.89201903493134,171.37550354003906,1199700,0.0,0.0
2024-06-28 00:00:00-04:00,171.21690195656885,173.03628541719527,170.47050429096333,171.51547241210938,5542300,0.0,0.0
2024-07-01 00:00:00-04:00,172.13125625809374,173.2695311591903,169.5001576136049,170.2279052734375,1668700,0.0,0.0
2024-07-02 00:00:00-04:00,170.0039670831112,172.37380912853266,169.64009330583647,172.28050231933594,1638900,0.0,0.0
2024-07-03 00:00:00-04:00,171.85132307531882,172.09390084501229,170.68505915764237,171.4407958984375,1014800,0.0,0.0
2024-07-05 00:00:00-04:00,171.2448579977056,171.83265957034104,169.7147203009103,171.81399536132812,1169400,0.0,0.0
2024-07-08 00:00:00-04:00,172.31784481088457,173.29750944097822,171.81401077866659,172.38314819335938,1193300,0.0,0.0
2024-07-09 00:00:00-04:00,172.21522486160947,172.252539048932,169.84536822289024,170.5078125,1452500,0.0,0.0
2024-07-10 00:00:00-04:00,170.27454727381442,173.32549794272796,169.92933767889593,173.24151611328125,1373100,0.0,0.0
2024-07-11 00:00:00-04:00,172.56977773843624,174.61306054356137,171.91665843374,174.2771759033203,1834700,0.0,0.0
2024-07-12 00:00:00-04:00,175.40610926565606,178.3544281360594,175.02357124887266,176.28314208984375,1146400,0.0,0.0
2024-07-15 00:00:00-04:00,175.84464360535497,176.37645265164446,174.53843345953615,176.26449584960938,1315200,0.0,0.0
2024-07-16 00:00:00-04:00,176.33911861276667,177.27212982235804,174.6037171934619,177.244140625,1003900,0.0,0.0
2024-07-17 00:00:00-04:00,176.60035182045743,181.47999621743273,176.57236262449285,181.00416564941406,1819000,0.0,0.0
2024-07-18 00:00:00-04:00,180.07116156685527,184.21373357195213,179.20346798459312,180.3883819580078,1563400,0.0,0.0
2024-07-19 00:00:00-04:00,181.00418050122272,181.15346571636343,177.1415145383419,178.3450927734375,2196200,0.0,0.0
2024-07-22 00:00:00-04:00,178.20515625681767,178.97023234762466,176.56306151282897,178.47572326660156,1681000,0.0,0.0
2024-07-23 00:00:00-04:00,177.9065598891197,178.16781610975127,175.7792955983884,177.2161407470703,2124100,0.0,0.0
2024-07-24 00:00:00-04:00,177.53334309346286,180.06180932640947,176.66564964253226,179.23143005371094,1873800,0.0,0.0
2024-07-25 00:00:00-04:00,178.1211955973075,183.55131410956716,177.27215187417323,179.76329040527344,1879600,0.0,0.0
2024-07-26 00:00:00-04:00,179.45537295011945,181.09748179331206,179.3154269630843,180.56565856933594,1504200,0.0,0.0
2024-07-29 00:00:00-04:00,179.77258605755057,181.74124020289398,178.19580913326232,179.66062927246094,2100100,0.0,0.0
2024-07-30 00:00:00-04:00,178.70895644346007,181.31206562696352,177.51470326336658,180.97618103027344,1718000,0.0,0.0
2024-07-31 00:00:00-04:00,181.64795780097637,184.99746468429504,181.31207319027507,184.2510528564453,2547900,0.0,0.0
2024-08-01 00:00:00-04:00,179.5207076800166,187.0407764814232,177.83195950459188,186.24771118164062,2867000,0.0,0.0
2024-08-02 00:00:00-04:00,185.74388122558594,189.61587221566867,183.59795250479593,185.74388122558594,2235700,0.0,0.0
2024-08-05 00:00:00-04:00,184.74552269836425,189.2613072400575,182.3103631590522,182.8888397216797,1866200,0.0,0.0
2024-08-06 00:00:00-04:00,184.4842943570132,187.11539268570064,183.42066219441244,186.03309631347656,1388700,0.0,0.0
2024-08-07 00:00:00-04:00,185.6785598576148,188.22569076726094,185.22139346610513,186.43431091308594,1525900,0.0,0.0
2024-08-08 00:00:00-04:00,185.26804081681053,189.17734578603262,185.06277721388167,188.5615692138672,1031700,0.0,0.0
2024-08-09 00:00:00-04:00,188.2350075582121,188.43094617220004,185.59458418245828,188.0017547607422,1267400,0.0,0.0
2024-08-12 00:00:00-04:00,185.82784900892668,186.5555966452116,184.2230685195235,185.36134338378906,1965500,0.0,0.0
2024-08-13 00:00:00-04:00,185.93979475810164,187.84314556810912,184.77353076453565,186.09841918945312,1053200,0.0,0.0
2024-08-14 00:00:00-04:00,185.90249085412023,189.00942001317594,185.78119483636345,187.17138671875,1032100,0.0,0.0
2024-08-15 00:00:00-04:00,187.53524216906638,188.00174774660138,183.1594175739289,183.48597717285156,1140800,0.0,0.0
2024-08-16 00:00:00-04:00,182.8658936851718,183.62693218755604,181.48474442658744,181.7947998046875,2330400,1.37,0.0
2024-08-19 00:00:00-04:00,182.15181059531628,185.4496630228122,182.03906840514347,185.25234985351562,1330400,0.0,0.0
2024-08-20 00:00:00-04:00,184.8013717498935,186.41741008967702,183.42961294091646,185.9476318359375,1198300,0.0,0.0
2024-08-21 00:00:00-04:00,186.1261506537619,187.63883721066364,184.78257738740456,185.5342254638672,859100,0.0,0.0
2024-08-22 00:00:00-04:00,186.28585879355248,186.28585879355248,182.9786161208219,183.73965454101562,600700,0.0,0.0
2024-08-23 00:00:00-04:00,184.735599850544,184.75439499531268,183.38263615709624,184.463134765625,946200,0.0,0.0
2024-08-26 00:00:00-04:00,184.4349325196289,186.86838026480797,183.9463591553383,184.5382843017578,881800,0.0,0.0
2024-08-27 00:00:00-04:00,181.9169094055407,183.58931868578748,179.5492375500299,179.57742309570312,1257500,0.0,0.0
2024-08-28 00:00:00-04:00,179.45527818400097,181.43774282535728,177.86742552298423,180.00961303710938,1092200,0.0,0.0
2024-08-29 00:00:00-04:00,180.78005217416342,180.78005217416342,178.33719977511603,180.1129608154297,1356700,0.0,0.0
2024-08-30 00:00:00-04:00,180.34788445903786,181.5035350497234,179.63382661226794,181.3907928466797,1325900,0.0,0.0
2024-09-03 00:00:00-04:00,180.95859016061175,185.85367156550566,179.80292532720375,185.41207885742188,1365000,0.0,0.0
2024-09-04 00:00:00-04:00,185.6000127345168,187.61066337474082,185.08326805066451,186.68051147460938,1089500,0.0,0.0
2024-09-05 00:00:00-04:00,187.23481417398256,187.40394179534732,185.24295902420428,186.1261444091797,1012700,0.0,0.0
2024-09-06 00:00:00-04:00,186.12616064276935,189.46157496824242,185.88186676132383,187.72340393066406,1191000,0.0,0.0
2024-09-09 00:00:00-04:00,187.52606378710138,191.14336176493364,186.0321725092251,190.96484375,1370800,0.0,0.0
2024-09-10 00:00:00-04:00,191.65073573274117,193.3325499389754,190.24140094687766,190.57025146484375,1173100,0.0,0.0
2024-09-11 00:00:00-04:00,190.62662602025478,190.66420197383502,185.49664099860001,186.61471557617188,774400,0.0,0.0
2024-09-12 00:00:00-04:00,186.05099406479044,186.9341795252166,184.62286407906953,186.4644012451172,699100,0.0,0.0
2024-09-13 00:00:00-04:00,186.26707412741388,188.92602071427785,186.23888857963573,188.69113159179688,721700,0.0,0.0
2024-09-16 00:00:00-04:00,190.0910875846393,191.650740557859,188.22136489384894,188.67234802246094,913000,0.0,0.0
2024-09-17 00:00:00-04:00,188.58778115389353,190.06287739865212,187.07509462083217,187.2348175048828,801000,0.0,0.0
2024-09-18 00:00:00-04:00,186.4080032339844,188.23074513164937,184.26581556816018,185.68455505371094,866800,0.0,0.0
2024-09-19 00:00:00-04:00,185.59998117399192,186.3516292270032,183.3450513514522,183.70208740234375,1141000,0.0,0.0
2024-09-20 00:00:00-04:00,184.52889416155833,186.60532037170614,182.28335465990705,183.61752319335938,2956000,0.0,0.0
2024-09-23 00:00:00-04:00,183.38263820932238,185.20538018692133,181.43776363059737,183.34506225585938,1052300,0.0,0.0
2024-09-24 00:00:00-04:00,182.42428227552173,183.07257851453986,181.4941162365183,181.65383911132812,1079900,0.0,0.0
2024-09-25 00:00:00-04:00,182.97862862791692,183.21351775324158,179.06067973788078,179.45529174804688,1076000,0.0,0.0
2024-09-26 00:00:00-04:00,177.85805809735461,180.38546751517086,177.58557866893463,179.0043182373047,1779100,0.0,0.0
2024-09-27 00:00:00-04:00,180.03783477852906,182.05789011165186,179.6808130120602,181.67266845703125,1112400,0.0,0.0
2024-09-30 00:00:00-04:00,182.87530395228524,183.09139796540344,179.69959791938942,180.18817138671875,837700,0.0,0.0
2024-10-01 00:00:00-04:00,180.24450939966255,181.46593567549215,179.26737698089528,180.21632385253906,966400,0.0,0.0
2024-10-02 00:00:00-04:00,179.66198879409333,183.22290149650973,178.72243232694987,181.71961975097656,1620300,0.0,0.0
2024-10-03 00:00:00-04:00,180.94917405868404,181.76659792258633,178.62846847008208,179.44589233398438,1238000,0.0,0.0
2024-10-04 00:00:00-04:00,178.53450642926495,180.59213718478648,178.51571128754307,180.24449157714844,794200,0.0,0.0
2024-10-07 00:00:00-04:00,177.1064088379089,177.80168584276097,175.2272957467905,176.19503784179688,1192900,0.0,0.0
2024-10-08 00:00:00-04:00,176.57084055719372,177.02183798515014,174.5789854281152,176.24200439453125,977800,0.0,0.0
2024-10-09 00:00:00-04:00,176.49568327477326,176.81512902413274,175.06755346943945,175.6688690185547,762600,0.0,0.0
2024-10-10 00:00:00-04:00,175.97893596909975,177.88623452424457,175.28365899538656,176.2326202392578,756000,0.0,0.0
2024-10-11 00:00:00-04:00,176.45811396766712,177.012448893312,174.6165911517801,174.7387237548828,1157800,0.0,0.0
2024-10-14 00:00:00-04:00,174.73871218018053,175.50915538430993,174.15619174344465,174.75750732421875,1203600,0.0,0.0
2024-10-15 00:00:00-04:00,174.19376401406078,177.1909514508244,172.75624376014184,173.18844604492188,1805700,0.0,0.0
2024-10-16 00:00:00-04:00,173.18845170777996,175.05817430761448,172.26769035017801,173.63943481445312,1194300,0.0,0.0
2024-10-17 00:00:00-04:00,173.6770292542091,173.72399561122896,172.23010417832703,172.78443908691406,925700,0.0,0.0
2024-10-18 00:00:00-04:00,173.36697347461555,175.09575403454576,172.99114226387323,174.45684814453125,1052100,0.0,0.0
2024-10-21 00:00:00-04:00,174.259552150003,175.61251585778754,172.87840289301423,173.50790405273438,982100,0.0,0.0
2024-10-22 00:00:00-04:00,172.87839592677577,173.47032110920327,172.14554300400573,172.38043212890625,1207300,0.0,0.0
2024-10-23 00:00:00-04:00,169.59931970241345,171.96700583206078,168.4248742086489,170.98046875,2533800,0.0,0.0
2024-10-24 00:00:00-04:00,170.98049124320403,172.1831224401107,170.48252743525805,171.18719482421875,1070400,0.0,0.0
2024-10-25 00:00:00-04:00,171.18718623149735,172.01400051405437,170.07851647669955,170.3040008544922,751500,0.0,0.0
2024-10-28 00:00:00-04:00,170.2664309075072,173.25421371056478,170.24763576319708,171.79791259765625,937300,0.0,0.0
2024-10-29 00:00:00-04:00,170.78318563440473,172.35224323792767,169.07318595677847,169.1389617919922,1226500,0.0,0.0
2024-10-30 00:00:00-04:00,169.026200509213,169.44901238313128,166.0947889574764,166.77127075195312,2012400,0.0,0.0
2024-10-31 00:00:00-04:00,167.03435924491455,168.92286271459866,166.3390822495433,166.84645080566406,1473600,0.0,0.0
2024-11-01 00:00:00-04:00,167.1095228497518,168.59402386843627,166.6209494462177,168.42489624023438,1360200,0.0,0.0
2024-11-04 00:00:00-05:00,168.4436929666999,169.5053964295924,166.99678222358085,168.1806182861328,1689600,0.0,0.0
2024-11-05 00:00:00-05:00,167.7672105224253,169.33626819610487,167.49474543870033,169.22352600097656,1308400,0.0,0.0
2024-11-06 00:00:00-05:00,170.50130153276433,170.52009667503503,165.9444472453962,166.1323699951172,2859800,0.0,0.0
2024-11-07 00:00:00-05:00,164.42238445296735,167.98329721391988,161.29365964556874,162.40234375,3331000,0.0,0.0
2024-11-08 00:00:00-05:00,162.07348765611985,165.20221235559987,161.65069012083742,165.0518798828125,3115000,0.0,0.0
2024-11-11 00:00:00-05:00,164.4223918612039,170.58588037084758,164.37541116765888,167.72023010253906,2159200,0.0,0.0
2024-11-12 00:00:00-05:00,168.17124381246683,170.65167270456095,167.24107760174545,170.52952575683594,2514700,0.0,0.0
2024-11-13 00:00:00-05:00,170.52950443472784,173.72399079422414,169.1389648315171,173.3011932373047,2220500,0.0,0.0
2024-11-14 00:00:00-05:00,172.87839050561217,173.57366745465302,167.59808773110797,168.12423706054688,2257700,0.0,0.0
2024-11-15 00:00:00-05:00,166.8088643174605,167.28804733543893,160.26955872894612,160.58900451660156,3650700,0.0,0.0
2024-11-18 00:00:00-05:00,161.91499153750337,162.71059260430113,160.1627759346037,161.0057373046875,1641000,1.37,0.0
2024-11-19 00:00:00-05:00,160.29537494388498,161.82975048328618,159.2724531001724,161.24252319335938,1678200,0.0,0.0
2024-11-20 00:00:00-05:00,161.24253012202198,165.23949706274215,160.40903500192155,164.80380249023438,1446900,0.0,0.0
2024-11-21 00:00:00-05:00,164.8038099962819,166.37607969814056,164.05556917199357,165.70359802246094,1225200,0.0,0.0
2024-11-22 00:00:00-05:00,166.64126603795182,167.08642687329646,163.85664786020814,165.57098388671875,1458400,0.0,0.0
2024-11-25 00:00:00-05:00,166.22452582272422,168.00516924260978,166.0066857614625,166.2624053955078,2088200,0.0,0.0
2024-11-26 00:00:00-05:00,165.9498699606468,166.28136321413797,163.18418404062274,164.13133239746094,1307500,0.0,0.0
2024-11-27 00:00:00-05:00,165.1637191762631,166.46130767535774,164.49123754867497,164.8890380859375,1060500,0.0,0.0
2024-11-29 00:00:00-05:00,164.7375053570627,167.15273653678534,164.25446490205292,166.8212432861328,1525200,0.0,0.0
2024-12-02 00:00:00-05:00,166.82123780721503,169.14174829491753,164.9269411719744,168.4219207763672,2377700,0.0,0.0
2024-12-03 00:00:00-05:00,167.96730453258579,172.2105400417157,166.9065028814726,169.99420166015625,3986600,0.0,0.0
2024-12-04 00:00:00-05:00,169.00915028394226,175.222441015132,165.13531708357388,168.46926879882812,4591600,0.0,0.0
2024-12-05 00:00:00-05:00,167.91046082223352,167.95782113090334,163.9040272889651,165.2773895263672,1953400,0.0,0.0
2024-12-06 00:00:00-05:00,166.12979776149814,167.66418775863434,164.59542221669736,165.466796875,2332100,0.0,0.0
2024-12-09 00:00:00-05:00,164.85116938612103,197.03526552632295,164.43442180940883,183.41526794433594,14377100,0.0,0.0
2024-12-10 00:00:00-05:00,183.35845099032468,186.41775065631128,176.12223796200314,177.2967071533203,5012400,0.0,0.0
2024-12-11 00:00:00-05:00,169.20803732074808,173.5270456910136,165.069003891455,167.64524841308594,6250600,0.0,0.0
2024-12-12 00:00:00-05:00,166.58444154555937,174.76780198063298,166.4613076463083,174.22792053222656,3761500,0.0,0.0
2024-12-13 00:00:00-05:00,173.6975334808393,174.6825613953336,172.08738419343334,173.42286682128906,1985600,0.0,0.0
2024-12-16 00:00:00-05:00,172.47573259209224,174.29425581924727,167.88205698669736,168.78184509277344,2241300,0.0,0.0
2024-12-17 00:00:00-05:00,168.44086694641481,171.964260128826,167.40847866535637,168.24197387695312,1834500,0.0,0.0
2024-12-18 00:00:00-05:00,166.22455506776075,166.22455506776075,162.78640152622623,163.34523010253906,1837800,0.0,0.0
2024-12-19 00:00:00-05:00,162.52118309239677,163.32626497669898,159.88811181639386,160.01124572753906,1930000,0.0,0.0
2024-12-20 00:00:00-05:00,160.26696522831787,162.94738211607827,159.6797234729537,161.26145935058594,2535400,0.0,0.0
2024-12-23 00:00:00-05:00,160.35221685047162,161.2141253084217,157.88015910500891,160.0680694580078,1172900,0.0,0.0
2024-12-24 00:00:00-05:00,160.06806812316543,161.4793243408203,159.08304021682022,161.4793243408203,429600,0.0,0.0
2024-12-26 00:00:00-05:00,160.6363813440616,163.16526594677126,160.06808649863407,161.1857147216797,992500,0.0,0.0
2024-12-27 00:00:00-05:00,160.60796232861588,163.02317920484384,160.55112128422633,162.6822052001953,1066200,0.0,0.0
2024-12-30 00:00:00-05:00,162.54959312925112,162.77691393319338,158.66629361517712,159.75550842285156,1771500,0.0,0.0
2024-12-31 00:00:00-05:00,159.85023412143374,160.92050194973413,158.63788536652444,160.3995819091797,869900,0.0,0.0
