Date,Open,High,Low,Close,Volume,Dividends,Stock Splits
2015-01-02 00:00:00-05:00,45.83827026927,46.41327500840852,45.75717928049013,46.06679916381836,12600000,0.4,0.0
2015-01-05 00:00:00-05:00,45.74980738640032,45.9119865473342,44.4007543822935,44.636653900146484,20100600,0.0,0.0
2015-01-06 00:00:00-05:00,44.70299681425026,44.784087793531356,43.01483875584296,43.47926712036133,29074100,0.0,0.0
2015-01-07 00:00:00-05:00,44.15008965298747,44.15008965298747,43.25072141422093,43.545597076416016,23843200,0.0,0.0
2015-01-08 00:00:00-05:00,44.20907125013046,44.89465485722175,44.20907125013046,44.5186882019043,16971100,0.0,0.0
2015-01-09 00:00:00-05:00,44.76196615939812,44.813568990555865,43.70778921635843,43.74464797973633,15396200,0.0,0.0
2015-01-12 00:00:00-05:00,43.70041453444494,43.78887893860984,42.95585741165517,43.368682861328125,15455200,0.0,0.0
2015-01-13 00:00:00-05:00,43.685665988151385,44.010029812546904,43.029570524650296,43.37604904174805,21644700,0.0,0.0
2015-01-14 00:00:00-05:00,43.37605784286784,43.37605784286784,40.74430201587698,41.87957000732422,49602300,0.0,0.0
2015-01-15 00:00:00-05:00,41.08341174993683,41.73213679064605,40.17667250606457,40.53789520263672,42458100,0.0,0.0
2015-01-16 00:00:00-05:00,40.29461909369983,41.28244924160981,40.27987502437058,41.2308464050293,29368900,0.0,0.0
2015-01-20 00:00:00-05:00,41.311925965186674,41.569940076796236,40.854868378702726,41.06865310668945,23477700,0.0,0.0
2015-01-21 00:00:00-05:00,40.876990132859184,41.59205909315939,40.685320076754905,41.201351165771484,21842400,0.0,0.0
2015-01-22 00:00:00-05:00,41.56257951214671,42.55778025458988,41.25295969111631,42.45457458496094,31423500,0.0,0.0
2015-01-23 00:00:00-05:00,42.55040804545727,42.66098433931871,41.76898929964303,41.78373336791992,15458300,0.0,0.0
2015-01-26 00:00:00-05:00,41.58468340774673,42.012252856170136,41.429874943514605,41.85007095336914,12577700,0.0,0.0
2015-01-27 00:00:00-05:00,41.31930294920375,41.732128403440015,41.10551818832372,41.42988204956055,15220500,0.0,0.0
2015-01-28 00:00:00-05:00,41.73949991715179,41.783732120662116,40.3609619140625,40.3609619140625,24354400,0.0,0.0
2015-01-29 00:00:00-05:00,40.74428883712094,41.201343574776025,40.309348789502224,41.039161682128906,20393300,0.0,0.0
2015-01-30 00:00:00-05:00,40.53790308373977,40.91386711174741,40.08084524621589,40.088218688964844,26943700,0.0,0.0
2015-02-02 00:00:00-05:00,40.19878173375845,41.02443269577818,40.007114467805295,40.89173889160156,20308900,0.0,0.0
2015-02-03 00:00:00-05:00,41.216106395177796,41.85745800737805,41.186618253614945,41.813228607177734,18812500,0.0,0.0
2015-02-04 00:00:00-05:00,41.51834790153382,42.07123783574688,41.48885976346133,41.56258010864258,14934100,0.0,0.0
2015-02-05 00:00:00-05:00,41.916417839774745,42.049111612585946,41.62154216416254,41.85007095336914,11293900,0.0,0.0
2015-02-06 00:00:00-05:00,42.572522179805944,43.29496464297574,42.417713683157444,42.67572784423828,25214000,0.0,0.0
2015-02-09 00:00:00-05:00,42.32924311051439,42.83053010373789,42.18917870234487,42.62411880493164,14372400,0.0,0.0
2015-02-10 00:00:00-05:00,43.066436240979,43.28022101211621,42.793678009060464,43.095924377441406,16367300,0.0,0.0
2015-02-11 00:00:00-05:00,42.8010493319801,43.24336010846216,42.63886740160313,43.02957534790039,13061900,0.0,0.0
2015-02-12 00:00:00-05:00,43.44239336894157,44.01739784241912,43.162261758621014,43.91419219970703,23211300,0.0,0.0
2015-02-13 00:00:00-05:00,43.83311035752028,44.393373694591894,43.74464876140393,43.987918853759766,16479100,0.0,0.0
2015-02-17 00:00:00-05:00,43.759403605313466,44.334408339881335,43.729915461965334,44.3049201965332,15308800,0.0,0.0
2015-02-18 00:00:00-05:00,44.30491531129635,44.30491531129635,43.582472751791364,43.76676940917969,14278100,0.0,0.0
2015-02-19 00:00:00-05:00,43.60458549835537,43.84785559721156,43.34656851891838,43.66355895996094,11256500,0.0,0.0
2015-02-20 00:00:00-05:00,43.464518673542905,44.15010239570003,43.01483442437065,44.08375549316406,15379000,0.0,0.0
2015-02-23 00:00:00-05:00,43.86260854854718,43.88472324960992,43.346577297311924,43.75202941894531,16814000,0.0,0.0
2015-02-24 00:00:00-05:00,44.415489621602354,45.15267617133849,44.290169257976096,44.83568572998047,22937700,0.0,0.0
2015-02-25 00:00:00-05:00,44.79145492383595,45.16742165074633,44.784084295451486,45.07158660888672,18307900,0.0,0.0
2015-02-26 00:00:00-05:00,44.99049923491068,45.484415740488025,44.90203762650273,45.39595413208008,15444800,0.0,0.0
2015-02-27 00:00:00-05:00,45.064216942419364,45.64659221010537,45.064216942419364,45.1747932434082,15225900,0.0,0.0
2015-03-02 00:00:00-05:00,45.17479190190326,45.58024676325299,44.99049526025106,45.536014556884766,13047300,0.0,0.0
2015-03-03 00:00:00-05:00,45.44755312896158,45.698196675046596,45.33697401869269,45.68345260620117,13706900,0.0,0.0
2015-03-04 00:00:00-05:00,45.440180383773125,45.830888371652726,45.22639560045862,45.8014030456543,16625500,0.0,0.0
2015-03-05 00:00:00-05:00,45.85299279865824,45.87510748988326,45.41067928915811,45.7055549621582,10931300,0.0,0.0
2015-03-06 00:00:00-05:00,45.8235143658223,46.346916124620854,44.82094024003477,44.88728713989258,22719200,0.0,0.0
2015-03-09 00:00:00-04:00,44.850428288993456,45.43280631859954,44.820940153081985,45.336971282958984,13001500,0.0,0.0
2015-03-10 00:00:00-04:00,44.791446893270844,44.97574350341985,44.201698303222656,44.201698303222656,16357700,0.0,0.0
2015-03-11 00:00:00-04:00,44.32702823086602,44.710365575983346,44.20170505450866,44.408119201660156,13015600,0.0,0.0
2015-03-12 00:00:00-04:00,44.710358506737904,45.30010709361686,44.710358506737904,45.24113082885742,18159600,0.0,0.0
2015-03-13 00:00:00-04:00,45.263263401428915,45.60236860024762,44.54819141997484,44.968387603759766,16506200,0.0,0.0
2015-03-16 00:00:00-04:00,45.33696421388308,45.646581156246825,45.15266761138762,45.59497833251953,15182900,0.0,0.0
2015-03-17 00:00:00-04:00,45.21901961208365,45.454919064971186,44.90939982257919,45.418060302734375,11718300,0.0,0.0
2015-03-18 00:00:00-04:00,45.255890721408086,45.74243382724928,45.03473527550647,45.521278381347656,15697900,0.0,0.0
2015-03-19 00:00:00-04:00,45.38856858789665,45.447544852538215,44.79144656304466,45.11581039428711,11523800,0.0,0.0
2015-03-20 00:00:00-04:00,45.204287877769175,45.7792925995422,45.07896748954442,45.521278381347656,18368300,0.0,0.0
2015-03-23 00:00:00-04:00,45.52127086821612,45.76454378705738,45.05684253997419,45.07158660888672,15112900,0.0,0.0
2015-03-24 00:00:00-04:00,44.9462716426971,45.145312378720206,44.562934241335256,44.57030487060547,12128700,0.0,0.0
2015-03-25 00:00:00-04:00,44.621905412020425,44.702996390532896,43.92895099843494,43.943695068359375,14950900,0.0,0.0
2015-03-26 00:00:00-04:00,43.8331097576866,44.07638265885681,43.39816959886325,43.892086029052734,14039600,0.0,0.0
2015-03-27 00:00:00-04:00,43.85521901171841,44.06900092482718,43.49399644794347,43.89944839477539,11755800,0.0,0.0
2015-03-30 00:00:00-04:00,44.87991128218559,45.30747795533398,44.68087060580607,44.93888473510742,20656500,0.0,0.0
2015-03-31 00:00:00-04:00,44.76197337915707,44.92415252660676,44.54081513893177,44.65876770019531,17346700,0.0,0.0
2015-04-01 00:00:00-04:00,44.829441970595376,44.94817568840671,44.32482296218843,44.48808288574219,18100600,0.4,0.0
2015-04-02 00:00:00-04:00,44.5771247398505,45.0446399111887,44.52517892423899,44.91106414794922,12697800,0.0,0.0
2015-04-06 00:00:00-04:00,44.46581642597735,45.08174950642979,44.26545558597247,44.873966217041016,12025200,0.0,0.0
2015-04-07 00:00:00-04:00,45.37858445278449,45.638313560224134,45.15595626831055,45.15595626831055,11505500,0.0,0.0
2015-04-08 00:00:00-04:00,45.31179714418043,45.68284034861116,45.222744736915864,45.30437469482422,11734000,0.0,0.0
2015-04-09 00:00:00-04:00,45.467640482502844,45.69768831805973,45.14112343953677,45.616058349609375,11728500,0.0,0.0
2015-04-10 00:00:00-04:00,45.52699977991654,45.84609716029153,45.415688517751875,45.7867317199707,9869700,0.0,0.0
2015-04-13 00:00:00-04:00,45.7422199626968,46.20973533777483,45.63832828619854,46.061317443847656,15468700,0.0,0.0
2015-04-14 00:00:00-04:00,46.721763467988694,47.20412080578345,46.55850636956997,46.781131744384766,33775400,0.0,0.0
2015-04-15 00:00:00-04:00,46.81080517570796,47.84972712832826,46.75885653032582,47.64936065673828,28732200,0.0,0.0
2015-04-16 00:00:00-04:00,47.55289891992339,47.693891489098455,47.24122115301291,47.352535247802734,16640500,0.0,0.0
2015-04-17 00:00:00-04:00,46.936964814031384,47.04827890639864,46.37298039543017,46.63270950317383,20221200,0.0,0.0
2015-04-20 00:00:00-04:00,46.9147081016203,47.1373334791218,46.855339824507766,46.92955017089844,12755300,0.0,0.0
2015-04-21 00:00:00-04:00,46.996335085848145,47.196695931304184,46.10583080149927,46.23940658569336,14985100,0.0,0.0
2015-04-22 00:00:00-04:00,46.49171770250296,46.86276093131516,46.0316220605745,46.7069206237793,14484700,0.0,0.0
2015-04-23 00:00:00-04:00,46.59560009682071,46.90727498830384,46.454601886148666,46.60301971435547,12851300,0.0,0.0
2015-04-24 00:00:00-04:00,46.47687725140523,46.63271473353026,46.26167149180288,46.454612731933594,9597500,0.0,0.0
2015-04-27 00:00:00-04:00,46.52882456916743,46.86276406358571,46.239411284283385,46.26167297363281,11146400,0.0,0.0
2015-04-28 00:00:00-04:00,46.372976733826974,46.58817962146435,45.83867366198855,46.57333755493164,12307800,0.0,0.0
2015-04-29 00:00:00-04:00,46.424925723812414,47.41189915358878,46.35071538607758,47.196693420410156,17601200,0.0,0.0
2015-04-30 00:00:00-04:00,47.18185962054235,47.40448499773048,46.6920798275591,46.94438934326172,16840900,0.0,0.0
2015-05-01 00:00:00-04:00,47.27091235136864,47.397065702198454,46.99634112892368,47.204124450683594,11640100,0.0,0.0
2015-05-04 00:00:00-04:00,47.25606901361474,48.13915376907906,47.22638487392082,48.02783966064453,14972500,0.0,0.0
2015-05-05 00:00:00-04:00,47.87200090774438,48.473089151058716,47.70874097457985,47.79037094116211,17692400,0.0,0.0
2015-05-06 00:00:00-04:00,47.88683145346113,48.28755876348347,47.06311514869346,47.43415832519531,18087900,0.0,0.0
2015-05-07 00:00:00-04:00,47.248641340566486,47.93878194256983,46.93696640073791,47.86457443237305,15039900,0.0,0.0
2015-05-08 00:00:00-04:00,48.21337202949948,48.717991193384705,47.93879792240817,48.5992546081543,16802600,0.0,0.0
2015-05-11 00:00:00-04:00,48.42856080697374,48.710551605184556,48.29498502641704,48.56955337524414,13798800,0.0,0.0
2015-05-12 00:00:00-04:00,48.46566288408314,48.63634525395078,48.05751874498509,48.502769470214844,12762200,0.0,0.0
2015-05-13 00:00:00-04:00,48.5472906007462,48.70312806429147,48.280139045620054,48.621498107910156,11874100,0.0,0.0
2015-05-14 00:00:00-04:00,48.85154874201675,49.11127784793472,48.76249633641493,49.014808654785156,11855500,0.0,0.0
2015-05-15 00:00:00-04:00,49.07417441216833,49.0964417612499,48.56213861669725,48.88865280151367,11152100,0.0,0.0
2015-05-18 00:00:00-04:00,48.829289158626814,49.37843152930947,48.829289158626814,49.28937911987305,10510900,0.0,0.0
2015-05-19 00:00:00-04:00,49.549106187030844,49.860786776328446,49.40069117244715,49.727210998535156,14282700,0.0,0.0
2015-05-20 00:00:00-04:00,49.6826801037311,49.74204837200863,49.2745359980799,49.33390426635742,12446000,0.0,0.0
2015-05-21 00:00:00-04:00,49.08160203810652,49.48232943878252,48.98513282859355,49.46006774902344,12934500,0.0,0.0
2015-05-22 00:00:00-04:00,49.44521556195196,49.593636241259695,49.215170586112485,49.32648468017578,9296900,0.0,0.0
2015-05-26 00:00:00-04:00,49.1261234598079,49.192914188094186,48.46566693547896,48.777347564697266,15571300,0.0,0.0
2015-05-27 00:00:00-04:00,48.940596575645685,49.460060460717735,48.84412738034816,49.32648468017578,10963700,0.0,0.0
2015-05-28 00:00:00-04:00,49.24484660076907,49.27453073173527,48.78475106329669,49.1261100769043,11797400,0.0,0.0
2015-05-29 00:00:00-04:00,49.11128504413381,49.140969183683985,48.50277433753193,48.814449310302734,14310700,0.0,0.0
2015-06-01 00:00:00-04:00,48.970280507200016,49.46748270371905,48.955441270166155,49.037071228027344,11899300,0.0,0.0
2015-06-02 00:00:00-04:00,48.85155730640665,49.26712394873029,48.66603567513061,48.992549896240234,12784200,0.0,0.0
2015-06-03 00:00:00-04:00,49.29680482256528,49.8162630910488,49.17806826881447,49.49716567993164,12927300,0.0,0.0
2015-06-04 00:00:00-04:00,49.20775412896751,49.75690221677321,48.985131575401226,49.222599029541016,13863300,0.0,0.0
2015-06-05 00:00:00-04:00,49.994362700127546,50.343138551584815,49.727211143760776,50.031463623046875,20801100,0.0,0.0
2015-06-08 00:00:00-04:00,50.06115359017482,50.12794431788214,49.578796242672844,49.63816452026367,14558700,0.0,0.0
2015-06-09 00:00:00-04:00,49.68266927434094,49.92013663402032,49.326471065656094,49.85335159301758,13263500,0.0,0.0
2015-06-10 00:00:00-04:00,50.157613518053694,50.832914811989525,50.06856677980775,50.654815673828125,17478900,0.0,0.0
2015-06-11 00:00:00-04:00,50.72902455734538,50.966491968582105,50.57318709950282,50.847755432128906,13739900,0.0,0.0
2015-06-12 00:00:00-04:00,50.691911823184476,50.86259415820744,50.36539771089769,50.64738845825195,11804700,0.0,0.0
2015-06-15 00:00:00-04:00,50.15019624444672,50.61770860071089,49.942412974995975,50.45444869995117,14082300,0.0,0.0
2015-06-16 00:00:00-04:00,50.29119759851624,50.84776245121269,50.17988915731332,50.736454010009766,11692800,0.0,0.0
2015-06-17 00:00:00-04:00,50.766135703413525,50.96649654960022,50.491561684438246,50.56576919555664,14521900,0.0,0.0
2015-06-18 00:00:00-04:00,50.72160164342133,51.07038313896813,50.38766504562993,51.04069900512695,16759600,0.0,0.0
2015-06-19 00:00:00-04:00,50.80321950214084,50.959056921457034,50.40249228318424,50.5212287902832,21606400,0.0,0.0
2015-06-22 00:00:00-04:00,51.10749319984181,51.41916813388099,51.018440792257756,51.174278259277344,14306700,0.0,0.0
2015-06-23 00:00:00-04:00,51.46368906688568,51.812470569632914,51.34495819073945,51.76052474975586,15736900,0.0,0.0
2015-06-24 00:00:00-04:00,51.582406785724274,51.7753450967803,51.13715625469607,51.218780517578125,16995000,0.0,0.0
2015-06-25 00:00:00-04:00,51.441425622321404,51.552739707299835,50.936806677199456,50.94422912597656,13314300,0.0,0.0
2015-06-26 00:00:00-04:00,51.15944188496784,51.41917101120111,51.03328288507998,51.1668586730957,14489200,0.0,0.0
2015-06-29 00:00:00-04:00,50.224402319191626,50.65481374320769,49.838519924270905,49.86819839477539,19934400,0.0,0.0
2015-06-30 00:00:00-04:00,50.380236877976486,50.54349676473614,49.838517066458316,50.28376770019531,20677400,0.0,0.0
2015-07-01 00:00:00-04:00,50.88133944729161,51.0830098860994,50.62737795910406,50.843990325927734,13964400,0.44,0.0
2015-07-02 00:00:00-04:00,50.75434569314159,50.888794524989535,50.18667791304999,50.433162689208984,12822900,0.0,0.0
2015-07-06 00:00:00-04:00,49.955123394393866,50.3883480389692,49.701167657096036,50.2912483215332,13527100,0.0,0.0
2015-07-07 00:00:00-04:00,50.1119809282529,50.20908634729732,48.77496923779722,49.8953742980957,22421500,0.0,0.0
2015-07-08 00:00:00-04:00,49.29782401926484,49.41733663103916,48.707743320647786,48.8720703125,17707200,0.0,0.0
2015-07-09 00:00:00-04:00,49.6638197044725,49.820675728001376,49.29035135359191,49.37998580932617,14984700,0.0,0.0
2015-07-10 00:00:00-04:00,50.2090854140704,50.34353424675424,49.917780559701214,50.08210754394531,12356100,0.0,0.0
2015-07-13 00:00:00-04:00,50.70952076511857,50.896254898352524,50.552664777042864,50.85890579223633,16175600,0.0,0.0
2015-07-14 00:00:00-04:00,50.77676837352435,51.61333397865251,50.612441358609665,51.568519592285156,20185100,0.0,0.0
2015-07-15 00:00:00-04:00,51.710420138186805,51.85980516950969,51.42658060053021,51.6805419921875,16891600,0.0,0.0
2015-07-16 00:00:00-04:00,52.009194514854805,52.24821400400163,51.84487324623909,51.9569091796875,18035700,0.0,0.0
2015-07-17 00:00:00-04:00,51.80005101265072,51.90462167862175,51.47886805326143,51.69548034667969,14040700,0.0,0.0
2015-07-20 00:00:00-04:00,51.912085578539084,52.113755921571915,51.673066131879786,51.73282241821289,11512900,0.0,0.0
2015-07-21 00:00:00-04:00,51.65813565134345,51.941969494963644,51.441523363314715,51.61331558227539,11659900,0.0,0.0
2015-07-22 00:00:00-04:00,51.74778891320383,52.502196798141,51.68803259191294,52.345340728759766,15493000,0.0,0.0
2015-07-23 00:00:00-04:00,52.42747999314319,52.74119198678386,51.88221378628541,52.01666259765625,14331800,0.0,0.0
2015-07-24 00:00:00-04:00,51.86728821271917,51.95691697292168,51.29961470384494,51.471412658691406,12413900,0.0,0.0
2015-07-27 00:00:00-04:00,50.90374213991601,50.95602748599707,50.47051744457282,50.799171447753906,16801600,0.0,0.0
2015-07-28 00:00:00-04:00,51.20250884657868,51.23985225929759,50.61989348168577,50.82904052734375,14932400,0.0,0.0
2015-07-29 00:00:00-04:00,51.030724925282726,51.613334751485205,50.91121799362174,51.49382781982422,13059200,0.0,0.0
2015-07-30 00:00:00-04:00,51.48635608482781,51.87476073025507,51.19505117608843,51.568519592285156,10197200,0.0,0.0
2015-07-31 00:00:00-04:00,51.54611229488388,51.56851948802226,51.09048037215103,51.18758010864258,11911800,0.0,0.0
2015-08-03 00:00:00-04:00,51.232394494919326,51.419128702640144,50.791704500062565,51.18758010864258,9980600,0.0,0.0
2015-08-04 00:00:00-04:00,51.142751571001675,51.5012779593618,51.023238975765494,51.13528060913086,10964000,0.0,0.0
2015-08-05 00:00:00-04:00,51.57596784795686,51.85233070711068,51.20996485818424,51.33694839477539,11302900,0.0,0.0
2015-08-06 00:00:00-04:00,51.351884695199814,51.493804454660186,50.791682316706726,50.978416442871094,10803400,0.0,0.0
2015-08-07 00:00:00-04:00,51.03818187432742,51.34442293278943,50.45557220810882,50.82904052734375,11453300,0.0,0.0
2015-08-10 00:00:00-04:00,50.956028029418505,51.54610876929778,50.956028029418505,51.45647430419922,12661400,0.0,0.0
2015-08-11 00:00:00-04:00,50.9634895324707,51.090467393782845,50.679649961685534,50.9634895324707,14800300,0.0,0.0
2015-08-12 00:00:00-04:00,50.350997832422095,50.455568498225084,49.350099847155604,50.22401428222656,21069000,0.0,0.0
2015-08-13 00:00:00-04:00,50.231479363251104,50.64229671557969,50.022338056128625,50.455562591552734,11930600,0.0,0.0
2015-08-14 00:00:00-04:00,50.358464943073834,50.72446798548836,50.34352871827128,50.70952606201172,11248800,0.0,0.0
2015-08-17 00:00:00-04:00,50.50787102835614,50.970968220683595,50.3435440122364,50.843990325927734,10326500,0.0,0.0
2015-08-18 00:00:00-04:00,50.77675512790291,51.06058899864825,50.672178755865886,50.94854736328125,10617500,0.0,0.0
2015-08-19 00:00:00-04:00,50.73940273460941,51.0232365869957,50.31364910669302,50.49291229248047,15198200,0.0,0.0
2015-08-20 00:00:00-04:00,49.902844969070024,50.07464293768028,49.253013610839844,49.253013610839844,20972300,0.0,0.0
2015-08-21 00:00:00-04:00,48.61809900285499,48.879531363428356,47.48275791460253,47.505165100097656,28235500,0.0,0.0
2015-08-24 00:00:00-04:00,44.285874996625594,46.99725300506921,37.39911811985414,45.002933502197266,36339100,0.0,0.0
2015-08-25 00:00:00-04:00,47.13170471253024,47.29603169860503,44.61452882695115,44.74897766113281,31772500,0.0,0.0
2015-08-26 00:00:00-04:00,46.16068410856559,47.042069577945426,45.227013301962984,46.989784240722656,33576800,0.0,0.0
2015-08-27 00:00:00-04:00,47.788996857755926,48.34920208126818,47.161570084705744,48.16246795654297,29045700,0.0,0.0
2015-08-28 00:00:00-04:00,48.02054788324138,48.147525719540184,47.50515987880444,47.90103530883789,16687300,0.0,0.0
2015-08-31 00:00:00-04:00,47.512641849942675,48.06537338796569,47.408071172443044,47.878639221191406,14223400,0.0,0.0
2015-09-01 00:00:00-04:00,46.94497506232755,46.94497506232755,45.55567505742853,45.89926528930664,23637300,0.0,0.0
2015-09-02 00:00:00-04:00,46.77316702874711,46.989779317022695,45.966477018024676,46.73582077026367,17757900,0.0,0.0
2015-09-03 00:00:00-04:00,46.96737342204245,47.549983048532255,46.646190461455255,46.81798553466797,17065400,0.0,0.0
2015-09-04 00:00:00-04:00,46.16068780248865,46.2503194092807,45.37640483204912,45.936607360839844,20189000,0.0,0.0
2015-09-08 00:00:00-04:00,46.885216447601366,47.20639945275789,46.55656532924143,47.17652130126953,13385100,0.0,0.0
2015-09-09 00:00:00-04:00,47.759138002345814,48.05791101296903,46.310081635011876,46.44453048706055,13889500,0.0,0.0
2015-09-10 00:00:00-04:00,46.20550976881445,47.05701724400237,45.89926580231112,46.80305862426758,15751100,0.0,0.0
2015-09-11 00:00:00-04:00,46.59389898235131,46.80304028748683,46.30259420753069,46.72834777832031,12766700,0.0,0.0
2015-09-14 00:00:00-04:00,46.788112497546976,46.82545876113534,46.399705087686065,46.593910217285156,10202800,0.0,0.0
2015-09-15 00:00:00-04:00,46.87775122128468,47.72179058341955,46.691017025638594,47.49024200439453,14023500,0.0,0.0
2015-09-16 00:00:00-04:00,47.721774169362966,48.02054991936691,47.21385710395829,47.90850830078125,12235900,0.0,0.0
2015-09-17 00:00:00-04:00,47.908531441611174,48.28199988484087,46.60139189030724,46.795597076416016,21249200,0.0,0.0
2015-09-18 00:00:00-04:00,46.183101925395334,46.183101925395334,45.398816036260015,45.51832580566406,31008000,0.0,0.0
2015-09-21 00:00:00-04:00,45.951550635490804,46.24285552118475,45.62289948099926,45.89926528930664,13136400,0.0,0.0
2015-09-22 00:00:00-04:00,45.26435926028791,45.63035946772582,45.12991043709334,45.49591064453125,14811900,0.0,0.0
2015-09-23 00:00:00-04:00,45.4137487969708,45.675178340099365,45.05521953862676,45.29423904418945,11712200,0.0,0.0
2015-09-24 00:00:00-04:00,44.823667108477814,45.100035720474,44.41285252088478,44.980525970458984,17293400,0.0,0.0
2015-09-25 00:00:00-04:00,45.76481952390847,46.205512363806136,45.46604365473322,45.914207458496094,18384300,0.0,0.0
2015-09-28 00:00:00-04:00,45.50338523255454,45.57060965371815,44.58465337621026,44.801265716552734,17452200,0.0,0.0
2015-09-29 00:00:00-04:00,44.8012641052732,44.91330575296215,43.86759320565679,44.696693420410156,19334900,0.0,0.0
2015-09-30 00:00:00-04:00,45.339052482784446,45.563132894364735,44.898359771963825,45.54072570800781,18743800,0.0,0.0
2015-10-01 00:00:00-04:00,45.65276969106056,46.212972208512404,45.21954789255323,45.87685012817383,16863200,0.0,0.0
2015-10-02 00:00:00-04:00,44.83111594038171,45.78657050692895,44.033649178487266,45.74895477294922,20435100,0.44,0.0
2015-10-05 00:00:00-04:00,46.072457722955384,46.824783922501446,46.057410854576865,46.659271240234375,13471100,0.0,0.0
2015-10-06 00:00:00-04:00,46.72698341169774,46.91506497244687,46.35834228987482,46.68184280395508,12134800,0.0,0.0
2015-10-07 00:00:00-04:00,47.05799906647031,47.41911526608619,46.463660732356146,46.74202346801758,12773100,0.0,0.0
2015-10-08 00:00:00-04:00,46.531370199152654,46.83230180044744,46.21539460069993,46.74202346801758,13964600,0.0,0.0
2015-10-09 00:00:00-04:00,46.93762587332735,47.05799793697678,46.32824355668174,46.591556549072266,12112000,0.0,0.0
2015-10-12 00:00:00-04:00,46.523841551950255,46.65173559879078,46.192819133748856,46.433563232421875,10857400,0.0,0.0
2015-10-13 00:00:00-04:00,46.185299628582506,46.76459108011423,46.12511503187468,46.30567169189453,15621900,0.0,0.0
2015-10-14 00:00:00-04:00,45.711334339727046,45.86932500795368,44.79349841378743,45.13204574584961,28989400,0.0,0.0
2015-10-15 00:00:00-04:00,45.49316070567573,46.61412500035435,45.214797979166725,46.56146240234375,18147900,0.0,0.0
2015-10-16 00:00:00-04:00,46.967716217041016,47.133228868825036,46.71192524150942,46.967716217041016,17456600,0.0,0.0
2015-10-19 00:00:00-04:00,46.64422167179626,47.22351315630131,46.57651220296069,46.80973434448242,14510400,0.0,0.0
2015-10-20 00:00:00-04:00,46.915058839854225,47.26112817762026,46.70440843771777,47.035430908203125,11545100,0.0,0.0
2015-10-21 00:00:00-04:00,47.306264916214054,47.36644951052531,46.6818328895943,46.68935775756836,12113400,0.0,0.0
2015-10-22 00:00:00-04:00,46.960186944984656,47.83288784898155,46.960186944984656,47.53947830200195,15295700,0.0,0.0
2015-10-23 00:00:00-04:00,47.87052209596696,48.291825846774735,47.772718875799676,48.05107879638672,16985200,0.0,0.0
2015-10-26 00:00:00-04:00,48.02849069464294,48.1413407396404,47.70499029353914,48.073631286621094,13880200,0.0,0.0
2015-10-27 00:00:00-04:00,47.79528397010888,48.04355300094435,47.62977415278201,47.8780403137207,8831900,0.0,0.0
2015-10-28 00:00:00-04:00,47.9231837472391,49.457927149688054,47.91565887743224,49.27737045288086,17962000,0.0,0.0
2015-10-29 00:00:00-04:00,49.09680744717985,49.525633134364426,48.81091982919469,49.05918884277344,12753700,0.0,0.0
2015-10-30 00:00:00-04:00,49.126889160961085,49.15697714937162,48.24666339547123,48.336944580078125,15731400,0.0,0.0
2015-11-02 00:00:00-05:00,48.487410972687286,49.465437120414634,48.442273247029526,49.30744934082031,15253300,0.0,0.0
2015-11-03 00:00:00-05:00,49.11937600743985,49.72875836442818,49.029094801303636,49.488014221191406,11519500,0.0,0.0
2015-11-04 00:00:00-05:00,49.66104723277605,49.76637242709345,49.37515964266371,49.540672302246094,11388400,0.0,0.0
2015-11-05 00:00:00-05:00,49.495537338116065,50.15758227363619,49.465443603802484,49.98455047607422,12715900,0.0,0.0
2015-11-06 00:00:00-05:00,51.43653535231756,51.93306757266801,51.233404099607355,51.504241943359375,23262700,0.0,0.0
2015-11-09 00:00:00-05:00,51.68480616880488,51.69985590665961,50.46604143306076,50.69926071166992,17143800,0.0,0.0
2015-11-10 00:00:00-05:00,50.54879648145798,51.045328761916906,50.353190072892666,50.91743469238281,13239700,0.0,0.0
2015-11-11 00:00:00-05:00,51.23341890861539,51.28608151902304,50.593942713724154,50.66917419433594,8513900,0.0,0.0
2015-11-12 00:00:00-05:00,50.30052339522412,50.330617127933444,49.61590389062026,49.65352249145508,13576900,0.0,0.0
2015-11-13 00:00:00-05:00,49.53315637759653,49.781425411796306,49.0742426565216,49.322505950927734,11837000,0.0,0.0
2015-11-16 00:00:00-05:00,49.24726388717065,50.08987115247329,49.02908863794606,50.037208557128906,11041100,0.0,0.0
2015-11-17 00:00:00-05:00,50.15758048904067,50.210243087267486,49.570767040286746,49.75132369995117,12354800,0.0,0.0
2015-11-18 00:00:00-05:00,50.014637150451094,50.819625775382406,49.931880827718636,50.744388580322266,12911400,0.0,0.0
2015-11-19 00:00:00-05:00,50.84220586763942,51.02276254812114,50.4359490317105,50.90239334106445,12839500,0.0,0.0
2015-11-20 00:00:00-05:00,51.15065154594756,51.24093274712179,50.69173215128267,50.81210708618164,11209600,0.0,0.0
2015-11-23 00:00:00-05:00,50.63907514452172,50.842206434648254,50.240343173272485,50.315574645996094,11339000,0.0,0.0
2015-11-24 00:00:00-05:00,49.781425539177846,50.511182904714644,49.68362519505812,50.2403450012207,10910000,0.0,0.0
2015-11-25 00:00:00-05:00,50.35318826495303,50.49613206682524,50.06730640100151,50.3005256652832,7772000,0.0,0.0
2015-11-27 00:00:00-05:00,50.4058507473672,50.654119748001534,50.13501288118299,50.53374481201172,4052500,0.0,0.0
2015-11-30 00:00:00-05:00,50.61650611645423,50.79706279837802,50.16511154174805,50.16511154174805,15147500,0.0,0.0
2015-12-01 00:00:00-05:00,50.66163011812241,51.030273991014305,50.39831716590811,50.86476135253906,12708800,0.0,0.0
2015-12-02 00:00:00-05:00,51.03029051853978,51.06790338687126,50.01465123689016,50.15007019042969,13440900,0.0,0.0
2015-12-03 00:00:00-05:00,50.27796209614197,50.42842504253669,49.33755433169129,49.50306701660156,14626900,0.0,0.0
2015-12-04 00:00:00-05:00,49.728755921508814,51.15817671291652,49.67609332213135,51.07542037963867,17786000,0.0,0.0
2015-12-07 00:00:00-05:00,50.90237588851726,50.97008246806131,49.954443596360804,50.40583801269531,11686000,0.0,0.0
2015-12-08 00:00:00-05:00,49.84159976873542,50.37575056427436,49.427818153983786,49.6234245300293,13084500,0.0,0.0
2015-12-09 00:00:00-05:00,49.36011109939167,50.0898682640776,48.93128549351744,49.24726104736328,16770200,0.0,0.0
2015-12-10 00:00:00-05:00,49.307467697254985,50.029700275616385,48.96139827886062,49.360130310058594,12839000,0.0,0.0
2015-12-11 00:00:00-05:00,48.75073486426283,49.02157272660373,47.78023061094368,48.201534271240234,17889300,0.0,0.0
2015-12-14 00:00:00-05:00,48.32190938160102,48.7206413082245,47.84794025088097,48.35199737548828,17638200,0.0,0.0
2015-12-15 00:00:00-05:00,48.953860956861114,50.14253761756178,48.953860956861114,49.728755950927734,18126600,0.0,0.0
2015-12-16 00:00:00-05:00,50.3381497386147,50.962576134050856,49.58582352454336,50.804588317871094,21720000,0.0,0.0
2015-12-17 00:00:00-05:00,51.08294816740692,51.158179636560874,49.71371476554952,49.86417770385742,18122100,0.0,0.0
2015-12-18 00:00:00-05:00,49.6309541561029,49.6309541561029,48.44980239868164,48.44980239868164,23819600,0.0,0.0
2015-12-21 00:00:00-05:00,48.9162365858125,49.32249333610884,48.77329854129888,49.30744934082031,18869300,0.0,0.0
2015-12-22 00:00:00-05:00,49.59333359828677,49.65352106197268,48.88615098925088,49.412776947021484,12149500,0.0,0.0
2015-12-23 00:00:00-05:00,49.74380884474442,50.293003739175376,49.6911462419936,50.202728271484375,12524500,0.0,0.0
2015-12-24 00:00:00-05:00,50.119976802261064,50.32310236409348,49.89427663151947,50.10492706298828,4468200,0.0,0.0
2015-12-28 00:00:00-05:00,49.87170075080566,49.99206994909604,49.43535020994296,49.93940734863281,6610600,0.0,0.0
2015-12-29 00:00:00-05:00,50.285473823841244,50.63154888123688,50.21024236171757,50.45851135253906,9820800,0.0,0.0
2015-12-30 00:00:00-05:00,50.435939389640005,50.44346425732792,49.992064032729786,50.097389221191406,7190700,0.0,0.0
2015-12-31 00:00:00-05:00,49.796457520730556,50.24032708552118,49.65351375047315,49.676082611083984,14654300,0.0,0.0
2016-01-04 00:00:00-05:00,48.434005069842726,48.51731367492212,47.722072584001076,48.1840705871582,25393200,0.44,0.0
2016-01-05 00:00:00-05:00,48.24465187002318,48.5703195425507,47.74478589684738,48.267372131347656,16566700,0.0,0.0
2016-01-06 00:00:00-05:00,47.50245015446739,47.81297306479865,47.21464751662513,47.570613861083984,22961500,0.0,0.0
2016-01-07 00:00:00-05:00,46.548134681709065,46.95711671422854,45.50296222857902,45.6468620300293,27630900,0.0,0.0
2016-01-08 00:00:00-05:00,46.298216856536406,46.40424862471033,44.57140428192866,44.624420166015625,22373300,0.0,0.0
2016-01-11 00:00:00-05:00,44.556251525878906,44.851626510738114,43.95792620882393,44.556251525878906,20925500,0.0,0.0
2016-01-12 00:00:00-05:00,45.02581134335055,45.10912280955377,44.00335637969444,44.65469741821289,22971600,0.0,0.0
2016-01-13 00:00:00-05:00,45.03339868684572,45.20002167433419,43.10209808035634,43.42776870727539,28808100,0.0,0.0
2016-01-14 00:00:00-05:00,44.048805954338334,44.9728017792317,43.389892367137236,44.0791015625,31296300,0.0,0.0
2016-01-15 00:00:00-05:00,42.753703736604976,43.60196063424796,42.57950830426793,43.20055389404297,38131700,0.0,0.0
2016-01-19 00:00:00-05:00,43.723139180024106,43.90490995560442,42.79914327502542,43.17782974243164,22818900,0.0,0.0
2016-01-20 00:00:00-05:00,42.13266541459686,42.54922003240069,41.39801259958802,42.041778564453125,34646100,0.0,0.0
2016-01-21 00:00:00-05:00,42.21597028580311,42.806720273212605,41.70095643913637,41.84485626220703,31301100,0.0,0.0
2016-01-22 00:00:00-05:00,42.746127255240616,43.2914366909772,42.64009550699149,43.132389068603516,22732200,0.0,0.0
2016-01-25 00:00:00-05:00,42.776421994982144,43.056649165241936,42.10993301922388,42.15537643432617,21114400,0.0,0.0
2016-01-26 00:00:00-05:00,42.29926773303967,43.28385463800713,42.268975018218185,43.230838775634766,17535700,0.0,0.0
2016-01-27 00:00:00-05:00,43.23084950553164,44.13212227870553,42.83701522362455,43.20055389404297,20560000,0.0,0.0
2016-01-28 00:00:00-05:00,43.56408734737069,43.904905712931594,42.8900259627881,43.38231658935547,15497900,0.0,0.0
2016-01-29 00:00:00-05:00,43.79887134010684,45.09397816219065,43.55650938094834,45.063682556152344,26992200,0.0,0.0
2016-02-01 00:00:00-05:00,44.806183167738645,45.177297180830436,44.26087372455022,44.57897186279297,16807900,0.0,0.0
2016-02-02 00:00:00-05:00,43.83674663868066,43.91248277712928,42.98091440629851,43.19297790527344,22448200,0.0,0.0
2016-02-03 00:00:00-05:00,43.45048594335425,43.77615654756433,41.67066064149333,43.48078155517578,31543200,0.0,0.0
2016-02-04 00:00:00-05:00,43.21569955490901,44.32146331702743,43.21569955490901,44.2305793762207,21651300,0.0,0.0
2016-02-05 00:00:00-05:00,44.36690595977762,44.791032935592476,43.488350620393504,43.738285064697266,22001300,0.0,0.0
2016-02-08 00:00:00-05:00,42.93547693458421,43.109672388453916,42.06449966523566,42.82187271118164,28267600,0.0,0.0
2016-02-09 00:00:00-05:00,41.875144777971045,42.935465014429845,41.753965239828666,42.564353942871094,26300000,0.0,0.0
2016-02-10 00:00:00-05:00,42.84459572461566,43.48078923955988,42.01148647632757,42.049354553222656,22389600,0.0,0.0
2016-02-11 00:00:00-05:00,40.82239987641672,40.82997233408214,39.7620766760624,40.19377899169922,44334700,0.0,0.0
2016-02-12 00:00:00-05:00,42.147807797691506,43.601962543024165,41.78426622220968,43.54137420654297,37011400,0.0,0.0
2016-02-16 00:00:00-05:00,44.10182693060459,44.38205411567703,43.65497677049788,44.192710876464844,23730700,0.0,0.0
2016-02-17 00:00:00-05:00,44.57139918873428,44.87434953959779,44.22300830764532,44.51081085205078,21580100,0.0,0.0
2016-02-18 00:00:00-05:00,44.563826619100034,44.57897442552035,43.35960345559698,43.78373336791992,17037800,0.0,0.0
2016-02-19 00:00:00-05:00,43.54895021272446,44.05638876754213,43.230854919701244,43.79130935668945,15658200,0.0,0.0
2016-02-22 00:00:00-05:00,44.31388962165872,44.594119690742694,44.24572594122592,44.35933303833008,14882800,0.0,0.0
2016-02-23 00:00:00-05:00,43.85188685802811,43.99578665184589,42.382581757460514,42.503761291503906,31772500,0.0,0.0
2016-02-24 00:00:00-05:00,41.806987548606706,42.57193295927419,41.14807388900714,42.518917083740234,25560100,0.0,0.0
2016-02-25 00:00:00-05:00,42.51134363998359,43.192977547825706,42.44317996028454,43.17782974243164,14473300,0.0,0.0
2016-02-26 00:00:00-05:00,43.65498649258547,44.0109527861066,43.27629992982654,43.57925033569336,20947500,0.0,0.0
2016-02-29 00:00:00-05:00,43.48077526943223,43.632250417493516,42.63251848509641,42.64009094238281,19554100,0.0,0.0
2016-03-01 00:00:00-05:00,42.988487341226865,44.83647918701172,42.92032366020778,44.83647918701172,23958100,0.0,0.0
2016-03-02 00:00:00-05:00,44.836477868220015,45.36663949509148,44.6547070944661,45.26060485839844,20943100,0.0,0.0
2016-03-03 00:00:00-05:00,45.12428681369336,45.412086486816406,44.76074521442947,45.412086486816406,15790600,0.0,0.0
2016-03-04 00:00:00-05:00,45.5181193871239,45.858937839234095,45.08641697750063,45.48025131225586,18459000,0.0,0.0
2016-03-07 00:00:00-05:00,45.09397947810323,45.48023835434533,44.92735652917819,45.39692687988281,12832400,0.0,0.0
2016-03-08 00:00:00-05:00,44.844049797414065,45.06368863710819,44.44264307525807,44.51837921142578,14132900,0.0,0.0
2016-03-09 00:00:00-05:00,44.79861350465808,45.09398850843164,44.442647274906,44.7758903503418,13238800,0.0,0.0
2016-03-10 00:00:00-05:00,45.13185451336968,45.19244284742499,43.78373157771781,44.38962936401367,21139200,0.0,0.0
2016-03-11 00:00:00-05:00,44.98038058317798,45.07126453133799,44.41992619885122,44.94251251220703,21055000,0.0,0.0
2016-03-14 00:00:00-04:00,44.79861350465808,44.91979306746643,44.38205604892749,44.7758903503418,13436100,0.0,0.0
2016-03-15 00:00:00-04:00,44.336613155921235,44.84405164528116,44.253301669214736,44.83647918701172,10910500,0.0,0.0
2016-03-16 00:00:00-04:00,44.66986359058259,45.25304120468817,44.283604593784865,44.624420166015625,17423900,0.0,0.0
2016-03-17 00:00:00-04:00,44.51080286355387,44.78345755256708,43.92005296345736,44.49565505981445,19405700,0.0,0.0
2016-03-18 00:00:00-04:00,45.48024523172721,46.177029850567244,45.18487024243848,45.80591583251953,29570200,0.0,0.0
2016-03-21 00:00:00-04:00,45.60900737948011,46.06343006760948,45.41208876258146,45.790775299072266,12684400,0.0,0.0
2016-03-22 00:00:00-04:00,45.43480987747105,45.881660086013916,45.15457977287462,45.62415313720703,12042700,0.0,0.0
2016-03-23 00:00:00-04:00,45.699877170810495,45.8286291665085,45.33633855518613,45.39692687988281,11658700,0.0,0.0
2016-03-24 00:00:00-04:00,44.91222607214058,45.07127373618986,44.586555394811555,45.048553466796875,12921200,0.0,0.0
2016-03-28 00:00:00-04:00,45.08641340976859,45.25303639298163,44.82133401751938,44.98795700073242,11159700,0.0,0.0
2016-03-29 00:00:00-04:00,44.934939727375365,44.934939727375365,44.329039039645444,44.707725524902344,15933400,0.0,0.0
2016-03-30 00:00:00-04:00,45.03339312864745,45.61657062373027,44.97280479740617,45.22273635864258,13307100,0.0,0.0
2016-03-31 00:00:00-04:00,45.025822782923086,45.389361454870254,44.768315862483604,44.851627349853516,14904700,0.0,0.0
2016-04-01 00:00:00-04:00,44.70016327447907,45.487832037086896,44.35177232187728,45.343929290771484,15417500,0.0,0.0
2016-04-04 00:00:00-04:00,45.3515401240335,45.45072836079341,44.9853099927719,45.168426513671875,12305000,0.44,0.0
2016-04-05 00:00:00-04:00,44.70301195976221,44.88612849628589,44.41307865632412,44.52752685546875,12886600,0.0,0.0
2016-04-06 00:00:00-04:00,44.39019409353525,44.92428088572354,44.214708973773455,44.870872497558594,12167900,0.0,0.0
2016-04-07 00:00:00-04:00,44.45122825246719,44.58093640893782,43.54328279932747,43.73402786254883,19226800,0.0,0.0
2016-04-08 00:00:00-04:00,44.031590119374414,44.69538504136285,44.01633016490516,44.054481506347656,13547700,0.0,0.0
2016-04-11 00:00:00-04:00,44.18417636222099,44.92426797196103,44.18417636222099,44.40544128417969,17627800,0.0,0.0
2016-04-12 00:00:00-04:00,44.51227640449969,45.31340523792976,44.40545961478091,45.22947692871094,17779200,0.0,0.0
2016-04-13 00:00:00-04:00,46.14504514867034,47.42685220090051,46.06874828792229,47.14455032348633,37516800,0.0,0.0
2016-04-14 00:00:00-04:00,47.06825655647489,47.99909351114465,47.007219642197995,47.754940032958984,24249900,0.0,0.0
2016-04-15 00:00:00-04:00,47.97620101016817,47.991460965092884,46.88513897263103,47.205589294433594,19290700,0.0,0.0
2016-04-18 00:00:00-04:00,47.03010951607217,47.74731292623533,46.9461812097306,47.51078796386719,13813100,0.0,0.0
2016-04-19 00:00:00-04:00,47.724413585938244,48.43398544430144,47.724413585938244,48.31190872192383,19255600,0.0,0.0
2016-04-20 00:00:00-04:00,48.433998746941775,49.06727100866371,48.18221671124541,49.01386260986328,14594400,0.0,0.0
2016-04-21 00:00:00-04:00,49.02911297695888,49.334306244175025,48.327169626577216,48.525543212890625,15395800,0.0,0.0
2016-04-22 00:00:00-04:00,48.556072582336085,49.1206764529925,48.556072582336085,48.807857513427734,12444700,0.0,0.0
2016-04-25 00:00:00-04:00,48.525543212890625,48.79258804933943,48.18220442544583,48.525543212890625,10687200,0.0,0.0
2016-04-26 00:00:00-04:00,48.68577167451773,48.8841452624428,48.319541497206174,48.77732849121094,12048000,0.0,0.0
2016-04-27 00:00:00-04:00,48.723931555510376,49.319055369675866,48.525555010428945,48.914676666259766,15284100,0.0,0.0
2016-04-28 00:00:00-04:00,48.55606312171998,49.151186791198896,48.334798148515205,48.525543212890625,12852500,0.0,0.0
2016-04-29 00:00:00-04:00,48.13642007197186,48.533170118128,47.83885826498937,48.2203483581543,16376400,0.0,0.0
2016-05-02 00:00:00-04:00,48.5942171868533,48.83074214189717,48.17457857867918,48.67051696777344,10247300,0.0,0.0
2016-05-03 00:00:00-04:00,47.991465285360555,47.99909380824025,47.15218515218085,47.732051849365234,19120300,0.0,0.0
2016-05-04 00:00:00-04:00,47.1140288729896,47.503147506931164,46.74779871441561,46.97669219970703,17030200,0.0,0.0
2016-05-05 00:00:00-04:00,46.99957733791055,47.304770570321516,46.58757025785562,46.72490692138672,14033900,0.0,0.0
2016-05-06 00:00:00-04:00,46.312911208579,47.06063165690806,46.228982898264846,46.99959182739258,11057900,0.0,0.0
2016-05-09 00:00:00-04:00,46.824095457016114,47.22084552212599,46.57994201856982,46.70201873779297,11197100,0.0,0.0
2016-05-10 00:00:00-04:00,46.96144258720458,47.503157967476334,46.8088459265612,47.335304260253906,11897200,0.0,0.0
2016-05-11 00:00:00-04:00,47.28188583305271,47.7625612828588,47.15980911254883,47.15980911254883,11254000,0.0,0.0
2016-05-12 00:00:00-04:00,47.51078166867313,47.73204664506703,46.82409826280889,47.12929153442383,11071700,0.0,0.0
2016-05-13 00:00:00-04:00,47.07589867683498,47.60998562306462,46.55707169027358,46.69440841674805,15122300,0.0,0.0
2016-05-16 00:00:00-04:00,46.70201509491144,47.29714160142408,46.54178995915502,47.04535675048828,10951300,0.0,0.0
2016-05-17 00:00:00-04:00,46.869871662201966,47.426846832120695,46.65623814786009,47.04535675048828,12180900,0.0,0.0
2016-05-18 00:00:00-04:00,47.0758817539322,48.960440982130685,47.06825032157159,48.86125564575195,24007100,0.0,0.0
2016-05-19 00:00:00-04:00,48.472142715480494,48.99860104157089,47.99146717062297,48.365325927734375,16076200,0.0,0.0
2016-05-20 00:00:00-04:00,48.723923519438266,48.975708421159304,48.35006188339339,48.456878662109375,11862000,0.0,0.0
2016-05-23 00:00:00-04:00,48.41110316668847,48.731553512506395,48.189838169506174,48.418731689453125,9347500,0.0,0.0
2016-05-24 00:00:00-04:00,48.784965901938754,49.418238122713554,48.68578054517379,49.24275588989258,13839400,0.0,0.0
2016-05-25 00:00:00-04:00,49.54794291821671,50.50929391228701,49.53268005229814,49.9904670715332,18935200,0.0,0.0
2016-05-26 00:00:00-04:00,50.02861772395737,50.0362491568112,49.52505375608036,49.616607666015625,9428400,0.0,0.0
2016-05-27 00:00:00-04:00,49.753945919146574,49.94469099895671,49.63187209502858,49.92180252075195,10116000,0.0,0.0
2016-05-31 00:00:00-04:00,50.150700660261045,50.219366097223876,49.563202534548,49.79972457885742,15139400,0.0,0.0
2016-06-01 00:00:00-04:00,49.41060630440109,50.29566043343847,49.02911615095375,50.12017822265625,14031000,0.0,0.0
2016-06-02 00:00:00-04:00,49.990477368350724,50.21174240112305,49.715809757097084,50.21174240112305,10637600,0.0,0.0
2016-06-03 00:00:00-04:00,49.021480378150756,49.486898789839614,48.48739362849897,49.31904220581055,20261700,0.0,0.0
2016-06-06 00:00:00-04:00,49.31905081534614,50.173590928179934,49.28853090191512,49.80735778808594,13193500,0.0,0.0
2016-06-07 00:00:00-04:00,49.93705769729264,50.15832268012234,49.62423880506972,49.639495849609375,9924100,0.0,0.0
2016-06-08 00:00:00-04:00,49.54031232068042,49.95995382435122,49.53268088759244,49.78446578979492,9428000,0.0,0.0
2016-06-09 00:00:00-04:00,49.43350071891374,49.51742902843769,49.0367476518772,49.40298080444336,10817800,0.0,0.0
2016-06-10 00:00:00-04:00,48.777336106001584,48.88415289390896,48.51029413623312,48.70866775512695,16678400,0.0,0.0
2016-06-13 00:00:00-04:00,48.43399838857513,49.090159127631,48.266141758993236,48.273773193359375,14314900,0.0,0.0
2016-06-14 00:00:00-04:00,47.82361273875752,48.426367966318104,47.06063232226239,47.36582565307617,19509300,0.0,0.0
2016-06-15 00:00:00-04:00,47.617597316866494,48.052495826804595,47.23610719161984,47.28188705444336,16982100,0.0,0.0
2016-06-16 00:00:00-04:00,46.8851495067336,47.533681728781964,46.465510838905864,47.4726448059082,16791200,0.0,0.0
2016-06-17 00:00:00-04:00,47.53367349941256,47.84649531514868,47.25137159509922,47.51841354370117,15751500,0.0,0.0
2016-06-20 00:00:00-04:00,48.411105935460924,48.716296342665245,47.5641972437349,47.58708572387695,12213200,0.0,0.0
2016-06-21 00:00:00-04:00,47.86175308555356,48.067758112442974,47.411594599507545,48.02960968017578,11611600,0.0,0.0
2016-06-22 00:00:00-04:00,48.0296093155808,48.60947304904126,47.82360429025518,47.846492767333984,12643500,0.0,0.0
2016-06-23 00:00:00-04:00,48.60184401288372,48.94518571812882,48.472135852885,48.86888885498047,16583600,0.0,0.0
2016-06-24 00:00:00-04:00,46.14504479793468,47.075881626786924,45.275247785647856,45.4736213684082,44108700,0.0,0.0
2016-06-27 00:00:00-04:00,44.794564953727736,44.82508485896943,43.528017991580946,43.95528793334961,37300700,0.0,0.0
2016-06-28 00:00:00-04:00,45.16080132493234,45.43547468898282,44.45122943798153,45.4125862121582,29088700,0.0,0.0
2016-06-29 00:00:00-04:00,46.05350466338042,46.702036941312315,45.77883121043148,46.69440841674805,21483000,0.0,0.0
2016-06-30 00:00:00-04:00,47.022475726594024,47.44974282296845,46.55705728758148,47.41159439086914,21343600,0.0,0.0
2016-07-01 00:00:00-04:00,47.41159973474208,47.68072051975448,47.02713979432634,47.10403060913086,14217800,0.48,0.0
2016-07-05 00:00:00-04:00,46.48120211379935,46.59653832293163,45.44315863243138,45.7891731262207,23357700,0.0,0.0
2016-07-06 00:00:00-04:00,45.3739586821336,46.35817807655647,45.18172872122553,46.28128433227539,20429800,0.0,0.0
2016-07-07 00:00:00-04:00,46.535036689209406,47.01176624678209,46.258225032168205,46.581172943115234,13771400,0.0,0.0
2016-07-08 00:00:00-04:00,47.15785272223095,47.80374253809268,47.15785272223095,47.54231262207031,16998800,0.0,0.0
2016-07-11 00:00:00-04:00,47.995974337035925,48.403503841139,47.780677723454474,47.880638122558594,13151400,0.0,0.0
2016-07-12 00:00:00-04:00,48.465011942318064,48.872541413123365,48.357363644322895,48.59572982788086,16588100,0.0,0.0
2016-07-13 00:00:00-04:00,48.50346367815626,48.77258444201434,48.16513707993886,48.56497573852539,18526900,0.0,0.0
2016-07-14 00:00:00-04:00,49.779880651515626,49.96442568085832,49.24932982473949,49.30315399169922,28985900,0.0,0.0
2016-07-15 00:00:00-04:00,49.78755773905069,49.82600607613982,48.91098962423055,49.349273681640625,17607100,0.0,0.0
2016-07-18 00:00:00-04:00,49.310833542397035,49.518445210965254,49.13398524172856,49.180118560791016,10824400,0.0,0.0
2016-07-19 00:00:00-04:00,48.9109957313452,49.28776484301378,48.79565657206897,49.10322570800781,9737400,0.0,0.0
2016-07-20 00:00:00-04:00,49.295445431398896,49.38771791290621,48.987876359433294,49.157039642333984,10411100,0.0,0.0
2016-07-21 00:00:00-04:00,49.21086220245855,49.34926798705864,48.92636272664546,48.972496032714844,9808700,0.0,0.0
2016-07-22 00:00:00-04:00,49.13397081963021,49.280061575911084,48.90329255924083,49.24161911010742,8195700,0.0,0.0
2016-07-25 00:00:00-04:00,49.195490158546214,49.34158386966337,48.96481479718363,49.11090850830078,8168300,0.0,0.0
2016-07-26 00:00:00-04:00,49.19548913621408,49.41078867778186,48.987880435343165,49.31082534790039,8067800,0.0,0.0
2016-07-27 00:00:00-04:00,49.27238110769681,49.74142264468696,49.25699942685547,49.4646110534668,11806800,0.0,0.0
2016-07-28 00:00:00-04:00,49.21087468451382,49.35697134597936,48.99557804639202,49.28776550292969,10013400,0.0,0.0
2016-07-29 00:00:00-04:00,49.05708727221177,49.43385930029218,49.01864186523128,49.18780517578125,13210400,0.0,0.0
2016-08-01 00:00:00-04:00,49.326214493663585,49.44923863146729,48.91099702908829,49.057090759277344,11422600,0.0,0.0
2016-08-02 00:00:00-04:00,48.89560570365069,49.218553515219504,48.73413326446428,48.941741943359375,13550000,0.0,0.0
2016-08-03 00:00:00-04:00,48.97248973591604,49.72603061451868,48.9417351802228,49.718345642089844,13122300,0.0,0.0
2016-08-04 00:00:00-04:00,49.587640077909406,49.841385039383255,49.41847677026017,49.64146423339844,9873000,0.0,0.0
2016-08-05 00:00:00-04:00,50.087431839090144,51.0332057089016,50.03360769146784,50.9793815612793,20752700,0.0,0.0
2016-08-08 00:00:00-04:00,50.80253682706238,51.12548177247933,50.62568267139508,50.82560348510742,11359200,0.0,0.0
2016-08-09 00:00:00-04:00,50.88710973783236,50.96400054023113,50.51034069960385,50.648746490478516,10097000,0.0,0.0
2016-08-10 00:00:00-04:00,50.6871879688818,50.80252710342421,50.102813188946534,50.1950798034668,11556100,0.0,0.0
2016-08-11 00:00:00-04:00,50.187395631462174,50.51034642436725,49.995165670482116,50.333492279052734,9604500,0.0,0.0
2016-08-12 00:00:00-04:00,49.95672076324018,50.248908177787285,49.872139115220016,50.2258415222168,7685400,0.0,0.0
2016-08-15 00:00:00-04:00,50.41039055363323,50.61800222740946,50.33349973113577,50.53342056274414,8371600,0.0,0.0
2016-08-16 00:00:00-04:00,50.25659414140715,50.71794480722388,50.164321661687005,50.52571487426758,10128900,0.0,0.0
2016-08-17 00:00:00-04:00,50.59494261866865,50.733348465011055,50.3950217591975,50.66414260864258,11868100,0.0,0.0
2016-08-18 00:00:00-04:00,50.45652699946204,50.74102361388824,50.38732115649797,50.71026611328125,9313600,0.0,0.0
2016-08-19 00:00:00-04:00,50.533411569870076,50.679508213091644,50.148951659407146,50.64105987548828,9084900,0.0,0.0
2016-08-22 00:00:00-04:00,50.556472778599854,50.6564302326488,50.29504288352166,50.59492111206055,9055600,0.0,0.0
2016-08-23 00:00:00-04:00,50.80252809659253,51.01013384971381,50.564164849232505,50.57184982299805,8949600,0.0,0.0
2016-08-24 00:00:00-04:00,50.74102361388824,50.925568617530175,50.571860293746504,50.71026611328125,10167200,0.0,0.0
2016-08-25 00:00:00-04:00,50.67950427009531,50.8563525299691,50.58723178686188,50.802528381347656,9978700,0.0,0.0
2016-08-26 00:00:00-04:00,51.0024588563755,51.425361285531544,50.633374719678464,50.917877197265625,14038600,0.0,0.0
2016-08-29 00:00:00-04:00,51.12547318211643,51.594514704865475,51.10240652794717,51.47917556762695,14583100,0.0,0.0
2016-08-30 00:00:00-04:00,51.47917613154277,51.97897515412317,51.47917613154277,51.90208435058594,13791200,0.0,0.0
2016-08-31 00:00:00-04:00,51.87132685589259,52.10969010677568,51.40997616827695,51.90208435058594,14952300,0.0,0.0
2016-09-01 00:00:00-04:00,52.00972811335691,52.071243097379245,51.24849925185374,51.67909240722656,12226500,0.0,0.0
2016-09-02 00:00:00-04:00,51.825193957085105,51.963599751104084,51.50224905983828,51.89439392089844,13720700,0.0,0.0
2016-09-06 00:00:00-04:00,51.90209798160438,51.9405463266668,51.294650501259824,51.85596466064453,16649400,0.0,0.0
2016-09-07 00:00:00-04:00,51.640644073486335,51.971273875651654,51.48685663090713,51.64064407348633,10070400,0.0,0.0
2016-09-08 00:00:00-04:00,51.68677984568945,52.04048218095561,51.51761658395533,51.70984649658203,12253000,0.0,0.0
2016-09-09 00:00:00-04:00,51.54069971679528,51.8482688486323,51.24082142651233,51.248512268066406,19686900,0.0,0.0
2016-09-12 00:00:00-04:00,50.856339007129776,51.748288508704455,50.56415168750565,51.563743591308594,16453000,0.0,0.0
2016-09-13 00:00:00-04:00,50.833286033781086,51.40997585640024,50.61029859840127,51.15623092651367,18876100,0.0,0.0
2016-09-14 00:00:00-04:00,50.956314895695904,51.70985891537818,50.91018158283122,51.056278228759766,12648600,0.0,0.0
2016-09-15 00:00:00-04:00,50.9716896617693,51.46379782019958,50.817902195764844,51.24081039428711,12531300,0.0,0.0
2016-09-16 00:00:00-04:00,50.81791540089286,50.948636247562696,50.31812213908415,50.61030960083008,25161500,0.0,0.0
2016-09-19 00:00:00-04:00,50.86404459835203,51.240813647799754,50.63336631789453,50.89480209350586,13466900,0.0,0.0
2016-09-20 00:00:00-04:00,51.325392978109974,51.402283779330595,50.933242265575075,51.1024055480957,10092200,0.0,0.0
2016-09-21 00:00:00-04:00,51.39459991455078,51.617587374828844,50.98707333301921,51.39459991455078,14116800,0.0,0.0
2016-09-22 00:00:00-04:00,51.509950957573864,51.840586803784646,51.39461178026419,51.81752014160156,12781700,0.0,0.0
2016-09-23 00:00:00-04:00,51.817494778341675,52.20964544268973,51.65602235570221,51.70984649658203,13967400,0.0,0.0
2016-09-26 00:00:00-04:00,51.21005035123199,51.36383780957905,50.39499735436351,50.57953643798828,16408100,0.0,0.0
2016-09-27 00:00:00-04:00,50.295045073585015,51.06396484514467,50.064366795560204,51.025516510009766,13711400,0.0,0.0
2016-09-28 00:00:00-04:00,51.19467831719555,51.340769080418376,50.74101261457696,51.29463577270508,11278000,0.0,0.0
2016-09-29 00:00:00-04:00,51.2869614764,51.67911231763663,50.24892065326212,50.47959899902344,18727200,0.0,0.0
2016-09-30 00:00:00-04:00,50.81022100710394,51.56375911428476,50.81022100710394,51.20236587524414,21680100,0.0,0.0
2016-10-03 00:00:00-04:00,51.01783151780985,51.45611560318308,50.94863154630549,51.14086151123047,14901700,0.0,0.0
2016-10-04 00:00:00-04:00,51.2802667876893,52.031541852934026,51.1950702807623,51.58232498168945,17226900,0.48,0.0
2016-10-05 00:00:00-04:00,51.80691921541984,52.720840295435174,51.737216224698855,52.42652893066406,16280000,0.0,0.0
2016-10-06 00:00:00-04:00,52.45753669084673,52.64341733635723,51.930869937701004,52.56596755981445,17485000,0.0,0.0
2016-10-07 00:00:00-04:00,52.50401108555412,52.80606938325169,52.20195278785655,52.751853942871094,18497000,0.0,0.0
2016-10-10 00:00:00-04:00,52.92996402403513,53.48761167916015,52.844773435259455,53.16231918334961,13027500,0.0,0.0
2016-10-11 00:00:00-04:00,53.05388166541726,53.30172437990154,52.61241164558473,52.90672302246094,15657100,0.0,0.0
2016-10-12 00:00:00-04:00,52.86800489867487,53.12358846919813,52.70535865960122,52.76731491088867,11899800,0.0,0.0
2016-10-13 00:00:00-04:00,52.24840168731582,52.56595336715407,51.75271616042874,52.46526336669922,17890000,0.0,0.0
2016-10-14 00:00:00-04:00,53.28625317025544,53.46438703685577,52.124488981157185,52.29487609863281,24163800,0.0,0.0
2016-10-17 00:00:00-04:00,52.217423435643425,52.50399404696576,51.69075679612865,52.02379608154297,14963400,0.0,0.0
2016-10-18 00:00:00-04:00,52.550457979292666,52.82928181676136,52.31036197276471,52.43428039550781,11870300,0.0,0.0
2016-10-19 00:00:00-04:00,52.51948164373555,53.053895032030624,52.51948164373555,52.93771743774414,12705800,0.0,0.0
2016-10-20 00:00:00-04:00,52.728607160333475,53.19331166955544,52.620176305149634,52.868019104003906,14122000,0.0,0.0
2016-10-21 00:00:00-04:00,52.519464664700195,53.07711220976291,52.4342681837025,53.0461311340332,12175700,0.0,0.0
2016-10-24 00:00:00-04:00,53.41791530535739,53.47987747673503,53.05389493481116,53.3404655456543,10197100,0.0,0.0
2016-10-25 00:00:00-04:00,53.348207331553915,53.38693516661134,52.960952617131674,53.286251068115234,9945100,0.0,0.0
2016-10-26 00:00:00-04:00,52.95321663420658,53.63478286684913,52.95321663420658,53.541839599609375,9801300,0.0,0.0
2016-10-27 00:00:00-04:00,53.820657591577685,54.03751928232259,53.5185993924633,53.61928939819336,14210700,0.0,0.0
2016-10-28 00:00:00-04:00,53.851636824240536,53.86713032106799,53.03065876351649,53.526344299316406,12766500,0.0,0.0
2016-10-31 00:00:00-04:00,53.7741822559082,53.8903598355686,53.6192827557191,53.64251708984375,14336300,0.0,0.0
2016-11-01 00:00:00-04:00,53.812909114950365,54.045258361043565,52.922222232333795,53.41790771484375,15564500,0.0,0.0
2016-11-02 00:00:00-04:00,53.170083071715915,53.32498262183636,52.6743974204836,53.19331741333008,12449800,0.0,0.0
2016-11-03 00:00:00-04:00,53.33271988560551,53.58830941597695,52.83703432254225,52.96095275878906,10369700,0.0,0.0
2016-11-04 00:00:00-04:00,53.04614336487462,53.10035878264304,52.38781160367589,52.48075485229492,13571300,0.0,0.0
2016-11-07 00:00:00-05:00,53.503129874010845,54.192443013414156,53.441167681717545,54.12273406982422,16515100,0.0,0.0
2016-11-08 00:00:00-05:00,53.98330967829952,54.64164747921223,53.62703601809747,54.23889923095703,17531700,0.0,0.0
2016-11-09 00:00:00-05:00,55.34642361607101,57.42985513801019,55.23799280688062,56.73279571533203,50948400,0.0,0.0
2016-11-10 00:00:00-05:00,57.48407694715348,59.8308390074362,57.48407694715348,59.36613464355469,56192300,0.0,0.0
2016-11-11 00:00:00-05:00,59.09507844963771,59.42037102827222,58.68458344245949,59.39713668823242,27574300,0.0,0.0
2016-11-14 00:00:00-05:00,59.83084877851488,62.3015355574776,59.83084877851488,61.581241607666016,46130700,0.0,0.0
2016-11-15 00:00:00-05:00,60.69829860200403,61.503789018039384,60.24133502247674,61.46506118774414,28126300,0.0,0.0
2016-11-16 00:00:00-05:00,60.58211887912599,60.682802961683166,59.54427333607219,59.947021484375,26054900,0.0,0.0
2016-11-17 00:00:00-05:00,60.357531624006896,60.768020754724525,60.10194204520716,60.4272346496582,19306700,0.0,0.0
2016-11-18 00:00:00-05:00,60.38076499506347,60.73703868597761,60.063219146025695,60.187137603759766,19770000,0.0,0.0
2016-11-21 00:00:00-05:00,60.41171925784224,60.543384407286744,59.861818419836,60.45044708251953,11983500,0.0,0.0
2016-11-22 00:00:00-05:00,60.68281934360525,60.84546563273806,60.225861565904324,60.82223129272461,14410100,0.0,0.0
2016-11-23 00:00:00-05:00,61.085551313048164,61.3721159755239,60.32652959043867,61.07780456542969,13373700,0.0,0.0
2016-11-25 00:00:00-05:00,61.263710948745214,61.53478813919639,60.77577200593311,61.054595947265625,6185700,0.0,0.0
2016-11-28 00:00:00-05:00,60.55115318770106,61.08556663572342,60.427228830868636,60.659584045410156,13007200,0.0,0.0
2016-11-29 00:00:00-05:00,60.71379378419498,61.3101693547415,60.71379378419498,61.12428283691406,14144100,0.0,0.0
2016-11-30 00:00:00-05:00,61.89879131600536,62.37124253407181,61.728398298468214,62.0924186706543,25351900,0.0,0.0
2016-12-01 00:00:00-05:00,62.464181981758706,63.72663012981728,62.464181981758706,63.34712219238281,23823600,0.0,0.0
2016-12-02 00:00:00-05:00,63.35486420939542,63.37809854335502,62.657804645421706,63.19995880126953,16931500,0.0,0.0
2016-12-05 00:00:00-05:00,63.74213593666171,64.50889870785768,63.73438918692152,64.48566436767578,18529800,0.0,0.0
2016-12-06 00:00:00-05:00,64.74898614805575,64.91163241671367,63.842811547373884,64.81869506835938,16130000,0.0,0.0
2016-12-07 00:00:00-05:00,64.71027945847078,65.1285094426122,64.16811919292273,65.11302185058594,18996900,0.0,0.0
2016-12-08 00:00:00-05:00,65.2369261542883,66.22055044394703,65.01231773024772,65.92623901367188,20844900,0.0,0.0
2016-12-09 00:00:00-05:00,65.84879392703765,66.22056108044866,65.16722770632897,66.21281433105469,14567200,0.0,0.0
2016-12-12 00:00:00-05:00,66.11211476038218,66.44515399795846,65.28339004023248,65.62417602539062,14511300,0.0,0.0
2016-12-13 00:00:00-05:00,65.8178005169787,66.35220789637113,64.9193669253607,65.64740753173828,16669000,0.0,0.0
2016-12-14 00:00:00-05:00,64.96583838878293,66.70074348682706,64.87290105394857,65.62417602539062,22622600,0.0,0.0
2016-12-15 00:00:00-05:00,66.1430837694707,66.98729592166451,65.75582918757573,66.6077880859375,19438900,0.0,0.0
2016-12-16 00:00:00-05:00,66.83241354410778,66.83241354410778,65.74809925569429,65.78682708740234,23008500,0.0,0.0
2016-12-19 00:00:00-05:00,65.67840485431834,66.17409043812889,65.20595360896169,66.16634368896484,21685100,0.0,0.0
2016-12-20 00:00:00-05:00,66.44515244084151,67.02603440609174,66.25927186649177,67.0182876586914,14587300,0.0,0.0
2016-12-21 00:00:00-05:00,66.94083981363235,67.23515122380076,66.63103490822307,67.18868255615234,11400500,0.0,0.0
2016-12-22 00:00:00-05:00,66.94859228538854,67.51398082024214,66.77045252911012,67.297119140625,13924200,0.0,0.0
2016-12-23 00:00:00-05:00,67.38230031364216,67.49847787530051,66.91759597604498,67.42102813720703,10759400,0.0,0.0
2016-12-27 00:00:00-05:00,67.42103782563366,67.50623432249014,67.18868266892743,67.48299407958984,6946400,0.0,0.0
2016-12-28 00:00:00-05:00,67.50623513967058,67.68436897413622,66.87887857258427,66.99505615234375,9455600,0.0,0.0
2016-12-29 00:00:00-05:00,67.05702691539439,67.1267299267664,65.8642817010462,66.52261352539062,14689000,0.0,0.0
2016-12-30 00:00:00-05:00,66.68524643930077,66.93308916738476,66.34446638133325,66.83240509033203,13617800,0.0,0.0
2017-01-03 00:00:00-05:00,67.64566119515638,67.97095969671096,66.59233364449219,67.56047058105469,20550700,0.0,0.0
2017-01-04 00:00:00-05:00,67.7240100360894,67.89534588056631,67.28788675322748,67.68507385253906,15266600,0.48,0.0
2017-01-05 00:00:00-05:00,67.60718101184956,67.84082185040168,66.4000525239525,67.06202697753906,14300800,0.0,0.0
2017-01-06 00:00:00-05:00,67.28008859066382,67.45921402578331,66.92963327457211,67.06981658935547,12893300,0.0,0.0
2017-01-09 00:00:00-05:00,66.76609888213028,67.57604046453754,66.60254670115589,67.1165542602539,12806600,0.0,0.0
2017-01-10 00:00:00-05:00,67.03086692250551,67.67726802021818,66.75828993604014,67.31123352050781,13989000,0.0,0.0
2017-01-11 00:00:00-05:00,67.3112412496067,67.81745910644531,66.90627052917581,67.81745910644531,14713100,0.0,0.0
2017-01-12 00:00:00-05:00,67.5682226832865,67.96540366019607,66.99191038824469,67.16324615478516,21337400,0.0,0.0
2017-01-13 00:00:00-05:00,67.84082365095854,68.66634433674832,67.0542391448053,67.52151489257812,28296000,0.0,0.0
2017-01-17 00:00:00-05:00,66.14306388827656,66.36891516596947,64.85805086637843,65.06832885742188,30024600,0.0,0.0
2017-01-18 00:00:00-05:00,65.13060935774804,65.59789100815779,64.66333364907128,65.37203979492188,21270100,0.0,0.0
2017-01-19 00:00:00-05:00,65.46551433753109,65.94057982483422,64.73345098242494,64.8736343383789,16555600,0.0,0.0
2017-01-20 00:00:00-05:00,64.97485694510817,65.28637608482697,64.86582613746661,65.1617660522461,18436800,0.0,0.0
2017-01-23 00:00:00-05:00,64.87361406794078,65.41876809201428,64.80351944099804,65.19291687011719,12179200,0.0,0.0
2017-01-24 00:00:00-05:00,65.35646156799905,66.19756142148802,65.07609495016939,65.97949981689453,15175300,0.0,0.0
2017-01-25 00:00:00-05:00,66.85176763222225,67.10877143777971,66.32997634826135,66.99974060058594,17551000,0.0,0.0
2017-01-26 00:00:00-05:00,66.93743216442024,67.71622721434595,66.93743216442024,67.56047058105469,15962800,0.0,0.0
2017-01-27 00:00:00-05:00,67.49035060690669,67.73956466974008,67.1866152117757,67.70062255859375,12535400,0.0,0.0
2017-01-30 00:00:00-05:00,67.12435066694167,67.36577524333715,66.44679680003611,66.99974060058594,13661900,0.0,0.0
2017-01-31 00:00:00-05:00,66.66484055377329,67.09318011455737,65.48885862103886,65.90940856933594,15655100,0.0,0.0
2017-02-01 00:00:00-05:00,66.61811481103392,67.05423804289053,65.94835073826361,66.15862274169922,15430900,0.0,0.0
2017-02-02 00:00:00-05:00,65.68355902642791,66.12747782357633,65.54338164846553,65.87825775146484,11081400,0.0,0.0
2017-02-03 00:00:00-05:00,67.12432713181816,67.99657352354139,66.87511302822111,67.89533233642578,17885200,0.0,0.0
2017-02-06 00:00:00-05:00,67.59159850981241,68.1055999660948,67.45141521414767,67.57601928710938,11828400,0.0,0.0
2017-02-07 00:00:00-05:00,67.86418654547077,68.0666748814698,67.35018500545296,67.53709411621094,9392800,0.0,0.0
2017-02-08 00:00:00-05:00,67.11655680679915,67.21779802300777,66.48573472554811,66.94522094726562,13970900,0.0,0.0
2017-02-09 00:00:00-05:00,66.94522260865183,68.01217397930355,66.94522260865183,67.91092681884766,13749100,0.0,0.0
2017-02-10 00:00:00-05:00,68.12898931501302,68.12898931501302,67.66949717463235,67.75516510009766,10992500,0.0,0.0
2017-02-13 00:00:00-05:00,68.09782085699388,69.11025055639065,68.09003124512068,68.65076446533203,18739100,0.0,0.0
2017-02-14 00:00:00-05:00,68.76757848833904,69.8578863799849,68.61960558515895,69.74885559082031,17932100,0.0,0.0
2017-02-15 00:00:00-05:00,70.15385945240246,70.76910825422995,69.58533645216818,70.55104064941406,17381800,0.0,0.0
2017-02-16 00:00:00-05:00,70.4030541597569,70.90148237802116,69.9124096117824,70.5042953491211,17672700,0.0,0.0
2017-02-17 00:00:00-05:00,69.9513516668086,70.45756949663718,69.8501104775361,70.27066040039062,15776600,0.0,0.0
2017-02-21 00:00:00-05:00,70.488723000329,70.98715122519422,70.44978088143233,70.87812042236328,14068300,0.0,0.0
2017-02-22 00:00:00-05:00,70.49651848217857,71.10398355338661,70.41864017307009,70.91706848144531,11839000,0.0,0.0
2017-02-23 00:00:00-05:00,71.01051499535336,71.1351190822394,70.49650753989884,70.97157287597656,11067000,0.0,0.0
2017-02-24 00:00:00-05:00,70.23170560875279,70.51207217339706,69.88125037381342,70.34852600097656,15062300,0.0,0.0
2017-02-27 00:00:00-05:00,70.34073896569976,70.66004765335323,70.10709817269809,70.42640686035156,12361000,0.0,0.0
2017-02-28 00:00:00-05:00,69.97471127601432,70.730143179284,69.77222296524252,70.57438659667969,15183500,0.0,0.0
2017-03-01 00:00:00-05:00,72.26439578556038,73.19116382697739,72.12421243426819,72.89521789550781,24451400,0.0,0.0
2017-03-02 00:00:00-05:00,73.10547350544401,73.14440968226334,71.67248791532508,71.7581558227539,16862500,0.0,0.0
2017-03-03 00:00:00-05:00,71.75817109592678,72.51360319946001,71.75817109592678,72.27217864990234,12817500,0.0,0.0
2017-03-06 00:00:00-05:00,71.84384155460371,71.89835696906248,70.94822608129427,71.58683776855469,15059200,0.0,0.0
2017-03-07 00:00:00-05:00,71.36876335747668,71.71921868183922,71.0338813165761,71.18964385986328,11156800,0.0,0.0
2017-03-08 00:00:00-05:00,72.17870384284058,72.3110975356516,70.94820660655094,71.03387451171875,17378400,0.0,0.0
2017-03-09 00:00:00-05:00,71.33759476335035,71.75814462279834,70.98713951800976,71.3142318725586,13726200,0.0,0.0
2017-03-10 00:00:00-05:00,71.61018529738779,71.64912741724264,70.5042980176159,71.08839416503906,13729900,0.0,0.0
2017-03-13 00:00:00-04:00,71.11175368277597,71.47778820178685,70.81581378782799,71.15069580078125,10004300,0.0,0.0
2017-03-14 00:00:00-04:00,70.88588816515936,71.37653260938713,70.69118949788974,71.26750183105469,10237700,0.0,0.0
2017-03-15 00:00:00-04:00,71.49338870741104,72.07748500096265,70.97159150278652,71.43887329101562,16601400,0.0,0.0
2017-03-16 00:00:00-04:00,71.67249633149648,72.27995542515347,71.31425137733295,71.36876678466797,14492000,0.0,0.0
2017-03-17 00:00:00-04:00,71.51673962260325,71.68028584437994,70.59776137042913,70.62112426757812,21734700,0.0,0.0
2017-03-20 00:00:00-04:00,70.30181542978679,71.00273205227262,69.92799719228351,70.11490631103516,14623600,0.0,0.0
2017-03-21 00:00:00-04:00,70.3719290630182,70.58999075072644,67.80190273391877,68.05890655517578,33089200,0.0,0.0
2017-03-22 00:00:00-04:00,67.66947194587723,68.58844994228785,66.98413473939878,68.16790008544922,21741000,0.0,0.0
2017-03-23 00:00:00-04:00,67.91872319282972,68.9233696326873,67.82526563735388,68.05890655517578,16090100,0.0,0.0
2017-03-24 00:00:00-04:00,68.37041557673616,68.60405051789344,67.57604132829182,67.98101806640625,16093200,0.0,0.0
2017-03-27 00:00:00-04:00,66.6103163915649,68.06666476500922,66.37668152327495,67.94205474853516,16689300,0.0,0.0
2017-03-28 00:00:00-04:00,67.77072344653881,69.32831310548852,67.73957688208488,69.001220703125,16264400,0.0,0.0
2017-03-29 00:00:00-04:00,69.00120532261222,69.17254109758287,68.59623471591661,68.74420166015625,10207600,0.0,0.0
2017-03-30 00:00:00-04:00,68.68971930422387,69.67100270620837,68.62742021751045,69.33612060546875,11631000,0.0,0.0
2017-03-31 00:00:00-04:00,69.08688588937865,69.11024878266569,68.33924359552951,68.40933227539062,16987600,0.0,0.0
2017-04-03 00:00:00-04:00,68.52616794947745,68.66635128216181,67.4436434133115,68.1601333618164,19831800,0.0,0.0
2017-04-04 00:00:00-04:00,68.05828867013639,68.66923794458265,67.92513428485908,68.38726043701172,14280800,0.5,0.0
2017-04-05 00:00:00-04:00,69.25669765376851,69.35069215851588,67.46300952531486,67.510009765625,17635500,0.0,0.0
2017-04-06 00:00:00-04:00,67.34553250219462,68.07397357376868,66.77374298275261,67.73716735839844,14379600,0.0,0.0
2017-04-07 00:00:00-04:00,67.30638740646074,67.99566281487249,67.13406706038893,67.50220489501953,13097100,0.0,0.0
2017-04-10 00:00:00-04:00,67.42386182090493,67.90165684864823,66.8912381494472,67.26720428466797,15081600,0.0,0.0
2017-04-11 00:00:00-04:00,67.00089607141518,67.19671351166042,66.421278121534,67.14971923828125,14690500,0.0,0.0
2017-04-12 00:00:00-04:00,67.30636734744712,67.3220301124787,66.60142340355166,66.8912353515625,14730600,0.0,0.0
2017-04-13 00:00:00-04:00,66.96956676158513,68.13663707050131,66.10797119140625,66.10797119140625,30529800,0.0,0.0
2017-04-17 00:00:00-04:00,66.13928452172051,67.42384614075497,66.08445589075707,67.25152587890625,19071700,0.0,0.0
2017-04-18 00:00:00-04:00,66.8598909645485,67.07137111903698,66.37426167989773,66.70323944091797,14127000,0.0,0.0
2017-04-19 00:00:00-04:00,66.96955414471876,67.29852595893941,66.07662723419236,66.15495300292969,17588500,0.0,0.0
2017-04-20 00:00:00-04:00,66.56226451870965,67.18887671938754,66.22545829459104,67.00872802734375,15635800,0.0,0.0
2017-04-21 00:00:00-04:00,66.96953382790804,67.11052255921217,66.19409879367096,66.2019271850586,19820600,0.0,0.0
2017-04-24 00:00:00-04:00,67.79199088522233,68.9668953652028,67.69016200573184,68.53609466552734,25468300,0.0,0.0
2017-04-25 00:00:00-04:00,69.358534734668,69.81282662168509,69.13138580322266,69.13138580322266,18253800,0.0,0.0
2017-04-26 00:00:00-04:00,69.20189385910861,69.75018636979492,69.03740789866524,69.26455688476562,12832200,0.0,0.0
2017-04-27 00:00:00-04:00,69.21754001570041,69.21754001570041,68.15229283065348,68.62225341796875,13329000,0.0,0.0
2017-04-28 00:00:00-04:00,68.61443088321957,68.81024832636567,68.10530433586487,68.14447021484375,10755600,0.0,0.0
2017-05-01 00:00:00-04:00,68.42644296123196,68.7240833024037,67.79982479722715,68.19145965576172,15712300,0.0,0.0
2017-05-02 00:00:00-04:00,67.91730878088285,68.05046318353939,67.37685082485291,67.75282287597656,14414200,0.0,0.0
2017-05-03 00:00:00-04:00,67.40819471633468,68.22279599692736,67.37686320832641,68.14447021484375,11540500,0.0,0.0
2017-05-04 00:00:00-04:00,68.68493351707792,68.71626502747962,67.8076691534541,68.2228012084961,11540100,0.0,0.0
2017-05-05 00:00:00-04:00,68.34028765798985,68.41077906910287,67.690172312535,68.14447021484375,9436000,0.0,0.0
2017-05-08 00:00:00-04:00,68.17580693083083,68.39512152776814,67.8703321742575,68.2228012084961,8162200,0.0,0.0
2017-05-09 00:00:00-04:00,68.34812344031634,68.80241537613188,67.75283672761505,67.94865417480469,10273900,0.0,0.0
2017-05-10 00:00:00-04:00,67.77634101578319,68.52045097913461,67.72934673577936,68.48128509521484,8334900,0.0,0.0
2017-05-11 00:00:00-04:00,68.21496365625647,68.52044437446068,67.63534568053744,68.2697982788086,10907400,0.0,0.0
2017-05-12 00:00:00-04:00,67.89380409266919,68.18361597432293,67.62748934111963,68.081787109375,8738800,0.0,0.0
2017-05-15 00:00:00-04:00,68.22279878050611,68.52827352620787,68.03481570066064,68.41078186035156,8835600,0.0,0.0
2017-05-16 00:00:00-04:00,68.42643600859796,68.99821949747174,68.41076726935937,68.62225341796875,9795000,0.0,0.0
2017-05-17 00:00:00-04:00,68.6222579007504,68.6222579007504,65.77115671213203,66.00613403320312,24679700,0.0,0.0
2017-05-18 00:00:00-04:00,65.84946578603326,66.4212551431236,65.29334516523141,65.7633056640625,23350100,0.0,0.0
2017-05-19 00:00:00-04:00,65.95914560780906,66.84423828308452,65.91215133460608,66.40560913085938,13412900,0.0,0.0
2017-05-22 00:00:00-04:00,66.71892104267417,66.80508119776219,65.959148389193,66.34294891357422,11636000,0.0,0.0
2017-05-23 00:00:00-04:00,66.38207592741934,67.41599120725405,66.19409296086869,67.17317962646484,11753000,0.0,0.0
2017-05-24 00:00:00-04:00,67.26718759398199,67.33768496176494,66.76589555415484,67.134033203125,9833800,0.0,0.0
2017-05-25 00:00:00-04:00,67.35335047091945,67.42384784157801,66.64057825041434,66.85205841064453,12238500,0.0,0.0
2017-05-26 00:00:00-04:00,66.66407639805271,67.01654532909933,66.59357902631969,66.85989379882812,8113500,0.0,0.0
2017-05-30 00:00:00-04:00,66.67975764370455,66.69542638659858,65.62234458158736,65.71633911132812,12603200,0.0,0.0
2017-05-31 00:00:00-04:00,65.58317144331757,65.65366284449416,63.9461347419172,64.3456039428711,28327900,0.0,0.0
2017-06-01 00:00:00-04:00,64.58841192237557,65.07404123639269,63.95396544467214,65.0583724975586,17123500,0.0,0.0
2017-06-02 00:00:00-04:00,64.45524986706049,65.0035361436817,64.21243822682428,64.7293930053711,14998500,0.0,0.0
2017-06-05 00:00:00-04:00,64.72939405543546,65.41084070389554,64.68239979549763,64.84688568115234,9080200,0.0,0.0
2017-06-06 00:00:00-04:00,64.45526747232131,65.18370856786801,64.32994144579231,64.98005676269531,12196800,0.0,0.0
2017-06-07 00:00:00-04:00,65.25420024457219,65.8808184280496,65.089714315981,65.72416687011719,13711100,0.0,0.0
2017-06-08 00:00:00-04:00,65.72416211090791,67.14971269801205,65.70849337072495,66.53875732421875,17951000,0.0,0.0
2017-06-09 00:00:00-04:00,66.9773675431612,68.18360312682722,66.88337306458301,68.11310577392578,19120200,0.0,0.0
2017-06-12 00:00:00-04:00,68.11312307073776,68.72407239696378,68.05829443827831,68.12879180908203,16053400,0.0,0.0
2017-06-13 00:00:00-04:00,68.57524699301312,68.81022425707071,68.12878361784448,68.35592651367188,12557200,0.0,0.0
2017-06-14 00:00:00-04:00,67.96431211534748,68.38727848834901,67.2202082592121,68.21495819091797,16175700,0.0,0.0
2017-06-15 00:00:00-04:00,67.55700927821451,68.20712454084055,67.54917490824205,67.80765533447266,12509700,0.0,0.0
2017-06-16 00:00:00-04:00,68.02699433014695,68.11315450318286,67.37687883392167,67.50220489501953,16936600,0.0,0.0
2017-06-19 00:00:00-04:00,68.12096376719435,69.10788521900538,68.0269692560165,68.98255920410156,15972300,0.0,0.0
2017-06-20 00:00:00-04:00,68.73192776204448,68.86508219928241,68.4342873771818,68.55177307128906,11197800,0.0,0.0
2017-06-21 00:00:00-04:00,68.52041130640075,68.57523992661818,67.95645636938052,68.23843383789062,10005900,0.0,0.0
2017-06-22 00:00:00-04:00,68.08963432880526,68.42644053423386,67.8703197719445,68.16012573242188,12180600,0.0,0.0
2017-06-23 00:00:00-04:00,68.66142343602301,68.92773226042814,67.83898787665716,68.03480529785156,18812000,0.0,0.0
2017-06-26 00:00:00-04:00,68.15228695331368,68.66924176201722,67.84681229910872,68.33243560791016,10082400,0.0,0.0
2017-06-27 00:00:00-04:00,68.70058126487407,69.66400557750804,68.53609535313134,68.9668960571289,15415200,0.0,0.0
2017-06-28 00:00:00-04:00,69.39771177021741,70.54911947646045,69.39771177021741,70.35330200195312,17466200,0.0,0.0
2017-06-29 00:00:00-04:00,72.3271139461887,72.56993159233082,70.73707757144626,71.39502716064453,27697800,0.0,0.0
2017-06-30 00:00:00-04:00,72.02949529628603,72.0608268076552,71.40288299652693,71.59086608886719,16892700,0.0,0.0
2017-07-03 00:00:00-04:00,72.1106469845575,73.62280146275945,71.99251507971225,73.04786682128906,13208100,0.5,0.0
2017-07-05 00:00:00-04:00,73.33927738532921,73.86695328857918,72.93761085791398,73.78031921386719,17535400,0.0,0.0
2017-07-06 00:00:00-04:00,73.67005988113124,74.43401163775461,73.15025542492567,73.5440444946289,16596100,0.0,0.0
2017-07-07 00:00:00-04:00,74.00082625818123,74.16621691288384,73.42589769784496,73.91419219970703,12817800,0.0,0.0
2017-07-10 00:00:00-04:00,73.63855648158761,73.78032078789124,73.31564655827319,73.3944091796875,13987200,0.0,0.0
2017-07-11 00:00:00-04:00,73.50465937845206,73.50465937845206,72.67770003899439,73.11087036132812,13262300,0.0,0.0
2017-07-12 00:00:00-04:00,72.93760517663256,73.11087331256029,72.51231229992189,72.85884857177734,13540100,0.0,0.0
2017-07-13 00:00:00-04:00,73.00062055853297,73.54404539543343,72.72496339936885,73.32352447509766,12820100,0.0,0.0
2017-07-14 00:00:00-04:00,71.51996129979871,72.93760420324857,71.3388217119235,72.6540756225586,22235200,0.0,0.0
2017-07-17 00:00:00-04:00,72.31541968189536,72.4493065145385,71.86650041281712,71.97676086425781,14374200,0.0,0.0
2017-07-18 00:00:00-04:00,71.23643847765844,72.12640559794468,71.13405548531104,71.72473907470703,14719400,0.0,0.0
2017-07-19 00:00:00-04:00,71.93737836954341,72.15790527753032,71.66960470867507,71.82711791992188,11651200,0.0,0.0
2017-07-20 00:00:00-04:00,71.7877426214821,72.23666188315372,71.59084810305167,71.82711791992188,11561700,0.0,0.0
2017-07-21 00:00:00-04:00,71.71685649413912,71.95313231653715,71.29156361906894,71.58296966552734,10971300,0.0,0.0
2017-07-24 00:00:00-04:00,71.63811193655764,72.09490873201403,71.5987366320323,71.89013671875,10725100,0.0,0.0
2017-07-25 00:00:00-04:00,72.74859093402776,73.65430093797238,72.66982831738561,73.08724975585938,16447700,0.0,0.0
2017-07-26 00:00:00-04:00,73.3235264798903,73.3944116397903,72.20516691975563,72.40206146240234,11815500,0.0,0.0
2017-07-27 00:00:00-04:00,72.32328882183855,72.50442839604,71.79561300656542,72.10276794433594,12332400,0.0,0.0
2017-07-28 00:00:00-04:00,72.02402356987677,72.26029943200795,71.5987366320323,71.89013671875,9351900,0.0,0.0
2017-07-31 00:00:00-04:00,72.07128421354584,72.74072449525694,72.0634067489389,72.2996826171875,11520300,0.0,0.0
2017-08-01 00:00:00-04:00,72.84307879204253,73.35500563232947,72.67768815294846,73.26837158203125,12523700,0.0,0.0
2017-08-02 00:00:00-04:00,73.1423657275979,73.41013934401417,72.85883718742608,73.33138275146484,10165600,0.0,0.0
2017-08-03 00:00:00-04:00,73.00848060893398,73.34713940047406,72.64619543801213,72.85096740722656,11078800,0.0,0.0
2017-08-04 00:00:00-04:00,73.63854913945713,74.34737060030226,73.61492275888625,73.76456451416016,14324000,0.0,0.0
2017-08-07 00:00:00-04:00,73.945720324673,74.18199619969742,73.80395600140737,74.04810333251953,7978300,0.0,0.0
2017-08-08 00:00:00-04:00,73.99296266441392,74.9931902510909,73.71731152157768,73.78031921386719,13745400,0.0,0.0
2017-08-09 00:00:00-04:00,73.22902886292776,73.7803312384505,73.11089092281712,73.66219329833984,11214400,0.0,0.0
2017-08-10 00:00:00-04:00,73.16600651079432,73.29989334536461,72.51231524731246,72.60682678222656,13252300,0.0,0.0
2017-08-11 00:00:00-04:00,72.55955345674215,72.98484626543636,71.8586095707673,72.00037384033203,10679500,0.0,0.0
2017-08-14 00:00:00-04:00,72.74858072995144,73.16599610113244,72.71707688946226,72.84308624267578,10994800,0.0,0.0
2017-08-15 00:00:00-04:00,73.48888745032761,73.68578191333566,72.96908919253228,73.03209686279297,8812700,0.0,0.0
2017-08-16 00:00:00-04:00,73.27625596983091,73.42589770880744,72.3626626289641,72.5280532836914,11085400,0.0,0.0
2017-08-17 00:00:00-04:00,72.26818670043907,72.42569995739854,71.27583635710683,71.39397430419922,13837500,0.0,0.0
2017-08-18 00:00:00-04:00,71.12613932627288,72.09486252970648,71.03163384898048,71.46479797363281,13040700,0.0,0.0
2017-08-21 00:00:00-04:00,71.55144955338314,71.62233468748298,71.00802489941557,71.37818145751953,11502100,0.0,0.0
2017-08-22 00:00:00-04:00,71.72473752128782,72.22878702595612,71.66960729448797,72.11064910888672,9211800,0.0,0.0
2017-08-23 00:00:00-04:00,71.56721446455818,72.72494906817758,71.54358207739827,72.19727325439453,8811300,0.0,0.0
2017-08-24 00:00:00-04:00,72.40204959066327,72.55169134133634,71.99251165295749,72.07913970947266,8623200,0.0,0.0
2017-08-25 00:00:00-04:00,72.36268222800229,72.83523395091767,72.29968053919237,72.37055969238281,11794600,0.0,0.0
2017-08-28 00:00:00-04:00,72.58318333728755,72.60680971327581,71.77197303965421,72.14213562011719,7292900,0.0,0.0
2017-08-29 00:00:00-04:00,71.23644031712597,71.91375799782261,71.12617985829111,71.74836730957031,10886100,0.0,0.0
2017-08-30 00:00:00-04:00,71.86648168594333,72.36265358813463,71.8192289358515,71.91373443603516,9165300,0.0,0.0
2017-08-31 00:00:00-04:00,72.30754004139042,72.33904388495975,71.51209052405419,71.58296966552734,13217400,0.0,0.0
2017-09-01 00:00:00-04:00,71.86648619445621,72.74069817845259,71.63021041168967,72.22089385986328,9815800,0.0,0.0
2017-09-05 00:00:00-04:00,71.68533971361136,71.75622485103573,70.1101838718742,70.49610137939453,16897300,0.0,0.0
2017-09-06 00:00:00-04:00,70.88202438121131,71.29156232267778,70.59849580298697,70.96865844726562,11845700,0.0,0.0
2017-09-07 00:00:00-04:00,70.96864826206492,70.98439717693107,69.36986601409552,69.72427368164062,14592300,0.0,0.0
2017-09-08 00:00:00-04:00,69.55101547018558,70.42522758383957,69.49588524719584,69.63764953613281,14242200,0.0,0.0
2017-09-11 00:00:00-04:00,70.40161941418485,71.07893719111,70.05508306075937,70.7166519165039,13219000,0.0,0.0
2017-09-12 00:00:00-04:00,71.0159124987671,71.86649824890746,70.96078227470673,71.58296966552734,14003800,0.0,0.0
2017-09-13 00:00:00-04:00,71.36242698134014,72.06337076270424,71.13402869175357,71.7877197265625,12485400,0.0,0.0
2017-09-14 00:00:00-04:00,71.82710513599174,72.08700729616052,71.46482000760923,71.64596557617188,10562800,0.0,0.0
2017-09-15 00:00:00-04:00,71.73262028040723,72.22879235823565,71.48059550946739,72.15791320800781,18171800,0.0,0.0
2017-09-18 00:00:00-04:00,72.40205443516206,73.35502320802905,72.33904674553185,73.18175506591797,11318700,0.0,0.0
2017-09-19 00:00:00-04:00,73.01636088056806,74.31586587524818,72.86671912706888,73.9850845336914,12626100,0.0,0.0
2017-09-20 00:00:00-04:00,74.11108619587051,75.0483059082875,73.80393126652669,74.50487518310547,15311600,0.0,0.0
2017-09-21 00:00:00-04:00,74.39462474094537,75.11132367818517,74.18198130312068,74.84354400634766,10851500,0.0,0.0
2017-09-22 00:00:00-04:00,74.58363853530344,74.80416543547663,74.37099510678024,74.68602752685547,8358300,0.0,0.0
2017-09-25 00:00:00-04:00,74.43400892534721,74.72540898071249,73.599172042052,74.1268539428711,10463400,0.0,0.0
2017-09-26 00:00:00-04:00,73.85906633898244,74.05596084554136,73.51253008464083,73.79605865478516,9358100,0.0,0.0
2017-09-27 00:00:00-04:00,74.79629449766351,75.38697808355587,74.489139513699,74.96168518066406,15090200,0.0,0.0
2017-09-28 00:00:00-04:00,75.28459235033458,75.51299073450782,74.74904497761109,75.11920166015625,10270400,0.0,0.0
2017-09-29 00:00:00-04:00,75.05619745015075,75.2294595896919,74.83567052858669,75.22158813476562,11438400,0.0,0.0
2017-10-02 00:00:00-04:00,75.42634992400657,76.30056207172412,75.18220264250228,76.26905822753906,13797200,0.0,0.0
2017-10-03 00:00:00-04:00,76.26120019123856,76.73374591967116,76.21394141227384,76.67073822021484,9633500,0.0,0.0
2017-10-04 00:00:00-04:00,76.63135472554622,76.74161518343955,75.82802166518702,75.89102935791016,12166600,0.0,0.0
2017-10-05 00:00:00-04:00,76.04945802929173,77.15851383432582,75.69297861232658,76.91293334960938,14236200,0.56,0.0
2017-10-06 00:00:00-04:00,77.27733000479873,77.34862345928184,76.42177228779981,76.77825164794922,10231900,0.0,0.0
2017-10-09 00:00:00-04:00,76.80994102196458,76.89708149714261,76.16035223491637,76.3742446899414,7765100,0.0,0.0
2017-10-10 00:00:00-04:00,76.41385027791142,76.98422210043799,76.2395693272653,76.94461059570312,10631500,0.0,0.0
2017-10-11 00:00:00-04:00,76.70694154480955,76.849534466694,76.16033433694156,76.71485900878906,14283600,0.0,0.0
2017-10-12 00:00:00-04:00,77.07930449524005,77.23773846428607,75.74843860610069,76.04154205322266,18251600,0.0,0.0
2017-10-13 00:00:00-04:00,75.63751073001642,76.61189082813834,75.22557286496541,75.93853759765625,13190600,0.0,0.0
2017-10-16 00:00:00-04:00,76.31881465035616,77.59422821522107,76.31881465035616,77.50708770751953,12434000,0.0,0.0
2017-10-17 00:00:00-04:00,77.68926593899724,77.77640641720309,77.09512961152132,77.3327865600586,10335700,0.0,0.0
2017-10-18 00:00:00-04:00,77.75266755336416,78.06954157454592,77.3407295126671,77.62591552734375,10158600,0.0,0.0
2017-10-19 00:00:00-04:00,76.99214155032337,77.79224071774794,76.9129185450311,77.720947265625,9133900,0.0,0.0
2017-10-20 00:00:00-04:00,78.6477897709074,79.13102103957114,78.21209350897303,78.82999420166016,15326600,0.0,0.0
2017-10-23 00:00:00-04:00,78.83002616947688,79.21027011431511,78.6161336621204,78.69535064697266,9238600,0.0,0.0
2017-10-24 00:00:00-04:00,79.12313621788844,80.1608987507843,79.02807824568387,79.94700622558594,13000800,0.0,0.0
2017-10-25 00:00:00-04:00,80.2084190998296,80.36685306568931,79.36870820181001,80.02621459960938,14632700,0.0,0.0
2017-10-26 00:00:00-04:00,80.28763006439571,81.13526441033011,80.26386557568497,80.5965805053711,13054400,0.0,0.0
2017-10-27 00:00:00-04:00,80.3510299469162,80.98477803896009,80.0500029273237,80.62036895751953,10400400,0.0,0.0
2017-10-30 00:00:00-04:00,80.11335092906477,80.74709884729315,79.90738799292839,80.33516693115234,8839500,0.0,0.0
2017-10-31 00:00:00-04:00,80.30349897199335,80.5649144629254,79.66975089560208,79.7014389038086,8690200,0.0,0.0
2017-11-01 00:00:00-04:00,80.08959922776182,80.5649072203918,79.79649575497236,79.94700622558594,8418200,0.0,0.0
2017-11-02 00:00:00-04:00,79.90737166950785,80.62033037703702,79.34492337781403,80.47773742675781,8731800,0.0,0.0
2017-11-03 00:00:00-04:00,80.08958643980812,80.43022488817896,79.79648301381864,80.33516693115234,7103500,0.0,0.0
2017-11-06 00:00:00-05:00,80.27970234146866,80.55697081219414,79.7410245086406,79.8360824584961,8121500,0.0,0.0
2017-11-07 00:00:00-05:00,79.66180591183844,79.81232239928427,77.83186774917796,78.22795867919922,18822600,0.0,0.0
2017-11-08 00:00:00-05:00,77.84770518583183,77.92692820332664,76.9604654110197,77.3486328125,18524700,0.0,0.0
2017-11-09 00:00:00-05:00,76.93669751084289,77.80809626982636,76.69111704646336,77.34070587158203,13697800,0.0,0.0
2017-11-10 00:00:00-05:00,77.48331747140594,77.90317295347072,77.23774299182892,77.24566650390625,9314000,0.0,0.0
2017-11-13 00:00:00-05:00,76.59605982060644,77.67342754711649,76.54060733661845,77.52291107177734,9303100,0.0,0.0
2017-11-14 00:00:00-05:00,77.1109868566355,77.45954884299914,76.72281939973779,77.05553436279297,11043800,0.0,0.0
2017-11-15 00:00:00-05:00,76.35838764978716,78.220013291447,76.0098257948178,77.78431701660156,15384100,0.0,0.0
2017-11-16 00:00:00-05:00,78.05368590394532,78.47354136686252,77.87940490940566,78.00615692138672,9808000,0.0,0.0
2017-11-17 00:00:00-05:00,77.49122252770465,77.95861292704792,77.29317708002151,77.74472045898438,9017900,0.0,0.0
2017-11-20 00:00:00-05:00,77.99030348179085,78.54483442278449,77.44370209572939,78.43392944335938,9483200,0.0,0.0
2017-11-21 00:00:00-05:00,78.8220954838041,78.86170699455924,78.35471108500703,78.37055206298828,13389400,0.0,0.0
2017-11-22 00:00:00-05:00,78.44977382661847,78.8379412714542,78.10121185108609,78.14082336425781,7342200,0.0,0.0
2017-11-24 00:00:00-05:00,78.29135125741539,78.34680375760621,77.83980774332754,77.88733673095703,3680000,0.0,0.0
2017-11-27 00:00:00-05:00,77.87938075110908,78.52896950133713,77.57835388183594,77.57835388183594,13076200,0.0,0.0
2017-11-28 00:00:00-05:00,77.800173614228,80.56488639546947,77.61005167509374,80.29554748535156,16773000,0.0,0.0
2017-11-29 00:00:00-05:00,81.12735475690907,82.56120212332122,80.77086926031032,82.17303466796875,21105500,0.0,0.0
2017-11-30 00:00:00-05:00,82.97313200132717,84.49412586993667,82.4186070789325,82.7988510131836,23945900,0.0,0.0
2017-12-01 00:00:00-05:00,83.09988921779593,83.43260419208907,80.9609942890499,83.01274871826172,19683500,0.0,0.0
2017-12-04 00:00:00-05:00,85.34174567032662,85.87250601147568,84.58124584424556,84.72383880615234,23576600,0.0,0.0
2017-12-05 00:00:00-05:00,83.63857620574854,85.08827070232797,82.48199122214162,83.74948120117188,17193900,0.0,0.0
2017-12-06 00:00:00-05:00,83.61480456625476,83.78116204517083,82.80677561852707,83.12364959716797,15476200,0.0,0.0
2017-12-07 00:00:00-05:00,82.34731574679185,83.32962576960195,82.17304078519872,82.87808227539062,13371800,0.0,0.0
2017-12-08 00:00:00-05:00,82.98101232911017,83.9237102504658,82.65621501225596,83.91578674316406,13506900,0.0,0.0
2017-12-11 00:00:00-05:00,83.74949746238809,84.01883649103556,83.4246998813919,83.67028045654297,10591200,0.0,0.0
2017-12-12 00:00:00-05:00,84.69215018614474,85.05655305035917,83.60685905907992,84.64461517333984,15508800,0.0,0.0
2017-12-13 00:00:00-05:00,84.52579155178239,84.85058897512005,83.55933487940327,83.58309936523438,15020300,0.0,0.0
2017-12-14 00:00:00-05:00,84.06634435580193,84.32775978620319,82.8939124991157,82.90975952148438,13034200,0.0,0.0
2017-12-15 00:00:00-05:00,83.80492139005514,84.383210774988,83.3375309403884,84.08218383789062,29350600,0.0,0.0
2017-12-18 00:00:00-05:00,84.91395493123167,85.26251075534002,84.35150667218734,84.73175048828125,12713100,0.0,0.0
2017-12-19 00:00:00-05:00,85.04073514418373,85.15164013891747,84.31985267841438,84.37530517578125,12149900,0.0,0.0
2017-12-20 00:00:00-05:00,85.23876865162443,85.34175616358337,84.0425723265421,84.08218383789062,13091500,0.0,0.0
2017-12-21 00:00:00-05:00,84.43866483531477,85.61109669294521,84.4149003456108,85.42097473144531,12323700,0.0,0.0
2017-12-22 00:00:00-05:00,85.71407044661649,85.92003941195564,84.6129382010946,85.11993408203125,14573400,0.0,0.0
2017-12-26 00:00:00-05:00,84.92188220407557,85.54770651936838,84.28814042277183,84.77928924560547,7403700,0.0,0.0
2017-12-27 00:00:00-05:00,84.50204167881839,84.993196631776,84.50204167881839,84.937744140625,9496500,0.0,0.0
2017-12-28 00:00:00-05:00,85.08033939076097,85.42889532562388,84.89021742230224,85.38928985595703,7440600,0.0,0.0
2017-12-29 00:00:00-05:00,85.62693139654552,85.77744787879806,84.71592712402344,84.71592712402344,8925700,0.0,0.0
2018-01-02 00:00:00-05:00,85.26253140449909,85.57148184634795,84.61294252114149,85.51602935791016,13578800,0.0,0.0
2018-01-03 00:00:00-05:00,85.44473072799458,85.9438030937749,85.14370381521928,85.60316467285156,11901000,0.0,0.0
2018-01-04 00:00:00-05:00,86.28798540579947,87.61781907890763,86.16057313574409,86.82947540283203,12953700,0.56,0.0
2018-01-05 00:00:00-05:00,87.0046649880338,87.23559517299041,85.82612578124686,86.27205657958984,14155000,0.0,0.0
2018-01-08 00:00:00-05:00,86.12076072375694,86.54280323334294,85.76241827337822,86.39946746826172,12466500,0.0,0.0
2018-01-09 00:00:00-05:00,86.57467245194621,87.2993101228466,86.39151879975896,86.83745574951172,13292300,0.0,0.0
2018-01-10 00:00:00-05:00,87.17190242685217,88.15135859156264,87.10819628148904,87.79302215576172,15834500,0.0,0.0
2018-01-11 00:00:00-05:00,88.12745403481837,88.33449593134598,87.63374668778884,88.26282501220703,13676800,0.0,0.0
2018-01-12 00:00:00-05:00,88.90786063594079,89.86342857127254,88.26284650800673,89.7200927734375,18884200,0.0,0.0
2018-01-16 00:00:00-05:00,88.79639053398103,90.32530187796891,88.44601273939286,89.40158081054688,22703300,0.0,0.0
2018-01-17 00:00:00-05:00,89.09896867734814,90.22176671837532,88.63710823173331,89.97490692138672,14940300,0.0,0.0
2018-01-18 00:00:00-05:00,89.7917566012466,90.55621210406086,89.40156102531618,90.18991088867188,14572900,0.0,0.0
2018-01-19 00:00:00-05:00,90.73141972673879,91.04993836226998,89.8236282496971,89.99085235595703,18785500,0.0,0.0
2018-01-22 00:00:00-05:00,89.71213531355558,91.08974587414404,89.58472301354472,91.0419692993164,12475700,0.0,0.0
2018-01-23 00:00:00-05:00,90.51640372830039,91.28882409888587,90.26158520066575,90.9464111328125,12320800,0.0,0.0
2018-01-24 00:00:00-05:00,91.46400080579393,92.37179206941344,91.30474152547028,92.1090087890625,15904500,0.0,0.0
2018-01-25 00:00:00-05:00,92.40365214021658,92.50717007273333,91.63919660112094,92.13290405273438,13510000,0.0,0.0
2018-01-26 00:00:00-05:00,92.13289631673506,92.6266098022461,91.5436296939556,92.6266098022461,13883900,0.0,0.0
2018-01-29 00:00:00-05:00,92.3877463231717,93.44683850841679,92.3877463231717,92.53108215332031,11679900,0.0,0.0
2018-01-30 00:00:00-05:00,91.9975417577887,92.84959181098277,91.5595756245758,91.66309356689453,14279100,0.0,0.0
2018-01-31 00:00:00-05:00,92.09308529117098,92.89735863011533,91.70289580163154,92.1090087890625,13141400,0.0,0.0
2018-02-01 00:00:00-05:00,92.18864611325412,93.16014360011938,91.95772196014265,93.06459045410156,13800600,0.0,0.0
2018-02-02 00:00:00-05:00,92.76198509860663,93.10439803218536,90.85084328503592,91.00214385986328,16477300,0.0,0.0
2018-02-05 00:00:00-05:00,89.98284410076018,91.24897146884152,82.80014541295111,86.63835144042969,30097600,0.0,0.0
2018-02-06 00:00:00-05:00,85.08555532241097,89.5687757132658,84.89444299853041,89.27413940429688,33114800,0.0,0.0
2018-02-07 00:00:00-05:00,88.82819154502822,91.13748070924996,88.5096670162338,89.87931823730469,21878300,0.0,0.0
2018-02-08 00:00:00-05:00,90.07046598801698,90.07046598801698,85.87391627518852,85.90576934814453,27425800,0.0,0.0
2018-02-09 00:00:00-05:00,86.87729173377816,88.4300975902671,84.59188929053651,87.62582397460938,28188000,0.0,0.0
2018-02-12 00:00:00-05:00,88.52563462921154,89.76788030309969,87.64969629497907,88.97953033447266,18043300,0.0,0.0
2018-02-13 00:00:00-05:00,88.64507340544542,90.02268996120773,88.2309956052157,89.52897644042969,16358200,0.0,0.0
2018-02-14 00:00:00-05:00,89.68823110096388,91.79048521744444,89.60860145987868,91.59937286376953,15186900,0.0,0.0
2018-02-15 00:00:00-05:00,92.16476838966716,92.36384556715714,90.95438182368348,91.98162078857422,12130200,0.0,0.0
2018-02-16 00:00:00-05:00,91.21713028776212,92.42751639106848,91.1773124373434,91.32064819335938,13214300,0.0,0.0
2018-02-20 00:00:00-05:00,91.29676689315693,91.8860334572289,90.75527689295929,91.34454345703125,13461500,0.0,0.0
2018-02-21 00:00:00-05:00,91.57549080074796,93.52644447897069,91.31270749949597,91.72679138183594,14212500,0.0,0.0
2018-02-22 00:00:00-05:00,91.97364046920575,92.71420768742644,91.38437382444108,91.55956268310547,17070400,0.0,0.0
2018-02-23 00:00:00-05:00,91.8223455200223,93.47866891658062,91.8223455200223,93.41496276855469,12162500,0.0,0.0
2018-02-26 00:00:00-05:00,94.0758958323151,94.68109205856986,93.4229230350292,94.57756805419922,16511200,0.0,0.0
2018-02-27 00:00:00-05:00,94.68906910584734,95.02351729707436,93.44682342002055,93.45478820800781,17563300,0.0,0.0
2018-02-28 00:00:00-05:00,93.82106052818496,94.35458572700698,91.84621291603385,91.97362518310547,17735600,0.0,0.0
2018-03-01 00:00:00-05:00,91.95772196376608,92.8814368023062,89.70416711468361,90.32528686523438,18690000,0.0,0.0
2018-03-02 00:00:00-05:00,89.49712651706656,90.4288061568876,88.4858172292472,90.2376937866211,18353700,0.0,0.0
2018-03-05 00:00:00-05:00,89.22636125941759,92.31603575464366,89.09894899552317,91.62324523925781,13933000,0.0,0.0
2018-03-06 00:00:00-05:00,92.08512848359545,92.22846427844745,91.03400134646512,91.7029037475586,10674400,0.0,0.0
2018-03-07 00:00:00-05:00,90.58009622160448,91.65511153312015,90.07045924317701,91.36048126220703,13006500,0.0,0.0
2018-03-08 00:00:00-05:00,91.66309802492013,91.75865725926019,90.15011022897988,91.36846160888672,11173700,0.0,0.0
2018-03-09 00:00:00-05:00,92.80977862918388,94.02812993155497,92.10902310599303,93.99627685546875,15366600,0.0,0.0
2018-03-12 00:00:00-04:00,93.96442948911978,94.56166103248283,93.36719794575673,93.69368743896484,12339300,0.0,0.0
2018-03-13 00:00:00-04:00,94.12366093931499,94.33866763347258,92.23641370921845,92.57086181640625,13312300,0.0,0.0
2018-03-14 00:00:00-04:00,92.81771696310061,92.84160524608222,91.25695302966737,91.53565979003906,12905100,0.0,0.0
2018-03-15 00:00:00-04:00,92.26827986981678,92.37179780091505,91.44011819497317,91.7666015625,8748000,0.0,0.0
2018-03-16 00:00:00-04:00,91.84624469997509,92.8495953866501,91.84624469997509,91.9258804321289,19888900,0.0,0.0
2018-03-19 00:00:00-04:00,91.65510561643869,91.93381237175089,90.2217539853967,91.20121002197266,13214900,0.0,0.0
2018-03-20 00:00:00-04:00,91.47198730182176,91.93384175451494,91.13753301320133,91.28883361816406,9921200,0.0,0.0
2018-03-21 00:00:00-04:00,91.42420297674671,92.87348461646026,90.94641895575333,91.36846160888672,13633000,0.0,0.0
2018-03-22 00:00:00-04:00,90.14212572065347,90.46065035675143,87.22763957743456,87.55412292480469,22550400,0.0,0.0
2018-03-23 00:00:00-04:00,87.8089516157144,88.32655345006279,85.0139126458682,85.2129898071289,23081500,0.0,0.0
2018-03-26 00:00:00-04:00,86.9489357038696,88.51766457689419,86.5189283420746,87.8407974243164,20217500,0.0,0.0
2018-03-27 00:00:00-04:00,88.44597624332845,88.93968965240076,85.4438961636828,86.13668060302734,18039900,0.0,0.0
2018-03-28 00:00:00-04:00,86.22430059643402,86.9330148166854,84.92631966981303,86.00133514404297,19189300,0.0,0.0
2018-03-29 00:00:00-04:00,86.39947102078898,88.21505340290229,85.82612793688969,87.5700454711914,13274600,0.0,0.0
2018-04-02 00:00:00-04:00,87.56210891140688,88.17527004753673,84.47243316651395,85.88189697265625,18822500,0.0,0.0
2018-04-03 00:00:00-04:00,86.28801201588338,87.19580345624895,85.41207365285474,87.06043243408203,14050700,0.0,0.0
2018-04-04 00:00:00-04:00,85.28466095892121,88.5574902174528,85.22095480453466,88.3823013305664,15302600,0.0,0.0
2018-04-05 00:00:00-04:00,89.34269135931495,90.3031109709555,89.15060987945091,89.54277801513672,16627000,0.56,0.0
2018-04-06 00:00:00-04:00,88.4783182219183,89.27866481422454,86.29336933821192,87.30980682373047,18906000,0.0,0.0
2018-04-09 00:00:00-04:00,88.04614164456693,90.42317230618568,87.95009784292955,88.3582763671875,15974300,0.0,0.0
2018-04-10 00:00:00-04:00,89.742869060041,90.33512998667462,89.17462366245506,90.04700469970703,13951400,0.0,0.0
2018-04-11 00:00:00-04:00,89.36671647382184,89.48676359526458,88.4543156077313,88.53435516357422,14503300,0.0,0.0
2018-04-12 00:00:00-04:00,89.28667413553903,91.5516567173076,89.23865528845833,90.73530578613281,16435500,0.0,0.0
2018-04-13 00:00:00-04:00,92.05588329347806,92.15993228208052,87.27781818007202,88.27825164794922,39152800,0.0,0.0
2018-04-16 00:00:00-04:00,88.79047072111581,89.21465352316902,87.87007073404425,88.20621490478516,16580500,0.0,0.0
2018-04-17 00:00:00-04:00,89.13462006911088,89.57480711951126,88.03013764216054,88.20621490478516,15501400,0.0,0.0
2018-04-18 00:00:00-04:00,88.46232292249746,88.89451088861885,87.1497547762744,87.49390411376953,16081400,0.0,0.0
2018-04-19 00:00:00-04:00,87.6619801477066,89.53479475203287,87.63797072175493,89.41474151611328,17911000,0.0,0.0
2018-04-20 00:00:00-04:00,89.87894996794547,90.23109841514302,88.7424528474213,89.21466064453125,15584400,0.0,0.0
2018-04-23 00:00:00-04:00,89.29468449284482,89.59881405226866,88.5423566120752,88.78246307373047,11285800,0.0,0.0
2018-04-24 00:00:00-04:00,89.43875666302276,90.35915672239805,87.71000460998796,88.36629486083984,16453100,0.0,0.0
2018-04-25 00:00:00-04:00,88.25422456950476,88.46231641332434,86.91764709676002,88.0301284790039,13548200,0.0,0.0
2018-04-26 00:00:00-04:00,88.01412119725826,88.69441462172259,87.50989890485835,88.1181640625,10299500,0.0,0.0
2018-04-27 00:00:00-04:00,87.67798321862196,88.16619519295195,87.34183296474049,87.55792999267578,9384000,0.0,0.0
2018-04-30 00:00:00-04:00,87.83806685321909,88.27826006351319,87.03772000262028,87.06172943115234,13744900,0.0,0.0
2018-05-01 00:00:00-04:00,86.79761350497589,87.21379728673791,86.06930104613515,87.06172943115234,10503400,0.0,0.0
2018-05-02 00:00:00-04:00,86.52550383907823,87.6299803627524,86.22137421532622,86.3734359741211,12162100,0.0,0.0
2018-05-03 00:00:00-04:00,86.1092979784448,86.25336062778177,84.18046561882487,85.82917785644531,15379100,0.0,0.0
2018-05-04 00:00:00-04:00,85.18091489276134,87.02971414933234,84.8207612552502,86.78160858154297,11967900,0.0,0.0
2018-05-07 00:00:00-04:00,87.04573107584812,87.7820487627858,86.7255910926954,87.53394317626953,9356700,0.0,0.0
2018-05-08 00:00:00-04:00,87.66199956866797,89.11062557952415,87.46191283319446,88.83050537109375,12543200,0.0,0.0
2018-05-09 00:00:00-04:00,89.19062731270274,90.95138739526755,88.86248227480876,90.7673110961914,11368100,0.0,0.0
2018-05-10 00:00:00-04:00,90.59124612136314,91.59167950955326,90.23909161474876,91.47162628173828,9159700,0.0,0.0
2018-05-11 00:00:00-04:00,91.63168045382835,91.82376803411586,90.97539648657931,91.1274642944336,10253000,0.0,0.0
2018-05-14 00:00:00-04:00,91.32755692742374,91.79975852103928,91.03142646803342,91.15948486328125,8710700,0.0,0.0
2018-05-15 00:00:00-04:00,91.16748949936151,91.16748949936151,90.09502181707656,90.46318054199219,11536200,0.0,0.0
2018-05-16 00:00:00-04:00,90.35114249298898,90.99142232393054,90.14305063200882,90.71129608154297,7571100,0.0,0.0
2018-05-17 00:00:00-04:00,90.59925467765645,90.76733287789148,89.79890788330908,90.40717315673828,8617200,0.0,0.0
2018-05-18 00:00:00-04:00,90.23909938129337,90.27911916272966,88.71043410161512,88.94253540039062,11806300,0.0,0.0
2018-05-21 00:00:00-04:00,89.67883954655949,90.07100767334524,89.57479057995103,89.75887298583984,9441900,0.0,0.0
2018-05-22 00:00:00-04:00,89.91895753689867,91.47163220996927,89.87093868512494,90.44718933105469,11507600,0.0,0.0
2018-05-23 00:00:00-04:00,90.04700095261815,90.25508667975541,88.93451962662672,90.03099060058594,11453900,0.0,0.0
2018-05-24 00:00:00-04:00,89.75086470045974,89.75886987595842,88.13416730083436,89.02255249023438,14084800,0.0,0.0
2018-05-25 00:00:00-04:00,88.4063027161109,88.90251990743312,88.19821084798724,88.56637573242188,8283500,0.0,0.0
2018-05-29 00:00:00-04:00,87.3818659938397,87.39787024351796,84.00440143869591,84.7807388305664,30643800,0.0,0.0
2018-05-30 00:00:00-04:00,86.1493295746103,86.91766177442925,85.35698794763475,86.71757507324219,17490800,0.0,0.0
2018-05-31 00:00:00-04:00,86.39741751609147,86.58950510650607,85.17288813145979,85.64509582519531,19808200,0.0,0.0
2018-06-01 00:00:00-04:00,86.70957391425254,87.18978690428746,86.27739199308002,86.75759887695312,13594200,0.0,0.0
2018-06-04 00:00:00-04:00,87.22978775626515,87.44588479123796,86.65353713788558,86.79759979248047,9415400,0.0,0.0
2018-06-05 00:00:00-04:00,86.62953477341246,86.68555880442301,85.6931304953096,86.30939483642578,10415200,0.0,0.0
2018-06-06 00:00:00-04:00,86.96568397470507,88.63040063506234,86.82162131017631,88.3262710571289,15453600,0.0,0.0
2018-06-07 00:00:00-04:00,88.98255058275606,89.2386612946917,88.06215061274453,88.67842102050781,13444400,0.0,0.0
2018-06-08 00:00:00-04:00,88.53433794101396,88.95051546209847,88.08613971889262,88.92650604248047,10383200,0.0,0.0
2018-06-11 00:00:00-04:00,88.93453201260816,89.5668066704138,88.65440576847273,88.70243072509766,12642900,0.0,0.0
2018-06-12 00:00:00-04:00,88.950558474214,89.26269329250034,87.65399423245053,88.19023132324219,15294100,0.0,0.0
2018-06-13 00:00:00-04:00,88.4063054845268,89.19864709505413,87.70200250918711,88.0141372680664,14979700,0.0,0.0
2018-06-14 00:00:00-04:00,88.26222086544225,88.32625005804606,86.26135439277205,86.46144104003906,20487300,0.0,0.0
2018-06-15 00:00:00-04:00,86.27738079304308,86.74157726036938,85.05284515481044,86.35741424560547,26028600,0.0,0.0
2018-06-18 00:00:00-04:00,85.84517977089243,86.75757442494792,85.38898244386468,86.58149719238281,9786800,0.0,0.0
2018-06-19 00:00:00-04:00,85.5570516328362,86.34138787104216,85.31694521353894,86.07727813720703,12707200,0.0,0.0
2018-06-20 00:00:00-04:00,86.58151159224353,86.94967036421929,85.98925670742696,86.06929016113281,8876900,0.0,0.0
2018-06-21 00:00:00-04:00,85.71714295970277,86.60552841589727,85.26094551783221,86.0452880859375,11048700,0.0,0.0
2018-06-22 00:00:00-04:00,86.56549606038958,86.73356812311243,84.4445762297548,84.63665771484375,19478900,0.0,0.0
2018-06-25 00:00:00-04:00,84.56464343314764,84.59665193082247,83.20405024783696,83.86833953857422,16907600,0.0,0.0
2018-06-26 00:00:00-04:00,83.80432418371625,84.2044976385747,82.52377034940169,83.92437744140625,17086800,0.0,0.0
2018-06-27 00:00:00-04:00,83.78030130678229,84.77272960582235,82.61980091641652,82.62779998779297,16276800,0.0,0.0
2018-06-28 00:00:00-04:00,82.97993631089471,84.40455229184347,82.84387885342433,83.9803695678711,14491300,0.0,0.0
2018-06-29 00:00:00-04:00,85.38097272409695,85.55704994729143,83.35609686967999,83.39611053466797,18972400,0.0,0.0
2018-07-02 00:00:00-04:00,83.01194627942627,84.10841715999491,82.73982527349793,84.10041809082031,11130000,0.0,0.0
2018-07-03 00:00:00-04:00,84.36454613854272,84.66067050103736,82.85188530161368,82.92391967773438,8311700,0.0,0.0
2018-07-05 00:00:00-04:00,83.79298825279925,83.99416224315496,83.31017190381412,83.46306610107422,10723400,0.56,0.0
2018-07-06 00:00:00-04:00,82.98024619242881,84.09072436139195,82.23992127377734,83.73665618896484,12173700,0.0,0.0
2018-07-09 00:00:00-04:00,84.25971330392514,86.4726271957385,84.25971330392514,86.3277816772461,13900800,0.0,0.0
2018-07-10 00:00:00-04:00,86.92326141147628,87.22904982837,85.72426606024568,85.79669189453125,14575900,0.0,0.0
2018-07-11 00:00:00-04:00,85.5472180092357,86.15073992608613,85.4667496481908,85.6115951538086,10186500,0.0,0.0
2018-07-12 00:00:00-04:00,86.44044221816215,86.5530991661957,85.27363548238178,85.98176574707031,12456800,0.0,0.0
2018-07-13 00:00:00-04:00,86.34387955104108,86.74622753377781,84.60573331873373,85.58746337890625,21289100,0.0,0.0
2018-07-16 00:00:00-04:00,86.1427155216515,89.13617970234402,86.08638704312797,88.98329162597656,24662600,0.0,0.0
2018-07-17 00:00:00-04:00,89.07177844114298,89.26490371060301,88.31536243835725,88.91888427734375,14821900,0.0,0.0
2018-07-18 00:00:00-04:00,88.85454377687789,90.22253085955651,88.67750964882055,89.74775695800781,14244900,0.0,0.0
2018-07-19 00:00:00-04:00,89.36954007178427,89.39367997064446,88.29929900647362,88.42804718017578,16775300,0.0,0.0
2018-07-20 00:00:00-04:00,88.51655238572157,89.91672158626157,88.33951829865529,89.54656219482422,13578100,0.0,0.0
2018-07-23 00:00:00-04:00,89.36953337599789,91.92846683229617,89.26492510899342,91.21228790283203,18140000,0.0,0.0
2018-07-24 00:00:00-04:00,91.37322462804723,92.36299717655818,91.26861022874549,91.85604095458984,14000400,0.0,0.0
2018-07-25 00:00:00-04:00,91.6387758891157,92.95847680368321,91.23642789956847,92.68488311767578,13329100,0.0,0.0
2018-07-26 00:00:00-04:00,92.87800321898419,93.01480005430741,92.20206158138043,92.41932678222656,11897800,0.0,0.0
2018-07-27 00:00:00-04:00,92.6848832409202,93.58614494886795,92.38714351809583,93.3688735961914,12802700,0.0,0.0
2018-07-30 00:00:00-04:00,93.57005776855098,94.64030501201951,93.39302365136446,93.93217468261719,13411600,0.0,0.0
2018-07-31 00:00:00-04:00,94.2137924828492,94.2137924828492,92.39517812562653,92.49978637695312,15843800,0.0,0.0
2018-08-01 00:00:00-04:00,93.1435790691796,93.89999541238777,92.76537089757552,93.07115936279297,13531600,0.0,0.0
2018-08-02 00:00:00-04:00,92.19402525282803,93.54591484846998,92.00089992183447,93.46544647216797,11058100,0.0,0.0
2018-08-03 00:00:00-04:00,93.34475455489658,94.25405900548286,93.29647474988947,94.22187042236328,11016100,0.0,0.0
2018-08-06 00:00:00-04:00,93.98043581544125,94.57590906824016,93.48957082050056,94.24598693847656,9857400,0.0,0.0
2018-08-07 00:00:00-04:00,94.74491383582276,95.18749913133573,94.41499163863074,94.59202575683594,10562100,0.0,0.0
2018-08-08 00:00:00-04:00,94.41498157412394,95.17139162671774,94.3747443190597,94.78514099121094,8997100,0.0,0.0
2018-08-09 00:00:00-04:00,94.55985715412811,94.72884262829405,93.90804902309362,94.05289459228516,9694200,0.0,0.0
2018-08-10 00:00:00-04:00,92.94238914024643,93.30449988895163,92.28253865772491,93.12747192382812,12630600,0.0,0.0
2018-08-13 00:00:00-04:00,92.99065307276027,93.24815550641773,91.59048397345673,91.64681243896484,10336300,0.0,0.0
2018-08-14 00:00:00-04:00,91.95261154645823,92.57223092017604,91.45370394300812,92.2583999633789,10597600,0.0,0.0
2018-08-15 00:00:00-04:00,91.59049272605607,92.00088937931501,90.90650239685309,91.49392700195312,10152100,0.0,0.0
2018-08-16 00:00:00-04:00,92.01700193563438,92.789509489573,91.97677081243576,92.35497283935547,10118600,0.0,0.0
2018-08-17 00:00:00-04:00,92.2503645518259,92.59638413592442,91.97677081243576,92.35497283935547,8505100,0.0,0.0
2018-08-20 00:00:00-04:00,92.21011452129311,92.58028009526853,91.82386386747864,92.23426055908203,8618700,0.0,0.0
2018-08-21 00:00:00-04:00,92.83779890955775,93.65858629781349,92.44349336777088,92.79756164550781,10976700,0.0,0.0
2018-08-22 00:00:00-04:00,92.78949335000506,92.86996786109339,92.3630054543472,92.51589965820312,8314700,0.0,0.0
2018-08-23 00:00:00-04:00,92.50786108512597,92.66075530568462,92.08137314287698,92.32278442382812,9265400,0.0,0.0
2018-08-24 00:00:00-04:00,92.52394297887899,92.71706828775146,92.09744896857727,92.28253173828125,8845700,0.0,0.0
2018-08-27 00:00:00-04:00,92.71707371478898,94.37474550327099,92.67683645921984,93.91606903076172,13768000,0.0,0.0
2018-08-28 00:00:00-04:00,94.14945191727462,94.17359182008647,93.32061584422964,93.45741271972656,8302600,0.0,0.0
2018-08-29 00:00:00-04:00,93.6263943611074,93.64249172188865,92.82974690407666,93.15162658691406,7221700,0.0,0.0
2018-08-30 00:00:00-04:00,93.01482092199865,93.3769378571061,92.52396194038282,92.69294738769531,8991800,0.0,0.0
2018-08-31 00:00:00-04:00,92.40325379611973,92.41129633671889,91.59050902349458,92.20207977294922,13065700,0.0,0.0
2018-09-04 00:00:00-04:00,92.00895094354611,92.73317867571254,91.43761743798818,92.66075897216797,10174200,0.0,0.0
2018-09-05 00:00:00-04:00,92.54003418213874,93.10331889098852,91.93651222008131,92.2101058959961,11462400,0.0,0.0
2018-09-06 00:00:00-04:00,92.13769078083611,92.2986275229693,91.33299479148384,91.81581115722656,9877600,0.0,0.0
2018-09-07 00:00:00-04:00,92.13769679042878,92.35496202041381,91.43760902386619,91.99285125732422,10955600,0.0,0.0
2018-09-10 00:00:00-04:00,92.41932890779724,92.51589463225132,91.46174489916824,91.5019760131836,8276900,0.0,0.0
2018-09-11 00:00:00-04:00,91.36518851296842,92.20207312574475,91.07549744934032,92.08136749267578,9333800,0.0,0.0
2018-09-12 00:00:00-04:00,91.9365339029696,92.44349026049817,90.80995808022845,90.99504089355469,10800800,0.0,0.0
2018-09-13 00:00:00-04:00,91.22838346389644,91.83994797496966,90.6650926066326,91.34908294677734,12470800,0.0,0.0
2018-09-14 00:00:00-04:00,91.5824463397084,92.12963984463474,91.11572734322009,91.33299255371094,10337900,0.0,0.0
2018-09-17 00:00:00-04:00,91.56635915434826,92.0813641064496,91.17205983087702,91.6065902709961,9561300,0.0,0.0
2018-09-18 00:00:00-04:00,92.00088550064105,92.26643662622162,91.38126620761975,91.97674560546875,7944200,0.0,0.0
2018-09-19 00:00:00-04:00,92.08941241582228,95.00240801332434,92.08941241582228,94.64834594726562,16052800,0.0,0.0
2018-09-20 00:00:00-04:00,95.35648181167865,95.95195516895478,95.01851094452277,95.46109008789062,15590000,0.0,0.0
2018-09-21 00:00:00-04:00,95.86345280634904,95.94392733506345,94.7449256178781,94.83344268798828,24788200,0.0,0.0
2018-09-24 00:00:00-04:00,94.76100261817606,95.32428736207711,93.69075546542082,93.92411804199219,12492500,0.0,0.0
2018-09-25 00:00:00-04:00,94.18162297713727,94.92999052178472,93.60224086007558,93.6585693359375,9308300,0.0,0.0
2018-09-26 00:00:00-04:00,93.9482562103585,94.04482193868257,92.26644454928048,92.5561294555664,14023600,0.0,0.0
2018-09-27 00:00:00-04:00,92.87800566362598,93.15160548081661,91.86409318053315,92.15377807617188,13283000,0.0,0.0
2018-09-28 00:00:00-04:00,91.4536877184307,91.92845533933725,90.54437744755047,90.8018798828125,15815100,0.0,0.0
2018-10-01 00:00:00-04:00,91.22838428782171,92.22620557115458,90.96283314439944,91.33299255371094,10146300,0.0,0.0
2018-10-02 00:00:00-04:00,91.22034706393809,91.83191779667455,90.77776176932412,91.71121215820312,13753100,0.0,0.0
2018-10-03 00:00:00-04:00,92.49175910685103,93.07114120226956,92.12159968796547,92.57222747802734,17142000,0.0,0.0
2018-10-04 00:00:00-04:00,92.82343475211134,94.65477868102096,92.54791894912621,93.40686798095703,16357400,0.8,0.0
2018-10-05 00:00:00-04:00,93.86065740799333,94.0794440955143,92.39395384094814,92.88015747070312,13777600,0.0,0.0
2018-10-08 00:00:00-04:00,92.58034873187118,93.82015460098839,91.8510493434678,93.44740295410156,14370900,0.0,0.0
2018-10-09 00:00:00-04:00,92.92066130825023,93.21238098488226,92.11033024701354,92.79911041259766,14069500,0.0,0.0
2018-10-10 00:00:00-04:00,92.9449878204114,93.14757062401503,90.32762145996094,90.32762145996094,23086400,0.0,0.0
2018-10-11 00:00:00-04:00,89.92245279426686,90.32761838769343,87.0133606186492,87.62110900878906,33705600,0.0,0.0
2018-10-12 00:00:00-04:00,89.43625431882026,89.80900591872538,85.57097113863217,86.6649169921875,32075700,0.0,0.0
2018-10-15 00:00:00-04:00,86.86749377980885,88.20454136718111,86.15440461830036,86.17060852050781,18903200,0.0,0.0
2018-10-16 00:00:00-04:00,86.83506788023665,88.14780006723981,86.48662532319646,88.01815032958984,19302800,0.0,0.0
2018-10-17 00:00:00-04:00,87.82368106925728,89.78468700028897,87.70213635195694,88.99866485595703,18794500,0.0,0.0
2018-10-18 00:00:00-04:00,88.34229223899331,89.00676348194537,87.36179236721868,87.58868408203125,17582500,0.0,0.0
2018-10-19 00:00:00-04:00,87.23213751635431,88.50435699929243,86.92420776508146,87.44282531738281,15234500,0.0,0.0
2018-10-22 00:00:00-04:00,87.63730671595904,87.79126541572593,85.9842305863935,86.18681335449219,16199100,0.0,0.0
2018-10-23 00:00:00-04:00,84.43649578212722,86.02475013409801,84.03133024347531,85.28734588623047,21407500,0.0,0.0
2018-10-24 00:00:00-04:00,84.89029981368968,85.10908652150964,83.39118830242049,83.69911193847656,23168900,0.0,0.0
2018-10-25 00:00:00-04:00,84.42031844091831,85.81408932155932,84.04756676996459,84.97134399414062,17464700,0.0,0.0
2018-10-26 00:00:00-04:00,84.27442922286848,84.72821263264431,83.24531150931674,83.80443572998047,19174900,0.0,0.0
2018-10-29 00:00:00-04:00,84.64717483730438,86.4055916094011,84.0313215512039,84.96320343017578,18445200,0.0,0.0
2018-10-30 00:00:00-04:00,85.66010754904799,86.68923160078336,84.97132728852073,86.46233367919922,18019700,0.0,0.0
2018-10-31 00:00:00-04:00,87.58060089161843,89.52539708162813,87.34560409285167,88.3423080444336,20860000,0.0,0.0
2018-11-01 00:00:00-04:00,88.82849451017252,89.31469191784626,87.77506164159983,88.30988311767578,13065000,0.0,0.0
2018-11-02 00:00:00-04:00,89.05540693153812,89.79280516515345,87.10250562256854,87.82369995117188,19009200,0.0,0.0
2018-11-05 00:00:00-05:00,88.0100466737909,88.56107197772602,87.85608181197038,88.39900207519531,10276400,0.0,0.0
2018-11-06 00:00:00-05:00,88.05868577934784,88.86901694032244,87.32128763767575,88.81229400634766,10825000,0.0,0.0
2018-11-07 00:00:00-05:00,89.43624820708602,90.53829902816348,88.60970700011002,90.3357162475586,12679600,0.0,0.0
2018-11-08 00:00:00-05:00,89.95486038052898,91.51069466478019,89.94675533818321,91.06501007080078,11662500,0.0,0.0
2018-11-09 00:00:00-05:00,90.94346833067576,91.04880915528298,89.80900347615074,90.18175506591797,10432200,0.0,0.0
2018-11-12 00:00:00-05:00,90.28709478610607,90.70847044405278,88.00196120212125,88.28557586669922,13279700,0.0,0.0
2018-11-13 00:00:00-05:00,88.40713103979216,90.04400349546643,88.40713103979216,88.80419158935547,13746100,0.0,0.0
2018-11-14 00:00:00-05:00,89.32280864202556,89.71176414610126,85.87890112893801,86.97284698486328,18361400,0.0,0.0
2018-11-15 00:00:00-05:00,87.710245827446,89.20125842426052,86.55147198435935,89.19315338134766,19100000,0.0,0.0
2018-11-16 00:00:00-05:00,88.69073164491564,89.75226953272626,87.96143864006609,89.12831115722656,13798600,0.0,0.0
2018-11-19 00:00:00-05:00,89.10400781890188,90.10881666092327,88.75556519546134,89.80899810791016,13987000,0.0,0.0
2018-11-20 00:00:00-05:00,88.95815113554058,89.53348550031491,87.49955879990219,87.88040924072266,18936200,0.0,0.0
2018-11-21 00:00:00-05:00,88.35039687978417,88.82039039109671,87.22403717041016,87.22403717041016,10619600,0.0,0.0
2018-11-23 00:00:00-05:00,86.49474079709339,87.02145725412728,85.94371539597627,86.42181396484375,6488400,0.0,0.0
2018-11-26 00:00:00-05:00,87.28887062449833,89.12022071589247,87.07007775650888,88.53678131103516,13948300,0.0,0.0
2018-11-27 00:00:00-05:00,88.1316135136427,89.1607313061392,88.02626651233824,88.90953063964844,9238200,0.0,0.0
2018-11-28 00:00:00-05:00,88.97436293520393,90.27089154153846,88.22075471678197,89.89813995361328,13977300,0.0,0.0
2018-11-29 00:00:00-05:00,89.35519684466284,89.78467746876088,88.84469053918995,89.18502807617188,11144300,0.0,0.0
2018-11-30 00:00:00-05:00,89.01487630211271,90.20606409130208,88.79608961009284,90.10072326660156,18652700,0.0,0.0
2018-12-03 00:00:00-05:00,91.06502211140729,91.47829277298207,90.5464106147528,90.95157623291016,16034500,0.0,0.0
2018-12-04 00:00:00-05:00,90.43294260619625,90.43294260619625,86.48663440774946,86.89179992675781,23555900,0.0,0.0
2018-12-06 00:00:00-05:00,85.09288676995632,85.37650147257682,83.36687724109751,85.2387466430664,27213900,0.0,0.0
2018-12-07 00:00:00-05:00,85.21443353615408,86.68923610014733,83.39118830242049,83.69911193847656,19248600,0.0,0.0
2018-12-10 00:00:00-05:00,83.35875632580041,83.86115761399846,80.44966467685008,82.1351547241211,23636400,0.0,0.0
2018-12-11 00:00:00-05:00,83.56944865408059,83.99892935355768,81.2032831973895,81.33293914794922,16860700,0.0,0.0
2018-12-12 00:00:00-05:00,82.37826727945252,83.38307616955517,81.08173249983307,81.85964965820312,22621500,0.0,0.0
2018-12-13 00:00:00-05:00,82.28913173284623,82.62946933612804,81.57603635568118,81.94068908691406,17250900,0.0,0.0
2018-12-14 00:00:00-05:00,81.02500275689228,82.60515206836874,80.91966194239471,81.26810455322266,19879500,0.0,0.0
2018-12-17 00:00:00-05:00,80.84674327333812,81.4869056803976,79.76900744699218,80.23089599609375,25113500,0.0,0.0
2018-12-18 00:00:00-05:00,80.56311814884543,81.75430587972033,79.50969140640233,79.85002899169922,20837200,0.0,0.0
2018-12-19 00:00:00-05:00,79.74469318971798,81.50311034006121,78.2779895720298,78.83712005615234,28767900,0.0,0.0
2018-12-20 00:00:00-05:00,78.28606612446781,79.63931719843359,77.54056320516935,78.15641021728516,31825200,0.0,0.0
2018-12-21 00:00:00-05:00,78.34280877192874,79.76088815668373,75.91992058274417,76.30887603759766,41313900,0.0,0.0
2018-12-24 00:00:00-05:00,75.2716659518259,76.34940794989099,74.6639175415039,74.6639175415039,17009300,0.0,0.0
2018-12-26 00:00:00-05:00,75.10959638173023,77.7593765258789,73.82927167909651,77.7593765258789,22542900,0.0,0.0
2018-12-27 00:00:00-05:00,76.83558566370576,78.72365838953141,75.80646800735678,78.634521484375,20304700,0.0,0.0
2018-12-28 00:00:00-05:00,79.37192226970487,79.67174697778326,78.14832686022676,78.46435546875,17963300,0.0,0.0
2018-12-31 00:00:00-05:00,79.08023808757567,80.06884338136311,78.41576658914543,79.10455322265625,13237200,0.0,0.0
2019-01-02 00:00:00-05:00,77.75125588936207,80.85482505970495,77.74315703075649,80.47396850585938,15670900,0.0,0.0
2019-01-03 00:00:00-05:00,80.58018883859692,80.78441681238343,78.9872131360795,79.33031463623047,16286400,0.8,0.0
2019-01-04 00:00:00-05:00,80.96411511758065,82.45089408941247,80.28607694400105,82.25483703613281,16935200,0.0,0.0
2019-01-07 00:00:00-05:00,82.04245982187845,82.8920489194349,81.45428227491298,82.31204223632812,15430700,0.0,0.0
2019-01-08 00:00:00-05:00,83.02272361750525,83.17793881583088,81.32355222719374,82.15679931640625,13578800,0.0,0.0
2019-01-09 00:00:00-05:00,82.35289024745704,82.90839061306146,81.63400998772218,82.01795959472656,14230300,0.0,0.0
2019-01-10 00:00:00-05:00,81.70748324639314,82.28749588011833,81.09479963819945,82.0097427368164,14376100,0.0,0.0
2019-01-11 00:00:00-05:00,81.60132642418566,81.83006075121926,80.83342726982175,81.61766815185547,15439900,0.0,0.0
2019-01-14 00:00:00-05:00,80.76807628874862,82.80218503592079,80.59652554935268,82.4590835571289,21258500,0.0,0.0
2019-01-15 00:00:00-05:00,80.78440636286945,83.7089520650106,80.54750119601577,83.06359100341797,26504900,0.0,0.0
2019-01-16 00:00:00-05:00,83.52925435508169,84.50954628970315,83.16164643773467,83.73348236083984,18533000,0.0,0.0
2019-01-17 00:00:00-05:00,83.4148568410751,84.55036364162008,83.25964161872058,84.07655334472656,14247600,0.0,0.0
2019-01-18 00:00:00-05:00,84.77094366007017,85.69405807999246,84.0030507254304,85.44081115722656,16428700,0.0,0.0
2019-01-22 00:00:00-05:00,84.2072779309873,84.62389850158834,83.43120790689204,84.09291076660156,17083700,0.0,0.0
2019-01-23 00:00:00-05:00,84.50137085550234,84.71376346690992,83.30050933793771,83.8805160522461,12146700,0.0,0.0
2019-01-24 00:00:00-05:00,83.43121052260686,84.21544520264322,83.27600149895615,83.92952728271484,11296800,0.0,0.0
2019-01-25 00:00:00-05:00,84.55854955158176,85.21207530915942,83.92952392039565,84.46051788330078,14369400,0.0,0.0
2019-01-28 00:00:00-05:00,84.05204558784693,85.15487515304727,83.80696958111719,84.86078643798828,12283100,0.0,0.0
2019-01-29 00:00:00-05:00,84.86077402833324,85.8655780299371,84.7382422754286,85.0976791381836,9743300,0.0,0.0
2019-01-30 00:00:00-05:00,85.0731925355207,85.97179424981056,84.77910379520151,85.29376220703125,12526300,0.0,0.0
2019-01-31 00:00:00-05:00,84.47685019408716,84.79544528980699,83.92134993417066,84.55036926269531,17520600,0.0,0.0
2019-02-01 00:00:00-05:00,84.95881808718853,85.65319179620047,84.56669772292929,84.86078643798828,13000800,0.0,0.0
2019-02-04 00:00:00-05:00,84.78726914290581,85.16304779052734,84.1500789911762,85.16304779052734,9871500,0.0,0.0
2019-02-05 00:00:00-05:00,85.3836270337985,85.4081396255572,84.37882891069862,84.78728485107422,12763000,0.0,0.0
2019-02-06 00:00:00-05:00,84.72192308626066,85.46531582514835,84.52586599692843,84.74642944335938,8745000,0.0,0.0
2019-02-07 00:00:00-05:00,84.3461295166885,84.5503574331938,82.86752139560339,83.63541412353516,13177500,0.0,0.0
2019-02-08 00:00:00-05:00,83.39035490026181,83.60274747283495,81.74018963616484,82.80217742919922,12892600,0.0,0.0
2019-02-11 00:00:00-05:00,83.12893571794879,83.33316364142766,82.32018865354253,82.41004943847656,10978500,0.0,0.0
2019-02-12 00:00:00-05:00,83.2841610773373,84.07656657344796,83.2351483604786,83.81515502929688,12852300,0.0,0.0
2019-02-13 00:00:00-05:00,84.0602222155104,84.83628590247945,84.0602222155104,84.2154312133789,10754100,0.0,0.0
2019-02-14 00:00:00-05:00,83.70896942885462,84.22362171926537,82.79402579113632,83.66812133789062,11518500,0.0,0.0
2019-02-15 00:00:00-05:00,84.87714602429483,86.34758367649195,84.68108891717715,86.22505187988281,14716900,0.0,0.0
2019-02-19 00:00:00-05:00,85.70222706529802,86.07800577668075,84.80361902444483,85.92279052734375,12764900,0.0,0.0
2019-02-20 00:00:00-05:00,85.94727328443462,86.42925439513155,85.67769094620792,86.33939361572266,10030300,0.0,0.0
2019-02-21 00:00:00-05:00,86.14335675821847,86.58448992903183,85.7430716751361,86.15969848632812,8400100,0.0,0.0
2019-02-22 00:00:00-05:00,86.34757736131237,86.66617247428124,85.59601997854188,85.77574157714844,10647300,0.0,0.0
2019-02-25 00:00:00-05:00,86.38842901991617,87.63013230228074,86.33941630282922,86.67434692382812,11230700,0.0,0.0
2019-02-26 00:00:00-05:00,85.36727328166349,86.15967863373345,84.90980472069184,86.01263427734375,15465400,0.0,0.0
2019-02-27 00:00:00-05:00,85.92276096549541,86.08614078987061,85.37543169804366,85.90642547607422,9968800,0.0,0.0
2019-02-28 00:00:00-05:00,85.78392368959304,85.94730358290931,85.10588529049798,85.2529296875,15156900,0.0,0.0
2019-03-01 00:00:00-05:00,85.85744148974595,86.51914438264579,85.12221951571465,85.31011199951172,13813300,0.0,0.0
2019-03-04 00:00:00-05:00,85.7103786426628,86.52729038626244,84.36247301921502,85.1140365600586,12466300,0.0,0.0
2019-03-05 00:00:00-05:00,85.06501102839759,85.40811867086511,84.35430185534248,85.04867553710938,10856600,0.0,0.0
2019-03-06 00:00:00-05:00,84.84446970547891,85.42447640160302,84.59122901306303,84.7301025390625,9070800,0.0,0.0
2019-03-07 00:00:00-05:00,84.3461277581628,84.52584931814708,83.45569705238407,84.11739349365234,12705700,0.0,0.0
2019-03-08 00:00:00-05:00,83.31683948490249,84.32981468637612,83.31683948490249,84.15009307861328,10582400,0.0,0.0
2019-03-11 00:00:00-04:00,84.94248997615162,85.40812944336547,84.68107845477793,85.24474334716797,9763200,0.0,0.0
2019-03-12 00:00:00-04:00,85.44079091639215,85.60417699439691,84.75458808639695,84.99149322509766,10219100,0.0,0.0
2019-03-13 00:00:00-04:00,85.11406302562405,85.75942425164293,84.91799965876551,85.2774429321289,13022200,0.0,0.0
2019-03-14 00:00:00-04:00,85.36727159834301,86.4864428572707,85.33459438284056,86.05347442626953,10926500,0.0,0.0
2019-03-15 00:00:00-04:00,86.11067509507478,87.24618198878524,85.9636307230274,87.04195404052734,24811700,0.0,0.0
2019-03-18 00:00:00-04:00,87.04196569939286,88.05493471332258,87.00111761125292,87.56478881835938,12935500,0.0,0.0
2019-03-19 00:00:00-04:00,88.38985687038573,88.55324297472349,87.04195734671912,87.24618530273438,12889300,0.0,0.0
2019-03-20 00:00:00-04:00,86.94393356217225,87.1236551769572,85.29377427036553,85.38362884521484,14920700,0.0,0.0
2019-03-21 00:00:00-04:00,84.54220216270731,84.54220216270731,83.55373961243423,84.03572082519531,19751000,0.0,0.0
2019-03-22 00:00:00-04:00,83.17796116979318,83.58641707933499,81.29906149288382,81.49512481689453,31115200,0.0,0.0
2019-03-25 00:00:00-04:00,81.35624381747964,82.15682013016601,80.13087610773319,80.81708526611328,21032300,0.0,0.0
2019-03-26 00:00:00-04:00,81.54412642094553,82.0179367072659,80.72721471316906,81.62581634521484,15987100,0.0,0.0
2019-03-27 00:00:00-04:00,81.59316861625744,82.05880820866759,80.93964275338115,81.34809875488281,12753200,0.0,0.0
2019-03-28 00:00:00-04:00,81.69116504590326,82.344696859287,81.47876627167236,82.27117156982422,12454100,0.0,0.0
2019-03-29 00:00:00-04:00,82.94920924365715,83.31681699116743,82.17313944079811,82.69596862792969,14523400,0.0,0.0
2019-04-01 00:00:00-04:00,83.4475277485198,85.5143132618378,83.42302139579927,85.48163604736328,17499300,0.0,0.0
2019-04-02 00:00:00-04:00,85.44898067123123,86.13518988548915,85.22841720783514,85.8901138305664,10295400,0.0,0.0
2019-04-03 00:00:00-04:00,86.43743180094421,86.88673576440287,85.60418454353433,86.06165313720703,11499200,0.0,0.0
2019-04-04 00:00:00-04:00,86.06165379975205,87.03298593541317,85.97933251417196,86.8930435180664,11952100,0.8,0.0
2019-04-05 00:00:00-04:00,87.09062540569663,87.34580386007683,86.42385927744569,86.68727111816406,9933700,0.0,0.0
2019-04-08 00:00:00-04:00,86.52263158772725,86.9671401977539,86.35800156041353,86.9671401977539,8056300,0.0,0.0
2019-04-09 00:00:00-04:00,86.4979290081486,86.59670450250476,85.81470253110086,86.32506561279297,9092200,0.0,0.0
2019-04-10 00:00:00-04:00,86.53908118908036,87.02475038493978,85.99579714312056,86.71194458007812,10882300,0.0,0.0
2019-04-11 00:00:00-04:00,87.01651675501688,87.85614611490232,86.89304111030053,87.44456481933594,11183800,0.0,0.0
2019-04-12 00:00:00-04:00,90.0869272195858,92.07074604593234,89.62595184049714,91.5439224243164,25834100,0.0,0.0
2019-04-15 00:00:00-04:00,91.30521592146174,91.37107045246736,89.82352665523764,90.49851989746094,15163800,0.0,0.0
2019-04-16 00:00:00-04:00,90.46558401990505,91.69209471201438,90.43265675753682,91.45337677001953,11583200,0.0,0.0
2019-04-17 00:00:00-04:00,91.9472585153189,94.38382530102022,91.37928060047913,94.08748626708984,17791900,0.0,0.0
2019-04-18 00:00:00-04:00,94.27683343454298,94.6225602994561,93.28904059758156,93.39604949951172,12501900,0.0,0.0
2019-04-22 00:00:00-04:00,92.87742860943085,93.78290612509765,92.73749248833077,93.51126098632812,7975900,0.0,0.0
2019-04-23 00:00:00-04:00,93.01737964569531,94.14511473945164,92.893903991889,93.62651824951172,9193100,0.0,0.0
2019-04-24 00:00:00-04:00,93.23139775419874,93.96401196514942,92.86097081637831,93.4701156616211,9245700,0.0,0.0
2019-04-25 00:00:00-04:00,93.02561203212541,93.96401694260808,92.60579732578341,93.5195083618164,9311800,0.0,0.0
2019-04-26 00:00:00-04:00,93.79938414377807,94.31798064749037,93.51127846406723,94.22743225097656,7889300,0.0,0.0
2019-04-29 00:00:00-04:00,94.33444438849367,96.44174517606803,94.21096872715316,95.58565521240234,14242200,0.0,0.0
2019-04-30 00:00:00-04:00,95.84082994932197,96.07954787732466,94.87773113237624,95.52803039550781,11389100,0.0,0.0
2019-05-01 00:00:00-04:00,95.25638687940726,96.310034110998,94.7542571393159,94.79541778564453,10412900,0.0,0.0
2019-05-02 00:00:00-04:00,94.8036266574457,95.30575630096408,94.31796378138495,95.00119018554688,8613300,0.0,0.0
2019-05-03 00:00:00-04:00,95.48687342728334,96.04662431582501,95.21522822838084,95.58565521240234,8185400,0.0,0.0
2019-05-06 00:00:00-04:00,93.98871817082737,95.0505988168735,93.61006407909692,94.73779296875,9387000,0.0,0.0
2019-05-07 00:00:00-04:00,93.86521667686621,93.86521667686621,92.43291571879881,93.19022369384766,15017700,0.0,0.0
2019-05-08 00:00:00-04:00,92.73750311105611,93.56889282945845,92.57286682011085,92.69634246826172,9575800,0.0,0.0
2019-05-09 00:00:00-04:00,91.4862988214117,92.8033578399569,91.02532973497907,92.62226104736328,12205900,0.0,0.0
2019-05-10 00:00:00-04:00,91.98842357562204,92.88566782462213,90.99239755048929,92.61402893066406,13189000,0.0,0.0
2019-05-13 00:00:00-04:00,90.61375799537836,90.918324196783,89.70828021675086,90.09516143798828,13783700,0.0,0.0
2019-05-14 00:00:00-04:00,90.17747729176438,91.96373886321119,90.13631664421717,90.81130981445312,10503600,0.0,0.0
2019-05-15 00:00:00-04:00,89.89759951719817,91.28874651778656,89.40370314333457,90.46558380126953,10142000,0.0,0.0
2019-05-16 00:00:00-04:00,91.05825040079458,92.33414868126178,91.03355024703929,91.62622833251953,9672700,0.0,0.0
2019-05-17 00:00:00-04:00,90.54789206717201,91.9884267136952,90.40795592305132,91.18172454833984,9570100,0.0,0.0
2019-05-20 00:00:00-04:00,91.02532434301715,92.0378108522037,90.85246094584463,91.6591567993164,8518200,0.0,0.0
2019-05-21 00:00:00-04:00,91.73325928168653,92.12837388653045,91.55216247103581,91.97197723388672,7967900,0.0,0.0
2019-05-22 00:00:00-04:00,91.70032864808591,92.02136160781174,91.16527162179847,91.22289276123047,7918900,0.0,0.0
2019-05-23 00:00:00-04:00,90.25155315945904,90.37502881398497,88.48998557690484,89.42839050292969,14558000,0.0,0.0
2019-05-24 00:00:00-04:00,90.15276305461786,90.5149565997184,89.88112417602456,90.30916595458984,8537300,0.0,0.0
2019-05-28 00:00:00-04:00,89.8893482602991,90.40794468794977,89.2637492418919,89.32959747314453,11665500,0.0,0.0
2019-05-29 00:00:00-04:00,88.44883329673954,89.23084166253786,88.12780033275108,89.08267211914062,9966400,0.0,0.0
2019-05-30 00:00:00-04:00,89.43663973875356,89.87291501919765,87.69976572323304,88.1278076171875,10367800,0.0,0.0
2019-05-31 00:00:00-04:00,86.89305421448502,87.74091080637835,86.30037605465157,87.22232055664062,10952800,0.0,0.0
2019-06-03 00:00:00-04:00,87.09061178511124,87.96316219348404,86.67903045584367,87.63389587402344,11680700,0.0,0.0
2019-06-04 00:00:00-04:00,88.77808548726502,90.46557133569347,88.18540740820269,90.3338623046875,12858600,0.0,0.0
2019-06-05 00:00:00-04:00,90.43266366827874,90.86070555130989,89.42840407011941,90.65491485595703,8340500,0.0,0.0
2019-06-06 00:00:00-04:00,90.67135836886847,91.26403642428419,89.66709902832874,90.85245513916016,8726700,0.0,0.0
2019-06-07 00:00:00-04:00,90.30094765362031,90.56435947217423,89.69180900075808,89.8564453125,10618900,0.0,0.0
2019-06-10 00:00:00-04:00,91.16526612924861,91.54392020559317,90.72899091694363,90.82776641845703,11380600,0.0,0.0
2019-06-11 00:00:00-04:00,91.22288539700213,91.84025738974854,90.85246471344735,91.1076431274414,9847700,0.0,0.0
2019-06-12 00:00:00-04:00,91.12411395099828,91.28875026920713,89.63419138255014,89.94699096679688,9670500,0.0,0.0
2019-06-13 00:00:00-04:00,90.10338071184687,90.67959832089474,89.7658872993214,90.16923522949219,8406900,0.0,0.0
2019-06-14 00:00:00-04:00,90.1939438060571,90.7948553871184,89.42016879817275,90.39973449707031,9077400,0.0,0.0
2019-06-17 00:00:00-04:00,90.30096794799736,90.85249186599168,89.77414419249034,89.90585327148438,8128600,0.0,0.0
2019-06-18 00:00:00-04:00,89.73295792249007,91.70854944359166,89.70826404901406,91.13233184814453,11057300,0.0,0.0
2019-06-19 00:00:00-04:00,91.22286763608645,91.85669999526446,90.30092337886879,90.47379302978516,13126500,0.0,0.0
2019-06-20 00:00:00-04:00,91.2722855963937,91.44514902431355,89.74943572928056,90.70430755615234,13638000,0.0,0.0
2019-06-21 00:00:00-04:00,90.70430135604519,91.92257865436675,89.79881734754971,90.08692932128906,27089500,0.0,0.0
2019-06-24 00:00:00-04:00,89.9552192224802,90.35856718867988,89.34608058043102,89.44486236572266,13039600,0.0,0.0
2019-06-25 00:00:00-04:00,89.4613181497926,89.70826945991269,88.62992210463652,88.70401000976562,18660100,0.0,0.0
2019-06-26 00:00:00-04:00,89.14852997499416,89.97991984600102,89.03328769029552,89.29669952392578,10324600,0.0,0.0
2019-06-27 00:00:00-04:00,89.59302520751953,90.17747625082471,89.26376515187488,89.59302520751953,10906600,0.0,0.0
2019-06-28 00:00:00-04:00,91.40399657452153,92.54819234543714,91.28875428682022,92.02960205078125,21634700,0.0,0.0
2019-07-01 00:00:00-04:00,93.2067276853093,94.26860218298498,93.08325200783446,93.5771484375,12724500,0.0,0.0
2019-07-02 00:00:00-04:00,93.43719303046481,94.00517098154073,93.1984751112226,93.67591094970703,10174900,0.0,0.0
2019-07-03 00:00:00-04:00,93.95774447636076,94.39711458689263,93.0624398838582,93.52667236328125,6849400,0.8,0.0
2019-07-05 00:00:00-04:00,94.0986985225429,94.7287266489781,93.60959091616617,94.08211517333984,7929400,0.0,0.0
2019-07-08 00:00:00-04:00,93.64275184972915,94.07383038586161,93.26141703680867,93.56814575195312,6917200,0.0,0.0
2019-07-09 00:00:00-04:00,93.07904494150469,94.08212260793924,92.97127846194721,93.966064453125,8947300,0.0,0.0
2019-07-10 00:00:00-04:00,93.98264896874568,94.36398381424776,93.46038094091195,93.69249725341797,9242300,0.0,0.0
2019-07-11 00:00:00-04:00,93.98264723020614,94.8033459841551,93.77539962291736,94.58780670166016,11595200,0.0,0.0
2019-07-12 00:00:00-04:00,94.61267224864822,95.62404155045445,94.44687669822204,95.58259582519531,10783400,0.0,0.0
2019-07-15 00:00:00-04:00,95.78155614397956,95.80642484521469,94.1152835895797,94.42201232910156,12946600,0.0,0.0
2019-07-16 00:00:00-04:00,94.07381377204275,95.7483712482377,93.60957494398698,95.43335723876953,16945000,0.0,0.0
2019-07-17 00:00:00-04:00,94.8613703434181,95.28415721217515,94.28107960174744,94.49661254882812,13120900,0.0,0.0
2019-07-18 00:00:00-04:00,94.44686693039738,95.39191538441699,94.1318528872889,95.06031799316406,9397200,0.0,0.0
2019-07-19 00:00:00-04:00,95.242724548562,95.43339515945978,94.00753039005517,94.12358856201172,10402800,0.0,0.0
2019-07-22 00:00:00-04:00,93.601308134395,94.87794777149554,93.48524366087291,94.72872924804688,9061100,0.0,0.0
2019-07-23 00:00:00-04:00,95.23441045184592,96.53592506640788,95.18467305405836,96.46131896972656,12752200,0.0,0.0
2019-07-24 00:00:00-04:00,95.81471412491496,96.89239787456142,95.7649703989933,96.8509521484375,10011000,0.0,0.0
2019-07-25 00:00:00-04:00,96.90068663998798,97.19083201292298,95.59917197451257,95.92247772216797,10138400,0.0,0.0
2019-07-26 00:00:00-04:00,95.9721959637137,96.58565328653914,95.77324007980212,96.34524536132812,12800400,0.0,0.0
2019-07-29 00:00:00-04:00,96.54421304953632,97.14108709894336,95.988791046497,96.03852844238281,8500400,0.0,0.0
2019-07-30 00:00:00-04:00,95.49139934105348,96.22920023808396,95.13493324166953,95.82299041748047,7121100,0.0,0.0
2019-07-31 00:00:00-04:00,96.24579298528613,96.31211374128381,95.21784656610369,96.16289520263672,13648000,0.0,0.0
2019-08-01 00:00:00-04:00,95.60746920682696,96.8260861686844,93.34432251699242,93.62618255615234,15664500,0.0,0.0
2019-08-02 00:00:00-04:00,93.17850270809208,94.03236162929457,92.3495124817295,93.61786651611328,11025500,0.0,0.0
2019-08-05 00:00:00-04:00,91.84385072330224,92.0013609292899,89.75479129276343,90.83248138427734,15855300,0.0,0.0
2019-08-06 00:00:00-04:00,91.23040368417382,91.6034468655127,89.81282441581723,91.54541778564453,10203500,0.0,0.0
2019-08-07 00:00:00-04:00,89.53097083640425,89.76308715625107,87.82325249064944,89.55583953857422,17320900,0.0,0.0
2019-08-08 00:00:00-04:00,90.40141856869056,91.25527779076012,90.12785017966952,91.0728988647461,10903300,0.0,0.0
2019-08-09 00:00:00-04:00,90.65010578574372,91.56199402931632,89.77137791962588,90.9734115600586,9980800,0.0,0.0
2019-08-12 00:00:00-04:00,89.89572050661359,89.95374958130736,88.8760595373431,89.26568603515625,9393700,0.0,0.0
2019-08-13 00:00:00-04:00,89.48949633806376,91.4624972113027,88.7268268142255,90.64179229736328,12124700,0.0,0.0
2019-08-14 00:00:00-04:00,88.12169005871588,88.62737475465003,86.58805261957716,86.87820434570312,19491800,0.0,0.0
2019-08-15 00:00:00-04:00,86.8947713938606,88.18799436298522,86.49685322852511,87.20978546142578,13365600,0.0,0.0
2019-08-16 00:00:00-04:00,88.17971518657357,89.5143902980262,87.76521996748133,89.2988510131836,11830600,0.0,0.0
2019-08-19 00:00:00-04:00,90.88224374549152,90.98172490154579,89.87916580622397,90.10299682617188,8265400,0.0,0.0
2019-08-20 00:00:00-04:00,89.40662474811879,89.89573243517752,88.90094003381708,88.95896911621094,8374000,0.0,0.0
2019-08-21 00:00:00-04:00,89.70504216019148,89.88742104333944,89.07500774332425,89.20764923095703,8189300,0.0,0.0
2019-08-22 00:00:00-04:00,89.83769275701711,90.5837790641719,89.47293495373617,90.12783813476562,9343400,0.0,0.0
2019-08-23 00:00:00-04:00,89.53096061218805,90.17757209354716,87.13517893141155,87.88955688476562,14762300,0.0,0.0
2019-08-26 00:00:00-04:00,88.3869677718533,88.6936902034436,87.8812830701177,88.5942153930664,8209500,0.0,0.0
2019-08-27 00:00:00-04:00,88.99210744520501,89.16619464925179,86.9113400211704,87.65743255615234,14331800,0.0,0.0
2019-08-28 00:00:00-04:00,87.11031406735177,88.87606136916615,87.07715369188688,88.53617858886719,10585500,0.0,0.0
2019-08-29 00:00:00-04:00,89.647031884513,91.09776525498974,89.54755074793276,90.54234313964844,10002200,0.0,0.0
2019-08-30 00:00:00-04:00,91.05631551254714,91.65318969779462,90.74959306851967,91.0728988647461,10170300,0.0,0.0
2019-09-03 00:00:00-04:00,90.34337424724279,90.35165959724905,88.96724718284406,89.99519348144531,9868800,0.0,0.0
2019-09-04 00:00:00-04:00,90.73299598597679,91.37132213042996,89.99519504216606,91.0811767578125,6929200,0.0,0.0
2019-09-05 00:00:00-04:00,92.22517690288956,94.27278408967337,92.1837248553026,93.15364837646484,13224700,0.0,0.0
2019-09-06 00:00:00-04:00,93.39404451059913,93.65932113735502,92.81374754134372,93.35259246826172,7836600,0.0,0.0
2019-09-09 00:00:00-04:00,94.2644934587953,96.21261954775431,94.17330401285005,95.66548919677734,13985100,0.0,0.0
2019-09-10 00:00:00-04:00,96.41157004172683,97.2156852834681,95.93904584517242,96.88409423828125,14333100,0.0,0.0
2019-09-11 00:00:00-04:00,96.9006915137521,97.15767652489215,95.6489141850499,97.1493911743164,9919200,0.0,0.0
2019-09-12 00:00:00-04:00,96.61884168236897,98.21050186476626,96.09657363914508,97.74626922607422,12283500,0.0,0.0
2019-09-13 00:00:00-04:00,98.64987165573086,99.81045964603155,98.44262402620201,99.6695327758789,16257200,0.0,0.0
2019-09-16 00:00:00-04:00,98.56696194116097,99.37108365837653,98.13588338207666,98.78250122070312,11993900,0.0,0.0
2019-09-17 00:00:00-04:00,98.1690537851779,98.32656400455076,97.19084473926941,98.29340362548828,10735400,0.0,0.0
2019-09-18 00:00:00-04:00,98.08614376915936,99.54516864249936,97.61361949465709,99.27989196777344,10665600,0.0,0.0
2019-09-19 00:00:00-04:00,99.23015094953948,99.76070431346218,98.72446628631705,98.96487426757812,9382600,0.0,0.0
2019-09-20 00:00:00-04:00,99.26331980305564,99.76071283362666,98.54210212237109,98.56697082519531,21862800,0.0,0.0
2019-09-23 00:00:00-04:00,97.63848115437087,98.74933149791453,97.5555833853767,98.55036926269531,9135100,0.0,0.0
2019-09-24 00:00:00-04:00,98.44260670520573,98.86539356596995,97.02503392761413,97.26544189453125,11696500,0.0,0.0
2019-09-25 00:00:00-04:00,97.21571123923701,98.11931415529867,97.09136772644015,97.82087707519531,9389400,0.0,0.0
2019-09-26 00:00:00-04:00,97.72140247308725,97.86233567150438,96.95044101872955,97.01676177978516,9899200,0.0,0.0
2019-09-27 00:00:00-04:00,97.78771632038095,98.35143010010626,97.22400254065565,97.58876037597656,10207800,0.0,0.0
2019-09-30 00:00:00-04:00,98.11929529037141,98.45917803449426,97.17424682664256,97.56387329101562,9755000,0.0,0.0
2019-10-01 00:00:00-04:00,98.15246201036805,98.64985497217961,95.67378255130932,95.78984069824219,11250300,0.0,0.0
2019-10-02 00:00:00-04:00,95.17638646122933,95.25099888658892,93.61788677529353,93.88316345214844,12548700,0.0,0.0
2019-10-03 00:00:00-04:00,93.81629632313663,94.35110606699288,92.35394196779222,93.74945068359375,12735200,0.9,0.0
2019-10-04 00:00:00-04:00,93.87480018139472,96.04744626822402,93.81630625600222,95.78004455566406,9453100,0.0,0.0
2019-10-07 00:00:00-04:00,95.42072261329695,96.51539737457311,95.32044458063544,95.57113647460938,6771600,0.0,0.0
2019-10-08 00:00:00-04:00,94.47646567847805,94.47646567847805,93.30658704618162,93.4402847290039,10806300,0.0,0.0
2019-10-09 00:00:00-04:00,94.15055247316484,94.56001629357873,93.64917509906698,94.11712646484375,7273700,0.0,0.0
2019-10-10 00:00:00-04:00,94.54330627440085,96.43183442800792,94.42631842531861,95.43743133544922,10994100,0.0,0.0
2019-10-11 00:00:00-04:00,96.95828910149898,98.59612552199613,96.82459142194831,97.05020904541016,15076500,0.0,0.0
2019-10-14 00:00:00-04:00,96.80788002726983,97.6602274811868,96.64911442339161,97.30925750732422,8779000,0.0,0.0
2019-10-15 00:00:00-04:00,99.31476606496271,101.60439374988037,98.4958510655957,100.24231719970703,23379000,0.0,0.0
2019-10-16 00:00:00-04:00,100.2423069891004,100.79382658076453,99.75763941618817,100.00833129882812,11087700,0.0,0.0
2019-10-17 00:00:00-04:00,100.9024528646364,101.58767009491397,100.17545153023394,100.56819915771484,10818500,0.0,0.0
2019-10-18 00:00:00-04:00,100.27574667574567,101.12808771733098,100.15875881465278,100.74369812011719,10417400,0.0,0.0
2019-10-21 00:00:00-04:00,101.9887865253406,103.42606677788214,101.93864432005483,103.24223327636719,12714600,0.0,0.0
2019-10-22 00:00:00-04:00,103.15866281021034,104.53745548135021,102.88290937627015,104.27841186523438,12549100,0.0,0.0
2019-10-23 00:00:00-04:00,103.78539836715146,104.5792518773229,103.76033044978949,104.55418395996094,8828300,0.0,0.0
2019-10-24 00:00:00-04:00,104.69623929715334,105.0054251524785,103.67676815969465,104.47897338867188,8020500,0.0,0.0
2019-10-25 00:00:00-04:00,104.45390654303371,105.83269938447386,104.24499872994765,105.31460571289062,9055700,0.0,0.0
2019-10-28 00:00:00-04:00,105.76583407091616,106.30063749522091,105.62377830594514,105.7156982421875,9522200,0.0,0.0
2019-10-29 00:00:00-04:00,105.33965605101083,106.47611487457227,105.23938439769387,105.64884185791016,9797300,0.0,0.0
2019-10-30 00:00:00-04:00,105.33129786389449,105.50677962178585,104.38703068406502,105.06389617919922,8513700,0.0,0.0
2019-10-31 00:00:00-04:00,104.86335633765768,105.06391241368839,103.50127979192271,104.38704681396484,11589100,0.0,0.0
2019-11-01 00:00:00-04:00,105.4566480908148,106.95242860742148,105.30623422949793,106.79366302490234,11682600,0.0,0.0
2019-11-04 00:00:00-05:00,107.86325557268185,108.1473670645276,107.42872386410045,107.64599609375,9159900,0.0,0.0
2019-11-05 00:00:00-05:00,108.12230940754542,108.88273678200031,107.66270974437384,107.8799819946289,13747600,0.0,0.0
2019-11-06 00:00:00-05:00,107.5373911805311,108.49836204971551,107.44547122994395,108.04712677001953,11231100,0.0,0.0
2019-11-07 00:00:00-05:00,108.9913648349018,109.71000813433113,108.56519753842328,108.63204956054688,13528900,0.0,0.0
2019-11-08 00:00:00-05:00,108.53178461863938,108.96630366325148,108.00533288103904,108.94960021972656,9293400,0.0,0.0
2019-11-11 00:00:00-05:00,108.29781307044534,108.71562868761416,108.08890526186093,108.5652084350586,8679000,0.0,0.0
2019-11-12 00:00:00-05:00,108.32288535029221,109.15015214514467,107.8047852936455,107.93013763427734,9099000,0.0,0.0
2019-11-13 00:00:00-05:00,107.06942182284855,107.64600934834884,106.47611810438207,107.36188507080078,8023300,0.0,0.0
2019-11-14 00:00:00-05:00,106.7268139527706,107.66271678206611,106.61817782054175,107.46217346191406,8483400,0.0,0.0
2019-11-15 00:00:00-05:00,107.98862691311982,108.23931884765625,107.29505141954832,108.23931884765625,10163600,0.0,0.0
2019-11-18 00:00:00-05:00,108.26435672391149,109.17519150761684,107.78805365611026,109.1501235961914,8749300,0.0,0.0
2019-11-19 00:00:00-05:00,109.45934926103611,109.67660881013347,108.78247719320153,109.11673736572266,8824500,0.0,0.0
2019-11-20 00:00:00-05:00,108.88274734758342,109.15014269982736,107.7462884114263,108.3228759765625,11782800,0.0,0.0
2019-11-21 00:00:00-05:00,108.63205529664272,109.23371077680481,108.12231975791428,108.57355499267578,7705500,0.0,0.0
2019-11-22 00:00:00-05:00,108.75741750355647,109.65154918814555,108.71564613571216,109.29222106933594,8167900,0.0,0.0
2019-11-25 00:00:00-05:00,109.67658779477958,110.3618114541094,109.3590438794102,109.87714385986328,10068500,0.0,0.0
2019-11-26 00:00:00-05:00,110.15293261637055,110.15293261637055,108.93290521357649,110.02758026123047,10490700,0.0,0.0
2019-11-27 00:00:00-05:00,110.54563855358363,110.66262640384623,110.01083513085183,110.35344696044922,6607900,0.0,0.0
2019-11-29 00:00:00-05:00,110.19471079835074,110.64595890360336,109.8437471335562,110.10279083251953,5712000,0.0,0.0
2019-12-02 00:00:00-05:00,110.56233960308974,110.92166757657058,109.76014095422794,109.86041259765625,8615600,0.0,0.0
2019-12-03 00:00:00-05:00,108.43986757733052,108.59863955010633,107.45381610201159,108.4482192993164,10361300,0.0,0.0
2019-12-04 00:00:00-05:00,108.9495952901806,110.69606136353138,108.6236996461069,110.5874252319336,10318200,0.0,0.0
2019-12-05 00:00:00-05:00,110.87154297359909,111.3979947168473,110.4537273680295,111.1890869140625,9587400,0.0,0.0
2019-12-06 00:00:00-05:00,112.55117988897184,113.46201493003302,112.51774749714635,112.84364318847656,10170600,0.0,0.0
2019-12-09 00:00:00-05:00,112.50100903510715,113.19458431630778,112.31716918945312,112.31716918945312,8498200,0.0,0.0
2019-12-10 00:00:00-05:00,111.34784091538214,112.61800372154109,111.03866149738542,112.39237976074219,7532900,0.0,0.0
2019-12-11 00:00:00-05:00,112.21689704467673,112.82691694034921,111.9829213520721,112.1249771118164,9011900,0.0,0.0
2019-12-12 00:00:00-05:00,112.38404698132327,115.70985565527674,112.15007126058606,115.33382415771484,13717400,0.0,0.0
2019-12-13 00:00:00-05:00,115.2753195423657,116.01067906617281,113.82968116099033,114.32270050048828,10592100,0.0,0.0
2019-12-16 00:00:00-05:00,115.6346581354535,116.01904137563501,114.74889103769827,114.76559448242188,11372000,0.0,0.0
2019-12-17 00:00:00-05:00,115.09147494061222,115.87697026323778,114.67365936480878,115.4675064086914,11546800,0.0,0.0
2019-12-18 00:00:00-05:00,115.44246011505375,116.16946802359998,115.08314477291312,115.35054016113281,10381500,0.0,0.0
2019-12-19 00:00:00-05:00,115.11654011349175,115.50093604439272,114.56503325711269,114.77394104003906,9350400,0.0,0.0
2019-12-20 00:00:00-05:00,115.33382103577736,116.05246437308044,114.3979054274421,114.6820297241211,29992600,0.0,0.0
2019-12-23 00:00:00-05:00,114.9828731499074,115.24191681542695,114.38121758772955,114.64861297607422,9738400,0.0,0.0
2019-12-24 00:00:00-05:00,114.75721010280152,115.00790196024727,114.53158615602861,114.96611785888672,3324300,0.0,0.0
2019-12-26 00:00:00-05:00,115.22517887403367,116.23629817682043,115.13325893741668,116.18614959716797,6770900,0.0,0.0
2019-12-27 00:00:00-05:00,116.40341075762633,116.79615838111177,115.87695910258878,116.26970672607422,7868200,0.0,0.0
2019-12-30 00:00:00-05:00,116.90480172628888,117.05522197516802,115.70985521073757,115.84355926513672,6963000,0.0,0.0
2019-12-31 00:00:00-05:00,115.74326541380638,116.5538286452851,115.55942554167395,116.48697662353516,7201600,0.0,0.0
2020-01-02 00:00:00-05:00,116.81286979332393,117.9075572818003,116.36998631546366,117.8991928100586,10803700,0.0,0.0
2020-01-03 00:00:00-05:00,115.63695781056114,117.0918773957094,115.28374100661321,116.34339141845703,10386800,0.9,0.0
2020-01-06 00:00:00-05:00,114.84640047879925,116.28450914453764,114.79594277694515,116.25086212158203,10259000,0.0,0.0
2020-01-07 00:00:00-05:00,115.45192535389397,115.93970455479345,114.22407842799188,114.2745361328125,10531300,0.0,0.0
2020-01-08 00:00:00-05:00,114.12313041025195,115.704206661086,114.03903852764923,115.16596984863281,9695300,0.0,0.0
2020-01-09 00:00:00-05:00,116.09947953888953,116.25085263209532,115.2500655184183,115.58647155761719,9469000,0.0,0.0
2020-01-10 00:00:00-05:00,115.39304566412419,115.42667985162632,114.21564378029838,114.43431091308594,10190900,0.0,0.0
2020-01-13 00:00:00-05:00,114.53521953211117,115.3846206665039,114.1735846668225,115.3846206665039,12355200,0.0,0.0
2020-01-14 00:00:00-05:00,116.00696767707434,118.37856926177686,115.79671871806343,116.730224609375,24906000,0.0,0.0
2020-01-15 00:00:00-05:00,115.93127878376333,116.56202564802194,114.50157562538158,114.98094940185547,16293400,0.0,0.0
2020-01-16 00:00:00-05:00,115.59483992109135,115.97328536563089,115.08183210391469,115.42664337158203,10783800,0.0,0.0
2020-01-17 00:00:00-05:00,115.67057892870697,116.30132589999737,115.48557162310203,116.22563934326172,14697700,0.0,0.0
2020-01-21 00:00:00-05:00,115.37621706944914,116.11629748766266,114.95571916502377,115.08186340332031,8474200,0.0,0.0
2020-01-22 00:00:00-05:00,115.41827987633013,115.55282946516931,114.69502290193199,114.94731140136719,7549100,0.0,0.0
2020-01-23 00:00:00-05:00,114.13153653130212,114.9977611093789,113.29894613619975,114.82955169677734,9345700,0.0,0.0
2020-01-24 00:00:00-05:00,114.68656831787749,114.73702600174448,111.28054633110732,111.97856140136719,15166400,0.0,0.0
2020-01-27 00:00:00-05:00,109.55651898285218,111.80197607571017,109.08556342020316,111.03666687011719,12860500,0.0,0.0
2020-01-28 00:00:00-05:00,111.7178886123983,113.50921392707716,111.4151295850241,113.05506896972656,13062800,0.0,0.0
2020-01-29 00:00:00-05:00,113.37463515465771,113.98855845985048,112.432724019833,112.88685607910156,9326000,0.0,0.0
2020-01-30 00:00:00-05:00,111.59172934499789,114.4847568099499,111.59172934499789,114.28291320800781,9048900,0.0,0.0
2020-01-31 00:00:00-05:00,113.10550320665183,113.39143863170088,110.56569289383052,111.31417846679688,12785200,0.0,0.0
2020-02-03 00:00:00-05:00,111.56651249869195,112.89528748109961,111.56651249869195,112.16361236572266,10021100,0.0,0.0
2020-02-04 00:00:00-05:00,113.99697979731971,114.88002792703945,113.6017107567078,113.77831268310547,9157100,0.0,0.0
2020-02-05 00:00:00-05:00,114.85478672041101,115.83033196106707,114.38381835802012,115.71259307861328,10150700,0.0,0.0
2020-02-06 00:00:00-05:00,116.25926260636385,116.30130212979365,115.30893325742682,115.72943115234375,8992300,0.0,0.0
2020-02-07 00:00:00-05:00,114.98936527011533,115.77990346558967,114.6277431944633,115.35940551757812,6379800,0.0,0.0
2020-02-10 00:00:00-05:00,115.17438929753888,115.93129332916138,115.00619267914925,115.83878326416016,5960700,0.0,0.0
2020-02-11 00:00:00-05:00,116.27605782100675,116.74702618005213,115.87238348868635,116.05740356445312,6578600,0.0,0.0
2020-02-12 00:00:00-05:00,116.56200610428536,117.14228234274408,115.8892069953676,116.05740356445312,7958000,0.0,0.0
2020-02-13 00:00:00-05:00,115.84716363932952,116.34334804805707,114.71181425284627,115.95649719238281,7447500,0.0,0.0
2020-02-14 00:00:00-05:00,115.92285641666807,116.2172100756985,115.16596533998602,115.60328674316406,6627600,0.0,0.0
2020-02-18 00:00:00-05:00,115.50236027870343,115.81353745135866,113.57648553992749,114.07266998291016,8996400,0.0,0.0
2020-02-19 00:00:00-05:00,115.14074564422529,116.38541591711255,114.66137184700304,115.62852478027344,7071200,0.0,0.0
2020-02-20 00:00:00-05:00,115.3593999469041,116.36018706805648,114.82116311274379,115.62852478027344,7422800,0.0,0.0
2020-02-21 00:00:00-05:00,114.83797104595297,115.1491353638228,113.46714388115069,114.21562957763672,9772800,0.0,0.0
2020-02-24 00:00:00-05:00,110.54048574388102,112.02063367509348,110.00224896593313,111.14600372314453,13618400,0.0,0.0
2020-02-25 00:00:00-05:00,110.17043804845336,111.20485917899309,105.62064817594705,106.18412017822266,20797200,0.0,0.0
2020-02-26 00:00:00-05:00,106.74757449775747,108.44638283008643,106.25138374458392,106.5036849975586,24825600,0.0,0.0
2020-02-27 00:00:00-05:00,103.36680493538914,105.64590296153398,102.01280107827777,102.07167053222656,23005500,0.0,0.0
2020-02-28 00:00:00-05:00,98.83381084245806,99.64957768982363,94.74657768473043,97.64801025390625,45931400,0.0,0.0
2020-03-02 00:00:00-05:00,98.08533834242292,102.24827142334445,96.26037898706119,102.19780731201172,27355400,0.0,0.0
2020-03-03 00:00:00-05:00,101.73528793352556,103.40045643328301,97.7573739995888,98.3628921508789,32547700,0.0,0.0
2020-03-04 00:00:00-05:00,99.51503183245724,101.07928449098249,96.4622130555183,100.79334259033203,25795900,0.0,0.0
2020-03-05 00:00:00-05:00,97.27799522691956,97.91715391414192,94.6793209486552,95.84830474853516,25025600,0.0,0.0
2020-03-06 00:00:00-05:00,89.3642166769577,92.7786576165404,88.32137725154845,90.89482879638672,38159400,0.0,0.0
2020-03-09 00:00:00-04:00,81.21497164751592,83.45202376187022,78.21261662097521,78.58265686035156,40352000,0.0,0.0
2020-03-10 00:00:00-04:00,83.25858034161809,85.17604965015222,79.54138061779042,84.68827056884766,31102700,0.0,0.0
2020-03-11 00:00:00-04:00,82.16530416082749,84.1416498343842,79.51617197358185,80.70197296142578,38127000,0.0,0.0
2020-03-12 00:00:00-04:00,75.34479497475148,81.542935041755,72.59474210377304,74.04966735839844,49725200,0.0,0.0
2020-03-13 00:00:00-04:00,80.7271866714309,87.45515320694433,77.37161515840447,87.38787841796875,38543300,0.0,0.0
2020-03-16 00:00:00-04:00,71.65285166110631,79.03680141837808,71.10620943207299,74.3104019165039,38589700,0.0,0.0
2020-03-17 00:00:00-04:00,76.43811561867528,81.9466412423421,73.5871400764453,78.85177612304688,35239800,0.0,0.0
2020-03-18 00:00:00-04:00,73.73012696932517,76.35403712621645,67.582447496332,70.55116271972656,41525600,0.0,0.0
2020-03-19 00:00:00-04:00,68.5916025255694,74.10012654857067,64.68097792231531,71.73693084716797,32175100,0.0,0.0
2020-03-20 00:00:00-04:00,72.57793517785515,75.23547838891515,69.36533169666986,70.22314453125,30150800,0.0,0.0
2020-03-23 00:00:00-04:00,69.53350974343638,70.43337469180257,65.6733369760972,66.46387481689453,32536600,0.0,0.0
2020-03-24 00:00:00-04:00,71.40055571928539,75.77373198748495,69.71856385977945,74.36927032470703,34363200,0.0,0.0
2020-03-25 00:00:00-04:00,75.05043268633904,80.02071891041831,71.09775661020865,77.14451599121094,38111700,0.0,0.0
2020-03-26 00:00:00-04:00,79.1208778472263,82.89694678429504,78.66673939438535,82.51850128173828,29826300,0.0,0.0
2020-03-27 00:00:00-04:00,78.37240952032474,79.76004761425672,76.15218087048619,76.63995361328125,30041500,0.0,0.0
2020-03-30 00:00:00-04:00,76.23625842224929,79.12927915082427,75.1009155561672,78.63309478759766,21656900,0.0,0.0
2020-03-31 00:00:00-04:00,77.4136743010281,79.19658148278499,75.13456979102659,75.71485900878906,23379300,0.0,0.0
2020-04-01 00:00:00-04:00,71.56873857519153,72.79659162654521,70.01289768761337,70.94640350341797,28029600,0.0,0.0
2020-04-02 00:00:00-04:00,70.23156704993998,73.93195016908417,69.76901675393847,73.59555053710938,24018000,0.0,0.0
2020-04-03 00:00:00-04:00,73.07720765441104,74.33481826654896,70.33256084000313,71.42022705078125,21199400,0.9,0.0
2020-04-06 00:00:00-04:00,75.61791933165934,77.31738941024994,74.52176035301272,76.01729583740234,26820800,0.0,0.0
2020-04-07 00:00:00-04:00,80.25745382272008,80.29994315831685,76.79903324971741,77.01996612548828,22563800,0.0,0.0
2020-04-08 00:00:00-04:00,78.26059163598303,80.60586203420857,76.94350628531062,80.13001251220703,22903300,0.0,0.0
2020-04-09 00:00:00-04:00,82.35631553733995,88.70383709346046,82.33082452433764,87.31877136230469,42055900,0.0,0.0
2020-04-13 00:00:00-04:00,87.61617267845729,87.61617267845729,82.67921461093829,83.43547821044922,26911900,0.0,0.0
2020-04-14 00:00:00-04:00,85.84021477937071,86.6729578148008,79.56917369487228,81.1496810913086,46151300,0.0,0.0
2020-04-15 00:00:00-04:00,77.45335081420312,78.20111532153739,76.58661743598729,77.14744567871094,30118600,0.0,0.0
2020-04-16 00:00:00-04:00,76.67156846922602,76.9604751691044,73.9694117357728,74.20733642578125,32449600,0.0,0.0
2020-04-17 00:00:00-04:00,78.17561955564989,81.31963644459388,77.29189438271736,80.87777709960938,30191900,0.0,0.0
2020-04-20 00:00:00-04:00,78.57498427481771,80.47838856375277,76.86701537504767,77.92918395996094,23679400,0.0,0.0
2020-04-21 00:00:00-04:00,75.30349806491816,77.64876137526849,75.05707420230911,75.66888427734375,23035000,0.0,0.0
2020-04-22 00:00:00-04:00,77.06245329048592,78.06514064248063,75.77935189056065,75.9153060913086,16662400,0.0,0.0
2020-04-23 00:00:00-04:00,76.2552000765259,77.56379246260819,75.84733099795812,75.95779418945312,16638800,0.0,0.0
2020-04-24 00:00:00-04:00,77.0199942010917,77.41087159580887,75.19306231483175,77.07947540283203,15809200,0.0,0.0
2020-04-27 00:00:00-04:00,78.12462677116028,81.26014406309918,77.78473152330993,80.40191650390625,22870200,0.0,0.0
2020-04-28 00:00:00-04:00,83.11255838834319,83.57991511969986,80.75029669085751,80.97122955322266,20238900,0.0,0.0
2020-04-29 00:00:00-04:00,84.1917297299254,84.50612747247649,82.65370525696754,83.1550521850586,20462600,0.0,0.0
2020-04-30 00:00:00-04:00,81.23465240690241,82.28832183217847,80.34243468173572,81.37061309814453,19127600,0.0,0.0
2020-05-01 00:00:00-04:00,79.45021908021165,79.65415365620386,78.03965592910423,79.23778533935547,18547700,0.0,0.0
2020-05-04 00:00:00-04:00,78.1926004039082,78.74492936966685,77.15592930131574,78.29457092285156,15725900,0.0,0.0
2020-05-05 00:00:00-04:00,79.57765403292433,80.05350337890368,78.0906183437777,78.17559051513672,18064100,0.0,0.0
2020-05-06 00:00:00-04:00,78.3115791172701,78.82141881029622,76.41666725334966,76.70557403564453,20978000,0.0,0.0
2020-05-07 00:00:00-04:00,77.61478143870819,78.94887143446024,76.96898759255473,77.50431823730469,16771900,0.0,0.0
2020-05-08 00:00:00-04:00,78.85540256688145,79.94306221889974,78.26908340201166,78.77042388916016,20487800,0.0,0.0
2020-05-11 00:00:00-04:00,77.4193349305045,77.4193349305045,75.9068080866114,76.45063781738281,31907600,0.0,0.0
2020-05-12 00:00:00-04:00,76.60362187521712,77.14745182990575,73.84198275285961,73.95244598388672,27962900,0.0,0.0
2020-05-13 00:00:00-04:00,73.40010465016621,73.80798028980062,70.8678980605236,71.40322875976562,35451600,0.0,0.0
2020-05-14 00:00:00-04:00,70.29007357841785,74.87014427589257,70.01815866349595,74.3687973022461,35152500,0.0,0.0
2020-05-15 00:00:00-04:00,73.7994711694205,74.16485741792019,72.48238602842862,72.99222564697266,26099000,0.0,0.0
2020-05-18 00:00:00-04:00,75.36299172438211,77.45333883839399,74.67470203446585,76.8585205078125,30504400,0.0,0.0
2020-05-19 00:00:00-04:00,76.5186546132848,77.4958448719225,75.27803556069833,75.34601593017578,19597300,0.0,0.0
2020-05-20 00:00:00-04:00,77.07946231166422,78.50701739394123,76.79055551884042,77.6063003540039,20552400,0.0,0.0
2020-05-21 00:00:00-04:00,76.70557003660255,77.97167976254767,76.19573037015691,76.62059783935547,14621400,0.0,0.0
2020-05-22 00:00:00-04:00,76.48464500652173,76.78205094375814,75.38848613816768,76.02578735351562,13557900,0.0,0.0
2020-05-26 00:00:00-04:00,78.93186935344762,82.84914751349177,78.69394463375978,81.42159271240234,41233900,0.0,0.0
2020-05-27 00:00:00-04:00,86.73245383166474,87.16582051009046,83.95382314956004,86.13764190673828,39402000,0.0,0.0
2020-05-28 00:00:00-04:00,87.47172333042644,87.48021601272724,84.46366064023253,84.85453796386719,24713900,0.0,0.0
2020-05-29 00:00:00-04:00,83.834837893206,84.2766971336109,82.23733233128848,82.68769073486328,26526400,0.0,0.0
2020-06-01 00:00:00-04:00,83.06157076236455,84.55710571868597,82.74716657497332,83.78384399414062,15176800,0.0,0.0
2020-06-02 00:00:00-04:00,85.21141078476315,85.33037314661163,83.2145351589206,84.06427001953125,21195000,0.0,0.0
2020-06-03 00:00:00-04:00,86.31607744801146,89.15418905837475,85.87421164523576,88.60186004638672,25941100,0.0,0.0
2020-06-04 00:00:00-04:00,88.21947773356301,90.59023890065494,87.34425181714155,90.44578552246094,26784700,0.0,0.0
2020-06-05 00:00:00-04:00,97.6600226968575,98.37379683072898,93.0714533922366,94.51600646972656,42231000,0.0,0.0
2020-06-08 00:00:00-04:00,96.36842872687076,97.03122084698803,95.11931750835952,96.40241241455078,24881800,0.0,0.0
2020-06-09 00:00:00-04:00,94.0231664855443,94.85590304383504,92.629601790355,93.92969512939453,17031100,0.0,0.0
2020-06-10 00:00:00-04:00,93.86168994799245,93.90417927425938,89.94441263914537,90.12285614013672,24913300,0.0,0.0
2020-06-11 00:00:00-04:00,84.99901338637035,86.31610557624396,82.0334392709946,82.6027603149414,36259200,0.0,0.0
2020-06-12 00:00:00-04:00,85.57678831959655,85.93367536879913,82.70468711707392,84.8630142211914,24856800,0.0,0.0
2020-06-15 00:00:00-04:00,81.93145314243932,86.1886276193446,81.46410274800189,86.03567504882812,22153600,0.0,0.0
2020-06-16 00:00:00-04:00,89.5365647914436,89.79998052425869,84.38716711651189,86.72393798828125,22193600,0.0,0.0
2020-06-17 00:00:00-04:00,87.12334263833131,87.1318418049391,84.30222224025195,84.53165435791016,15639800,0.0,0.0
2020-06-18 00:00:00-04:00,83.84335994798764,85.41536857114966,83.38450222048185,84.07279205322266,16591900,0.0,0.0
2020-06-19 00:00:00-04:00,85.42386745430055,85.48334865120808,82.19487800609059,83.11258697509766,40371200,0.0,0.0
2020-06-22 00:00:00-04:00,82.63671281602647,83.23152460814971,82.03340186031224,82.21184539794922,16216900,0.0,0.0
2020-06-23 00:00:00-04:00,84.09826364347926,84.94799853896481,83.14655822666884,83.21453857421875,15381400,0.0,0.0
2020-06-24 00:00:00-04:00,82.21185601094068,82.28832904424482,80.13850066851965,80.4359130859375,22919800,0.0,0.0
2020-06-25 00:00:00-04:00,80.17248493432064,83.45246210215028,80.09601190665377,83.24002838134766,25743600,0.0,0.0
2020-06-26 00:00:00-04:00,80.81829188851349,81.03922479149597,78.1756156663719,78.67695617675781,41896300,0.0,0.0
2020-06-29 00:00:00-04:00,79.36524776377283,80.29145577239181,78.32857005958263,79.02535247802734,18499700,0.0,0.0
2020-06-30 00:00:00-04:00,78.88090828830474,80.43592502594917,78.65997535435861,79.92607879638672,19137000,0.0,0.0
2020-07-01 00:00:00-04:00,80.63135790378149,81.3281403813834,79.05085020139795,79.24629211425781,18755700,0.0,0.0
2020-07-02 00:00:00-04:00,81.28836709217849,81.47713150417434,78.87734621164661,79.50370025634766,27845600,0.9,0.0
2020-07-06 00:00:00-04:00,81.02237568909156,81.68304451353553,80.20726386662818,81.51144409179688,18625300,0.0,0.0
2020-07-07 00:00:00-04:00,80.49898258747062,80.7392257864948,78.93739524767723,79.21195983886719,25757200,0.0,0.0
2020-07-08 00:00:00-04:00,79.18622868707358,80.08714077734153,78.76580304494853,80.05282592773438,18762200,0.0,0.0
2020-07-09 00:00:00-04:00,80.24157805597581,80.75639240924258,77.89061825752749,78.31962585449219,25600800,0.0,0.0
2020-07-10 00:00:00-04:00,78.93739799042676,83.09018839473416,78.82585837161463,82.60111999511719,28954200,0.0,0.0
2020-07-13 00:00:00-04:00,84.7118601952335,85.1751827335289,82.56682177441579,83.78520202636719,32079200,0.0,0.0
2020-07-14 00:00:00-04:00,84.40298691580597,85.75864642791679,82.91861722359673,84.26570129394531,42731700,0.0,0.0
2020-07-15 00:00:00-04:00,86.56514891734678,86.90835629037036,84.64319679300526,85.56985473632812,22508400,0.0,0.0
2020-07-16 00:00:00-04:00,84.75475030004415,86.8483097271397,84.55741044684974,85.81011199951172,16886900,0.0,0.0
2020-07-17 00:00:00-04:00,85.80150766032843,85.87015043752922,84.20559909415547,84.22276306152344,16137700,0.0,0.0
2020-07-20 00:00:00-04:00,83.59642579495822,84.4201196467182,83.45056477400983,83.4848861694336,14458100,0.0,0.0
2020-07-21 00:00:00-04:00,83.8366584223697,85.84441725105083,83.77659762450217,85.2952880859375,17798100,0.0,0.0
2020-07-22 00:00:00-04:00,85.50119913728095,85.9130426862718,83.68220491518835,84.67750549316406,14271200,0.0,0.0
2020-07-23 00:00:00-04:00,84.51449565641734,85.24380725386982,84.05974865610473,84.92634582519531,12870200,0.0,0.0
2020-07-24 00:00:00-04:00,85.45833232168421,85.62993932894715,84.03403016516077,84.32575225830078,12744200,0.0,0.0
2020-07-27 00:00:00-04:00,83.66505999779919,83.76801762736532,82.51531628060009,83.14167022705078,11959100,0.0,0.0
2020-07-28 00:00:00-04:00,82.7984799928692,83.9911207872102,82.7984799928692,83.5020523071289,11754300,0.0,0.0
2020-07-29 00:00:00-04:00,83.28753447474641,85.55269405927227,83.22747367311642,85.5269546508789,12743500,0.0,0.0
2020-07-30 00:00:00-04:00,83.690785119877,83.86238550395393,82.4123445839393,83.24461364746094,14834800,0.0,0.0
2020-07-31 00:00:00-04:00,82.78130008895498,83.16740426718285,81.72593863105736,82.9185791015625,14535000,0.0,0.0
2020-08-03 00:00:00-04:00,83.2446413632499,83.71655239578388,82.24076503528188,82.45526885986328,12962800,0.0,0.0
2020-08-04 00:00:00-04:00,82.29224630623239,82.3265611558557,81.53718869178144,81.98336029052734,13366200,0.0,0.0
2020-08-05 00:00:00-04:00,82.25793919674378,84.48877793950687,82.1292355768244,83.40767669677734,15260900,0.0,0.0
2020-08-06 00:00:00-04:00,83.72513161090438,84.17129667096803,82.83279494464007,83.43340301513672,10482100,0.0,0.0
2020-08-07 00:00:00-04:00,83.16741937072327,85.36393634042584,82.84995136807781,85.2695541381836,14743700,0.0,0.0
2020-08-10 00:00:00-04:00,85.89591515422255,87.5518850018929,85.82727235679413,86.35066223144531,14989900,0.0,0.0
2020-08-11 00:00:00-04:00,89.11345347140984,91.08689092309893,88.81314947992743,89.07913208007812,31518600,0.0,0.0
2020-08-12 00:00:00-04:00,91.08689124455915,91.31855245419571,87.26871990866593,88.32408142089844,19240800,0.0,0.0
2020-08-13 00:00:00-04:00,87.51754637724505,88.68444751929921,87.2086603957521,87.83501434326172,13598600,0.0,0.0
2020-08-14 00:00:00-04:00,87.08854202208673,88.64154742545092,87.01989923562712,87.86933898925781,12134400,0.0,0.0
2020-08-17 00:00:00-04:00,87.08854424708373,87.51755185421223,85.39825322761563,85.55269622802734,14988000,0.0,0.0
2020-08-18 00:00:00-04:00,85.72430158509563,85.72430158509563,84.1884535949463,84.36005401611328,13246500,0.0,0.0
2020-08-19 00:00:00-04:00,84.87484969405989,86.30773329901618,84.37719937921688,84.55738830566406,13533000,0.0,0.0
2020-08-20 00:00:00-04:00,83.45055494402557,84.11122372623396,83.05586876234918,83.54493713378906,13672600,0.0,0.0
2020-08-21 00:00:00-04:00,83.45914892183822,84.574571478021,83.17600883578721,83.5020523071289,12228300,0.0,0.0
2020-08-24 00:00:00-04:00,84.47159936915277,85.98170805324621,83.5878447024947,85.8530044555664,17898300,0.0,0.0
2020-08-25 00:00:00-04:00,86.89119093774978,87.50038745188773,85.62991417213621,86.23052215576172,13648900,0.0,0.0
2020-08-26 00:00:00-04:00,85.7500395788142,86.03317961445435,84.98640658878882,85.02072143554688,12052400,0.0,0.0
2020-08-27 00:00:00-04:00,84.94351355725165,88.07527066934745,84.94351355725165,87.81786346435547,22163900,0.0,0.0
2020-08-28 00:00:00-04:00,88.4956829923547,88.59006518355349,87.35452125959557,88.17821502685547,13756700,0.0,0.0
2020-08-31 00:00:00-04:00,87.62051582497645,87.67199464294387,85.81867864247798,85.96454620361328,14219400,0.0,0.0
2020-09-01 00:00:00-04:00,85.41541268127091,86.54799244235784,84.9778231122198,85.92163848876953,11595600,0.0,0.0
2020-09-02 00:00:00-04:00,85.7586022276261,87.46605690226127,85.4239768794813,87.21723175048828,14475700,0.0,0.0
2020-09-03 00:00:00-04:00,88.65013652514722,90.08302044027526,86.3506553632907,86.94268798828125,23281200,0.0,0.0
2020-09-04 00:00:00-04:00,89.27647745851311,90.27177161160523,86.97699663375218,88.82172393798828,26325500,0.0,0.0
2020-09-08 00:00:00-04:00,88.35839495024938,88.86462070032876,85.35534219976556,85.73286437988281,22108600,0.0,0.0
2020-09-09 00:00:00-04:00,86.48793571818896,87.2515687307953,85.42399214541042,86.5479965209961,13434000,0.0,0.0
2020-09-10 00:00:00-04:00,87.0027229464585,87.87789537256913,85.49261470248028,85.6556396484375,15922800,0.0,0.0
2020-09-11 00:00:00-04:00,85.77578144265348,86.96842205879878,85.4497314738903,86.71959686279297,13784300,0.0,0.0
2020-09-14 00:00:00-04:00,87.09712074589434,88.7702476898505,86.97699914715575,87.92081451416016,19017400,0.0,0.0
2020-09-15 00:00:00-04:00,88.14389475299643,88.24685237622846,85.06361711730155,85.1837387084961,23683000,0.0,0.0
2020-09-16 00:00:00-04:00,85.31244432583196,86.77106742304466,84.73757576190637,85.54410552978516,19270600,0.0,0.0
2020-09-17 00:00:00-04:00,84.68608533199436,85.23521445661443,83.83665224018137,84.56596374511719,18290100,0.0,0.0
2020-09-18 00:00:00-04:00,83.99110178381507,85.36392470272158,83.60499758810688,84.38578796386719,20121600,0.0,0.0
2020-09-21 00:00:00-04:00,81.68304547643004,82.4123636427579,80.49898684174781,81.77742767333984,28378800,0.0,0.0
2020-09-22 00:00:00-04:00,81.47711861331882,82.07773315156494,80.37027827402802,80.88508605957031,19257000,0.0,0.0
2020-09-23 00:00:00-04:00,81.32266283385123,81.8117311351236,79.50367517458879,79.57231140136719,19952700,0.0,0.0
2020-09-24 00:00:00-04:00,79.21197165249846,80.91084481432397,78.40543518165697,79.50370025634766,18366500,0.0,0.0
2020-09-25 00:00:00-04:00,78.98029712189489,80.41318085034146,78.82585413315516,80.19867706298828,13293100,0.0,0.0
2020-09-28 00:00:00-04:00,81.56294505866877,83.16743627680727,80.95375488608484,82.50676727294922,20894100,0.0,0.0
2020-09-29 00:00:00-04:00,82.39519526410395,82.39519526410395,80.9365721017657,81.8117446899414,12848200,0.0,0.0
2020-09-30 00:00:00-04:00,81.81174758628566,83.3990743888224,81.73452936083183,82.60111999511719,16400600,0.0,0.0
2020-10-01 00:00:00-04:00,83.33044768287556,83.88815238688501,82.3952076087274,83.20174407958984,15778700,0.0,0.0
2020-10-02 00:00:00-04:00,81.72594461008097,84.59171212407911,81.58865904129398,83.99110412597656,15149600,0.0,0.0
2020-10-05 00:00:00-04:00,85.1428529644015,85.94821178749147,84.45873038505584,85.766357421875,13871900,0.9,0.0
2020-10-06 00:00:00-04:00,86.65831200805233,87.3424345825821,84.4414131587567,84.883056640625,19220400,0.0,0.0
2020-10-07 00:00:00-04:00,85.69708559252678,86.90079312860487,85.44595146247647,86.3638916015625,16358500,0.0,0.0
2020-10-08 00:00:00-04:00,87.03934186006683,88.26036587861638,86.51109541164594,88.13912963867188,15659000,0.0,0.0
2020-10-09 00:00:00-04:00,88.32964790343176,88.4249058954074,86.69295201494796,87.6368637084961,13689100,0.0,0.0
2020-10-12 00:00:00-04:00,87.55026558826357,89.1956230632331,87.33377135752757,88.71067810058594,16058000,0.0,0.0
2020-10-13 00:00:00-04:00,89.1956328794053,89.38614888052042,86.82285769933596,87.27316284179688,21697300,0.0,0.0
2020-10-14 00:00:00-04:00,87.48966258115342,88.26904326781145,86.68430363942025,86.78822326660156,15204100,0.0,0.0
2020-10-15 00:00:00-04:00,85.81832641616788,88.13914523076217,85.76636990610885,88.08718872070312,17171200,0.0,0.0
2020-10-16 00:00:00-04:00,87.81872284303157,88.61542002572669,87.22119665257043,87.90531921386719,13275000,0.0,0.0
2020-10-19 00:00:00-04:00,87.98324624115503,88.21706368945101,86.21665268231023,86.42449188232422,11725700,0.0,0.0
2020-10-20 00:00:00-04:00,86.86614297107984,88.13046848494864,86.70161184850322,86.91810607910156,11257100,0.0,0.0
2020-10-21 00:00:00-04:00,86.90945468634767,87.45501783317377,86.0174994084293,86.05213928222656,10730500,0.0,0.0
2020-10-22 00:00:00-04:00,86.00882952613819,89.40345754961332,86.00016790680083,89.09170532226562,14837200,0.0,0.0
2020-10-23 00:00:00-04:00,89.62862107785466,90.45129659958526,89.13501444344024,89.8970718383789,15087600,0.0,0.0
2020-10-26 00:00:00-04:00,88.89252404734857,88.93581892526988,86.81417830763537,87.67149353027344,12410700,0.0,0.0
2020-10-27 00:00:00-04:00,87.03934729274388,87.39439441563367,85.87027970209317,86.01749420166016,10391700,0.0,0.0
2020-10-28 00:00:00-04:00,84.43275464052346,85.12553885981308,83.19440730818725,83.6014175415039,16389500,0.0,0.0
2020-10-29 00:00:00-04:00,83.23771598150633,84.84843381448493,82.47565195315828,84.14698791503906,14208800,0.0,0.0
2020-10-30 00:00:00-04:00,84.78783122573216,85.2294748428735,83.33298925855178,84.90040588378906,15194500,0.0,0.0
2020-11-02 00:00:00-05:00,86.06944541758892,87.35974917647387,84.74450178913182,86.8141860961914,15011600,0.0,0.0
2020-11-03 00:00:00-05:00,89.21295257024462,90.70243414977715,88.92718516565847,89.55068969726562,17482600,0.0,0.0
2020-11-04 00:00:00-05:00,87.46366878519035,88.39026382388698,85.67109682782846,86.8141860961914,18886500,0.0,0.0
2020-11-05 00:00:00-05:00,87.51563514131313,91.0141830795205,87.4636786345438,90.36470031738281,17837400,0.0,0.0
2020-11-06 00:00:00-05:00,90.95357547948734,91.01419361336083,88.66739642071427,89.16100311279297,12552800,0.0,0.0
2020-11-09 00:00:00-05:00,97.99396707375949,102.96467353772564,95.56056704762446,101.23271942138672,47792400,0.0,0.0
2020-11-10 00:00:00-05:00,101.6224263196877,101.70902272105616,99.31893033025368,100.9036636352539,20539300,0.0,0.0
2020-11-11 00:00:00-05:00,101.22403171883616,101.28464983301353,98.68671932790481,99.39682006835938,14443400,0.0,0.0
2020-11-12 00:00:00-05:00,97.44838767497623,98.68673501013804,97.04137744073088,98.17581176757812,22063000,0.0,0.0
2020-11-13 00:00:00-05:00,99.32755855123747,99.46611804155509,98.34900692666979,98.79065704345703,11847900,0.0,0.0
2020-11-16 00:00:00-05:00,102.0034360905535,102.71353699738056,100.21952550662027,101.57910919189453,19858600,0.0,0.0
2020-11-17 00:00:00-05:00,99.92507194248378,100.83435031185466,99.22363278186465,100.54857635498047,14553200,0.0,0.0
2020-11-18 00:00:00-05:00,101.61373700746567,102.71353148648197,99.76054677427615,99.80384826660156,12571200,0.0,0.0
2020-11-19 00:00:00-05:00,98.87723523061761,100.2974367106923,98.34032721473419,100.07228088378906,10202500,0.0,0.0
2020-11-20 00:00:00-05:00,99.09374483198579,100.15023779132032,98.79930922693323,99.21498107910156,12718900,0.0,0.0
2020-11-23 00:00:00-05:00,100.49663781575535,102.33250490632442,100.08096593084737,102.07271575927734,13209200,0.0,0.0
2020-11-24 00:00:00-05:00,103.9778568879945,106.94815822691189,103.66610464315512,106.79228210449219,20121600,0.0,0.0
2020-11-25 00:00:00-05:00,105.10364469760307,105.97827682573,104.32426397367917,105.67518615722656,11715600,0.0,0.0
2020-11-27 00:00:00-05:00,105.64917763410477,105.9522682157776,104.85248050317072,104.97371673583984,5983600,0.0,0.0
2020-11-30 00:00:00-05:00,103.91723336453136,104.5407378218193,101.98610187081339,102.08135986328125,14411800,0.0,0.0
2020-12-01 00:00:00-05:00,104.21167015042975,105.28548639914811,103.59682726651923,103.69208526611328,12668900,0.0,0.0
2020-12-02 00:00:00-05:00,103.65744819800972,105.91764878248655,103.28507780957806,105.683837890625,10811300,0.0,0.0
2020-12-03 00:00:00-05:00,105.51928955646947,105.55392942713759,104.22898575676109,104.99104309082031,12904400,0.0,0.0
2020-12-04 00:00:00-05:00,106.06486162789808,106.76630085566177,105.38073903241501,105.94361877441406,13583700,0.0,0.0
2020-12-07 00:00:00-05:00,104.91312091000977,105.79641459382347,104.09910036895437,105.54528045654297,9724300,0.0,0.0
2020-12-08 00:00:00-05:00,104.81784812288767,105.9349591524596,104.57537564022951,105.64918518066406,9592100,0.0,0.0
2020-12-09 00:00:00-05:00,106.66236662562193,106.77494784409892,104.2982535339115,104.82649993896484,13073900,0.0,0.0
2020-12-10 00:00:00-05:00,103.90857425964562,104.5926968553428,103.53620390013651,104.15104675292969,13668400,0.0,0.0
2020-12-11 00:00:00-05:00,102.99928481964736,103.93453476161001,102.50567829779418,103.53618621826172,9981600,0.0,0.0
2020-12-14 00:00:00-05:00,105.07764793230257,105.14692767922207,102.28054587095029,102.44508361816406,12112400,0.0,0.0
2020-12-15 00:00:00-05:00,103.30239595348644,104.69661943625484,102.72219295570534,104.19435119628906,12590200,0.0,0.0
2020-12-16 00:00:00-05:00,104.1770368877139,104.85249789803675,103.7960048893245,104.49744415283203,11169400,0.0,0.0
2020-12-17 00:00:00-05:00,105.00837664159565,105.17290778482672,103.55353496506574,103.6314697265625,11618000,0.0,0.0
2020-12-18 00:00:00-05:00,103.17250094024254,103.81332208080546,102.41909855943351,103.12054443359375,28954800,0.0,0.0
2020-12-21 00:00:00-05:00,106.66239481977074,108.24713445382613,104.86116091680769,106.99147033691406,28323600,0.0,0.0
2020-12-22 00:00:00-05:00,106.85290779330253,106.96548243145443,105.3114696996384,105.3634262084961,11788200,0.0,0.0
2020-12-23 00:00:00-05:00,106.3246586955096,109.56341093806364,105.95228830830213,108.30774688720703,14973200,0.0,0.0
2020-12-24 00:00:00-05:00,108.32506569819958,108.7234209540961,107.00878349305464,107.83145904541016,4164900,0.0,0.0
2020-12-28 00:00:00-05:00,108.95722919168941,109.67599170921521,108.0652739116448,108.54155731201172,8072600,0.0,0.0
2020-12-29 00:00:00-05:00,109.28629888670919,109.35557863497822,108.15187108804568,108.25579071044922,8389200,0.0,0.0
2020-12-30 00:00:00-05:00,108.67144303055889,108.98319525372217,108.16051981346773,108.55886840820312,7398000,0.0,0.0
2020-12-31 00:00:00-05:00,108.32505088380172,110.26484396183136,108.09124001998475,110.03968811035156,8580200,0.0,0.0
2021-01-04 00:00:00-05:00,110.41206654756964,110.72381879343084,108.05660807078733,109.00052642822266,16819900,0.0,0.0
2021-01-05 00:00:00-05:00,109.01797141316496,110.16057570611696,107.95386980122956,109.59363555908203,13731200,0.9,0.0
2021-01-06 00:00:00-05:00,113.28308262291291,115.80377886043698,111.53864913808526,114.73967742919922,24909100,0.0,0.0
2021-01-07 00:00:00-05:00,118.35063737214384,120.53117085365899,117.67902933333953,118.50762939453125,21940400,0.0,0.0
2021-01-08 00:00:00-05:00,118.59487543099225,118.92632083318186,116.98127506750556,118.63848876953125,12035100,0.0,0.0
2021-01-11 00:00:00-05:00,117.38247617800633,120.53988429827959,116.9725348320248,120.4090576171875,15937900,0.0,0.0
2021-01-12 00:00:00-05:00,121.62146280752208,123.55777800523482,121.08941199537716,122.30178833007812,18033500,0.0,0.0
2021-01-13 00:00:00-05:00,120.88009463551143,122.79896213192859,120.4527184361693,122.41519927978516,14816800,0.0,0.0
2021-01-14 00:00:00-05:00,122.53728752154211,124.50848537087764,122.10989808702536,123.13038635253906,18565600,0.0,0.0
2021-01-15 00:00:00-05:00,119.86830650296139,123.54904889344873,119.50197839462342,120.92369079589844,27881000,0.0,0.0
2021-01-19 00:00:00-05:00,121.98778752588562,122.72044371308672,120.2084777414083,120.40035247802734,19843800,0.0,0.0
2021-01-20 00:00:00-05:00,120.20846409808344,120.51373082030904,118.1325918276968,118.59486389160156,16028800,0.0,0.0
2021-01-21 00:00:00-05:00,118.3506596108685,118.76060104713716,117.1557312973192,117.60055541992188,13411700,0.0,0.0
2021-01-22 00:00:00-05:00,115.73401639267233,117.22549408844472,115.3066269681873,116.69344329833984,12933200,0.0,0.0
2021-01-25 00:00:00-05:00,115.25429492086566,116.15267378892636,113.44008918770673,115.23684692382812,14212800,0.0,0.0
2021-01-26 00:00:00-05:00,115.78634977659756,116.15267787373529,114.55652546618491,114.76586151123047,11307800,0.0,0.0
2021-01-27 00:00:00-05:00,113.03014295715568,113.25692698222981,111.07638660311244,111.5212173461914,17603900,0.0,0.0
2021-01-28 00:00:00-05:00,113.30052529785736,115.28045361643109,112.506821148854,113.48369598388672,13761800,0.0,0.0
2021-01-29 00:00:00-05:00,114.42570416358906,114.88797630626985,111.80906336701551,112.22772216796875,14808100,0.0,0.0
2021-02-01 00:00:00-05:00,112.86443975420528,113.4488346051782,112.06200480203695,113.05632781982422,11080700,0.0,0.0
2021-02-02 00:00:00-05:00,115.07984314383245,117.21676340523528,114.45184840373322,116.53643798828125,12253600,0.0,0.0
2021-02-03 00:00:00-05:00,116.57130797220762,118.41167865835479,116.44919863654039,117.87091064453125,10600800,0.0,0.0
2021-02-04 00:00:00-05:00,118.15876646422585,120.94112971880614,118.15876646422585,120.5835189819336,12419500,0.0,0.0
2021-02-05 00:00:00-05:00,121.57784676628552,121.6650734452593,119.82470231386276,120.3480224609375,10051300,0.0,0.0
2021-02-08 00:00:00-05:00,120.53989837494017,122.3715519776485,120.52245037911706,122.23199462890625,10136400,0.0,0.0
2021-02-09 00:00:00-05:00,121.61272840307855,122.09244851544936,120.83645887903215,121.74356842041016,8614800,0.0,0.0
2021-02-10 00:00:00-05:00,122.10989627388815,122.86871779902069,121.2725654149413,121.81334686279297,10323200,0.0,0.0
2021-02-11 00:00:00-05:00,121.8133377735669,122.58960723817187,120.55734823332482,121.47317504882812,9201000,0.0,0.0
2021-02-12 00:00:00-05:00,121.28129012278669,123.51415455862468,121.23767678589948,123.20015716552734,8324600,0.0,0.0
2021-02-16 00:00:00-05:00,125.20624547675615,126.75006703524645,124.20319200734058,126.1656723022461,12130600,0.0,0.0
2021-02-17 00:00:00-05:00,125.55512827144992,126.80240047332931,124.83118948316998,126.55818176269531,10810100,0.0,0.0
2021-02-18 00:00:00-05:00,125.59874886101453,127.16000523051382,125.07541541719137,126.98556518554688,10587800,0.0,0.0
2021-02-19 00:00:00-05:00,127.22102714307795,129.82021894174162,127.22102714307795,129.10501098632812,11969800,0.0,0.0
2021-02-22 00:00:00-05:00,128.10198373836826,130.99773874890658,128.03220506606266,130.31741333007812,11488400,0.0,0.0
2021-02-23 00:00:00-05:00,132.14907687709675,132.84685041429984,130.47442837316328,131.3640899658203,16234400,0.0,0.0
2021-02-24 00:00:00-05:00,130.92797816328596,134.1115523371047,130.92797816328596,133.67544555664062,15061400,0.0,0.0
2021-02-25 00:00:00-05:00,134.5563398133027,135.10582510260912,131.34658818015205,131.86119079589844,18127700,0.0,0.0
2021-02-26 00:00:00-05:00,131.09367972517066,131.59083445407373,127.78798340943239,128.3636474609375,19829200,0.0,0.0
2021-03-01 00:00:00-05:00,130.41337712539013,132.03569490307837,129.50626755672417,131.2681427001953,14845500,0.0,0.0
2021-03-02 00:00:00-05:00,130.90180535261874,132.38456565981377,130.69246931872738,130.8407440185547,14221700,0.0,0.0
2021-03-03 00:00:00-05:00,131.9048072525262,135.17560696932404,131.54720993160075,133.37013244628906,14324100,0.0,0.0
2021-03-04 00:00:00-05:00,133.10852092740717,134.65234275952952,129.62838379639877,131.3204803466797,20093900,0.0,0.0
2021-03-05 00:00:00-05:00,133.6405588158569,133.87606019666146,129.06143775990142,131.62574768066406,18465100,0.0,0.0
2021-03-08 00:00:00-05:00,132.98635648342454,135.5942789154952,131.48614861527315,133.37013244628906,17133300,0.0,0.0
2021-03-09 00:00:00-05:00,132.14032960310567,134.53891644408614,130.6750174848975,132.42816162109375,16238800,0.0,0.0
2021-03-10 00:00:00-05:00,132.49794448719862,136.20485154068749,132.14905113210608,135.3064727783203,14342200,0.0,0.0
2021-03-11 00:00:00-05:00,134.41683539572196,136.19614524365193,133.76267521048072,134.60000610351562,11771500,0.0,0.0
2021-03-12 00:00:00-05:00,136.81545991720162,137.48706828303764,135.2542030401262,136.19618225097656,12849500,0.0,0.0
2021-03-15 00:00:00-04:00,136.37060227841113,136.86775711193954,134.28601229767517,135.5158233642578,12101100,0.0,0.0
2021-03-16 00:00:00-04:00,134.39934846186696,134.8441857766715,132.74214846291915,133.89346313476562,12805600,0.0,0.0
2021-03-17 00:00:00-04:00,135.48965984920613,136.8328762701881,133.49229652546683,135.2716064453125,13952400,0.0,0.0
2021-03-18 00:00:00-04:00,137.46087079166534,141.02822127623253,137.0334813298985,137.5044708251953,21898500,0.0,0.0
2021-03-19 00:00:00-04:00,135.63788494894038,136.01294358707707,131.86993042865822,135.31517028808594,54418800,0.0,0.0
2021-03-22 00:00:00-04:00,133.27423777670813,134.29472606893358,131.3640879057773,131.67808532714844,19944800,0.0,0.0
2021-03-23 00:00:00-04:00,131.1198597095322,132.68111605024924,129.92493144916907,130.3610382080078,17076300,0.0,0.0
2021-03-24 00:00:00-04:00,130.83203458361803,133.60566732850776,130.70992521703022,131.372802734375,13079800,0.0,0.0
2021-03-25 00:00:00-04:00,130.83200558698724,133.42248036232317,130.24762422576907,133.05615234375,15608300,0.0,0.0
2021-03-26 00:00:00-04:00,134.582563544935,135.58560387927628,133.05618971767956,135.2716064453125,16754400,0.0,0.0
2021-03-29 00:00:00-04:00,132.68114862126544,134.08541326180676,131.7391561938596,133.16958618164062,17570300,0.0,0.0
2021-03-30 00:00:00-04:00,134.72211304062506,135.95192405189854,134.21622757609916,134.7395477294922,13184300,0.0,0.0
2021-03-31 00:00:00-04:00,133.69284991726477,134.74823383743856,132.68107932268663,132.7770233154297,16736700,0.0,0.0
2021-04-01 00:00:00-04:00,132.48921464172892,134.13769749142878,132.18394792670048,134.06793212890625,16561500,0.0,0.0
2021-04-05 00:00:00-04:00,135.46291203187323,135.93668879941802,133.88369183954055,134.77857971191406,13508000,0.9,0.0
2021-04-06 00:00:00-04:00,134.05037705379144,135.35763411870155,133.23444751439894,133.83103942871094,13071600,0.0,0.0
2021-04-07 00:00:00-04:00,134.3223927956188,136.19114061745248,133.9275742846724,135.9279327392578,16903500,0.0,0.0
2021-04-08 00:00:00-04:00,135.111991370403,136.43678594687682,133.62926672573258,136.09461975097656,12335500,0.0,0.0
2021-04-09 00:00:00-04:00,136.69999461158375,137.7791320993026,135.96302332179076,137.1123504638672,12122400,0.0,0.0
2021-04-12 00:00:00-04:00,136.4981690782208,137.96334255644553,136.48940039414902,136.82278442382812,12273400,0.0,0.0
2021-04-13 00:00:00-04:00,135.76998776147846,136.16479280287132,133.73452820725734,135.19093322753906,16113600,0.0,0.0
2021-04-14 00:00:00-04:00,132.89227561232016,134.96282323910145,132.4184988657273,132.66416931152344,19939600,0.0,0.0
2021-04-15 00:00:00-04:00,132.69923276377014,133.53271287061088,131.00595311209497,133.5063934326172,17694100,0.0,0.0
2021-04-16 00:00:00-04:00,134.9979620181255,135.55946598925112,133.96269450995754,134.4978790283203,13773400,0.0,0.0
2021-04-19 00:00:00-04:00,134.6031302528563,135.00671742768907,133.55031218835987,133.9275665283203,11900200,0.0,0.0
2021-04-20 00:00:00-04:00,133.12915371390605,133.13792239842357,130.4181308198766,130.96209716796875,13716700,0.0,0.0
2021-04-21 00:00:00-04:00,129.66365578225899,132.13779121498087,128.78630507062303,132.0763702392578,12236700,0.0,0.0
2021-04-22 00:00:00-04:00,131.80442061715888,131.86584160544368,129.19868739969283,129.29519653320312,15256100,0.0,0.0
2021-04-23 00:00:00-04:00,129.12840840955081,132.59395274216834,128.69851533814372,131.7692413330078,14041900,0.0,0.0
2021-04-26 00:00:00-04:00,132.28693606961383,133.7608921913555,131.93600114826583,132.0939178466797,10799100,0.0,0.0
2021-04-27 00:00:00-04:00,132.04126682754392,132.980038406312,131.69910062507782,132.69927978515625,12821200,0.0,0.0
2021-04-28 00:00:00-04:00,133.73448836362388,134.13807535751496,132.83081870290684,133.55902099609375,8943700,0.0,0.0
2021-04-29 00:00:00-04:00,134.70838481520443,136.23497944724213,134.4100888693724,136.15602111816406,12976900,0.0,0.0
2021-04-30 00:00:00-04:00,135.19972113132627,135.54188730026488,134.2433988856152,134.94528198242188,11705100,0.0,0.0
2021-05-03 00:00:00-04:00,135.85774857346306,136.41047035952002,134.3487044392825,134.5504913330078,11801100,0.0,0.0
2021-05-04 00:00:00-04:00,134.12057592691917,136.55084072844346,133.4801137660702,136.41046142578125,12977700,0.0,0.0
2021-05-05 00:00:00-04:00,136.86667982146287,138.86703791709974,135.66471390440475,138.20025634765625,10506700,0.0,0.0
2021-05-06 00:00:00-04:00,138.682806437872,141.09552042555404,137.88441423263083,140.98146057128906,13542400,0.0,0.0
2021-05-07 00:00:00-04:00,137.93705163157279,141.6921108353581,137.76158420273646,141.46400451660156,14257800,0.0,0.0
2021-05-10 00:00:00-04:00,141.69212927777525,143.64861746920158,141.35873174847708,141.44647216796875,14014300,0.0,0.0
2021-05-11 00:00:00-04:00,141.32364726184613,142.4729744953953,138.65649373321543,139.0951690673828,15451700,0.0,0.0
2021-05-12 00:00:00-04:00,140.0339355674534,141.06043420524304,137.7703693197731,138.13885498046875,14381700,0.0,0.0
2021-05-13 00:00:00-04:00,138.77931296407323,142.52560381452486,138.34063765938876,141.69212341308594,15395000,0.0,0.0
2021-05-14 00:00:00-04:00,142.4729530073966,144.28029296961097,142.12201814791476,143.89425659179688,10584000,0.0,0.0
2021-05-17 00:00:00-04:00,143.33275399402677,144.63124243714424,143.0344580222188,144.4733123779297,9886800,0.0,0.0
2021-05-18 00:00:00-04:00,144.48209667594477,145.20153062519208,142.34137236403018,142.43788146972656,11098100,0.0,0.0
2021-05-19 00:00:00-04:00,141.2534512224979,141.41136790975796,139.1829032032472,141.34996032714844,13278900,0.0,0.0
2021-05-20 00:00:00-04:00,141.1043243408203,142.0079945526582,139.95499698716108,141.1043243408203,10426000,0.0,0.0
2021-05-21 00:00:00-04:00,141.55172975430392,143.201153016663,141.20079490105186,142.7098388671875,10249000,0.0,0.0
2021-05-24 00:00:00-04:00,143.32403212904322,144.08732306722894,142.23611228037512,143.48194885253906,9440300,0.0,0.0
2021-05-25 00:00:00-04:00,143.7538923769107,145.3769828553027,141.7447521288418,141.9991912841797,12609100,0.0,0.0
2021-05-26 00:00:00-04:00,143.5082230579018,143.65737103158918,141.52540242431533,141.98162841796875,13058300,0.0,0.0
2021-05-27 00:00:00-04:00,143.84164811455602,144.54353136922816,142.63091322223892,144.19259643554688,15707500,0.0,0.0
2021-05-28 00:00:00-04:00,144.48210765954946,144.71022741070541,143.2362712650468,144.09608459472656,10291300,0.0,0.0
2021-06-01 00:00:00-04:00,145.52615194859865,146.43860414605135,145.18398572138113,145.68408203125,9445400,0.0,0.0
2021-06-02 00:00:00-04:00,146.74562789564962,146.9035579342258,145.2278154023332,145.69281005859375,10498600,0.0,0.0
2021-06-03 00:00:00-04:00,145.12260113637456,146.7369234187291,144.4645880268735,145.7893829345703,13354400,0.0,0.0
2021-06-04 00:00:00-04:00,145.82444297733966,146.22801673945722,144.789162351524,146.02622985839844,8510800,0.0,0.0
2021-06-07 00:00:00-04:00,146.51755027819704,146.60529069316695,144.88567762583378,145.34190368652344,7267200,0.0,0.0
2021-06-08 00:00:00-04:00,144.31538870559413,145.42961420282356,143.148510932976,144.76283264160156,10370700,0.0,0.0
2021-06-09 00:00:00-04:00,144.00836950109343,144.07855917631048,142.37649636740397,142.95555114746094,12377400,0.0,0.0
2021-06-10 00:00:00-04:00,144.20134990336555,144.9734227407462,140.64807717881288,140.72703552246094,12119400,0.0,0.0
2021-06-11 00:00:00-04:00,140.7533675039224,141.42893129678694,139.55140131922167,140.6305389404297,13683800,0.0,0.0
2021-06-14 00:00:00-04:00,140.50772441200175,140.66565451644453,137.44577870647086,138.24417114257812,19917900,0.0,0.0
2021-06-15 00:00:00-04:00,137.48082385375696,137.67384203920778,135.22603997798194,136.14724731445312,24485500,0.0,0.0
2021-06-16 00:00:00-04:00,135.75247950882363,138.2880226727658,134.33117555986186,137.10360717773438,25321200,0.0,0.0
2021-06-17 00:00:00-04:00,137.831775319218,138.14762204940885,132.6992693004434,133.14671325683594,29722400,0.0,0.0
2021-06-18 00:00:00-04:00,130.98841197034406,131.33934676088225,129.46181751816428,129.7776641845703,43595700,0.0,0.0
2021-06-21 00:00:00-04:00,130.79542787273434,132.65540684399085,130.74278897917915,131.97984313964844,18664800,0.0,0.0
2021-06-22 00:00:00-04:00,132.12900090284302,132.4536163290822,130.42693865886216,131.78683471679688,14251200,0.0,0.0
2021-06-23 00:00:00-04:00,131.77808971131788,133.39241199766653,131.68158058619315,132.5852508544922,12733300,0.0,0.0
2021-06-24 00:00:00-04:00,133.2870844429515,134.3399023503989,132.67294177921602,133.80471801757812,13733200,0.0,0.0
2021-06-25 00:00:00-04:00,133.87493070772467,135.55067364011308,133.06776972683014,135.15586853027344,15484900,0.0,0.0
2021-06-28 00:00:00-04:00,134.84876941666292,135.53310173691733,133.46255401767664,135.40150451660156,14125800,0.0,0.0
2021-06-29 00:00:00-04:00,135.98933953716195,137.1386666519262,134.76982276970807,135.2348175048828,14528700,0.0,0.0
2021-06-30 00:00:00-04:00,134.89262242323983,136.93685043782142,134.85753429806402,136.46307373046875,12531000,0.0,0.0
2021-07-01 00:00:00-04:00,137.0948055545638,137.86687839814098,136.3578342333174,137.81423950195312,10479400,0.0,0.0
2021-07-02 00:00:00-04:00,137.61124487717493,137.9377443286145,136.87884611182145,137.6818389892578,11424000,0.9,0.0
2021-07-06 00:00:00-04:00,137.46123240110984,137.46123240110984,134.43458569399525,135.36993408203125,15083400,0.0,0.0
2021-07-07 00:00:00-04:00,134.13458963201415,136.13765589444844,133.7286902353244,135.52879333496094,12271800,0.0,0.0
2021-07-08 00:00:00-04:00,133.78162505773517,134.59343727062452,132.39624064812526,133.19041442871094,17834600,0.0,0.0
2021-07-09 00:00:00-04:00,135.05232203464234,137.78777419745526,134.63758988861548,137.4524688720703,13694500,0.0,0.0
2021-07-12 00:00:00-04:00,136.1994338040977,140.44380645180723,135.83764394709274,139.4202117919922,19940400,0.0,0.0
2021-07-13 00:00:00-04:00,137.69954357144834,138.88196510625443,135.44940419646616,137.34657287597656,22671700,0.0,0.0
2021-07-14 00:00:00-04:00,137.61128999670092,138.78489224903154,134.96407051565717,136.87889099121094,14622800,0.0,0.0
2021-07-15 00:00:00-04:00,135.80234396312886,138.12307717875615,135.62586537031598,137.1789093017578,11539300,0.0,0.0
2021-07-16 00:00:00-04:00,137.6201047273012,137.90246776693053,133.26101506281606,134.04635620117188,14002700,0.0,0.0
2021-07-19 00:00:00-04:00,131.08145943847524,132.2021192170501,128.5754287611085,129.687255859375,22172900,0.0,0.0
2021-07-20 00:00:00-04:00,129.29019336693918,133.34925484973104,129.12253399160963,132.10507202148438,15385200,0.0,0.0
2021-07-21 00:00:00-04:00,134.16988134329307,135.5817233523606,133.56101883864355,134.88462829589844,12356700,0.0,0.0
2021-07-22 00:00:00-04:00,134.90226723173632,135.39641256065912,132.33446189988717,133.1815643310547,9913300,0.0,0.0
2021-07-23 00:00:00-04:00,133.66687709906506,134.86694997710694,132.58152132680155,132.9256591796875,9666100,0.0,0.0
2021-07-26 00:00:00-04:00,132.528634358016,134.09049763269448,132.5109824579729,133.8169403076172,8208000,0.0,0.0
2021-07-27 00:00:00-04:00,132.71394282017397,134.55818278554364,132.1845069565364,133.64047241210938,11218700,0.0,0.0
2021-07-28 00:00:00-04:00,134.38168534999608,134.80525018139042,133.13750236808386,133.86106872558594,9217300,0.0,0.0
2021-07-29 00:00:00-04:00,135.13173034066318,135.7758833130858,134.04637411997345,135.00819396972656,9063500,0.0,0.0
2021-07-30 00:00:00-04:00,134.637583768199,135.59940361017456,133.41985850420323,133.93165588378906,9805200,0.0,0.0
2021-08-02 00:00:00-04:00,134.15222626598455,136.2876478573174,133.30512377352179,133.3933563232422,10203200,0.0,0.0
2021-08-03 00:00:00-04:00,134.0816685262622,135.29057461904614,131.93742713752215,134.9111328125,10394800,0.0,0.0
2021-08-04 00:00:00-04:00,133.4639583763172,135.3346555008019,133.1639434534191,133.45513916015625,10155000,0.0,0.0
2021-08-05 00:00:00-04:00,134.37282902331975,135.6170251260888,134.13457555451362,135.14051818847656,9151500,0.0,0.0
2021-08-06 00:00:00-04:00,136.94066237159782,139.2613956986616,136.8700682381922,138.97901916503906,13328800,0.0,0.0
2021-08-09 00:00:00-04:00,138.99666939152928,139.9055469684494,137.56716177006567,138.82901000976562,9516900,0.0,0.0
2021-08-10 00:00:00-04:00,138.30834389164278,141.16733118165564,137.92890224811623,140.53199768066406,8667000,0.0,0.0
2021-08-11 00:00:00-04:00,141.18503866108958,142.5086483985373,140.37322630452286,142.20863342285156,9156500,0.0,0.0
2021-08-12 00:00:00-04:00,142.8439226420802,143.27629307093648,141.67032075834828,142.76449584960938,8844200,0.0,0.0
2021-08-13 00:00:00-04:00,142.76454253593573,143.09104209865234,140.8056124819098,141.16738891601562,8980900,0.0,0.0
2021-08-16 00:00:00-04:00,140.2496926676909,140.32910602201642,138.3436913771498,140.24085998535156,8755800,0.0,0.0
2021-08-17 00:00:00-04:00,139.04080509113436,140.1791036043597,137.01126735448594,138.54664611816406,9347200,0.0,0.0
2021-08-18 00:00:00-04:00,137.92895827473794,139.42904663635017,137.07302289001214,137.28480529785156,8065500,0.0,0.0
2021-08-19 00:00:00-04:00,135.14940418454063,137.26717473429835,135.0170351098953,136.1376953125,9517700,0.0,0.0
2021-08-20 00:00:00-04:00,136.1994386103348,136.6847513779588,135.14937279850864,136.5259246826172,6974100,0.0,0.0
2021-08-23 00:00:00-04:00,137.06417890748125,138.61720922433867,136.98476556806037,138.2730712890625,7934600,0.0,0.0
2021-08-24 00:00:00-04:00,138.53780239950194,139.90553498869335,138.4230852608647,139.12901306152344,7670900,0.0,0.0
2021-08-25 00:00:00-04:00,139.87022366767383,142.75569616047386,139.24372270833126,141.996826171875,11335000,0.0,0.0
2021-08-26 00:00:00-04:00,143.17927050417782,144.564655139812,142.19979877343872,142.729248046875,11027500,0.0,0.0
2021-08-27 00:00:00-04:00,142.72925735882112,143.97345380745224,142.29687330849004,143.8763885498047,8780200,0.0,0.0
2021-08-30 00:00:00-04:00,144.0175885580635,144.26466133139064,141.07917293479102,141.5733184814453,7937600,0.0,0.0
2021-08-31 00:00:00-04:00,141.57331424840362,142.39394590717697,140.61149430496306,141.14093017578125,12340800,0.0,0.0
2021-09-01 00:00:00-04:00,141.37914567739637,141.85563917935198,140.27613774611248,140.9379425048828,8729900,0.0,0.0
2021-09-02 00:00:00-04:00,141.2026966143261,142.60571976469916,140.6820665289585,141.59095764160156,8813300,0.0,0.0
2021-09-03 00:00:00-04:00,141.5291302892933,141.97033339057103,140.4349417509225,140.73497009277344,7959700,0.0,0.0
2021-09-07 00:00:00-04:00,141.17617555260935,142.4027196560747,140.2672982259491,140.48789978027344,9285600,0.0,0.0
2021-09-08 00:00:00-04:00,140.20554235180816,140.81440487866988,139.45549157955347,139.8614044189453,7852700,0.0,0.0
2021-09-09 00:00:00-04:00,139.65844844234337,141.91740640909688,139.49078909154576,140.4702606201172,7904300,0.0,0.0
2021-09-10 00:00:00-04:00,141.6791509092029,141.8203391462153,138.73191714993789,138.85545349121094,8311600,0.0,0.0
2021-09-13 00:00:00-04:00,139.88790588012023,141.22916757343177,139.482006417122,141.06150817871094,10052800,0.0,0.0
2021-09-14 00:00:00-04:00,141.5821189023699,142.3674601414158,137.88483354778205,138.59959411621094,11685600,0.0,0.0
2021-09-15 00:00:00-04:00,138.29073397946934,140.02907568843747,138.07013237644753,139.5614013671875,11691500,0.0,0.0
2021-09-16 00:00:00-04:00,140.66443216338496,141.9350997568921,138.73195965363078,139.49964904785156,10880900,0.0,0.0
2021-09-17 00:00:00-04:00,138.87312149705937,140.311434752066,138.5378027613687,139.13783264160156,25581600,0.0,0.0
2021-09-20 00:00:00-04:00,135.79353194974257,136.38474267247824,132.79335531940697,134.972900390625,15819900,0.0,0.0
2021-09-21 00:00:00-04:00,135.4758504940612,136.37590877203897,134.63756712564353,134.9905242919922,8999900,0.0,0.0
2021-09-22 00:00:00-04:00,136.94948947355948,138.75842553591713,136.86125690006335,137.5760040283203,11236200,0.0,0.0
2021-09-23 00:00:00-04:00,139.42019647277522,142.6939297953238,139.1290007758004,142.2262420654297,12336100,0.0,0.0
2021-09-24 00:00:00-04:00,142.4557113515801,144.35287999190146,141.90862361546894,143.8675537109375,10102400,0.0,0.0
2021-09-27 00:00:00-04:00,145.59706204793278,147.71483211012122,145.2529240762158,147.34422302246094,13220900,0.0,0.0
2021-09-28 00:00:00-04:00,147.97955822002362,149.3914139186296,146.1794549955321,146.55006408691406,13387900,0.0,0.0
2021-09-29 00:00:00-04:00,146.6647522408941,147.27360125780172,145.63232505501117,146.43531799316406,7777100,0.0,0.0
2021-09-30 00:00:00-04:00,147.2912854433882,147.35306035884318,143.64694243625956,144.4411163330078,13161200,0.0,0.0
2021-10-01 00:00:00-04:00,144.7146415713932,148.5089915737775,144.3616844167561,147.47657775878906,11285000,0.0,0.0
2021-10-04 00:00:00-04:00,147.33540092187218,150.39735227429443,146.2412121146315,147.3177490234375,14120000,0.0,0.0
2021-10-05 00:00:00-04:00,148.4362684606215,151.03729209525454,147.95689013320944,149.7234649658203,12292900,1.0,0.0
2021-10-06 00:00:00-04:00,149.12867566366666,150.11404929063713,147.36210102199217,150.04302978515625,8692600,0.0,0.0
2021-10-07 00:00:00-04:00,151.9782784060651,152.25347055621103,150.50465397141386,150.99290466308594,10195400,0.0,0.0
2021-10-08 00:00:00-04:00,150.93078012107802,152.1025683058946,150.2916180036915,151.1083221435547,8190100,0.0,0.0
2021-10-11 00:00:00-04:00,151.6232009399624,152.0581768558747,147.77048358011973,147.93026733398438,12154700,0.0,0.0
2021-10-12 00:00:00-04:00,147.14020278889987,147.97466523143729,146.27023735853876,146.7939910888672,13032600,0.0,0.0
2021-10-13 00:00:00-04:00,145.6488413483321,146.83838791572575,142.568438869444,142.92352294921875,22753500,0.0,0.0
2021-10-14 00:00:00-04:00,143.5893098167956,145.59556052113143,142.089054582482,145.11619567871094,15176800,0.0,0.0
2021-10-15 00:00:00-04:00,146.78509865931744,148.40074852337628,145.71094717266894,147.90362548828125,14267400,0.0,0.0
2021-10-18 00:00:00-04:00,147.78820990650408,149.67906536542753,147.28221453665418,147.85035705566406,12672900,0.0,0.0
2021-10-19 00:00:00-04:00,148.60493659348077,149.71459117839504,147.8770102294829,149.64358520507812,8053900,0.0,0.0
2021-10-20 00:00:00-04:00,149.40389453105317,151.68533729116422,148.6582099083732,151.65870666503906,8185600,0.0,0.0
2021-10-21 00:00:00-04:00,151.58770430673212,152.09371335156658,149.7412372613683,150.46917724609375,8415200,0.0,0.0
2021-10-22 00:00:00-04:00,150.9396628134963,152.76837150680382,150.64671236084186,152.49317932128906,8817900,0.0,0.0
2021-10-25 00:00:00-04:00,153.31875694687224,153.54068785849694,151.33912346235658,151.7474822998047,10159200,0.0,0.0
2021-10-26 00:00:00-04:00,151.8007539480115,153.12346714829795,151.39239508259521,152.1558380126953,8015100,0.0,0.0
2021-10-27 00:00:00-04:00,151.19710061314262,151.5344263937014,148.55167434756933,148.98666381835938,9847000,0.0,0.0
2021-10-28 00:00:00-04:00,149.40389638735192,151.3657581127488,149.10207359045828,151.23260498046875,7212900,0.0,0.0
2021-10-29 00:00:00-04:00,151.9605569371453,152.90155556421672,150.37153726012215,150.81539916992188,8140100,0.0,0.0
2021-11-01 00:00:00-04:00,152.72399679586806,152.98144428374235,150.03419476192366,150.73550415039062,7435500,0.0,0.0
2021-11-02 00:00:00-04:00,150.73550317179578,152.41330060332,149.95430189723547,151.3302764892578,7173800,0.0,0.0
2021-11-03 00:00:00-04:00,151.0284151361247,151.91613870516917,150.1584362856387,151.3834991455078,8402700,0.0,0.0
2021-11-04 00:00:00-04:00,150.91301764530465,151.09055966282864,147.79711256915726,149.39500427246094,9574200,0.0,0.0
2021-11-05 00:00:00-04:00,149.9365180294975,150.9929113329834,148.61381846932426,149.1819610595703,7975600,0.0,0.0
2021-11-08 00:00:00-05:00,150.06967988635157,151.72971871249374,149.7944877328828,150.07855224609375,6413700,0.0,0.0
2021-11-09 00:00:00-05:00,148.56057654512898,149.5548228210101,147.89478372561797,148.94229125976562,7990300,0.0,0.0
2021-11-10 00:00:00-05:00,148.6493205405367,149.9809059981329,148.3297394888901,148.80023193359375,6999200,0.0,0.0
2021-11-11 00:00:00-05:00,148.71147469687327,149.74122387123737,148.16107680416025,148.79136657714844,5815300,0.0,0.0
2021-11-12 00:00:00-05:00,148.8268602787252,148.90676569960334,147.11356018475198,148.1255645751953,8113400,0.0,0.0
2021-11-15 00:00:00-05:00,148.43625080829239,148.95111851267316,147.36209942471726,147.85922241210938,6492500,0.0,0.0
2021-11-16 00:00:00-05:00,148.30311866476382,148.31200457091123,146.58093252515914,146.7939910888672,9706100,0.0,0.0
2021-11-17 00:00:00-05:00,146.66082661144287,146.97152175403755,145.04516310583514,146.00390625,9909600,0.0,0.0
2021-11-18 00:00:00-05:00,145.93292440374586,146.34128333828713,144.30838811892588,144.74337768554688,8122500,0.0,0.0
2021-11-19 00:00:00-05:00,143.189817325069,143.90887126341005,141.5475232705074,142.85247802734375,12193600,0.0,0.0
2021-11-22 00:00:00-05:00,145.7287302269754,147.34438036587372,144.6900950922002,145.89739990234375,14549900,0.0,0.0
2021-11-23 00:00:00-05:00,146.91825317693468,149.6346851771418,146.80284477640728,149.38612365722656,12354400,0.0,0.0
2021-11-24 00:00:00-05:00,149.54591023199765,150.4158754893731,147.75270492772154,148.21432495117188,9629800,0.0,0.0
2021-11-26 00:00:00-05:00,143.93551239964296,144.38824658577076,140.98827691858202,143.74908447265625,13619300,0.0,0.0
2021-11-29 00:00:00-05:00,144.97416788771696,146.27912292385244,141.87602057445622,143.12770080566406,12104400,0.0,0.0
2021-11-30 00:00:00-05:00,141.29011232202862,142.59506729066257,140.51778346481132,140.99716186523438,18922600,0.0,0.0
2021-12-01 00:00:00-05:00,142.92349479520567,144.93863109222534,140.08278207982204,140.1626739501953,12253400,0.0,0.0
2021-12-02 00:00:00-05:00,141.8848614412083,144.92087445985865,140.97050723729842,143.10992431640625,12969900,0.0,0.0
2021-12-03 00:00:00-05:00,143.367375485278,143.6603259275297,139.54128856067402,140.5177764892578,12681800,0.0,0.0
2021-12-06 00:00:00-05:00,142.93238291823405,144.35274620536836,141.55642206920868,142.17782592773438,11186500,0.0,0.0
2021-12-07 00:00:00-05:00,143.70474436358063,145.045202530433,143.06558209374063,144.31727600097656,9851600,0.0,0.0
2021-12-08 00:00:00-05:00,144.3971505477642,144.93866258504497,142.18671350137106,142.6660919189453,11705700,0.0,0.0
2021-12-09 00:00:00-05:00,141.72507006503054,142.86135521137777,140.83734644784752,142.4441375732422,11189600,0.0,0.0
2021-12-10 00:00:00-05:00,143.20759261923024,143.5449184114819,141.26347556477396,141.87600708007812,10405400,0.0,0.0
2021-12-13 00:00:00-05:00,141.5919053630412,141.84933923091603,139.62115801039147,140.18930053710938,12069000,0.0,0.0
2021-12-14 00:00:00-05:00,139.77209068487107,142.82586231088433,139.6389375511274,141.2634735107422,12563600,0.0,0.0
2021-12-15 00:00:00-05:00,141.9026015812583,141.9026015812583,139.6832929143358,140.20704650878906,14014200,0.0,0.0
2021-12-16 00:00:00-05:00,142.38200674750365,143.65145870937027,140.88175149511085,142.39976501464844,19542800,0.0,0.0
2021-12-17 00:00:00-05:00,141.4321451882775,141.4854064425323,137.75695609763275,139.15956115722656,28082000,0.0,0.0
2021-12-20 00:00:00-05:00,137.1621997469787,137.33086943662408,134.79197882151786,136.6562042236328,15148000,0.0,0.0
2021-12-21 00:00:00-05:00,137.96114320539073,139.53240439857666,137.67706512004878,138.56478881835938,11291300,0.0,0.0
2021-12-22 00:00:00-05:00,138.26292763682252,139.4258431915465,137.81019355275296,139.10626220703125,7273000,0.0,0.0
2021-12-23 00:00:00-05:00,139.91413278524888,141.25459069474886,139.5590487237726,139.60342407226562,8055200,0.0,0.0
2021-12-27 00:00:00-05:00,139.9052664008299,140.43789251579588,138.7867258227818,140.4023895263672,6188100,0.0,0.0
2021-12-28 00:00:00-05:00,140.43789060459122,142.16894915945403,140.33136809216552,140.8284912109375,6342300,0.0,0.0
2021-12-29 00:00:00-05:00,141.01490899512024,141.70733236718596,140.39349159583065,140.75746154785156,6398900,0.0,0.0
2021-12-30 00:00:00-05:00,141.24571740501003,142.2488495131852,140.58879699545278,140.6864471435547,6948200,0.0,0.0
2021-12-31 00:00:00-05:00,140.65980915922302,141.40549377176825,140.2248332413656,140.571044921875,5805900,0.0,0.0
2022-01-03 00:00:00-05:00,141.9115285769945,144.3793996811227,141.60081982576506,143.54493713378906,13120900,0.0,0.0
2022-01-04 00:00:00-05:00,145.8618727353667,149.65245656485683,145.7908532169364,148.98666381835938,20195800,0.0,0.0
2022-01-05 00:00:00-05:00,149.87075582398552,150.3529939267181,146.21819294369067,146.26284790039062,17539400,1.0,0.0
2022-01-06 00:00:00-05:00,149.0581041320163,149.4688970905359,146.3432404311652,147.8167724609375,14047500,0.0,0.0
2022-01-07 00:00:00-05:00,147.9507304123867,149.61179428581275,147.40597253919904,149.2813720703125,13913300,0.0,0.0
2022-01-10 00:00:00-05:00,150.98709911515533,151.20142115770875,147.82571271966276,149.4242706298828,12922500,0.0,0.0
2022-01-11 00:00:00-05:00,150.26373034449165,150.49593074021448,148.5222955104893,149.5760955810547,11854100,0.0,0.0
2022-01-12 00:00:00-05:00,150.44234896632423,151.45148043118525,149.299238964396,150.4244842529297,12568000,0.0,0.0
2022-01-13 00:00:00-05:00,150.33515869106003,151.6479356400798,149.9332912555357,150.23692321777344,13623400,0.0,0.0
2022-01-14 00:00:00-05:00,143.5658722630873,143.80699816639134,140.11871890717197,141.00283813476562,40158400,0.0,0.0
2022-01-18 00:00:00-05:00,139.11852392455683,139.11852392455683,134.4389640627138,135.0908966064453,32324800,0.0,0.0
2022-01-19 00:00:00-05:00,135.3588110951531,135.94821032516654,132.66181189960528,133.00115966796875,22380000,0.0,0.0
2022-01-20 00:00:00-05:00,133.05477106362076,134.5014995118015,131.59910344486124,131.8670196533203,14860800,0.0,0.0
2022-01-21 00:00:00-05:00,131.72410930711447,131.73303484956145,128.83957838998995,129.5629425048828,20705400,0.0,0.0
2022-01-24 00:00:00-05:00,127.06244040247945,129.92018165221654,124.6422961045713,129.44686889648438,28471400,0.0,0.0
2022-01-25 00:00:00-05:00,128.2858907805646,131.14364528059966,125.73178189423707,130.8578643798828,18915900,0.0,0.0
2022-01-26 00:00:00-05:00,132.81360533644312,134.4657434381481,130.34880693573797,132.0991668701172,20709100,0.0,0.0
2022-01-27 00:00:00-05:00,133.43875583246762,134.29608485842846,128.71455471405014,129.76834106445312,17536800,0.0,0.0
2022-01-28 00:00:00-05:00,128.76815413496857,131.06327258148758,126.9641995118646,130.9293212890625,14117000,0.0,0.0
2022-01-31 00:00:00-05:00,130.06301808276737,132.8761031887549,129.19676371008586,132.70643615722656,13985700,0.0,0.0
2022-02-01 00:00:00-05:00,132.78682123900288,135.26948446376548,132.43853434421334,134.98370361328125,14584900,0.0,0.0
2022-02-02 00:00:00-05:00,134.40325542198886,134.79619735234516,132.2331628885896,133.9031524658203,12441100,0.0,0.0
2022-02-03 00:00:00-05:00,133.95670669969624,135.43022502268056,132.42959424753613,132.79574584960938,12474900,0.0,0.0
2022-02-04 00:00:00-05:00,133.15296255126995,137.0823535542297,132.858256182031,136.24288940429688,16654400,0.0,0.0
2022-02-07 00:00:00-05:00,136.87697047962678,137.18952796110642,134.71580385407722,136.6983642578125,12572300,0.0,0.0
2022-02-08 00:00:00-05:00,138.42193492799018,141.52972681281014,138.24332870505225,139.27032470703125,20411400,0.0,0.0
2022-02-09 00:00:00-05:00,139.84187565059872,140.59202997831702,139.15424099691444,139.85081481933594,9131100,0.0,0.0
2022-02-10 00:00:00-05:00,139.9043924692594,142.0209041459754,138.61840586125626,139.27032470703125,16455600,0.0,0.0
2022-02-11 00:00:00-05:00,138.96670643795582,141.27076373285513,136.60906863358164,137.45745849609375,16830000,0.0,0.0
2022-02-14 00:00:00-05:00,136.3947725395315,137.2431626481772,134.24254423278694,136.18045043945312,17026500,0.0,0.0
2022-02-15 00:00:00-05:00,137.98431438195402,139.2613752286794,137.39491531024436,138.17185974121094,9500000,0.0,0.0
2022-02-16 00:00:00-05:00,137.29671969229446,139.40430607642196,137.29671969229446,138.4219512939453,9076500,0.0,0.0
2022-02-17 00:00:00-05:00,136.63586691247866,137.28778586067935,134.5550707027151,135.23377990722656,11367500,0.0,0.0
2022-02-18 00:00:00-05:00,135.85888756945263,137.65390241829718,134.96584291547984,135.86781311035156,11733300,0.0,0.0
2022-02-22 00:00:00-05:00,134.49252164088315,136.85015882982296,134.32284098731742,135.62667846679688,11333500,0.0,0.0
2022-02-23 00:00:00-05:00,136.74303238982537,136.90378755970724,132.14385654962632,132.78684997558594,11799000,0.0,0.0
2022-02-24 00:00:00-05:00,127.65185761416151,129.4826026344637,124.82983207445183,129.08966064453125,25655100,0.0,0.0
2022-02-25 00:00:00-05:00,129.71476157639572,134.07282470800104,129.41112960457934,132.1438446044922,18367700,0.0,0.0
2022-02-28 00:00:00-05:00,128.19660243126467,129.54509536996872,125.81217410329678,126.63377380371094,31315300,0.0,0.0
2022-03-01 00:00:00-05:00,125.06199233866478,125.4549342452222,119.29293035212139,121.85596466064453,36840400,0.0,0.0
2022-03-02 00:00:00-05:00,122.60612136668207,125.06199470229853,121.99885741000365,124.38328552246094,19405600,0.0,0.0
2022-03-03 00:00:00-05:00,124.8834060920402,125.90147681894545,122.40074215052066,123.49918365478516,16640800,0.0,0.0
2022-03-04 00:00:00-05:00,120.50746696983305,120.93612465647561,118.23912555666925,120.02521514892578,21016000,0.0,0.0
2022-03-07 00:00:00-05:00,118.03373249590018,118.49811961886832,115.15812707873793,115.39032745361328,27560100,0.0,0.0
2022-03-08 00:00:00-05:00,115.77433646293828,117.69437748374008,113.65781766709829,114.5776596069336,19207800,0.0,0.0
2022-03-09 00:00:00-05:00,118.6856558618079,120.7753911803248,118.27486285921907,119.16790771484375,17536200,0.0,0.0
2022-03-10 00:00:00-05:00,117.75688171386719,119.17681960117045,116.38159878958473,117.75688171386719,15604200,0.0,0.0
2022-03-11 00:00:00-05:00,118.31951237610286,119.73945036069834,114.6848134403135,115.10454559326172,20061800,0.0,0.0
2022-03-14 00:00:00-04:00,115.6135807384728,118.70350798009756,115.40817063218913,116.24763488769531,15786900,0.0,0.0
2022-03-15 00:00:00-04:00,117.70328307716497,119.26611115467382,117.10494481984654,118.310546875,15096600,0.0,0.0
2022-03-16 00:00:00-04:00,120.44495718099488,123.67778887458549,120.05201525815532,123.59740447998047,20354900,0.0,0.0
2022-03-17 00:00:00-04:00,122.22210602941672,125.19594670644601,121.38264177726782,125.16021728515625,17050500,0.0,0.0
2022-03-18 00:00:00-04:00,125.19595609090248,125.78536894533065,123.65099236046133,125.11558532714844,23656500,0.0,0.0
2022-03-21 00:00:00-04:00,125.3388339269467,125.7049719117063,123.8920921909706,124.71369171142578,12676100,0.0,0.0
2022-03-22 00:00:00-04:00,127.05350842362843,128.53595267927403,126.56233097742758,127.3660659790039,13548600,0.0,0.0
2022-03-23 00:00:00-04:00,125.90145452215526,126.44621240575664,124.31183583757078,124.82980346679688,12093200,0.0,0.0
2022-03-24 00:00:00-04:00,125.29418439702289,125.6603360244383,124.23145893670015,125.64247131347656,10017600,0.0,0.0
2022-03-25 00:00:00-04:00,125.99973768280877,127.86619878683766,125.74076058357487,126.740966796875,8383500,0.0,0.0
2022-03-28 00:00:00-04:00,125.02628558578935,125.89254022606215,123.15088585128902,125.80323028564453,10818100,0.0,0.0
2022-03-29 00:00:00-04:00,128.01796665028374,128.24122783130846,125.24059701326506,126.08004760742188,11316500,0.0,0.0
2022-03-30 00:00:00-04:00,126.72304051164178,126.91951144048559,124.94589023725602,125.50849914550781,8771000,0.0,0.0
2022-03-31 00:00:00-04:00,124.87445036447642,125.33883745494641,121.68627403199235,121.7398681640625,17353900,0.0,0.0
2022-04-01 00:00:00-04:00,122.70432001178843,122.71325917873932,119.48936769538851,120.83786010742188,15721300,0.0,0.0
2022-04-04 00:00:00-04:00,119.77517554628453,122.29356866138258,118.67673415386987,121.37373352050781,17416400,0.0,0.0
2022-04-05 00:00:00-04:00,120.61802288605615,121.81456455867456,119.66436701015694,119.96125793457031,12110300,1.0,0.0
2022-04-06 00:00:00-04:00,118.37784913464786,119.25951644558293,117.82006157251607,118.29688262939453,12914700,0.0,0.0
2022-04-07 00:00:00-04:00,117.81103637870505,118.6837118408115,115.81378055076945,117.9369888305664,12994200,0.0,0.0
2022-04-08 00:00:00-04:00,118.45880332914051,120.46505098606252,118.29687033546263,120.09619903564453,13126900,0.0,0.0
2022-04-11 00:00:00-04:00,119.65534973144531,121.36470637935095,119.26850067879445,119.65534973144531,10466400,0.0,0.0
2022-04-12 00:00:00-04:00,118.88166974549064,121.07685338221899,117.58615063346794,118.34186553955078,12989900,0.0,0.0
2022-04-13 00:00:00-04:00,114.20340297650245,116.28162557761347,113.36671479643655,114.52728271484375,30838000,0.0,0.0
2022-04-14 00:00:00-04:00,113.80754535125067,115.42694399903974,112.47603903374693,113.4656753540039,18835200,0.0,0.0
2022-04-18 00:00:00-04:00,113.06082102537643,116.2726294523978,112.94386712693903,115.57089233398438,11834400,0.0,0.0
2022-04-19 00:00:00-04:00,115.56190942970362,118.14395603936258,115.36398212923382,117.9640121459961,15015400,0.0,0.0
2022-04-20 00:00:00-04:00,119.2235401973993,120.1141992428093,118.16192897732081,118.37785339355469,13430200,0.0,0.0
2022-04-21 00:00:00-04:00,118.9536438455066,119.48444261724799,116.92040697380047,117.46019744873047,12174200,0.0,0.0
2022-04-22 00:00:00-04:00,117.20827762466395,117.42420202394086,113.9784857042953,114.08644104003906,14318800,0.0,0.0
2022-04-25 00:00:00-04:00,113.3667207663873,114.36534886821212,110.75769245408728,114.05046081542969,17149000,0.0,0.0
2022-04-26 00:00:00-04:00,112.1341708426179,113.7265806825748,110.5417678665557,110.67671203613281,17209500,0.0,0.0
2022-04-27 00:00:00-04:00,110.05594919150788,111.16253257473028,109.05732114485659,109.23725128173828,17215200,0.0,0.0
2022-04-28 00:00:00-04:00,110.48780138344301,111.24352317599842,108.98536322963464,110.9646224975586,13015600,0.0,0.0
2022-04-29 00:00:00-04:00,110.70370543081577,111.2075152904747,106.970096856543,107.38394165039062,14874800,0.0,0.0
2022-05-02 00:00:00-04:00,107.85176979463733,108.59849292162242,106.35833040456204,108.36457824707031,18545000,0.0,0.0
2022-05-03 00:00:00-04:00,109.3362256008999,111.71133933209506,108.66147722581275,110.68572235107422,15720900,0.0,0.0
2022-05-04 00:00:00-04:00,110.4787832861714,114.61723786198235,110.42479875852437,114.34733581542969,17128500,0.0,0.0
2022-05-05 00:00:00-04:00,112.68296736106554,113.44768073684472,109.90300762862368,111.48641204833984,15055400,0.0,0.0
2022-05-06 00:00:00-04:00,111.37844757255442,111.81928117542357,109.02132454059345,111.30647277832031,14417900,0.0,0.0
2022-05-09 00:00:00-04:00,109.85801851306121,110.95561016010113,108.4095583052652,109.63310241699219,14312300,0.0,0.0
2022-05-10 00:00:00-04:00,110.75768250365861,111.36045599164639,105.76454244311635,106.96109771728516,16382400,0.0,0.0
2022-05-11 00:00:00-04:00,107.32996808715706,110.5597600613588,106.10642392643965,106.2863540649414,14630300,0.0,0.0
2022-05-12 00:00:00-04:00,105.26073643046848,106.44829318230772,103.79428590675552,106.1963882446289,16318800,0.0,0.0
2022-05-13 00:00:00-04:00,107.42892855325138,108.18464334933826,106.12441106396625,107.14102935791016,10443200,0.0,0.0
2022-05-16 00:00:00-04:00,106.64622256963487,107.47391219955917,105.46766436041887,106.39431762695312,10269000,0.0,0.0
2022-05-17 00:00:00-04:00,108.8953731856393,110.63172564673346,108.6884473660938,109.92098999023438,11160200,0.0,0.0
2022-05-18 00:00:00-04:00,109.12927974906616,109.73205316844519,107.53687013202756,108.04067993164062,12664900,0.0,0.0
2022-05-19 00:00:00-04:00,106.33133757266812,107.64484677226233,105.82752084150299,106.43929290771484,12765800,0.0,0.0
2022-05-20 00:00:00-04:00,107.47391868394206,107.6628474023523,103.47940616928206,105.5666275024414,13150100,0.0,0.0
2022-05-23 00:00:00-04:00,108.37357999351177,113.87053039147749,108.364581427024,112.09819030761719,24376700,0.0,0.0
2022-05-24 00:00:00-04:00,111.88225102003159,114.69819776078586,110.75767066389899,113.68157958984375,19324900,0.0,0.0
2022-05-25 00:00:00-04:00,113.60962768471744,115.03109918853824,112.61099957820115,114.47330474853516,12780400,0.0,0.0
2022-05-26 00:00:00-04:00,115.48991294158193,117.1273087149103,115.34597707281246,116.45256042480469,15990900,0.0,0.0
2022-05-27 00:00:00-04:00,117.10031761850692,118.09894561767578,116.18265611791662,118.09894561767578,11177800,0.0,0.0
2022-05-31 00:00:00-04:00,117.11830877128729,119.79031322349003,116.69547911924765,118.9626235961914,17015000,0.0,0.0
2022-06-01 00:00:00-04:00,119.53841107158583,119.53841107158583,115.75982312736578,116.87541198730469,10768000,0.0,0.0
2022-06-02 00:00:00-04:00,116.8664059607439,118.76469848955854,115.75982253673612,118.75570678710938,8374800,0.0,0.0
2022-06-03 00:00:00-04:00,118.04496925254918,118.54877910852959,116.94737761153944,117.1003189086914,8596000,0.0,0.0
2022-06-06 00:00:00-04:00,117.93701471465394,119.10658129736305,116.4705709306623,116.71347045898438,11323500,0.0,0.0
2022-06-07 00:00:00-04:00,115.90377452613217,117.24427951928476,115.71483894849432,117.01936340332031,6722200,0.0,0.0
2022-06-08 00:00:00-04:00,116.05672323703766,116.46156952602723,114.16742911526035,115.15705871582031,8422100,0.0,0.0
2022-06-09 00:00:00-04:00,114.59026723066327,115.24702532084513,112.70096633250233,112.73695373535156,13560100,0.0,0.0
2022-06-10 00:00:00-04:00,110.28987535105409,111.01860831365818,107.34797525369117,107.55490112304688,12945200,0.0,0.0
2022-06-13 00:00:00-04:00,105.13477649558172,106.11540734246348,103.51537791993975,104.35206604003906,16805600,0.0,0.0
2022-06-14 00:00:00-04:00,103.95622759852188,105.54863061899442,101.86000782996334,102.61572265625,13357900,0.0,0.0
2022-06-15 00:00:00-04:00,104.01920519830738,105.21575368895456,101.8150231982726,103.83027648925781,14083500,0.0,0.0
2022-06-16 00:00:00-04:00,102.43579856810567,102.79566573403068,100.64546816909525,102.04894256591797,16724900,0.0,0.0
2022-06-17 00:00:00-04:00,102.14790244652868,103.12853340206972,100.9063679768972,101.68907165527344,30919900,0.0,0.0
2022-06-21 00:00:00-04:00,104.24410965072114,105.28771671693652,103.49738660044214,104.20812225341797,11680500,0.0,0.0
2022-06-22 00:00:00-04:00,103.35343475007033,104.54099137951715,102.91260115456578,103.62333679199219,9842700,0.0,0.0
2022-06-23 00:00:00-04:00,103.47041447042326,103.62335578572859,100.29459993264686,102.48977661132812,11851500,0.0,0.0
2022-06-24 00:00:00-04:00,101.86901293123852,105.99846963384918,101.50914576348947,105.54863739013672,14841100,0.0,0.0
2022-06-27 00:00:00-04:00,106.21436290359,106.61021738399344,104.03717698915855,104.70292663574219,11280500,0.0,0.0
2022-06-28 00:00:00-04:00,105.86350491119775,107.32096366353588,104.0011999373796,104.19912719726562,11590900,0.0,0.0
2022-06-29 00:00:00-04:00,104.36107799305506,105.0988025801743,103.21850714203806,103.73131561279297,9338400,0.0,0.0
2022-06-30 00:00:00-04:00,101.8149975078157,102.63369523768095,99.79975158922215,101.31118774414062,15172600,0.0,0.0
2022-07-01 00:00:00-04:00,101.34720360263593,102.93960668946255,100.00670546840153,102.60673522949219,10573600,0.0,0.0
2022-07-05 00:00:00-04:00,100.53734630362622,102.29813625751622,99.20314697860752,102.2164535522461,12514200,1.0,0.0
2022-07-06 00:00:00-04:00,101.40868564355887,102.5522852409575,100.55551810376905,101.55390167236328,10656200,0.0,0.0
2022-07-07 00:00:00-04:00,103.01513615463091,104.28580882251731,102.92437530505522,104.1224365234375,10347400,0.0,0.0
2022-07-08 00:00:00-04:00,104.52180845883026,104.96654153657856,103.11499084043402,103.79570770263672,8807800,0.0,0.0
2022-07-11 00:00:00-04:00,103.06054983988244,103.67773348989748,101.85341011013652,102.43428802490234,7939500,0.0,0.0
2022-07-12 00:00:00-04:00,102.18013881541624,104.53995584050604,101.88969990347611,102.53411102294922,11250900,0.0,0.0
2022-07-13 00:00:00-04:00,101.42681382014564,102.08938128834953,100.18336850908824,101.57203674316406,12979900,0.0,0.0
2022-07-14 00:00:00-04:00,98.01413808494141,98.23197244009903,96.26242662871826,98.0232162475586,26204800,0.0,0.0
2022-07-15 00:00:00-04:00,99.07607744194745,103.36004991253749,97.72371490368113,102.51596069335938,18863900,0.0,0.0
2022-07-18 00:00:00-04:00,104.16783066308354,105.13898645536467,101.00930825951559,101.46311950683594,13977900,0.0,0.0
2022-07-19 00:00:00-04:00,102.6793334034956,104.32213487677055,102.26182787440001,103.97723388671875,11862300,0.0,0.0
2022-07-20 00:00:00-04:00,103.55974263537165,104.14062057546926,102.99702102599593,103.95909881591797,11667500,0.0,0.0
2022-07-21 00:00:00-04:00,103.86832499748431,104.85763023564225,102.89716916317614,104.66703033447266,11595900,0.0,0.0
2022-07-22 00:00:00-04:00,104.59442265445784,105.51112338577579,103.16945550163008,104.15876770019531,7645500,0.0,0.0
2022-07-25 00:00:00-04:00,105.13900027541744,105.70172878892247,104.16784435548219,104.57627868652344,9394000,0.0,0.0
2022-07-26 00:00:00-04:00,103.99538846118368,104.903010967723,102.58857080620362,102.94254302978516,10675100,0.0,0.0
2022-07-27 00:00:00-04:00,103.4780419729543,105.04822500210126,102.83363083632409,104.59441375732422,9337400,0.0,0.0
2022-07-28 00:00:00-04:00,104.60348051842936,105.26604791040673,103.04236889863331,104.2041244506836,10384800,0.0,0.0
2022-07-29 00:00:00-04:00,104.91208793316274,105.73802778300616,104.18599404306724,104.70333862304688,12944500,0.0,0.0
2022-08-01 00:00:00-04:00,103.92278015245829,104.47643045221751,102.62487965173575,103.6595687866211,14740400,0.0,0.0
2022-08-02 00:00:00-04:00,103.39634658402171,103.8320084015491,101.8987681748215,102.04399108886719,14942900,0.0,0.0
2022-08-03 00:00:00-04:00,102.96976731414584,103.55972330950938,101.39050614200849,103.114990234375,14394500,0.0,0.0
2022-08-04 00:00:00-04:00,102.42520951663785,102.85179324862285,100.76425848875998,101.98047637939453,18033900,0.0,0.0
2022-08-05 00:00:00-04:00,102.1347522005115,105.45665365912308,101.69909730651602,105.06637573242188,14174600,0.0,0.0
2022-08-08 00:00:00-04:00,105.51112056825411,105.91954794254511,103.63234218221672,103.78663635253906,10332500,0.0,0.0
2022-08-09 00:00:00-04:00,104.14970440558862,105.27515461016517,103.80481027383772,104.72150421142578,10233800,0.0,0.0
2022-08-10 00:00:00-04:00,107.06315981474907,108.3429109896172,106.64565425457806,107.45343780517578,12847300,0.0,0.0
2022-08-11 00:00:00-04:00,108.8239358511279,110.00384091075784,108.28843499148952,109.04176330566406,11684900,0.0,0.0
2022-08-12 00:00:00-04:00,109.52281045751785,110.95685573547384,108.40643860888144,110.84793853759766,9906700,0.0,0.0
2022-08-15 00:00:00-04:00,109.94938430786945,111.38342945732497,109.45926734826024,111.14744567871094,8456200,0.0,0.0
2022-08-16 00:00:00-04:00,110.99316257973668,112.76302378413506,110.61196277026787,112.2093734741211,9555000,0.0,0.0
2022-08-17 00:00:00-04:00,111.00223745622554,111.78279338084268,110.44858716261082,111.26544189453125,8149300,0.0,0.0
2022-08-18 00:00:00-04:00,110.9477703468881,111.15652656473851,109.41389305985257,110.4031982421875,9531800,0.0,0.0
2022-08-19 00:00:00-04:00,109.47743857634038,109.81325450067376,107.1993039515802,107.6712646484375,13464500,0.0,0.0
2022-08-22 00:00:00-04:00,105.96493018976378,106.33705875021747,104.8304020292738,105.89231872558594,8967600,0.0,0.0
2022-08-23 00:00:00-04:00,105.91048019098439,106.45505234951126,104.72148991238544,104.84855651855469,7607000,0.0,0.0
2022-08-24 00:00:00-04:00,104.63979462581788,105.65633427758321,103.87738815584142,105.1026840209961,9771300,0.0,0.0
2022-08-25 00:00:00-04:00,105.42942341647736,107.77108399260915,104.99376160893569,107.59864044189453,10758900,0.0,0.0
2022-08-26 00:00:00-04:00,108.42458482179282,108.9056236468533,104.01353884448274,104.07707214355469,11276200,0.0,0.0
2022-08-29 00:00:00-04:00,103.46896479140118,104.24952069379636,102.97884781143607,103.82293701171875,8117300,0.0,0.0
2022-08-30 00:00:00-04:00,104.3765812604845,104.90300394092198,102.8880810034342,103.8410873413086,10745400,0.0,0.0
2022-08-31 00:00:00-04:00,103.90463968862345,104.4038279705531,102.86994354010181,103.22392272949219,10738300,0.0,0.0
2022-09-01 00:00:00-04:00,102.82454614376599,104.04075687873322,101.57202968056859,103.93184661865234,9979800,0.0,0.0
2022-09-02 00:00:00-04:00,105.16622513135546,106.6002634672433,102.73379647194963,103.20575714111328,10666600,0.0,0.0
2022-09-06 00:00:00-04:00,103.7684796841988,104.14967946346587,101.71725094280313,103.23297882080078,9751900,0.0,0.0
2022-09-07 00:00:00-04:00,102.67933268210457,105.38405082502955,102.34351678313175,105.19345092773438,10647900,0.0,0.0
2022-09-08 00:00:00-04:00,104.63071385446968,107.81647056017205,104.04075788310112,107.6440200805664,11435000,0.0,0.0
2022-09-09 00:00:00-04:00,108.13414938473096,108.96008922393946,107.70756568092969,108.161376953125,9299700,0.0,0.0
2022-09-12 00:00:00-04:00,109.4774296937704,110.32151890539954,108.72410134825628,109.44112396240234,8614600,0.0,0.0
2022-09-13 00:00:00-04:00,107.16299743006753,107.93447523588812,105.08454089699559,105.63819122314453,12904600,0.0,0.0
2022-09-14 00:00:00-04:00,105.9195585649474,106.95424781322068,104.26768564887853,105.39314270019531,9345700,0.0,0.0
2022-09-15 00:00:00-04:00,105.39313631756322,108.35198093801411,105.06639163530558,106.98147583007812,10821400,0.0,0.0
2022-09-16 00:00:00-04:00,106.5457878997626,106.5548660622202,104.71239378604422,106.2644271850586,14844100,0.0,0.0
2022-09-19 00:00:00-04:00,105.28422928783452,107.76204221359275,104.83949612025124,107.24469757080078,8201300,0.0,0.0
2022-09-20 00:00:00-04:00,106.56396624125445,106.81809944569974,104.0498479159697,105.12992095947266,9619000,0.0,0.0
2022-09-21 00:00:00-04:00,105.77433928837232,105.82879442883322,102.03493166041227,102.09846496582031,12606300,0.0,0.0
2022-09-22 00:00:00-04:00,102.90625366284571,103.10593175397506,100.8096475552103,100.93671417236328,11684500,0.0,0.0
2022-09-23 00:00:00-04:00,99.88386218933628,100.1470666293607,97.26083363178914,99.05792236328125,18138600,0.0,0.0
2022-09-26 00:00:00-04:00,98.02324082588356,99.48451376623828,96.26245076554312,96.92501831054688,15753600,0.0,0.0
2022-09-27 00:00:00-04:00,97.7963147140786,98.17751446451493,94.98268662694812,96.07183074951172,12793600,0.0,0.0
2022-09-28 00:00:00-04:00,96.16259429758328,98.6857904856329,95.88123355837669,98.01414489746094,12762600,0.0,0.0
2022-09-29 00:00:00-04:00,97.07021846318578,97.36973553422631,94.75578536555122,96.35320281982422,12713900,0.0,0.0
2022-09-30 00:00:00-04:00,96.26244659636295,97.67834250014899,94.75579674601661,94.8465576171875,15973400,0.0,0.0
2022-10-03 00:00:00-04:00,95.8630913175498,98.3499750383792,94.8102458896218,97.7781753540039,12248100,0.0,0.0
2022-10-04 00:00:00-04:00,100.3921238672329,102.5522628939969,99.71140700180528,102.35258483886719,16013600,0.0,0.0
2022-10-05 00:00:00-04:00,100.5027998233193,101.60168868963162,99.66031789337549,101.08887481689453,10943500,1.0,0.0
2022-10-06 00:00:00-04:00,100.23723052388458,100.90572600519454,98.84530420211476,99.02845001220703,11521400,0.0,0.0
2022-10-07 00:00:00-04:00,98.4606990994246,98.63469253130278,96.40027703943198,97.05046081542969,11681100,0.0,0.0
2022-10-10 00:00:00-04:00,97.73724227236144,98.26836784175403,95.71344432592626,96.14384460449219,8931700,0.0,0.0
2022-10-11 00:00:00-04:00,95.57608425833438,95.73175886685507,93.26840835205988,93.369140625,12739700,0.0,0.0
2022-10-12 00:00:00-04:00,93.22265694911552,95.9057847008046,92.74646659105576,94.8801498413086,13181000,0.0,0.0
2022-10-13 00:00:00-04:00,93.38746115061146,100.64014301929672,93.18599660094291,100.15480041503906,22398700,0.0,0.0
2022-10-14 00:00:00-04:00,102.52657587932734,105.53021152133871,101.39105662147124,101.82145690917969,33387100,0.0,0.0
2022-10-17 00:00:00-04:00,105.68589515970226,107.1510824539226,104.68773173058194,106.09797668457031,22276300,0.0,0.0
2022-10-18 00:00:00-04:00,109.57780496566174,110.01735767004864,107.10529480386943,108.82688903808594,21539700,0.0,0.0
2022-10-19 00:00:00-04:00,108.04850236094116,108.81773002672348,105.92397912132705,106.69320678710938,17072000,0.0,0.0
2022-10-20 00:00:00-04:00,107.28844354669732,108.70784087660407,105.90566978530704,106.34522247314453,12207400,0.0,0.0
2022-10-21 00:00:00-04:00,106.64741137379906,112.07776674873014,106.52836731857221,111.9312515258789,20593300,0.0,0.0
2022-10-24 00:00:00-04:00,111.7847483080427,112.7279624850652,111.10710044077992,112.0686264038086,12624200,0.0,0.0
2022-10-25 00:00:00-04:00,111.58328366211862,112.88363705127985,110.7041712164928,112.36166381835938,11289100,0.0,0.0
2022-10-26 00:00:00-04:00,112.63638727546582,114.65101904999469,112.52649560198506,113.65286254882812,11667000,0.0,0.0
2022-10-27 00:00:00-04:00,114.6510221680063,115.56676517888995,113.74443854346963,114.10157775878906,10727600,0.0,0.0
2022-10-28 00:00:00-04:00,114.73343327498077,115.64001682526549,113.59791399072567,115.45687103271484,11859500,0.0,0.0
2022-10-31 00:00:00-04:00,115.10888577748291,116.69312415172827,115.00815349427032,115.27371978759766,13295200,0.0,0.0
2022-11-01 00:00:00-04:00,116.18032735711625,117.4715214700403,115.68582525432663,117.35247039794922,13386900,0.0,0.0
2022-11-02 00:00:00-04:00,116.89459424650867,119.37625691475094,115.96969186898045,116.27188873291016,16546100,0.0,0.0
2022-11-03 00:00:00-04:00,115.66749509431108,117.37993001810507,115.3012034867295,116.48250579833984,12474400,0.0,0.0
2022-11-04 00:00:00-04:00,118.57956620175044,119.80665846924897,117.63635202879402,119.6692886352539,14953200,0.0,0.0
2022-11-07 00:00:00-05:00,119.96231182336089,121.14361393665178,119.48612163494533,120.30113220214844,12011200,0.0,0.0
2022-11-08 00:00:00-05:00,120.18212956921158,120.93303164577641,119.17480656916398,120.37442779541016,9884100,0.0,0.0
2022-11-09 00:00:00-05:00,120.25538554057319,120.35610386313091,118.33231952221442,118.80850982666016,9494000,0.0,0.0
2022-11-10 00:00:00-05:00,121.45500262109827,123.85424488989284,121.36342272878547,123.69857025146484,16351600,0.0,0.0
2022-11-11 00:00:00-05:00,123.79930737662698,124.69673166918126,122.50810629951107,123.90003967285156,10704700,0.0,0.0
2022-11-14 00:00:00-05:00,123.44213918000513,124.2937733248211,122.62712860107422,122.62712860107422,11085600,0.0,0.0
2022-11-15 00:00:00-05:00,123.33224475737065,124.2754727820005,120.51176897449375,121.73886108398438,14038300,0.0,0.0
2022-11-16 00:00:00-05:00,121.7938247178637,122.30663858623812,120.90555284831159,121.9037094116211,7893400,0.0,0.0
2022-11-17 00:00:00-05:00,120.8780863676977,121.6930971486759,120.21875023329618,121.3725814819336,8820200,0.0,0.0
2022-11-18 00:00:00-05:00,123.23151346410836,123.3230793588662,121.13445465845223,122.5630111694336,9468500,0.0,0.0
2022-11-21 00:00:00-05:00,122.47145679770185,123.22235868712089,121.56486632360674,121.83959197998047,7800500,0.0,0.0
2022-11-22 00:00:00-05:00,122.70955214480122,123.87254957387336,122.42567407330107,123.66191864013672,9185700,0.0,0.0
2022-11-23 00:00:00-05:00,123.57035286027893,124.99890959133656,123.49709174931083,124.9805908203125,7316200,0.0,0.0
2022-11-25 00:00:00-05:00,124.9805792535568,125.58497288326187,124.59596893641546,125.21868133544922,3220500,0.0,0.0
2022-11-28 00:00:00-05:00,124.60515411824149,125.19122906709268,122.88355284274715,123.03007507324219,9906900,0.0,0.0
2022-11-29 00:00:00-05:00,123.3139348215184,125.12710174155866,123.08499911034217,125.05384063720703,7925300,0.0,0.0
2022-11-30 00:00:00-05:00,124.6234240568816,126.53732299804688,121.9677757443736,126.53732299804688,14761200,0.0,0.0
2022-12-01 00:00:00-05:00,126.53735571880368,126.9769224009966,124.01906257456254,124.76082611083984,8858500,0.0,0.0
2022-12-02 00:00:00-05:00,123.15827397065328,123.94581346398753,122.10516119774077,123.77182006835938,8931900,0.0,0.0
2022-12-05 00:00:00-05:00,122.92932364992845,123.23152046335792,119.59602027727311,120.30113220214844,10154500,0.0,0.0
2022-12-06 00:00:00-05:00,122.1509415939244,123.72602045750442,118.92752275995514,120.50260162353516,13966700,0.0,0.0
2022-12-07 00:00:00-05:00,120.24621075738449,121.86707977531921,119.34878653237514,120.42020416259766,11739400,0.0,0.0
2022-12-08 00:00:00-05:00,121.18027561669854,121.77550299095422,120.35609851411807,121.6839370727539,8907300,0.0,0.0
2022-12-09 00:00:00-05:00,121.06123600287597,122.48979301470985,120.87809017602333,121.02461242675781,7957800,0.0,0.0
2022-12-12 00:00:00-05:00,121.24435668014594,123.30477824439174,120.51177352469429,122.90186309814453,8841600,0.0,0.0
2022-12-13 00:00:00-05:00,125.35605721894315,125.53920302213729,121.86707866617365,122.78282165527344,10025400,0.0,0.0
2022-12-14 00:00:00-05:00,122.50810145561336,124.27549276983027,121.57403965238406,122.16928100585938,9966100,0.0,0.0
2022-12-15 00:00:00-05:00,120.0996949848819,120.95134328433645,118.17664297069904,119.13817596435547,12087800,0.0,0.0
2022-12-16 00:00:00-05:00,118.26818175467537,118.95498888210815,117.60884579448975,118.3963851928711,21133700,0.0,0.0
2022-12-19 00:00:00-05:00,118.72607400001165,120.26452950136444,118.21326015727045,119.10153198242188,9017200,0.0,0.0
2022-12-20 00:00:00-05:00,119.93486609876084,120.92387025075503,119.22974005117493,119.67845916748047,8549900,0.0,0.0
2022-12-21 00:00:00-05:00,121.04291722825143,121.77551450879291,120.66747317379934,121.02461242675781,8051700,0.0,0.0
2022-12-22 00:00:00-05:00,120.05391488015606,120.2370606885674,117.5905639336046,119.65098571777344,8648200,0.0,0.0
2022-12-23 00:00:00-05:00,119.57771746346202,120.36525696844745,118.71691684485835,120.21873474121094,5091900,0.0,0.0
2022-12-27 00:00:00-05:00,120.48432474153353,121.07955215921585,119.5502628797135,120.63999938964844,5411000,0.0,0.0
2022-12-28 00:00:00-05:00,120.74072024622446,122.16927709178944,119.9714855059647,121.29932403564453,8827700,0.0,0.0
2022-12-29 00:00:00-05:00,121.729711736057,122.04107497935217,121.16195554068072,121.99528503417969,6585200,0.0,0.0
2022-12-30 00:00:00-05:00,121.61982355638521,123.01175680553759,121.281003123464,122.80113983154297,9292500,0.0,0.0
2023-01-03 00:00:00-05:00,123.84508237224334,125.21869680593807,122.60882379266664,123.73518371582031,11054800,0.0,0.0
2023-01-04 00:00:00-05:00,124.53189125792152,126.0794851365286,124.14728088810833,124.88903045654297,11687600,0.0,0.0
2023-01-05 00:00:00-05:00,125.14733363036125,125.19346180691988,123.3392132742021,124.86135864257812,8381300,1.0,0.0
2023-01-06 00:00:00-05:00,125.58090514907298,127.6565462748384,124.06799395823543,127.25064086914062,10029100,0.0,0.0
2023-01-09 00:00:00-05:00,127.85950171392554,128.1178026001078,126.27278822661013,126.72480773925781,8482300,0.0,0.0
2023-01-10 00:00:00-05:00,127.11224686725015,127.97018578827266,126.66944740149017,127.85948944091797,9048700,0.0,0.0
2023-01-11 00:00:00-05:00,128.13622159438606,128.92035820506027,127.39822722709299,128.80966186523438,8703700,0.0,0.0
2023-01-12 00:00:00-05:00,129.15101562447867,129.94437242636852,128.43146109210693,128.6805419921875,11001700,0.0,0.0
2023-01-13 00:00:00-05:00,125.09201091461853,132.37059384486403,124.35400216846979,131.9277801513672,20200000,0.0,0.0
2023-01-17 00:00:00-05:00,130.23033070426126,130.57165384016318,128.44066460814747,129.88900756835938,14292900,0.0,0.0
2023-01-18 00:00:00-05:00,128.1547076642737,129.82444356300687,125.83921949480727,125.98682403564453,13392600,0.0,0.0
2023-01-19 00:00:00-05:00,124.83370491866097,125.36874680973568,123.23775702267919,124.30786895751953,13303400,0.0,0.0
2023-01-20 00:00:00-05:00,124.68608406893968,124.99051315250682,123.20084682408736,124.6122817993164,13092500,0.0,0.0
2023-01-23 00:00:00-05:00,124.64916190684953,127.26909291724391,124.37242102224981,126.63256072998047,10487100,0.0,0.0
2023-01-24 00:00:00-05:00,125.848449232367,129.41854812235326,124.53849050290523,127.72113800048828,6945000,0.0,0.0
2023-01-25 00:00:00-05:00,127.35211231112285,128.3391876220703,126.61410379069925,128.3391876220703,8967000,0.0,0.0
2023-01-26 00:00:00-05:00,128.61598171954827,129.20638590030146,127.63812611483327,129.13258361816406,7487600,0.0,0.0
2023-01-27 00:00:00-05:00,129.71371836376986,130.31334232266866,128.9203617285406,129.44619750976562,7489900,0.0,0.0
2023-01-30 00:00:00-05:00,128.44067672474193,129.23403349962402,128.14548173306235,128.3484344482422,6729300,0.0,0.0
2023-01-31 00:00:00-05:00,129.04028771434326,129.21556630205873,127.5365967527214,129.1140899658203,9188700,0.0,0.0
2023-02-01 00:00:00-05:00,127.49971585355509,129.96280818647722,127.41667951434165,128.77276611328125,8841800,0.0,0.0
2023-02-02 00:00:00-05:00,129.15101214948385,129.5753716687089,127.30599769020552,128.17315673828125,11822100,0.0,0.0
2023-02-03 00:00:00-05:00,127.47205548026778,131.30046932687927,127.42594137506877,130.15655517578125,11501200,0.0,0.0
2023-02-06 00:00:00-05:00,129.36318646266028,131.21743502591008,129.17868782973096,130.92222595214844,8406200,0.0,0.0
2023-02-07 00:00:00-05:00,130.42407668185118,133.1546901998994,130.23956397477656,132.51815795898438,10447900,0.0,0.0
2023-02-08 00:00:00-05:00,131.59563052586188,132.87791481564662,131.25430740759305,131.58641052246094,6958000,0.0,0.0
2023-02-09 00:00:00-05:00,132.02920308280358,132.23215575774526,129.03105520229417,129.53843688964844,6443100,0.0,0.0
2023-02-10 00:00:00-05:00,128.94807368610296,130.33183468351544,127.85028770927389,130.1104278564453,6582900,0.0,0.0
2023-02-13 00:00:00-05:00,130.3502776917921,131.6694563072167,129.83367588221756,131.52186584472656,7134600,0.0,0.0
2023-02-14 00:00:00-05:00,131.45727512332502,132.66575729505092,130.62702427939897,132.10302734375,9249400,0.0,0.0
2023-02-15 00:00:00-05:00,130.63623184384645,132.7395469194213,130.35025689320076,132.65652465820312,6728300,0.0,0.0
2023-02-16 00:00:00-05:00,131.83550073283425,132.27830022529912,130.70080679865134,130.82997131347656,8165300,0.0,0.0
2023-02-17 00:00:00-05:00,130.05505446393278,131.76169832719637,129.21558365288175,131.21742248535156,7948800,0.0,0.0
2023-02-21 00:00:00-05:00,129.78751707060394,130.38714101311461,127.99785116960368,128.80966186523438,9996300,0.0,0.0
2023-02-22 00:00:00-05:00,128.15470448884244,128.625178115217,126.78939771078694,127.82260131835938,11107500,0.0,0.0
2023-02-23 00:00:00-05:00,127.9794442087286,129.30785708111364,127.25066957597745,128.8466033935547,8068000,0.0,0.0
2023-02-24 00:00:00-05:00,128.33000081532785,130.40564239801506,128.1639421690133,130.0089569091797,9126900,0.0,0.0
2023-02-27 00:00:00-05:00,131.09748755132986,132.20449328145548,130.7377103371305,131.14361572265625,10014700,0.0,0.0
2023-02-28 00:00:00-05:00,131.8631779812996,132.61962654587361,130.90376263556865,132.2414093017578,11019800,0.0,0.0
2023-03-01 00:00:00-05:00,131.0882772898551,132.34288763092906,130.81152231767038,131.50340270996094,7139200,0.0,0.0
2023-03-02 00:00:00-05:00,131.217439116247,131.39270367337005,128.726658226856,130.1381072998047,11106800,0.0,0.0
2023-03-03 00:00:00-05:00,130.5440206345354,132.60122232710134,130.14734919846117,132.5274200439453,9513100,0.0,0.0
2023-03-06 00:00:00-05:00,132.32442182637027,132.87791764537647,131.60486740822327,131.75247192382812,9261300,0.0,0.0
2023-03-07 00:00:00-05:00,131.005259457096,131.28201446838895,127.13073152802835,127.87796020507812,11747600,0.0,0.0
2023-03-08 00:00:00-05:00,127.30598909672068,127.85026494714538,126.28200557788901,127.12149047851562,10002500,0.0,0.0
2023-03-09 00:00:00-05:00,126.16206444067002,126.70635432127048,119.2063671822897,120.23957061767578,25888100,0.0,0.0
2023-03-10 00:00:00-05:00,118.96654355462098,124.77832808584189,117.91487879327784,123.2930908203125,37599700,0.0,0.0
2023-03-13 00:00:00-04:00,121.04217695019429,123.50526950628984,119.38166116059536,121.07907104492188,42901100,0.0,0.0
2023-03-14 00:00:00-04:00,124.79677777083461,125.02740457985469,121.11596883139065,124.18791961669922,29648100,0.0,0.0
2023-03-15 00:00:00-04:00,120.82998322201568,120.83921730242474,116.90933485138834,118.32076263427734,34280600,0.0,0.0
2023-03-16 00:00:00-04:00,118.09013838380625,121.72481890489128,116.25435107656224,120.61781311035156,24558500,0.0,0.0
2023-03-17 00:00:00-04:00,118.43148110430431,118.52372338026191,115.72852763693783,116.06063079833984,38396000,0.0,0.0
2023-03-20 00:00:00-04:00,117.14920488911795,119.43702618429417,116.24515163919907,117.28758239746094,22875500,0.0,0.0
2023-03-21 00:00:00-04:00,120.47020555487761,121.52186314469817,120.1012083247568,120.43331146240234,17807800,0.0,0.0
2023-03-22 00:00:00-04:00,120.44251894653027,120.53477528264152,117.23219833389497,117.32444763183594,17250200,0.0,0.0
2023-03-23 00:00:00-04:00,117.98866558506346,119.49234970190213,116.254347643155,117.01080322265625,16677600,0.0,0.0
2023-03-24 00:00:00-04:00,115.8945918128713,115.94071999403475,113.56987646858245,115.23039245605469,22311100,0.0,0.0
2023-03-27 00:00:00-04:00,116.9646999997955,119.35399753780577,116.50344635536293,118.53296661376953,18853900,0.0,0.0
2023-03-28 00:00:00-04:00,118.73591379966149,119.31708379259778,117.84107360696267,118.89273834228516,10820500,0.0,0.0
2023-03-29 00:00:00-04:00,120.01818907015445,120.12888542669916,117.86873862557152,119.13257598876953,14595300,0.0,0.0
2023-03-30 00:00:00-04:00,119.87982550705827,120.03665006502884,117.75806285700018,118.77281951904297,12134700,0.0,0.0
2023-03-31 00:00:00-04:00,119.61231277167634,120.23961104655496,118.86508403045796,120.2119369506836,13105200,0.0,0.0
2023-04-03 00:00:00-04:00,119.84291293541644,121.25434781594711,119.38165933847588,120.07353973388672,11775400,0.0,0.0
2023-04-04 00:00:00-04:00,120.38717737112756,120.47019963237194,117.5366337910067,118.4683609008789,11579900,0.0,0.0
2023-04-05 00:00:00-04:00,117.89193428485298,119.14708434890063,117.57581658451342,118.64502716064453,9614700,1.0,0.0
2023-04-06 00:00:00-04:00,118.0778797956493,119.08200834987258,117.94771577122117,118.51486206054688,8760200,0.0,0.0
2023-04-10 00:00:00-04:00,117.65018508298203,119.22145267413045,117.35266632962198,118.90534210205078,9477300,0.0,0.0
2023-04-11 00:00:00-04:00,119.28655100779827,119.88158856058351,118.5799412538381,119.49109649658203,10516300,0.0,0.0
2023-04-12 00:00:00-04:00,120.10472488738162,121.26690877514532,119.06341266372614,119.47250366210938,11821000,0.0,0.0
2023-04-13 00:00:00-04:00,119.43531289368853,119.9745537010394,117.919820654687,119.9280776977539,12450200,0.0,0.0
2023-04-14 00:00:00-04:00,125.65531412466714,129.3464112241228,125.42287735108336,128.9838104248047,43931300,0.0,0.0
2023-04-17 00:00:00-04:00,130.11814168277985,130.2204144610223,127.98902644622974,130.00657653808594,16050500,0.0,0.0
2023-04-18 00:00:00-04:00,130.41565801324444,131.81957133189582,129.26276625160372,131.4662628173828,13760100,0.0,0.0
2023-04-19 00:00:00-04:00,131.30815100434637,131.55918664020743,130.53645937322665,131.29885864257812,9158100,0.0,0.0
2023-04-20 00:00:00-04:00,130.0809121691736,131.49411745979074,130.01582306650377,130.9176788330078,10586200,0.0,0.0
2023-04-21 00:00:00-04:00,129.9228397895457,131.19658853096476,129.03027650358848,130.6666259765625,11842500,0.0,0.0
2023-04-24 00:00:00-04:00,130.5923012181402,131.18733887353952,130.20179489998168,130.84332275390625,7567500,0.0,0.0
2023-04-25 00:00:00-04:00,129.79270269205225,130.1274122203145,127.96109974389691,127.99828338623047,10629300,0.0,0.0
2023-04-26 00:00:00-04:00,127.95180097908714,128.12845521125487,124.5861207639031,125.72970581054688,14416100,0.0,0.0
2023-04-27 00:00:00-04:00,126.44561474881897,128.22143524314188,126.12950411678274,127.4218521118164,9041100,0.0,0.0
2023-04-28 00:00:00-04:00,126.96624644240126,128.60261022124138,126.13877219035167,128.52822875976562,9887300,0.0,0.0
2023-05-01 00:00:00-04:00,132.26583373334603,133.29785370973943,130.9363020252192,131.28030395507812,20415800,0.0,0.0
2023-05-02 00:00:00-04:00,131.46623018999736,132.40528381144946,128.70488025365032,129.16046142578125,14113400,0.0,0.0
2023-05-03 00:00:00-04:00,128.71420151054193,128.92803938903776,126.22247169793857,126.42701721191406,12930900,0.0,0.0
2023-05-04 00:00:00-04:00,125.47868364235244,126.18528638056492,122.54997156023859,124.69768524169922,17089200,0.0,0.0
2023-05-05 00:00:00-04:00,126.85467141563547,128.19350924379185,126.36190668538514,127.13359832763672,11261400,0.0,0.0
2023-05-08 00:00:00-04:00,127.83095999380703,128.27723472064378,126.89190615145786,127.44046783447266,7484900,0.0,0.0
2023-05-09 00:00:00-04:00,126.38050108785183,127.32884698655893,125.71109630932034,126.82678985595703,7343600,0.0,0.0
2023-05-10 00:00:00-04:00,128.2586209725423,128.3608937300772,125.39499794838092,126.89189147949219,8133400,0.0,0.0
2023-05-11 00:00:00-04:00,125.51584351268195,127.19868329285076,125.42286313905839,126.49208068847656,7057300,0.0,0.0
2023-05-12 00:00:00-04:00,127.20798231436488,127.36603759072096,123.77721385815475,124.67906951904297,9988600,0.0,0.0
2023-05-15 00:00:00-04:00,124.83715647207913,126.13879683518456,124.54893711930691,125.72970581054688,7639500,0.0,0.0
2023-05-16 00:00:00-04:00,125.9435475942871,126.38982222709488,124.54892695329985,124.88363647460938,6477200,0.0,0.0
2023-05-17 00:00:00-04:00,126.35262233626756,128.85364424817092,125.94354553851306,128.72348022460938,12711500,0.0,0.0
2023-05-18 00:00:00-04:00,128.5561373131233,129.9135601537646,128.0819572058346,129.69972229003906,10999600,0.0,0.0
2023-05-19 00:00:00-04:00,129.96932211998757,130.62015634556295,128.4259529385829,129.4021759033203,13492200,0.0,0.0
2023-05-22 00:00:00-04:00,131.09434260740792,131.68938019077746,127.98899066253614,128.33299255371094,11402500,0.0,0.0
2023-05-23 00:00:00-04:00,127.87744354142416,129.26277219221237,126.8733288935989,126.99418640136719,9514900,0.0,0.0
2023-05-24 00:00:00-04:00,125.88775277144353,126.77102387365669,125.59024107397305,125.83197021484375,8578000,0.0,0.0
2023-05-25 00:00:00-04:00,125.34850221791892,126.69663258291455,125.1253578219997,126.13877868652344,8472500,0.0,0.0
2023-05-26 00:00:00-04:00,126.5478654730383,127.9331936183434,126.10159088275205,127.3195571899414,8579900,0.0,0.0
2023-05-30 00:00:00-04:00,127.18941066738822,128.04477632756996,126.46420903839032,127.80304718017578,7399900,0.0,0.0
2023-05-31 00:00:00-04:00,127.1243190866319,127.2265918367746,124.95800660583822,126.17598724365234,14219900,0.0,0.0
2023-06-01 00:00:00-04:00,126.92908212873873,128.5189417760317,125.93424589021166,127.91461181640625,12248100,0.0,0.0
2023-06-02 00:00:00-04:00,129.7555196432597,131.54063260172768,129.55097412008783,130.60159301757812,12922500,0.0,0.0
2023-06-05 00:00:00-04:00,130.26685791287542,130.26685791287542,128.42596275204582,129.31851196289062,8511900,0.0,0.0
2023-06-06 00:00:00-04:00,128.9373278322047,130.25758126837246,128.50035972398217,129.55096435546875,9329500,0.0,0.0
2023-06-07 00:00:00-04:00,129.74621069918032,131.34537684682581,129.076791651942,130.80612182617188,9281400,0.0,0.0
2023-06-08 00:00:00-04:00,130.78754019040267,130.99208571446027,129.68113872485935,130.84332275390625,7368100,0.0,0.0
2023-06-09 00:00:00-04:00,130.48998499674371,131.8381151840833,130.3598209963139,131.10360717773438,7249100,0.0,0.0
2023-06-12 00:00:00-04:00,131.15944946779217,131.39188627692613,129.9414686710039,131.0943603515625,7596600,0.0,0.0
2023-06-13 00:00:00-04:00,130.61089063084825,132.8329860065813,130.2947799684501,132.04270935058594,7701600,0.0,0.0
2023-06-14 00:00:00-04:00,132.95383981928003,133.5209861370307,130.81541857922923,131.5499267578125,9068700,0.0,0.0
2023-06-15 00:00:00-04:00,130.71313840646567,133.32572542805949,130.1924823122168,133.03750610351562,9343100,0.0,0.0
2023-06-16 00:00:00-04:00,133.00031770567188,133.8556832851755,132.4889539932474,133.195556640625,13813500,0.0,0.0
2023-06-20 00:00:00-04:00,132.59125770413888,132.95385856912745,131.1315476919943,132.51687622070312,8428600,0.0,0.0
2023-06-21 00:00:00-04:00,132.8608503119899,133.90217667494477,131.7358643045841,132.3216094970703,9926500,0.0,0.0
2023-06-22 00:00:00-04:00,132.31233019089228,132.5819648406862,129.1883788324124,129.7741241455078,10075200,0.0,0.0
2023-06-23 00:00:00-04:00,128.80713396524297,129.40217143539687,127.9517684885725,129.09536743164062,9919500,0.0,0.0
2023-06-26 00:00:00-04:00,129.11395792287587,130.1738689072679,128.0168633016688,129.41148376464844,8429700,0.0,0.0
2023-06-27 00:00:00-04:00,129.2348145722754,130.0157985360789,128.80712477106226,129.42076110839844,8154000,0.0,0.0
2023-06-28 00:00:00-04:00,129.38358499140992,129.43007517484398,128.2678915230531,128.85362243652344,7558600,0.0,0.0
2023-06-29 00:00:00-04:00,130.22968573677505,133.4744941017453,130.02514023569887,133.35362243652344,15423200,0.0,0.0
2023-06-30 00:00:00-04:00,134.44144316929692,135.74308350074216,133.56747858097697,135.22242736816406,14212800,0.0,0.0
2023-07-03 00:00:00-04:00,135.91970392054725,137.11907119999537,135.7430497366165,136.31019592285156,8021600,0.0,0.0
2023-07-05 00:00:00-04:00,135.68300316098157,136.14169879641477,135.14004477164264,135.40216064453125,8934900,1.0,0.0
2023-07-06 00:00:00-04:00,133.8856244268661,134.2319887522731,132.40653391206402,134.06349182128906,9709500,0.0,0.0
2023-07-07 00:00:00-04:00,134.71882305609267,136.52555181136813,133.86693910628782,135.12135314941406,8981500,0.0,0.0
2023-07-10 00:00:00-04:00,135.2710974449543,136.6659395090326,135.2710974449543,135.87957763671875,9100100,0.0,0.0
2023-07-11 00:00:00-04:00,136.99358365726889,138.37906960740568,136.4038300805188,138.00460815429688,11260900,0.0,0.0
2023-07-12 00:00:00-04:00,138.03266818424507,140.29810603554432,137.61141161777365,138.68795776367188,11323200,0.0,0.0
2023-07-13 00:00:00-04:00,139.20285874786703,139.83006562336877,138.31353599258082,139.36199951171875,11234900,0.0,0.0
2023-07-14 00:00:00-04:00,141.870827603696,143.1252412336155,138.93137327763844,140.2045135498047,27028400,0.0,0.0
2023-07-17 00:00:00-04:00,140.7474745833013,143.93031818225228,140.7474745833013,143.58395385742188,17262400,0.0,0.0
2023-07-18 00:00:00-04:00,143.58395347715305,144.53879798376371,143.05972175958414,143.8460693359375,13491700,0.0,0.0
2023-07-19 00:00:00-04:00,142.99422364567243,145.29711562742418,142.49807461798855,144.39842224121094,12510000,0.0,0.0
2023-07-20 00:00:00-04:00,144.66054822938762,146.58897881588481,144.54821690489194,146.1770782470703,9935900,0.0,0.0
2023-07-21 00:00:00-04:00,145.84941384000646,146.1676953908266,144.8103064253035,145.05369567871094,10636400,0.0,0.0
2023-07-24 00:00:00-04:00,145.07241030562304,148.64842793429298,144.84773343199822,147.9088897705078,14381400,0.0,0.0
2023-07-25 00:00:00-04:00,147.25361502130073,147.64678887686114,145.99920115581102,146.8042755126953,9944700,0.0,0.0
2023-07-26 00:00:00-04:00,146.70129192030421,148.14292930748638,146.29874762297274,147.68421936035156,8728600,0.0,0.0
2023-07-27 00:00:00-04:00,147.69359033815113,148.63907877636402,145.61537558273733,146.05535888671875,10778400,0.0,0.0
2023-07-28 00:00:00-04:00,147.234883659289,147.53445284492707,146.4485359733566,146.88851928710938,9103800,0.0,0.0
2023-07-31 00:00:00-04:00,147.14127883075832,149.2007814689445,147.1131960024418,147.87147521972656,8892700,0.0,0.0
2023-08-01 00:00:00-04:00,147.3752836576012,147.9088858617673,146.17703559842258,147.14125061035156,6853900,0.0,0.0
2023-08-02 00:00:00-04:00,145.62474493018428,145.74644670568168,144.10821510612257,145.47496032714844,8299400,0.0,0.0
2023-08-03 00:00:00-04:00,145.10051915990488,146.89789161861475,144.4920388255136,146.3643035888672,6084000,0.0,0.0
2023-08-04 00:00:00-04:00,146.4110794314577,147.7216731631504,145.75578970773367,146.05535888671875,6209400,0.0,0.0
2023-08-07 00:00:00-04:00,146.59832234097993,147.62805928952613,146.59832234097993,146.7480926513672,7251800,0.0,0.0
2023-08-08 00:00:00-04:00,144.46395221454787,146.01792107141907,142.84443295199063,145.92431640625,8623400,0.0,0.0
2023-08-09 00:00:00-04:00,145.4000535208101,145.58727709541188,143.66820331619675,143.96775817871094,6277800,0.0,0.0
2023-08-10 00:00:00-04:00,144.52012259703838,145.51242064260987,143.31250381761902,143.7524871826172,5995100,0.0,0.0
2023-08-11 00:00:00-04:00,143.25631104053193,144.65115317660656,142.88186387000218,144.5856170654297,5180700,0.0,0.0
2023-08-14 00:00:00-04:00,143.7992760288352,145.02560699541831,143.15334248845306,144.88519287109375,5044300,0.0,0.0
2023-08-15 00:00:00-04:00,143.08779872306133,143.4809724951409,140.6351228816474,141.19680786132812,10300300,0.0,0.0
2023-08-16 00:00:00-04:00,140.9815196692057,141.3185278436564,140.12026544675294,140.5977020263672,6978200,0.0,0.0
2023-08-17 00:00:00-04:00,141.24364197541,141.599362526,138.9220236528226,139.13734436035156,9953900,0.0,0.0
2023-08-18 00:00:00-04:00,138.2199108469386,139.9517610959369,138.02333108805377,139.4556121826172,8517500,0.0,0.0
2023-08-21 00:00:00-04:00,140.09216992550452,140.5134408185697,138.56628424091537,139.9330291748047,8327000,0.0,0.0
2023-08-22 00:00:00-04:00,139.72708740694694,140.08282221486544,136.534887452353,137.03103637695312,9673300,0.0,0.0
2023-08-23 00:00:00-04:00,137.00294965470403,138.16374441088766,136.16979258953467,137.95779418945312,7858000,0.0,0.0
2023-08-24 00:00:00-04:00,138.07949613762864,139.8675120243072,137.60207386958209,137.8267364501953,6534000,0.0,0.0
2023-08-25 00:00:00-04:00,137.8735858825269,139.12799993539016,136.53492333751183,137.6582794189453,6695500,0.0,0.0
2023-08-28 00:00:00-04:00,138.14502109769722,139.11859219835208,137.73312068749019,138.13565063476562,5094100,0.0,0.0
2023-08-29 00:00:00-04:00,138.27609058280225,139.34328069655484,137.77992738593437,139.25901794433594,6337000,0.0,0.0
2023-08-30 00:00:00-04:00,139.12798531844592,139.6241343213218,137.78932291407224,138.69737243652344,6277300,0.0,0.0
2023-08-31 00:00:00-04:00,138.79095064722685,138.87521339871287,136.637858079505,136.98422241210938,10933900,0.0,0.0
2023-09-01 00:00:00-04:00,136.75956054270785,138.62246891114418,136.3944695270514,137.4429473876953,7903500,0.0,0.0
2023-09-05 00:00:00-04:00,137.76123245014202,138.7441742202353,135.74853943819002,135.92640686035156,7854700,0.0,0.0
2023-09-06 00:00:00-04:00,135.45830246186475,136.24464994220054,134.90598799002709,135.7017059326172,8629200,0.0,0.0
2023-09-07 00:00:00-04:00,134.92475701377694,135.9919472963918,134.23201394868647,134.5409393310547,8373700,0.0,0.0
2023-09-08 00:00:00-04:00,134.21327851187928,134.91537771193597,133.53926213708527,134.64390563964844,7107900,0.0,0.0
2023-09-11 00:00:00-04:00,135.5051451671015,135.78598770305322,134.5128472530841,135.23367309570312,6854200,0.0,0.0
2023-09-12 00:00:00-04:00,135.27112644775508,137.91102656774117,134.84986974127222,136.9936065673828,8363200,0.0,0.0
2023-09-13 00:00:00-04:00,137.92972395420438,138.26673213964824,136.50681320165899,137.0591278076172,8325900,0.0,0.0
2023-09-14 00:00:00-04:00,138.39777786104037,140.32620786354758,138.09822299168405,139.7177276611328,10034900,0.0,0.0
2023-09-15 00:00:00-04:00,139.40882229373597,140.16708718154675,138.83778101161687,139.30584716796875,19863400,0.0,0.0
2023-09-18 00:00:00-04:00,138.6973598429271,139.61476546325227,138.31354218596897,139.59603881835938,6512400,0.0,0.0
2023-09-19 00:00:00-04:00,139.95176934545702,140.15771958020997,137.80803280911252,139.4181671142578,7943400,0.0,0.0
2023-09-20 00:00:00-04:00,140.09218487834835,140.65386993955852,138.67863032943688,138.8284149169922,7332000,0.0,0.0
2023-09-21 00:00:00-04:00,138.15440843768323,139.3433004745327,137.2650855973688,137.7425079345703,8052400,0.0,0.0
2023-09-22 00:00:00-04:00,137.88291038548203,138.08886061958907,135.91704126570235,136.42254638671875,7071700,0.0,0.0
2023-09-25 00:00:00-04:00,136.06683591353567,137.16210899360448,134.52220904350628,137.09657287597656,7044700,0.0,0.0
2023-09-26 00:00:00-04:00,135.36473393604743,136.52552882591283,135.0183552777935,135.67364501953125,7468400,0.0,0.0
2023-09-27 00:00:00-04:00,135.91706094085959,136.75957435926273,135.2804835021302,136.46937561035156,6717800,0.0,0.0
2023-09-28 00:00:00-04:00,136.9374414680217,139.3620208697306,136.68468172940547,138.1637725830078,8868100,0.0,0.0
2023-09-29 00:00:00-04:00,139.10921234401943,139.25898259877005,135.60807373737674,135.7578582763672,11917800,0.0,0.0
2023-10-02 00:00:00-04:00,135.58002056869492,136.31955867978297,133.520532702074,134.5877227783203,9170600,0.0,0.0
2023-10-03 00:00:00-04:00,134.0541240888714,134.41921506435102,133.25842031372002,133.59542846679688,9431100,0.0,0.0
2023-10-04 00:00:00-04:00,134.0448107134402,134.3069266623955,132.86527465889336,134.19459533691406,8128700,0.0,0.0
2023-10-05 00:00:00-04:00,133.94939154112294,134.94902600061062,132.80832123107882,134.76040649414062,8576200,1.05,0.0
2023-10-06 00:00:00-04:00,134.76980848069118,137.57063757203986,134.0436638745079,136.83506774902344,10270600,0.0,0.0
2023-10-09 00:00:00-04:00,135.47712036142732,137.11800063708546,135.32623051848367,136.52389526367188,6964900,0.0,0.0
2023-10-10 00:00:00-04:00,137.13684937657925,138.40995889388373,137.004824376904,137.35374450683594,11288800,0.0,0.0
2023-10-11 00:00:00-04:00,138.16475123974746,138.84374102392985,136.75963119469503,137.82525634765625,8698200,0.0,0.0
2023-10-12 00:00:00-04:00,137.96673338014548,138.5891431366781,136.86337847882652,137.504638671875,10484400,0.0,0.0
2023-10-13 00:00:00-04:00,140.0414051365208,144.38881902981274,139.41899543795483,139.56988525390625,29427000,0.0,0.0
2023-10-16 00:00:00-04:00,140.9373067071493,141.0033264055544,138.36281187263532,139.42845153808594,12663500,0.0,0.0
2023-10-17 00:00:00-04:00,139.1643775960049,140.80525749010098,138.42879338011554,139.12664794921875,11482700,0.0,0.0
2023-10-18 00:00:00-04:00,138.24019813274663,139.07950296279404,137.0896884480104,137.59893798828125,9620300,0.0,0.0
2023-10-19 00:00:00-04:00,137.1934163017745,138.64570554852048,136.62760109586821,137.0142364501953,11143600,0.0,0.0
2023-10-20 00:00:00-04:00,136.33527520394097,136.87280042471613,134.02481610747344,134.8075408935547,13332900,0.0,0.0
2023-10-23 00:00:00-04:00,134.7981121972243,135.49595244442185,132.71398789413,132.96861267089844,10133400,0.0,0.0
2023-10-24 00:00:00-04:00,133.1478015940857,133.6570367926189,132.36507677495513,133.12893676757812,8881400,0.0,0.0
2023-10-25 00:00:00-04:00,132.56313096599058,133.13837151399747,131.5634965446005,132.40280151367188,8242600,0.0,0.0
2023-10-26 00:00:00-04:00,131.7992392386323,133.6004487370822,131.48803437322115,132.74227905273438,9109400,0.0,0.0
2023-10-27 00:00:00-04:00,131.03539507182188,131.1768596947608,127.4895701240556,127.96109008789062,17434700,0.0,0.0
2023-10-30 00:00:00-04:00,128.6683694597706,130.17722470352462,128.29114485659662,129.59254455566406,9855500,0.0,0.0
2023-10-31 00:00:00-04:00,129.86603437399648,131.3088843077503,129.63969961177435,131.13912963867188,9672500,0.0,0.0
2023-11-01 00:00:00-04:00,131.31831053557096,132.5254004974012,130.58274053975717,131.02597045898438,9432000,0.0,0.0
2023-11-02 00:00:00-04:00,132.1104555293983,133.42128040877887,131.2994406435454,133.3647003173828,10186200,0.0,0.0
2023-11-03 00:00:00-04:00,134.0908306209058,135.58083522229103,133.77020054443747,134.8546905517578,9538700,0.0,0.0
2023-11-06 00:00:00-05:00,135.01498415663912,135.97688862298904,134.65662448709557,135.87315368652344,7625100,0.0,0.0
2023-11-07 00:00:00-05:00,135.33562430758016,136.0429040937685,134.68493899158793,135.80714416503906,6297900,0.0,0.0
2023-11-08 00:00:00-05:00,135.90146025925483,136.58987525429612,135.4393655970245,136.47671508789062,7618200,0.0,0.0
2023-11-09 00:00:00-05:00,137.15570184261244,137.3537321294573,135.5148075176755,136.07119750976562,7992500,0.0,0.0
2023-11-10 00:00:00-05:00,136.68417450960825,138.13644929586334,135.87315980335984,138.08929443359375,7983300,0.0,0.0
2023-11-13 00:00:00-05:00,137.40088871139884,137.91956345188186,136.89165357778936,137.47633361816406,6676300,0.0,0.0
2023-11-14 00:00:00-05:00,138.32505839820212,140.7486773711874,138.17418298003085,139.9848175048828,9927700,0.0,0.0
2023-11-15 00:00:00-05:00,140.00369511859856,141.60685990157586,140.00369511859856,141.21078491210938,8365300,0.0,0.0
2023-11-16 00:00:00-05:00,141.5408296491821,142.8988091629842,141.5408296491821,142.8233642578125,8126200,0.0,0.0
2023-11-17 00:00:00-05:00,143.53066195472735,144.15307170777956,142.90825220167514,144.1153564453125,7812400,0.0,0.0
2023-11-20 00:00:00-05:00,143.41747800515745,144.99235256315117,143.26658820100812,144.5585479736328,7019000,0.0,0.0
2023-11-21 00:00:00-05:00,144.4737158356679,144.87923049221965,143.87961045881642,144.25682067871094,7083500,0.0,0.0
2023-11-22 00:00:00-05:00,144.6717431305955,145.11497299989654,144.19078361006055,144.59629821777344,5174500,0.0,0.0
2023-11-24 00:00:00-05:00,144.84146638712082,145.64305590080474,144.54912637778605,144.7943115234375,3496900,0.0,0.0
2023-11-27 00:00:00-05:00,144.69058425026378,144.78489398263042,144.01160885787445,144.46426391601562,6259100,0.0,0.0
2023-11-28 00:00:00-05:00,144.4925462972237,145.1055163561744,144.02102643967882,144.7943115234375,6582700,0.0,0.0
2023-11-29 00:00:00-05:00,145.38847311225962,146.76531782513422,145.22815804117974,145.52993774414062,9126100,0.0,0.0
2023-11-30 00:00:00-05:00,146.08631181107492,147.23682162015268,145.586501823976,147.18966674804688,9869800,0.0,0.0
2023-12-01 00:00:00-05:00,146.94448174841548,148.86827678185622,146.94448174841548,147.9063720703125,8916000,0.0,0.0
2023-12-04 00:00:00-05:00,147.1330553995179,149.04742480521057,147.00103041945783,148.9908447265625,9607500,0.0,0.0
2023-12-05 00:00:00-05:00,148.3024355246939,149.47181007082003,148.02896031089793,148.9720001220703,9135600,0.0,0.0
2023-12-06 00:00:00-05:00,149.79244482122945,150.15080456532945,147.11421512755064,147.40655517578125,9366000,0.0,0.0
2023-12-07 00:00:00-05:00,147.7649118050395,148.34959188917585,147.25566224366952,147.8592071533203,8130900,0.0,0.0
2023-12-08 00:00:00-05:00,148.30243749266455,149.73586205376884,148.038387493204,149.4906768798828,7369400,0.0,0.0
2023-12-11 00:00:00-05:00,149.49066339865834,150.2262332436277,149.1417289104025,150.03762817382812,8093900,0.0,0.0
2023-12-12 00:00:00-05:00,150.16022534418147,151.4993401514318,149.83017004353027,151.3767547607422,10223000,0.0,0.0
2023-12-13 00:00:00-05:00,151.376751172791,152.80073607591623,150.66947133004385,151.885986328125,12379100,0.0,0.0
2023-12-14 00:00:00-05:00,152.6121243164545,155.45066878084032,152.49896415125406,154.6490936279297,13643000,0.0,0.0
2023-12-15 00:00:00-05:00,153.79092125929148,155.8656057922749,153.14022154170772,155.81845092773438,20309300,0.0,0.0
2023-12-18 00:00:00-05:00,156.46916508532496,157.61024959807705,156.19568986918287,156.76150512695312,8469600,0.0,0.0
2023-12-19 00:00:00-05:00,156.5445970162341,158.87390632782794,156.12023201068527,158.85504150390625,10345700,0.0,0.0
2023-12-20 00:00:00-05:00,158.42124239273335,159.7603570231503,156.96895321478056,157.06326293945312,10734700,0.0,0.0
2023-12-21 00:00:00-05:00,157.3367577550905,158.5155575124074,156.24282812678547,157.95916748046875,7601700,0.0,0.0
2023-12-22 00:00:00-05:00,157.95916263882626,158.64757764689784,157.70453786994963,157.86485290527344,6576300,0.0,0.0
2023-12-26 00:00:00-05:00,157.9214266846687,159.15680632823958,157.6573623432536,158.79844665527344,4683600,0.0,0.0
2023-12-27 00:00:00-05:00,158.27980617011522,159.8169657419524,158.03462098752954,159.75094604492188,6428600,0.0,0.0
2023-12-28 00:00:00-05:00,159.70381588348346,160.9391958738307,159.37374615629497,160.59970092773438,6320100,0.0,0.0
2023-12-29 00:00:00-05:00,160.31677729363093,160.96747710381322,159.96785714773753,160.4110870361328,6435100,0.0,0.0
2024-01-02 00:00:00-05:00,159.458610618745,162.36317518980186,159.28887034656313,162.27830505371094,9977400,0.0,0.0
2024-01-03 00:00:00-05:00,162.07080905271448,162.24054929758722,160.6656746705868,161.5709991455078,9852300,0.0,0.0
2024-01-04 00:00:00-05:00,161.9126118704199,164.4840152154625,161.81772058185265,162.6432342529297,11972500,1.05,0.0
2024-01-05 00:00:00-05:00,162.7001265545649,164.51244261762304,162.7001265545649,163.45921325683594,10066000,0.0,0.0
2024-01-08 00:00:00-05:00,163.2220458984375,163.54465313300418,160.82144383692776,163.2220458984375,11229900,0.0,0.0
2024-01-09 00:00:00-05:00,162.8424414904137,163.00374505449466,161.40019274861692,161.93154907226562,9923600,0.0,0.0
2024-01-10 00:00:00-05:00,161.3053268268902,162.33009181707794,160.309026324343,162.27316284179688,9670200,0.0,0.0
2024-01-11 00:00:00-05:00,161.6184608273202,161.6469253167498,160.01489369036094,161.58999633789062,11919500,0.0,0.0
2024-01-12 00:00:00-05:00,164.9109759460637,167.29259640908697,160.26157849064393,160.40391540527344,19436500,0.0,0.0
2024-01-16 00:00:00-05:00,156.43771030633505,159.49302439057672,155.8968705158976,159.3981475830078,17206400,0.0,0.0
2024-01-17 00:00:00-05:00,158.78137265631167,160.42290202843512,157.97485469273727,158.54415893554688,11107500,0.0,0.0
2024-01-18 00:00:00-05:00,158.57262518214884,158.9616591633274,156.788787827513,158.85728454589844,9382300,0.0,0.0
2024-01-19 00:00:00-05:00,158.98063779337124,161.84618358047715,158.53467484219206,161.59947204589844,13115700,0.0,0.0
2024-01-22 00:00:00-05:00,161.7418340542588,163.18408326891642,161.0301927849708,161.40972900390625,12837500,0.0,0.0
2024-01-23 00:00:00-05:00,160.99218388563608,161.06809400313085,159.82509659569962,160.3469696044922,8360800,0.0,0.0
2024-01-24 00:00:00-05:00,160.69806067066273,162.26366540807356,160.22363323770475,161.77975463867188,9967100,0.0,0.0
2024-01-25 00:00:00-05:00,163.49717227262667,164.1424010811721,162.16878131146788,164.09495544433594,8873500,0.0,0.0
2024-01-26 00:00:00-05:00,163.78184333389387,164.20882513921873,162.9942920368661,163.46871948242188,7443000,0.0,0.0
2024-01-29 00:00:00-05:00,163.4307613169015,164.00006552852224,162.5388354591491,163.89569091796875,6971200,0.0,0.0
2024-01-30 00:00:00-05:00,163.99059082342822,167.71958355620103,163.99059082342822,167.25465393066406,10822100,0.0,0.0
2024-01-31 00:00:00-05:00,167.18825737571814,169.1808587775688,165.4233863987124,165.44236755371094,11521800,0.0,0.0
2024-02-01 00:00:00-05:00,164.7591499982318,165.89777288401743,162.6621744802231,164.84454345703125,9354800,0.0,0.0
2024-02-02 00:00:00-05:00,164.4365405747899,166.82765873693674,164.398578274706,165.79339599609375,8607600,0.0,0.0
2024-02-05 00:00:00-05:00,164.96792869965805,166.13501628029312,164.07600269490123,165.5751953125,7820200,0.0,0.0
2024-02-06 00:00:00-05:00,165.6795566137463,166.8751085895703,164.87302414792433,166.14450073242188,6764800,0.0,0.0
2024-02-07 00:00:00-05:00,166.70433790988764,166.87512486092518,165.06282280749863,166.45762634277344,7225500,0.0,0.0
2024-02-08 00:00:00-05:00,166.04960084038564,166.34374353104843,164.69274533742478,165.85983276367188,6060300,0.0,0.0
2024-02-09 00:00:00-05:00,166.04959869496852,166.14448997128747,164.78762000748162,166.05908203125,6296700,0.0,0.0
2024-02-12 00:00:00-05:00,165.84085611158963,167.76703037532326,164.81609109548293,166.7991943359375,8539300,0.0,0.0
2024-02-13 00:00:00-05:00,166.35324093999716,167.21668785869483,163.79132123629455,165.34744262695312,8397600,0.0,0.0
2024-02-14 00:00:00-05:00,166.11602396443158,167.09334329239704,165.49925963075256,167.02691650390625,7056700,0.0,0.0
2024-02-15 00:00:00-05:00,167.1407757730594,170.99313861983137,167.1407757730594,170.67051696777344,8723400,0.0,0.0
2024-02-16 00:00:00-05:00,170.42382695213206,170.77489862748652,169.04799026069725,169.8734893798828,8152600,0.0,0.0
2024-02-20 00:00:00-05:00,170.02531392720303,171.2303637188881,169.28520825442058,170.53768920898438,9668000,0.0,0.0
2024-02-21 00:00:00-05:00,170.74641798610924,171.7332350838135,169.3895625747349,171.6478271484375,7024000,0.0,0.0
2024-02-22 00:00:00-05:00,172.5208251564144,174.03898448792688,171.97048751228837,173.70689392089844,9296500,0.0,0.0
2024-02-23 00:00:00-05:00,174.40900207051712,175.72790969059875,173.8207167154575,174.57980346679688,7105800,0.0,0.0
2024-02-26 00:00:00-05:00,174.3520932485434,175.02578661879247,173.1470434344582,173.98204040527344,7145400,0.0,0.0
2024-02-27 00:00:00-05:00,173.9345742347972,174.15280678882112,172.91930710908773,174.06741333007812,5717100,0.0,0.0
2024-02-28 00:00:00-05:00,174.04843594056865,175.72791305734785,173.60248748692752,174.94985961914062,6131600,0.0,0.0
2024-02-29 00:00:00-05:00,176.16439390725577,176.89500171310078,174.4469689552258,176.54393005371094,9643000,0.0,0.0
2024-03-01 00:00:00-05:00,176.20234267897524,176.90450047991027,175.63303845622815,175.8133087158203,6311800,0.0,0.0
2024-03-04 00:00:00-05:00,175.26300176048102,177.99569413338153,174.84550327171607,177.13223266601562,7063600,0.0,0.0
2024-03-05 00:00:00-05:00,176.82862140879405,179.61825747313026,176.82862140879405,178.9066162109375,6617800,0.0,0.0
2024-03-06 00:00:00-05:00,179.57079333868876,180.3488613215342,178.03365300369188,179.8364715576172,7572900,0.0,0.0
2024-03-07 00:00:00-05:00,180.19703992745502,180.75686085108097,177.08479697238374,178.26136779785156,7618300,0.0,0.0
2024-03-08 00:00:00-05:00,178.80220930717653,180.7189001480093,178.3088007338345,178.5934600830078,6172200,0.0,0.0
2024-03-11 00:00:00-04:00,177.70154336122792,178.8022185128998,176.69575949029132,178.65988159179688,5762600,0.0,0.0
2024-03-12 00:00:00-04:00,179.28611974419184,180.43424047505954,178.2993170776544,180.13059997558594,5708400,0.0,0.0
2024-03-13 00:00:00-04:00,180.6240066673423,181.92393315603576,180.1305981000231,181.5918426513672,7795500,0.0,0.0
2024-03-14 00:00:00-04:00,181.25977148114708,181.82909027874697,177.53077823984108,178.3562774658203,10310900,0.0,0.0
2024-03-15 00:00:00-04:00,176.9424601771041,181.17435946088082,176.9424601771041,180.5670928955078,17214200,0.0,0.0
2024-03-18 00:00:00-04:00,180.88022211160907,182.84434431154483,180.17806424275938,182.806396484375,9013800,0.0,0.0
2024-03-19 00:00:00-04:00,182.85383525818784,184.01142492310007,182.54071140188407,183.8785858154297,8478700,0.0,0.0
2024-03-20 00:00:00-04:00,184.25814725101966,186.5069288762153,183.70780963606143,186.2886962890625,9367000,0.0,0.0
2024-03-21 00:00:00-04:00,186.46897370163362,189.23013052665834,186.2886889495495,188.87905883789062,11203800,0.0,0.0
2024-03-22 00:00:00-04:00,188.83160536845347,190.22642320705918,186.48793264526574,186.5638427734375,8108800,0.0,0.0
2024-03-25 00:00:00-04:00,186.54485635359586,186.86746350539403,184.4194164249036,184.85589599609375,8620000,0.0,0.0
2024-03-26 00:00:00-04:00,184.6376967146513,186.60183357532804,184.13480470728916,185.71939086914062,5961500,0.0,0.0
2024-03-27 00:00:00-04:00,186.4499755769137,189.39143136464278,186.33611762948894,189.31552124023438,8725800,0.0,0.0
2024-03-28 00:00:00-04:00,189.28706341600085,190.45415085331146,188.38563970590695,190.05563354492188,8628300,0.0,0.0
2024-04-01 00:00:00-04:00,189.76148296386717,190.66289215811688,188.4141108405425,188.7651824951172,7309000,0.0,0.0
2024-04-02 00:00:00-04:00,188.24332231873962,189.56223004560812,187.9491796173942,188.6892852783203,7014700,0.0,0.0
2024-04-03 00:00:00-04:00,188.8600871382649,189.3534957773421,187.58862495139087,188.15794372558594,9353400,0.0,0.0
2024-04-04 00:00:00-04:00,190.06668194049317,190.57250726060758,186.63088813761217,186.726318359375,9243800,1.15,0.0
2024-04-05 00:00:00-04:00,187.21307291356746,189.08366842916283,186.21096089165496,188.44422912597656,6532300,0.0,0.0
2024-04-08 00:00:00-04:00,188.60648563767035,189.90445619693176,188.60648563767035,189.42726135253906,8001000,0.0,0.0
2024-04-09 00:00:00-04:00,189.03597982912675,189.80903317635733,186.02010480291608,188.15792846679688,7351500,0.0,0.0
2024-04-10 00:00:00-04:00,186.63090309212447,188.0815794697576,185.32337934002095,186.55455017089844,7681400,0.0,0.0
2024-04-11 00:00:00-04:00,187.06035119498426,187.6043602268826,184.42624128812224,186.51634216308594,10137700,0.0,0.0
2024-04-12 00:00:00-04:00,179.73068483719993,180.31284860479283,174.2142986804954,174.45289611816406,31532300,0.0,0.0
2024-04-15 00:00:00-04:00,176.0848925222756,178.90989232756837,173.88979338856458,174.54832458496094,14766600,0.0,0.0
2024-04-16 00:00:00-04:00,174.55787484556882,174.80602549423577,171.45610823988386,172.5536651611328,16451800,0.0,0.0
2024-04-17 00:00:00-04:00,173.0976418055842,174.09975382543902,171.02661806472688,171.86648559570312,9017100,0.0,0.0
2024-04-18 00:00:00-04:00,172.83997115716338,174.99688652001322,171.7615061943233,172.98312377929688,9557700,0.0,0.0
2024-04-19 00:00:00-04:00,174.08068859594022,177.40197548789726,173.13585204182792,177.32562255859375,13402300,0.0,0.0
2024-04-22 00:00:00-04:00,177.5069394038577,181.45811204263342,177.49738618697634,180.7709503173828,11529700,0.0,0.0
2024-04-23 00:00:00-04:00,182.4125059825634,183.46232590313252,181.83032768955627,183.37643432617188,9144400,0.0,0.0
2024-04-24 00:00:00-04:00,181.8398780520335,184.41672746658654,181.49629715923766,184.27357482910156,6964900,0.0,0.0
2024-04-25 00:00:00-04:00,183.48142690000614,185.094347885253,182.46022289146978,184.5503387451172,9802300,0.0,0.0
2024-04-26 00:00:00-04:00,184.74122414056745,185.9819191199223,184.25447606565834,184.6648712158203,6413700,0.0,0.0
2024-04-29 00:00:00-04:00,184.65530678155278,185.3997295490782,183.65319472901302,184.4644317626953,5387800,0.0,0.0
2024-04-30 00:00:00-04:00,184.01587936793962,186.0964565277787,182.8992451443853,182.99468994140625,8153700,0.0,0.0
2024-05-01 00:00:00-04:00,183.50049513128624,185.5906107156563,182.08798801756038,183.10919189453125,7445300,0.0,0.0
2024-05-02 00:00:00-04:00,184.2640125734771,184.67439312359332,180.87592647957385,182.91831970214844,6501700,0.0,0.0
2024-05-03 00:00:00-04:00,183.2428007323514,183.74862604851333,179.86426800149363,181.8207550048828,8922800,0.0,0.0
2024-05-06 00:00:00-04:00,182.98513906415366,183.43370340279216,181.16226574552516,183.24282836914062,7911100,0.0,0.0
2024-05-07 00:00:00-04:00,182.9565195413683,184.13041490362048,182.90879713937719,183.00424194335938,7688800,0.0,0.0
2024-05-08 00:00:00-04:00,182.28841256959262,187.6807079539802,182.28841256959262,186.726318359375,9227600,0.0,0.0
2024-05-09 00:00:00-04:00,186.26825911130967,188.57788072431907,186.2014593966942,188.4919891357422,7977300,0.0,0.0
2024-05-10 00:00:00-04:00,189.4845051748557,190.24801976902737,189.2268304675511,189.7040252685547,7529800,0.0,0.0
2024-05-13 00:00:00-04:00,189.7326620428204,190.734774070511,189.00731660118564,189.6658477783203,7049200,0.0,0.0
2024-05-14 00:00:00-04:00,189.9235483988948,192.385875547787,189.121864553999,192.31906127929688,8596200,0.0,0.0
2024-05-15 00:00:00-04:00,192.79626357615743,193.44525616341704,190.65843990714103,192.89170837402344,8370000,0.0,0.0
2024-05-16 00:00:00-04:00,192.9966778539951,195.1535932389949,192.77717231019278,193.2352752685547,8497900,0.0,0.0
2024-05-17 00:00:00-04:00,194.51416504960696,195.69761353618276,193.55977533673882,195.449462890625,9260500,0.0,0.0
2024-05-20 00:00:00-04:00,195.0676692854201,196.489714882768,186.48770243943238,186.6595001220703,17373300,0.0,0.0
2024-05-21 00:00:00-04:00,188.0147793513531,190.78250378063117,187.6330292793257,190.4198455810547,14420800,0.0,0.0
2024-05-22 00:00:00-04:00,189.92354585608186,191.77506416081215,188.6732977083887,189.2650146484375,9425300,0.0,0.0
2024-05-23 00:00:00-04:00,188.78780643900882,189.25546259056458,187.12717783768824,187.9384002685547,8069400,0.0,0.0
2024-05-24 00:00:00-04:00,188.73054238375408,191.60324982166694,188.5492060306778,191.5555419921875,7356200,0.0,0.0
2024-05-28 00:00:00-04:00,190.7442918725669,191.26920902614896,189.5990273501878,190.4007110595703,6910200,0.0,0.0
2024-05-29 00:00:00-04:00,188.969128506793,189.91397939194528,187.9097555371963,189.07411193847656,6120000,0.0,0.0
2024-05-30 00:00:00-04:00,189.50359554891975,190.7347662809771,189.35088971872463,190.2384796142578,6829100,0.0,0.0
2024-05-31 00:00:00-04:00,190.20986585230213,194.02742456659686,189.3031985702233,193.3879852294922,14417900,0.0,0.0
2024-06-03 00:00:00-04:00,193.08258611073796,193.1875695647281,190.1048947798636,192.6149444580078,6444300,0.0,0.0
2024-06-04 00:00:00-04:00,191.03065316429118,192.76763491215212,189.23639579945825,190.07626342773438,6848300,0.0,0.0
2024-06-05 00:00:00-04:00,190.6488832103386,190.70615882571187,187.9384199292547,188.26290893554688,8351600,0.0,0.0
2024-06-06 00:00:00-04:00,188.2628911546147,188.9882365858564,186.4209261786032,187.92886352539062,7640300,0.0,0.0
2024-06-07 00:00:00-04:00,188.42514935958465,191.75597461770602,188.024307437637,190.83021545410156,6964500,0.0,0.0
2024-06-10 00:00:00-04:00,190.15261775965763,191.67963261173603,189.38910305220256,190.5057373046875,6070800,0.0,0.0
2024-06-11 00:00:00-04:00,188.88324895141668,188.9118794743479,184.76983211155977,185.4951629638672,9235300,0.0,0.0
2024-06-12 00:00:00-04:00,187.06037343522323,187.747535155726,182.58428359797037,182.79425048828125,12751300,0.0,0.0
2024-06-13 00:00:00-04:00,183.54822402834617,185.7051393894414,182.17390060566132,184.8271026611328,8587800,0.0,0.0
2024-06-14 00:00:00-04:00,182.7179204558384,185.97239310049383,182.68928992746697,184.941650390625,6874000,0.0,0.0
2024-06-17 00:00:00-04:00,184.6552991186537,186.65952314056108,183.85361533502265,186.08688354492188,8725400,0.0,0.0
2024-06-18 00:00:00-04:00,185.7242259848272,188.93097569239987,185.2756616981407,188.01475524902344,9023000,0.0,0.0
2024-06-20 00:00:00-04:00,187.4325744032568,190.35300427166862,187.1653464782276,189.60858154296875,8731100,0.0,0.0
2024-06-21 00:00:00-04:00,187.73799820567726,188.17700929825324,185.36156268713378,187.34669494628906,20972100,0.0,0.0
2024-06-24 00:00:00-04:00,188.78781706567207,190.14304864072443,188.1102085595612,189.80902099609375,9785900,0.0,0.0
2024-06-25 00:00:00-04:00,189.0550270132535,190.94472885295818,188.7209994004138,189.03594970703125,6862500,0.0,0.0
2024-06-26 00:00:00-04:00,188.44424751166255,188.91190371760356,187.3276132855566,188.42515563964844,7758600,0.0,0.0
2024-06-27 00:00:00-04:00,188.43469489460125,190.74431610090178,187.91931632822877,190.08578491210938,7913500,0.0,0.0
2024-06-28 00:00:00-04:00,190.88747429822308,193.35935463256504,190.20986578187188,193.03485107421875,15307600,0.0,0.0
2024-07-01 00:00:00-04:00,193.5883881973363,197.64454410688455,193.416605054855,196.079345703125,10205800,0.0,0.0
2024-07-02 00:00:00-04:00,195.92664354617938,199.33382156432344,195.43037141669657,199.30519104003906,7802900,0.0,0.0
2024-07-03 00:00:00-04:00,199.99234547043878,200.78449059341636,198.1789964757142,199.17156982421875,5560900,0.0,0.0
2024-07-05 00:00:00-04:00,198.64375880499992,199.00842649532183,196.27335292204722,196.53245544433594,8093100,1.15,0.0
2024-07-08 00:00:00-04:00,196.77237767256634,198.5573794017683,195.74552979069207,196.8971405029297,8707000,0.0,0.0
2024-07-09 00:00:00-04:00,197.33860892161442,201.30206944737745,197.16585925201633,199.25796508789062,9058900,0.0,0.0
2024-07-10 00:00:00-04:00,197.82801262669597,199.58422503774028,197.2905953160313,199.42108154296875,8328500,0.0,0.0
2024-07-11 00:00:00-04:00,197.89519852111354,199.70898927928098,197.0986640573066,199.08518981933594,10658100,0.0,0.0
2024-07-12 00:00:00-04:00,195.77432240821722,199.08520875553353,193.95093996868792,196.67642211914062,15443400,0.0,0.0
2024-07-15 00:00:00-04:00,198.83570341075963,203.07747876015205,198.38465354242032,201.58038330078125,10719700,0.0,0.0
2024-07-16 00:00:00-04:00,201.53240903441477,205.12161054317335,199.68982876618043,205.00643920898438,11557000,0.0,0.0
2024-07-17 00:00:00-04:00,205.1791773653675,208.78756169090065,204.6705491521375,208.12538146972656,11572500,0.0,0.0
2024-07-18 00:00:00-04:00,206.93537311360464,207.90464262796732,200.80303124118646,201.51318359375,12415100,0.0,0.0
2024-07-19 00:00:00-04:00,202.68401496985885,203.78765358828193,200.49595003902687,201.32127380371094,8095900,0.0,0.0
2024-07-22 00:00:00-04:00,201.97383607849395,203.61487723988253,201.25407758649305,201.80108642578125,7663200,0.0,0.0
2024-07-23 00:00:00-04:00,202.5112707886033,202.95271450120742,200.90861016610094,201.84909057617188,5557300,0.0,0.0
2024-07-24 00:00:00-04:00,201.10054238495405,203.4805398970385,199.6802229423339,200.1792449951172,7119000,0.0,0.0
2024-07-25 00:00:00-04:00,200.23681430218042,201.71472666285024,199.66101627259542,200.25601196289062,6403800,0.0,0.0
2024-07-26 00:00:00-04:00,200.8030488593653,204.56498521561846,200.20803848586095,203.6820831298828,8027800,0.0,0.0
2024-07-29 00:00:00-04:00,204.0755227146991,204.99682004630137,202.0602076823259,202.34811401367188,6533600,0.0,0.0
2024-07-30 00:00:00-04:00,204.63214713164874,207.08892060425245,204.37304460068856,206.51312255859375,8850700,0.0,0.0
2024-07-31 00:00:00-04:00,206.11965617262393,207.66473846208044,204.09473484474648,204.21949768066406,9071600,0.0,0.0
2024-08-01 00:00:00-04:00,204.6033494115887,205.207951245614,198.05835297856282,199.57464599609375,10918600,0.0,0.0
2024-08-02 00:00:00-04:00,195.65916985684163,196.4173090899953,188.951014866982,191.11029052734375,18041700,0.0,0.0
2024-08-05 00:00:00-04:00,186.2255269573448,188.26003972022244,183.2025323392783,187.04124450683594,13927000,0.0,0.0
2024-08-06 00:00:00-04:00,187.52107494379788,194.4307682439227,186.1775316040648,192.2618865966797,10605800,0.0,0.0
2024-08-07 00:00:00-04:00,195.30408805090468,197.4537723017031,192.1275558309593,192.31948852539062,9204400,0.0,0.0
2024-08-08 00:00:00-04:00,194.30602452731497,196.6476414155857,193.6534358098913,195.8319091796875,7761200,0.0,0.0
2024-08-09 00:00:00-04:00,195.26568795748204,198.14472201831654,194.71866445703174,197.50173950195312,5540200,0.0,0.0
2024-08-12 00:00:00-04:00,198.08715268440758,198.78771357086882,195.44803800867777,197.8760223388672,6936000,0.0,0.0
2024-08-13 00:00:00-04:00,199.35391161147854,199.6993962854889,197.11786006073427,199.55545043945312,6387800,0.0,0.0
2024-08-14 00:00:00-04:00,199.36350046327019,202.26171729780307,198.76849018306535,201.7626953125,6999800,0.0,0.0
2024-08-15 00:00:00-04:00,204.41141236229493,205.26552518971098,202.5880300343132,203.01988220214844,7001000,0.0,0.0
2024-08-16 00:00:00-04:00,203.15425086846594,205.45747235510242,203.05827720505397,205.34231567382812,7931200,0.0,0.0
2024-08-19 00:00:00-04:00,205.37108886847773,206.83939501460688,205.1983538600032,206.7626190185547,6090800,0.0,0.0
2024-08-20 00:00:00-04:00,206.33077379457382,207.290451812223,205.0639917823852,205.87013244628906,5640000,0.0,0.0
2024-08-21 00:00:00-04:00,205.78375651861572,206.33078003410972,204.25787193885594,205.94691467285156,5202300,0.0,0.0
2024-08-22 00:00:00-04:00,205.92770721801395,208.05819355178016,205.6973792260983,207.89505004882812,5247100,0.0,0.0
2024-08-23 00:00:00-04:00,208.825930548005,210.35181499430405,207.7702789315898,209.50729370117188,7214000,0.0,0.0
2024-08-26 00:00:00-04:00,210.17908959536388,210.82207214735465,209.25780684522277,210.3326416015625,5105200,0.0,0.0
2024-08-27 00:00:00-04:00,210.65891263842738,211.53222313341251,210.3518232928703,211.30189514160156,5185200,0.0,0.0
2024-08-28 00:00:00-04:00,210.40940501408693,213.25005838467985,210.35182667608916,212.3671417236328,6506400,0.0,0.0
2024-08-29 00:00:00-04:00,213.19245279825017,213.98898726168142,210.11189474931135,213.2500457763672,6416100,0.0,0.0
2024-08-30 00:00:00-04:00,213.5283638010213,216.38820025870874,212.981340289583,215.73562622070312,8574100,0.0,0.0
2024-09-03 00:00:00-04:00,213.33643989830546,215.0638633692745,210.39982731942075,211.41708374023438,8956100,0.0,0.0
2024-09-04 00:00:00-04:00,212.1272474569603,213.11572940311365,208.4516931045851,210.4862060546875,7389500,0.0,0.0
2024-09-05 00:00:00-04:00,211.27309900776237,211.89689847369655,207.31923046160043,208.85472106933594,8067900,0.0,0.0
2024-09-06 00:00:00-04:00,208.82594829731795,209.91998068208017,202.57843485706223,203.89320373535156,7777000,0.0,0.0
2024-09-09 00:00:00-04:00,206.51312105129102,209.35375986693387,205.54383685302398,208.0677947998047,8935100,0.0,0.0
2024-09-10 00:00:00-04:00,209.78563367537953,209.82401435534237,192.52101978319223,197.27142333984375,28406900,0.0,0.0
2024-09-11 00:00:00-04:00,196.97391086092546,199.3251190484655,193.6918138354718,198.8740692138672,13658700,0.0,0.0
2024-09-12 00:00:00-04:00,199.27712034695296,200.36156111576474,196.62841447812514,198.26947021484375,9054400,0.0,0.0
2024-09-13 00:00:00-04:00,198.5190120847975,199.4690986741892,194.833851700199,196.08143615722656,10226700,0.0,0.0
2024-09-16 00:00:00-04:00,197.5305381683303,199.81457665233654,197.30021016072058,199.4786834716797,8634900,0.0,0.0
2024-09-17 00:00:00-04:00,199.35390740598294,201.4651960832742,199.28673756042474,200.8126220703125,7573300,0.0,0.0
2024-09-18 00:00:00-04:00,200.58229137057424,202.81834284396587,198.3654375571648,199.16197204589844,8259900,0.0,0.0
2024-09-19 00:00:00-04:00,201.32128546025103,203.36540464959074,198.97966838098475,201.99305725097656,11635200,0.0,0.0
2024-09-20 00:00:00-04:00,201.46520015567114,202.89512568030523,201.05254563504943,202.57843017578125,20885000,0.0,0.0
2024-09-23 00:00:00-04:00,202.49207645675105,203.25982185543435,201.52280686007273,202.91433715820312,7223500,0.0,0.0
2024-09-24 00:00:00-04:00,202.63601263414566,204.3634360377964,201.88746493315114,203.0582733154297,7323200,0.0,0.0
2024-09-25 00:00:00-04:00,203.14463253149498,203.68206451343198,200.19842867858037,201.7147216796875,8976500,0.0,0.0
2024-09-26 00:00:00-04:00,202.61684511643884,203.16385402738385,200.58231755493514,201.32127380371094,7807500,0.0,0.0
2024-09-27 00:00:00-04:00,202.1561834046356,203.87401538274102,200.88941594295318,202.01223754882812,7032500,0.0,0.0
2024-09-30 00:00:00-04:00,197.99117378793656,202.45368545325593,196.98350891876606,202.3577117919922,8663800,0.0,0.0
2024-10-01 00:00:00-04:00,200.4767591421218,200.65910033309902,197.87603956294308,198.69175720214844,8540100,0.0,0.0
2024-10-02 00:00:00-04:00,198.73014693766058,200.52474033695253,197.39619493599187,198.93167114257812,5810900,0.0,0.0
2024-10-03 00:00:00-04:00,197.8568269060444,198.16393091884422,196.10061427209934,196.95472717285156,7251300,0.0,0.0
2024-10-04 00:00:00-04:00,202.09148689963916,204.37985684800876,199.78380164736595,203.9453582763672,10211700,1.25,0.0
2024-10-07 00:00:00-04:00,203.76190602752735,205.98269458084312,202.46806055788844,203.66534423828125,6718900,0.0,0.0
2024-10-08 00:00:00-04:00,203.32740337902976,204.05157258412177,201.20317665741186,203.49154663085938,6021800,0.0,0.0
2024-10-09 00:00:00-04:00,202.47772975256393,206.86137608833337,202.16875851799102,206.06961059570312,7024000,0.0,0.0
2024-10-10 00:00:00-04:00,207.4116888067614,207.4116888067614,204.18672586777467,205.50953674316406,7927100,0.0,0.0
2024-10-11 00:00:00-04:00,208.24209865254014,216.89351339672228,207.74966888805528,214.63409423828125,18320700,0.0,0.0
2024-10-14 00:00:00-04:00,215.51278305488955,215.99556259342347,211.34157550325287,213.85202026367188,9048900,0.0,0.0
2024-10-15 00:00:00-04:00,215.9569004873874,217.6852443827513,214.1802757018522,214.7306365966797,9235800,0.0,0.0
2024-10-16 00:00:00-04:00,214.6727269219523,215.97622268757254,213.42714760377535,215.93760681152344,6382500,0.0,0.0
2024-10-17 00:00:00-04:00,216.54590691604216,218.0714918044211,215.61896385393163,216.69073486328125,6470200,0.0,0.0
2024-10-18 00:00:00-04:00,217.2507648690765,218.13907733966104,215.4162087479307,217.60801696777344,7000500,0.0,0.0
2024-10-21 00:00:00-04:00,217.46319852448005,217.92666271781536,215.22309457904748,215.3196563720703,5870000,0.0,0.0
2024-10-22 00:00:00-04:00,215.3389560319398,217.521113903058,213.48508466002997,216.40106201171875,9586800,0.0,0.0
2024-10-23 00:00:00-04:00,215.95693541093075,217.05767211185088,214.86584899630188,215.71554565429688,6180500,0.0,0.0
2024-10-24 00:00:00-04:00,214.18995560232,217.3087070595921,214.02581233964898,217.23146057128906,6002200,0.0,0.0
2024-10-25 00:00:00-04:00,217.25076784703845,217.84940969268465,213.2726696126605,214.65341186523438,6369700,0.0,0.0
2024-10-28 00:00:00-04:00,215.65760510182318,217.868728693903,215.27137266803004,217.73355102539062,6843000,0.0,0.0
2024-10-29 00:00:00-04:00,217.45356787451635,218.94052238181695,215.1362172320612,215.22311401367188,6580000,0.0,0.0
2024-10-30 00:00:00-04:00,214.87548602178538,218.5156474524891,213.94855766414204,216.68109130859375,7110900,0.0,0.0
2024-10-31 00:00:00-04:00,216.96109290971893,217.91700157327347,214.18029315501,214.27684020996094,7829900,0.0,0.0
2024-11-01 00:00:00-04:00,215.86036059570225,218.36115478761525,215.0299792936343,215.26171875,6923500,0.0,0.0
2024-11-04 00:00:00-05:00,214.98169019005127,216.0534611932713,211.6215492339804,212.21054077148438,8229600,0.0,0.0
2024-11-05 00:00:00-05:00,212.45195638290622,214.31549300886095,212.42299079009578,213.86167907714844,5600700,0.0,0.0
2024-11-06 00:00:00-05:00,226.90635614480942,239.45862265494782,226.68428170878914,238.55099487304688,23987800,0.0,0.0
2024-11-07 00:00:00-05:00,236.07918035167899,236.1467765550335,227.11879382619438,228.2388458251953,16451100,0.0,0.0
2024-11-08 00:00:00-05:00,231.09688077350958,231.09688077350958,227.65949319123993,228.8181610107422,9502100,0.0,0.0
2024-11-11 00:00:00-05:00,231.734152593889,233.76183232238978,230.7685936247478,231.04859924316406,9017100,0.0,0.0
2024-11-12 00:00:00-05:00,232.26521962387952,233.14388184693877,230.53686076900374,231.30931091308594,6861000,0.0,0.0
2024-11-13 00:00:00-05:00,232.29419152794952,235.68329839480197,232.0334864664189,232.85421752929688,11472600,0.0,0.0
2024-11-14 00:00:00-05:00,234.0707942453307,235.87638473135124,232.74798322472824,233.53973388671875,10172200,0.0,0.0
2024-11-15 00:00:00-05:00,233.14388893789499,237.93305345699474,233.14388893789499,236.8612823486328,11518800,0.0,0.0
2024-11-18 00:00:00-05:00,239.2268682839051,239.3910115292734,234.3218272931725,236.5908966064453,9051400,0.0,0.0
2024-11-19 00:00:00-05:00,233.90664645217612,236.70676140391376,233.2307581603698,234.71771240234375,6792700,0.0,0.0
2024-11-20 00:00:00-05:00,235.9826082126915,236.1853820806055,230.42099380614764,232.48728942871094,9015300,0.0,0.0
2024-11-21 00:00:00-05:00,234.85292652668068,237.0350994361045,233.77150509187655,236.33023071289062,8783500,0.0,0.0
2024-11-22 00:00:00-05:00,235.21985129815053,240.56904219216975,234.6598252560688,239.98971557617188,7997300,0.0,0.0
2024-11-25 00:00:00-05:00,240.99386567944467,245.55130530795057,240.4821205914916,241.6697540283203,10295400,0.0,0.0
2024-11-26 00:00:00-05:00,241.86287360225722,242.35530337685785,239.78691296046713,241.36077880859375,6212100,0.0,0.0
2024-11-27 00:00:00-05:00,240.76213237626226,242.53875732525523,240.20210641192003,241.1869659423828,5472300,0.0,0.0
2024-11-29 00:00:00-05:00,241.25456243074825,243.09878358106323,240.8586797210085,241.119384765625,5494800,0.0,0.0
2024-12-02 00:00:00-05:00,240.9552533116239,241.63114167034325,236.59092247162565,237.76890563964844,8899700,0.0,0.0
2024-12-03 00:00:00-05:00,239.68071342355267,240.46281387900356,236.20470976229734,236.38816833496094,6657700,0.0,0.0
2024-12-04 00:00:00-05:00,236.2722736572103,236.89989581875426,233.8873418565162,235.0170440673828,7346300,0.0,0.0
2024-12-05 00:00:00-05:00,236.93850911465168,238.66685314495626,236.19502460109126,237.02540588378906,6572500,0.0,0.0
2024-12-06 00:00:00-05:00,237.23783629630563,239.20758484833834,236.4074549916763,238.84066772460938,5519700,0.0,0.0
2024-12-09 00:00:00-05:00,238.6186117125457,239.33311597717812,235.3646677094542,235.41294860839844,7076500,0.0,0.0
2024-12-10 00:00:00-05:00,235.49017580217017,239.42000786865495,233.87769409575165,234.4956512451172,9108300,0.0,0.0
2024-12-11 00:00:00-05:00,235.59637673776825,235.85708177176627,233.8390524294808,235.14256286621094,7884400,0.0,0.0
2024-12-12 00:00:00-05:00,234.63082916006218,235.692949917877,232.73832710066324,233.21145629882812,6113800,0.0,0.0
2024-12-13 00:00:00-05:00,233.7328537003409,234.36046110198654,230.90375841719614,231.67620849609375,10392700,0.0,0.0
2024-12-16 00:00:00-05:00,232.32313781366128,232.38106899290696,229.33956421642742,231.32861328125,9032000,0.0,0.0
2024-12-17 00:00:00-05:00,230.43067093666943,230.7879378185902,228.4802521828059,230.15066528320312,8083600,0.0,0.0
2024-12-18 00:00:00-05:00,230.76860039603835,230.83619659782678,221.6247555113085,222.43582153320312,11322400,0.0,0.0
2024-12-19 00:00:00-05:00,224.2704073978834,228.2195404244562,224.2704073978834,224.9366455078125,11790800,0.0,0.0
2024-12-20 00:00:00-05:00,223.93242666437249,230.97135955828864,223.61379044750802,229.41680908203125,32348400,0.0,0.0
2024-12-23 00:00:00-05:00,227.93950685968346,230.40167037895355,226.79048935961865,230.17959594726562,8611500,0.0,0.0
2024-12-24 00:00:00-05:00,231.18378496668848,234.13840789117347,230.8361978696138,233.964599609375,3729100,0.0,0.0
2024-12-26 00:00:00-05:00,233.11489415476902,234.88186883103566,232.4969370056862,234.76600646972656,4451800,0.0,0.0
2024-12-27 00:00:00-05:00,234.36049582992294,235.0074186310496,231.7727898921543,232.86387634277344,5730200,0.0,0.0
2024-12-30 00:00:00-05:00,230.54650008911693,232.5451993283752,228.94366879713553,231.0775604248047,5723800,0.0,0.0
2024-12-31 00:00:00-05:00,231.78243385290807,233.12456023279114,230.79755957752477,231.4541473388672,4871000,0.0,0.0
