Date,Open,High,Low,Close,Volume,Dividends,Stock Splits
2015-01-02 00:00:00-05:00,0.4824230670928955,0.4860178989724025,0.47475413050855675,0.4824230670928955,113680000,0.0,0.0
2015-01-05 00:00:00-05:00,0.4824230215357024,0.48386095415171526,0.4721179139714885,0.47427478432655334,197952000,0.0,0.0
2015-01-06 00:00:00-05:00,0.474993790261219,0.47547309165022456,0.4594163094203207,0.45989561080932617,197764000,0.0,0.0
2015-01-07 00:00:00-05:00,0.46325072484129143,0.4673248578568716,0.4572593863700916,0.4586973190307617,321808000,0.0,0.0
2015-01-08 00:00:00-05:00,0.46396962228578703,0.4788281623434708,0.4637299573549401,0.47595229744911194,283780000,0.0,0.0
2015-01-09 00:00:00-05:00,0.4776299636611707,0.48146443169362263,0.4711592952852887,0.47786960005760193,209540000,0.0,0.0
2015-01-12 00:00:00-05:00,0.4790678664893313,0.4793075314540888,0.4675644909911209,0.4718782603740692,190732000,0.0,0.0
2015-01-13 00:00:00-05:00,0.4754730786699874,0.4850592204642267,0.4678041709483871,0.47115930914878845,236720000,0.0,0.0
2015-01-14 00:00:00-05:00,0.4661264931901922,0.47451436530486835,0.46492822574523845,0.4730764329433441,155260000,0.0,0.0
2015-01-15 00:00:00-05:00,0.4764317116919457,0.4793075485266948,0.46948174172493273,0.46972140669822693,188932000,0.0,0.0
2015-01-16 00:00:00-05:00,0.4690023476275521,0.4788281524867948,0.4675644152099725,0.47834885120391846,181512000,0.0,0.0
2015-01-20 00:00:00-05:00,0.48170401850906075,0.48434019001219886,0.4737954468617418,0.47978681325912476,140308000,0.0,0.0
2015-01-21 00:00:00-05:00,0.4771505405980801,0.4876953107133126,0.47379537478320927,0.48649701476097107,144780000,0.0,0.0
2015-01-22 00:00:00-05:00,0.48745578665758993,0.49632301980065624,0.48242307903956505,0.49488508701324463,159712000,0.0,0.0
2015-01-23 00:00:00-05:00,0.4953643295721843,0.4972815922175158,0.4912902250154842,0.49632298946380615,120416000,0.0,0.0
2015-01-26 00:00:00-05:00,0.49416622519493103,0.49656276130179977,0.49105072254220883,0.49416622519493103,133240000,0.0,0.0
2015-01-27 00:00:00-05:00,0.4864972008951749,0.4869765308870827,0.4694817861132957,0.47044041752815247,357948000,0.0,0.0
2015-01-28 00:00:00-05:00,0.47619193308845853,0.47810916671044795,0.4625316613873774,0.46277132630348206,272728000,0.0,0.0
2015-01-29 00:00:00-05:00,0.46301109918424205,0.476671345501662,0.4608542001432035,0.4740351736545563,235340000,0.0,0.0
2015-01-30 00:00:00-05:00,0.47068002477969106,0.47619206222433336,0.4594163134782655,0.46013525128364563,298200000,0.0,0.0
2015-02-02 00:00:00-05:00,0.46301111093451436,0.4721179515668926,0.4539042703021361,0.47020071744918823,259604000,0.0,0.0
2015-02-03 00:00:00-05:00,0.47355576448173575,0.482422966996429,0.47115922943861893,0.48194363713264465,183468000,0.0,0.0
2015-02-04 00:00:00-05:00,0.48050575752867863,0.4886539651749743,0.47906779651911036,0.4831419289112091,181516000,0.0,0.0
2015-02-05 00:00:00-05:00,0.48362138897078155,0.4912903268661503,0.4831421160635236,0.49105069041252136,140448000,0.0,0.0
2015-02-06 00:00:00-05:00,0.49057122691764815,0.49632295734349824,0.48673675901305097,0.48889365792274475,210524000,0.0,0.0
2015-02-09 00:00:00-05:00,0.48601793068433613,0.4898523420887807,0.4829024285647864,0.488414466381073,273944000,0.0,0.0
2015-02-10 00:00:00-05:00,0.4888936854206363,0.5023142952726163,0.4867367863896275,0.502074658870697,226204000,0.0,0.0
2015-02-11 00:00:00-05:00,0.5032729207503074,0.5032729207503074,0.4953643477506346,0.49871954321861267,320832000,0.0,0.0
2015-02-12 00:00:00-05:00,0.5272382754067684,0.5392209517968956,0.5241227738315446,0.5344278812408447,676904000,0.0,0.0
2015-02-13 00:00:00-05:00,0.5332296188319455,0.535386517860257,0.5250814097977616,0.5346675515174866,310084000,0.0,0.0
2015-02-17 00:00:00-05:00,0.5337089523952481,0.5389813532320439,0.5303538141981562,0.5363451242446899,203340000,0.0,0.0
2015-02-18 00:00:00-05:00,0.5356260310094896,0.5365846906711952,0.5291553925514189,0.5301139950752258,170948000,0.0,0.0
2015-02-19 00:00:00-05:00,0.5368245376003831,0.5377831405002258,0.5291556001257991,0.5315521359443665,169432000,0.0,0.0
2015-02-20 00:00:00-05:00,0.5310727619458612,0.5356261391376205,0.5272382939386612,0.5353865027427673,157752000,0.0,0.0
2015-02-23 00:00:00-05:00,0.5351468399878101,0.5351468399878101,0.5284365070212682,0.531072735786438,125008000,0.0,0.0
2015-02-24 00:00:00-05:00,0.5331176204414618,0.5367262363433838,0.5283060943336221,0.5367262363433838,149356000,0.002125,0.0
2015-02-25 00:00:00-05:00,0.5345611708498876,0.5369669918848806,0.5302308191743474,0.5326365828514099,123820000,0.0,0.0
2015-02-26 00:00:00-05:00,0.5331176155834301,0.5372074070020341,0.5297495014523017,0.534079909324646,152864000,0.0,0.0
2015-02-27 00:00:00-05:00,0.5326365367033424,0.5338394471166178,0.5287873036819573,0.5307119488716125,157492000,0.0,0.0
2015-03-02 00:00:00-05:00,0.529268439882766,0.546589958509401,0.5285467051601628,0.543703019618988,301512000,0.0,0.0
2015-03-03 00:00:00-05:00,0.5396132776955921,0.5422596003513988,0.5319148115140663,0.5335988402366638,160344000,0.0,0.0
2015-03-04 00:00:00-05:00,0.5316743982283415,0.5408162791386761,0.5295091932661797,0.5396134257316589,226840000,0.0,0.0
2015-03-05 00:00:00-05:00,0.5396131447529937,0.5509202247378496,0.5381696755298393,0.5499579310417175,323056000,0.0,0.0
2015-03-06 00:00:00-05:00,0.5468304289535931,0.5494767509353804,0.5420189031551189,0.5425000786781311,257392000,0.0,0.0
2015-03-09 00:00:00-04:00,0.5427407309880231,0.5480334332186445,0.5415378206528231,0.5439435839653015,222388000,0.0,0.0
2015-03-10 00:00:00-04:00,0.5463493984463573,0.5569348038989805,0.5453871045028262,0.5533261299133301,527212000,0.0,0.0
2015-03-11 00:00:00-04:00,0.5533261203288667,0.5605434108172258,0.5489957689790217,0.5504392385482788,262120000,0.0,0.0
2015-03-12 00:00:00-04:00,0.5451464109560887,0.5492362022262445,0.5350421836452898,0.5453869700431824,406972000,0.0,0.0
2015-03-13 00:00:00-04:00,0.5427409621098457,0.5475524907837529,0.5352830525147271,0.5461090207099915,359288000,0.0,0.0
2015-03-16 00:00:00-04:00,0.550439408419533,0.5559726719040228,0.5468307333827161,0.5526045560836792,236956000,0.0,0.0
2015-03-17 00:00:00-04:00,0.5514014528630062,0.559581036097248,0.5475522203533871,0.5593404769897461,299900000,0.0,0.0
2015-03-18 00:00:00-04:00,0.55934030779346,0.562227188283976,0.5451462923019131,0.5501983761787415,413844000,0.0,0.0
2015-03-19 00:00:00-04:00,0.5521231697891414,0.5605433118601237,0.5480333783035335,0.5586187243461609,310756000,0.0,0.0
2015-03-20 00:00:00-04:00,0.5631898379044897,0.5680013652990439,0.5578971348273079,0.5646332502365112,462084000,0.0,0.0
2015-03-23 00:00:00-04:00,0.547792875857228,0.5550101665735874,0.546108847092537,0.5463494062423706,426012000,0.0,0.0
2015-03-24 00:00:00-04:00,0.5446654954400565,0.5485147294606918,0.5364859089949192,0.5388916730880737,330480000,0.0,0.0
2015-03-25 00:00:00-04:00,0.5386510324831224,0.5386510324831224,0.5044891072218936,0.5061731934547424,542552000,0.0,0.0
2015-03-26 00:00:00-04:00,0.4958283614147322,0.5066542685960476,0.4922196874490092,0.5044890642166138,311920000,0.0,0.0
2015-03-27 00:00:00-04:00,0.5073759485778673,0.5162772669211476,0.4991963649497632,0.5143526792526245,318288000,0.0,0.0
2015-03-30 00:00:00-04:00,0.516758615592324,0.5191643796626874,0.5100224417805428,0.5165180563926697,253252000,0.0,0.0
2015-03-31 00:00:00-04:00,0.5150744460304431,0.5155555642985624,0.5030456289585957,0.5035267472267151,357276000,0.0,0.0
2015-04-01 00:00:00-04:00,0.5054512619972229,0.5071352902171121,0.4967905044678577,0.5054512619972229,330768000,0.0,0.0
2015-04-02 00:00:00-04:00,0.5083384108594863,0.5097818807681593,0.5023240293839344,0.5066543817520142,192204000,0.0,0.0
2015-04-06 00:00:00-04:00,0.5044890029396065,0.5230134314503978,0.49919635824331177,0.521329402923584,515864000,0.0,0.0
2015-04-07 00:00:00-04:00,0.5213295148017371,0.5316743046564015,0.5184425753602746,0.5259004831314087,413964000,0.0,0.0
2015-04-08 00:00:00-04:00,0.5263813966021867,0.5316740977323395,0.5213293119037977,0.5297494530677795,366432000,0.0,0.0
2015-04-09 00:00:00-04:00,0.5256598420538224,0.5437030980043462,0.5254192828975804,0.5420190691947937,379432000,0.0,0.0
2015-04-10 00:00:00-04:00,0.5425004377720405,0.5477930852389439,0.5405757917639348,0.5475525259971619,258728000,0.0,0.0
2015-04-13 00:00:00-04:00,0.5463492534305809,0.5494767509353804,0.540094258420982,0.5425000786781311,236724000,0.0,0.0
2015-04-14 00:00:00-04:00,0.5403350003468281,0.5425002046663541,0.5326365343382417,0.5379292368888855,220276000,0.0,0.0
2015-04-15 00:00:00-04:00,0.5393728044990368,0.5485146843581412,0.5367264240636117,0.5444248914718628,243560000,0.0,0.0
2015-04-16 00:00:00-04:00,0.5412971920886167,0.5458681590033155,0.5372074007178546,0.5410566329956055,155284000,0.0,0.0
2015-04-17 00:00:00-04:00,0.5297495014523017,0.5393726109382062,0.5295089423564765,0.534079909324646,293636000,0.0,0.0
2015-04-20 00:00:00-04:00,0.5364856072479548,0.5398536636124158,0.5304711717189248,0.5314335227012634,231624000,0.0,0.0
2015-04-21 00:00:00-04:00,0.5379292392774879,0.5379292392774879,0.5280655689055771,0.5307119488716125,230456000,0.0,0.0
2015-04-22 00:00:00-04:00,0.5338393550934293,0.5374479709953512,0.5256597148237694,0.5367262363433838,207420000,0.0,0.0
2015-04-23 00:00:00-04:00,0.5268626305784021,0.5396131806342528,0.520848194201303,0.534561038017273,259380000,0.0,0.0
2015-04-24 00:00:00-04:00,0.5343205473823961,0.5345611065137712,0.5239757590802625,0.5299901962280273,240960000,0.0,0.0
2015-04-27 00:00:00-04:00,0.5316741462926486,0.5434624023568101,0.5271031793244791,0.534079909324646,248456000,0.0,0.0
2015-04-28 00:00:00-04:00,0.5331176204414618,0.538650881201269,0.5280654778776892,0.5367262363433838,234484000,0.0,0.0
2015-04-29 00:00:00-04:00,0.5328771420117371,0.5381698450444465,0.5304713783346746,0.5326365828514099,195156000,0.0,0.0
2015-04-30 00:00:00-04:00,0.529990117906042,0.5367262314524686,0.5287872077110858,0.534079909324646,218844000,0.0,0.0
2015-05-01 00:00:00-04:00,0.5384103469515512,0.5489957518913445,0.5360045835303117,0.5473117232322693,256968000,0.0,0.0
2015-05-04 00:00:00-04:00,0.5468305228834444,0.5504391965311229,0.5422595553823587,0.5439435839653015,200720000,0.0,0.0
2015-05-05 00:00:00-04:00,0.5420190131656334,0.5427407479176821,0.5275844328405062,0.5299901962280273,292928000,0.0,0.0
2015-05-06 00:00:00-04:00,0.5328768800110892,0.5379290213994751,0.5246972990023341,0.5316740274429321,316484000,0.0,0.0
2015-05-07 00:00:00-04:00,0.5295089361623526,0.5427406613625125,0.5278249077954454,0.5410566329956055,534564000,0.0,0.0
2015-05-08 00:00:00-04:00,0.5054515133607517,0.5254193602154296,0.4929415176683961,0.5011211037635803,1146552000,0.0,0.0
2015-05-11 00:00:00-04:00,0.4941443142640349,0.5013616627642082,0.49029513820785087,0.4963095188140869,544144000,0.0,0.0
2015-05-12 00:00:00-04:00,0.4927009584767548,0.5052108968111725,0.4924603419271756,0.5011211037635803,388800000,0.0,0.0
2015-05-13 00:00:00-04:00,0.5047296703022351,0.5085789033335845,0.4991964085742816,0.5040079355239868,308524000,0.0,0.0
2015-05-14 00:00:00-04:00,0.5054514842937171,0.5148339805234239,0.5042485736888105,0.5121876001358032,293052000,0.0,0.0
2015-05-15 00:00:00-04:00,0.5143526327674134,0.516758395814604,0.5093005475756879,0.5124280452728271,215824000,0.0,0.0
2015-05-18 00:00:00-04:00,0.5112251766421542,0.5148338501853483,0.5088194133993315,0.5117063522338867,324972000,0.0,0.0
2015-05-19 00:00:00-04:00,0.5123830656539791,0.5140749468700878,0.5075492674967468,0.5085160732269287,253808000,0.00245,0.0
2015-05-20 00:00:00-04:00,0.5087577458477646,0.5148000223560146,0.5080326703618377,0.5085160732269287,196824000,0.0,0.0
2015-05-21 00:00:00-04:00,0.5087577903061515,0.5109330169540166,0.5044073370104214,0.5048907399177551,239692000,0.0,0.0
2015-05-22 00:00:00-04:00,0.5060991435293826,0.5080326396259315,0.5029571691549286,0.5041655898094177,212592000,0.0,0.0
2015-05-26 00:00:00-04:00,0.5017488450435074,0.5051324930638298,0.49715671837396497,0.5010237693786621,259732000,0.0,0.0
2015-05-27 00:00:00-04:00,0.5044070250539017,0.5302678833220991,0.5027152023596981,0.5278509855270386,432332000,0.0,0.0
2015-05-28 00:00:00-04:00,0.5278513119048652,0.536793833513536,0.5268845637137649,0.5351020097732544,327656000,0.0,0.0
2015-05-29 00:00:00-04:00,0.5351020452012546,0.5384856929058423,0.5341352969461478,0.534860372543335,335168000,0.0,0.0
2015-06-01 00:00:00-04:00,0.5382439830651191,0.5462197564597693,0.5348603355942795,0.5409025549888611,372660000,0.0,0.0
2015-06-02 00:00:00-04:00,0.5375187690618604,0.5404190705031802,0.5297846703006137,0.5302680730819702,224304000,0.0,0.0
2015-06-03 00:00:00-04:00,0.5317181634181855,0.5358268849111764,0.5235006628088009,0.5244674682617188,250788000,0.0,0.0
2015-06-04 00:00:00-04:00,0.5213254531322404,0.5355851697594342,0.5213254531322404,0.533893346786499,323712000,0.0,0.0
2015-06-05 00:00:00-04:00,0.5322015898636232,0.5404190917289814,0.5266427169650331,0.5380021929740906,313320000,0.0,0.0
2015-06-08 00:00:00-04:00,0.536310048667698,0.539935365818855,0.5196334399515952,0.5256756544113159,342812000,0.0,0.0
2015-06-09 00:00:00-04:00,0.526159391367377,0.5322016096677393,0.5251926433541286,0.5283346176147461,256888000,0.0,0.0
2015-06-10 00:00:00-04:00,0.522050833549656,0.5254344814736468,0.516008555722445,0.5189088582992554,529460000,0.0,0.0
2015-06-11 00:00:00-04:00,0.518908596212754,0.5280927870282507,0.518908596212754,0.5244674682617188,283052000,0.0,0.0
2015-06-12 00:00:00-04:00,0.5210839692673637,0.5242259441659857,0.5089994725893656,0.5102079510688782,323728000,0.0,0.0
2015-06-15 00:00:00-04:00,0.5075494012778519,0.5116581826555794,0.50368240783153,0.5092412829399109,306548000,0.0,0.0
2015-06-16 00:00:00-04:00,0.5082742869692677,0.5162500588120881,0.5031988167505322,0.5155249834060669,256892000,0.0,0.0
2015-06-17 00:00:00-04:00,0.5152832774267979,0.5244675268924129,0.5140748569106645,0.5215672254562378,233544000,0.0,0.0
2015-06-18 00:00:00-04:00,0.5259176785433999,0.533651719681237,0.52446752782274,0.5302680730819702,299404000,0.0,0.0
2015-06-19 00:00:00-04:00,0.530268078160502,0.5346184727407374,0.5237424574784441,0.5285762548446655,355656000,0.0,0.0
2015-06-22 00:00:00-04:00,0.5295430170733466,0.5324433186206555,0.5184252713065445,0.5264010429382324,514236000,0.0,0.0
2015-06-23 00:00:00-04:00,0.5273677697379663,0.5314764916827394,0.5087576558857324,0.5128663778305054,414064000,0.0,0.0
2015-06-24 00:00:00-04:00,0.5121412576561251,0.514799886276227,0.505373965074202,0.5077908635139465,253368000,0.0,0.0
2015-06-25 00:00:00-04:00,0.5077910222346194,0.5148000471877167,0.5077910222346194,0.5116580724716187,350460000,0.0,0.0
2015-06-26 00:00:00-04:00,0.5075490550845762,0.5080324577473603,0.49908994066131684,0.5012651085853577,421296000,0.0,0.0
2015-06-29 00:00:00-04:00,0.49546472323465907,0.5005402511355337,0.48555545527673616,0.48628053069114685,391724000,0.0,0.0
2015-06-30 00:00:00-04:00,0.4891807183421113,0.4913559443346254,0.48265509798797596,0.4860387444496155,315916000,0.0,0.0
2015-07-01 00:00:00-04:00,0.49812333132759395,0.5051322973328429,0.48869740896043823,0.4930478036403656,302892000,0.0,0.0
2015-07-02 00:00:00-04:00,0.4928060624219385,0.49667311138966136,0.4903891640200371,0.49353113770484924,145764000,0.0,0.0
2015-07-06 00:00:00-04:00,0.48942259868284876,0.49618989368224165,0.4838637245233083,0.4874890446662903,214776000,0.0,0.0
2015-07-07 00:00:00-04:00,0.4845886910755085,0.48652218703373085,0.46307824601737296,0.4783047139644623,594252000,0.0,0.0
2015-07-08 00:00:00-04:00,0.475646182743532,0.4785464557372504,0.4710540574260785,0.4749211072921753,332492000,0.0,0.0
2015-07-09 00:00:00-04:00,0.4824134747315646,0.48458870094643225,0.4662202296638067,0.46912050247192383,357588000,0.0,0.0
2015-07-10 00:00:00-04:00,0.47516273030151923,0.4816883798708397,0.47395428094597175,0.47733795642852783,216708000,0.0,0.0
2015-07-13 00:00:00-04:00,0.48217177909722697,0.48313852710760175,0.4773379814219396,0.4804799556732178,212472000,0.0,0.0
2015-07-14 00:00:00-04:00,0.4812051746782129,0.4816885488276389,0.47443785015110324,0.48072177171707153,249216000,0.0,0.0
2015-07-15 00:00:00-04:00,0.47951315374383113,0.48265512783059555,0.47298753298621593,0.47733795642852783,265732000,0.0,0.0
2015-07-16 00:00:00-04:00,0.4802382496725821,0.48797234892845154,0.47854642626475064,0.48797234892845154,282848000,0.0,0.0
2015-07-17 00:00:00-04:00,0.48628049485877706,0.48676384001715894,0.4787880686697631,0.4850720167160034,220372000,0.0,0.0
2015-07-20 00:00:00-04:00,0.4850721428807921,0.4870056968874556,0.4749211716219382,0.4761296212673187,188412000,0.0,0.0
2015-07-21 00:00:00-04:00,0.4751627398147921,0.4850720362533582,0.4751627398147921,0.4783047139644623,149720000,0.0,0.0
2015-07-22 00:00:00-04:00,0.4749210768998645,0.4749210768998645,0.46331995685568966,0.46912050247192383,356472000,0.0,0.0
2015-07-23 00:00:00-04:00,0.47008730936540843,0.4819301027613039,0.4691205324930301,0.4749211072921753,169916000,0.0,0.0
2015-07-24 00:00:00-04:00,0.4783047797895665,0.4787881538456448,0.4674287338751096,0.4693622589111328,188844000,0.0,0.0
2015-07-27 00:00:00-04:00,0.4652534132421565,0.47202073509273873,0.4613863927644696,0.4667035639286041,192420000,0.0,0.0
2015-07-28 00:00:00-04:00,0.4679120148482205,0.47999650790472814,0.4630782176256174,0.4768545627593994,198308000,0.0,0.0
2015-07-29 00:00:00-04:00,0.4758878742533845,0.48652224740165523,0.4739543492435435,0.48265519738197327,232680000,0.0,0.0
2015-07-30 00:00:00-04:00,0.48144672400112465,0.48869744963175044,0.48144672400112465,0.4838636517524719,190180000,0.0,0.0
2015-07-31 00:00:00-04:00,0.48579703204879093,0.48603870459811926,0.47927141222970704,0.4821716845035553,218340000,0.0,0.0
2015-08-03 00:00:00-04:00,0.4860388051411805,0.49087260286809137,0.4797548853832206,0.49038925766944885,397132000,0.0,0.0
2015-08-04 00:00:00-04:00,0.4886974827005738,0.49377295353023465,0.48676392884397446,0.49232280254364014,260100000,0.0,0.0
2015-08-05 00:00:00-04:00,0.5044072837238378,0.5048906865801039,0.4964315111476668,0.497398316860199,234628000,0.0,0.0
2015-08-06 00:00:00-04:00,0.4961899632915002,0.49981534156650226,0.4860389617449273,0.49425646662712097,655676000,0.0,0.0
2015-08-07 00:00:00-04:00,0.5428360498802411,0.5648298136692516,0.5288180009939917,0.5554039478302002,1405248000,0.0,0.0
2015-08-10 00:00:00-04:00,0.5515368009128703,0.5788477607924637,0.548153096781918,0.5747390389442444,662304000,0.0,0.0
2015-08-11 00:00:00-04:00,0.5662798049895065,0.5773975488694413,0.5662798049895065,0.5718386769294739,435008000,0.0,0.0
2015-08-12 00:00:00-04:00,0.5626545747075083,0.577397639599561,0.5626545747075083,0.5732889175415039,384048000,0.0,0.0
2015-08-13 00:00:00-04:00,0.5740138523019203,0.5752223301765231,0.567004830450055,0.5684549808502197,276884000,0.0,0.0
2015-08-14 00:00:00-04:00,0.5679717476956834,0.5723222001946378,0.5645881008343281,0.5689385533332825,214652000,0.0,0.0
2015-08-17 00:00:00-04:00,0.5679716719049196,0.5679716719049196,0.5583040778062938,0.5653131008148193,273880000,0.0,0.0
2015-08-18 00:00:00-04:00,0.5635658526179467,0.5674491738116473,0.5557992102305455,0.5601679682731628,287084000,0.00245,0.0
2015-08-19 00:00:00-04:00,0.5594396506203759,0.5657500381689327,0.5519157002974698,0.5579833984375,249248000,0.0,0.0
2015-08-20 00:00:00-04:00,0.5516731599920632,0.5543429178049974,0.5351690605685981,0.537838876247406,426932000,0.0,0.0
2015-08-21 00:00:00-04:00,0.5339555244668215,0.5429356710147516,0.5206066204420366,0.5210920572280884,382664000,0.0,0.0
2015-08-24 00:00:00-04:00,0.4919670056446374,0.5298293254865629,0.48541392963071944,0.5026461482048035,682284000,0.0,0.0
2015-08-25 00:00:00-04:00,0.5247325489697928,0.5266742379460961,0.49220985174179077,0.49220985174179077,622684000,0.0,0.0
2015-08-26 00:00:00-04:00,0.5082285369376479,0.5298294590093965,0.5043452166522072,0.5293440222740173,614976000,0.0,0.0
2015-08-27 00:00:00-04:00,0.534926468804047,0.5494888814969036,0.531771273600673,0.5492461919784546,463764000,0.0,0.0
2015-08-28 00:00:00-04:00,0.549246046161981,0.5550709981195107,0.5453627255683384,0.5516731142997742,320944000,0.0,0.0
2015-08-31 00:00:00-04:00,0.5490033028136774,0.5528866230261043,0.5434210408581631,0.5456053614616394,219352000,0.0,0.0
2015-09-01 00:00:00-04:00,0.5298293439392352,0.5388094875994295,0.5193929482550416,0.5232762098312378,353408000,0.0,0.0
2015-09-02 00:00:00-04:00,0.5375959957852394,0.5392949374151221,0.5286158509419197,0.5390522480010986,344044000,0.0,0.0
2015-09-03 00:00:00-04:00,0.5470617668722495,0.5497315828150011,0.5395378716378572,0.5405086874961853,262556000,0.0,0.0
2015-09-04 00:00:00-04:00,0.5312854651243226,0.5397802288536464,0.5276448934302151,0.5278875827789307,287972000,0.0,0.0
2015-09-08 00:00:00-04:00,0.5407508225343376,0.5526434637358816,0.538566503559265,0.550459086894989,238448000,0.0,0.0
2015-09-09 00:00:00-04:00,0.5521583822270207,0.5567697697725853,0.5383240459927737,0.5395376086235046,289392000,0.0,0.0
2015-09-10 00:00:00-04:00,0.5363825591189614,0.5548282878472426,0.5339554910722367,0.5480324625968933,357076000,0.0,0.0
2015-09-11 00:00:00-04:00,0.5419647341417043,0.5533719463378471,0.5397803558916373,0.5497313737869263,301584000,0.0,0.0
2015-09-14 00:00:00-04:00,0.5524011558905898,0.5541000975401518,0.5477897097755731,0.5507022142410278,192460000,0.0,0.0
2015-09-15 00:00:00-04:00,0.5509450738196953,0.5596825320488024,0.5492461316454075,0.5567700266838074,327976000,0.0,0.0
2015-09-16 00:00:00-04:00,0.555798955674528,0.563808283885175,0.5516729468790207,0.5606530904769897,173508000,0.0,0.0
2015-09-17 00:00:00-04:00,0.5703616310264389,0.575458515496343,0.5645366780695701,0.565750241279602,268712000,0.0,0.0
2015-09-18 00:00:00-04:00,0.5579834975020335,0.5701188380707473,0.5545856137159673,0.5652647018432617,326412000,0.0,0.0
2015-09-21 00:00:00-04:00,0.5659927999328064,0.5723031882880701,0.563080295194726,0.5710896253585815,281840000,0.0,0.0
2015-09-22 00:00:00-04:00,0.5587114908865368,0.5625948105184219,0.5526437931118686,0.5555562973022461,228356000,0.0,0.0
2015-09-23 00:00:00-04:00,0.5560416114528763,0.5616238719249521,0.5538572914298646,0.5582259893417358,161632000,0.0,0.0
2015-09-24 00:00:00-04:00,0.5548282651274188,0.5747302454419362,0.5460908089438291,0.5689052939414978,382440000,0.0,0.0
2015-09-25 00:00:00-04:00,0.5759438130048803,0.5841958912143342,0.567449103199977,0.5730313658714294,369692000,0.0,0.0
2015-09-28 00:00:00-04:00,0.5730312430950566,0.576671815698317,0.5618667201442371,0.5655072927474976,395584000,0.0,0.0
2015-09-29 00:00:00-04:00,0.5715752052764496,0.5764293424785778,0.5635658731063502,0.5754585266113281,380736000,0.0,0.0
2015-09-30 00:00:00-04:00,0.5807978301650356,0.5990008669412282,0.5773999469407982,0.5982727408409119,556380000,0.0,0.0
2015-10-01 00:00:00-04:00,0.5982728575611029,0.5999717995046772,0.569633418247435,0.586622953414917,489296000,0.0,0.0
2015-10-02 00:00:00-04:00,0.5834677812625,0.6019135117530823,0.5774000816330481,0.6019135117530823,386144000,0.0,0.0
2015-10-05 00:00:00-04:00,0.6057966587131546,0.6244850733084079,0.6026414650698949,0.6169611811637878,482024000,0.0,0.0
2015-10-06 00:00:00-04:00,0.6104082651884064,0.627640432198176,0.6079811969673456,0.6249706745147705,453216000,0.0,0.0
2015-10-07 00:00:00-04:00,0.6264267252935865,0.6378339364725423,0.616233018901443,0.6315235495567322,310152000,0.0,0.0
2015-10-08 00:00:00-04:00,0.6288537551166293,0.6368630829743904,0.6181746127290487,0.6351641416549683,460068000,0.0,0.0
2015-10-09 00:00:00-04:00,0.63176622687443,0.6378339242901574,0.6208444525383121,0.6327371001243591,423248000,0.0,0.0
2015-10-12 00:00:00-04:00,0.6334652847713582,0.6431736139952696,0.6288538963823879,0.6395329833030701,227588000,0.0,0.0
2015-10-13 00:00:00-04:00,0.6344363230886683,0.6446299759444146,0.6322519441056325,0.6407467126846313,298444000,0.0,0.0
2015-10-14 00:00:00-04:00,0.6414747274194291,0.6744829252899853,0.6407466590186071,0.6640465259552002,612148000,0.0,0.0
2015-10-15 00:00:00-04:00,0.6652600003679455,0.6793370303847244,0.6584642326811345,0.6657454371452332,526048000,0.0,0.0
2015-10-16 00:00:00-04:00,0.6679296558277396,0.6824920612672088,0.6662306564471984,0.6761816740036011,448396000,0.0,0.0
2015-10-19 00:00:00-04:00,0.6783662441065006,0.68152143863099,0.6672017185376723,0.6749683022499084,294712000,0.0,0.0
2015-10-20 00:00:00-04:00,0.6720557115395628,0.6771525364372128,0.6669588287760534,0.6739973425865173,264824000,0.0,0.0
2015-10-21 00:00:00-04:00,0.6781233627303719,0.6822494300359326,0.6640463927517387,0.6652598977088928,386280000,0.0,0.0
2015-10-22 00:00:00-04:00,0.6730267268296636,0.6914724587141988,0.6720559110180305,0.6892880797386169,306884000,0.0,0.0
2015-10-23 00:00:00-04:00,0.6953555259911671,0.6985107196265973,0.684919129627634,0.6938992738723755,381776000,0.0,0.0
2015-10-26 00:00:00-04:00,0.694384852250473,0.6960837941138474,0.6844338326517364,0.6907442212104797,247436000,0.0,0.0
2015-10-27 00:00:00-04:00,0.687346058913247,0.6946272601764104,0.6868606223493652,0.6902585625648499,208268000,0.0,0.0
2015-10-28 00:00:00-04:00,0.6946275705754417,0.6958411335945129,0.6844338611055473,0.6958411335945129,217036000,0.0,0.0
2015-10-29 00:00:00-04:00,0.6846765347506905,0.6917149911867635,0.6705995061468175,0.6718130111694336,327168000,0.0,0.0
2015-10-30 00:00:00-04:00,0.6790944817427401,0.6934142041844962,0.6739975970548975,0.6885600090026855,301160000,0.0,0.0
2015-11-02 00:00:00-05:00,0.6907444295890289,0.697297509572033,0.6866184184095777,0.6965693831443787,190088000,0.0,0.0
2015-11-03 00:00:00-05:00,0.6924431282312971,0.6963264485232653,0.6839484193418643,0.6917150020599365,376768000,0.0,0.0
2015-11-04 00:00:00-05:00,0.6897733277033076,0.6948701527181738,0.6771525520102745,0.6803077459335327,442264000,0.0,0.0
2015-11-05 00:00:00-05:00,0.6837057261377357,0.6856474153702845,0.6705995697479747,0.6725412011146545,478800000,0.0,0.0
2015-11-06 00:00:00-05:00,0.7390431166618828,0.7752064563886152,0.7237525785993283,0.7657408714294434,1172272000,0.0,0.0
2015-11-09 00:00:00-05:00,0.7582166228795879,0.764527009912782,0.751663488591834,0.762342631816864,492568000,0.0,0.0
2015-11-10 00:00:00-05:00,0.7523917113359999,0.7565177786694928,0.7317616639978393,0.7477803230285645,552260000,0.0,0.0
2015-11-11 00:00:00-05:00,0.7482657814927945,0.7536053543598509,0.7378293830702753,0.7404991984367371,619896000,0.0,0.0
2015-11-12 00:00:00-05:00,0.7388001431590786,0.7455959679211629,0.734674133562678,0.737829327583313,291080000,0.0,0.0
2015-11-13 00:00:00-05:00,0.738557615123352,0.7417128098334694,0.7196264468626477,0.7232670783996582,292940000,0.0,0.0
2015-11-16 00:00:00-05:00,0.7327325024111467,0.7383147643041271,0.7269074932248281,0.737829327583313,344280000,0.0,0.0
2015-11-17 00:00:00-05:00,0.7397710166007068,0.7441397156245833,0.734674133562678,0.737829327583313,257048000,0.0,0.0
2015-11-18 00:00:00-05:00,0.7408746725567331,0.7569542172791928,0.7328349292383005,0.7559796571731567,350216000,0.002875,0.0
2015-11-19 00:00:00-05:00,0.7586597325813335,0.7657249169321629,0.7525689923223657,0.7581724524497986,254072000,0.0,0.0
2015-11-20 00:00:00-05:00,0.7637758593330345,0.7691357080638571,0.7591469017057604,0.7647503614425659,239744000,0.0,0.0
2015-11-23 00:00:00-05:00,0.7710845306610036,0.7710845306610036,0.7506197588387342,0.7532996535301208,242552000,0.0,0.0
2015-11-24 00:00:00-05:00,0.7532996160597045,0.7659683141262537,0.7498888306065823,0.7593903541564941,195428000,0.0,0.0
2015-11-25 00:00:00-05:00,0.7579288345914588,0.7669430813015288,0.7557361611477325,0.7584160566329956,138300000,0.0,0.0
2015-11-27 00:00:00-05:00,0.7598777928093089,0.7671866457591944,0.7559797262855833,0.7647503614425659,86996000,0.0,0.0
2015-11-30 00:00:00-05:00,0.7654811036113115,0.7762007989872938,0.7647502126499678,0.7727899551391602,327244000,0.0,0.0
2015-12-01 00:00:00-05:00,0.7796116492389433,0.7986146996346262,0.7788807582171406,0.7978838086128235,409496000,0.0,0.0
2015-12-02 00:00:00-05:00,0.7991017800099922,0.8073851326753487,0.7900875364523298,0.7917929291725159,294240000,0.0,0.0
2015-12-03 00:00:00-05:00,0.7981273830718556,0.8064107368258089,0.7861895743761049,0.7900876402854919,246656000,0.0,0.0
2015-12-04 00:00:00-05:00,0.790087754531972,0.8237085125156984,0.790087754531972,0.8222467303276062,458756000,0.0,0.0
2015-12-07 00:00:00-05:00,0.8220031095026018,0.8220031095026018,0.8042182286263899,0.8066545128822327,333588000,0.0,0.0
2015-12-08 00:00:00-05:00,0.796665601355504,0.8210284406901469,0.7915494225209062,0.817617654800415,314488000,0.0,0.0
2015-12-09 00:00:00-05:00,0.8173741668653668,0.8222467354657231,0.7886259772719049,0.7969093322753906,372676000,0.0,0.0
2015-12-10 00:00:00-05:00,0.7993455062524446,0.8078725291689953,0.796665611317799,0.803487241268158,236596000,0.0,0.0
2015-12-11 00:00:00-05:00,0.7954475102160234,0.8010509692250091,0.7898440512070378,0.7915494441986084,227320000,0.0,0.0
2015-12-14 00:00:00-05:00,0.7922804625343494,0.7978839224438652,0.7839970491340207,0.7934985756874084,275892000,0.0,0.0
2015-12-15 00:00:00-05:00,0.8025129246794204,0.8088472765244639,0.7981276354481797,0.8032438158988953,307296000,0.0,0.0
2015-12-16 00:00:00-05:00,0.80494878491508,0.8107959115875598,0.7978836036617978,0.8081159591674805,236356000,0.0,0.0
2015-12-17 00:00:00-05:00,0.8093345096735921,0.8176178655655317,0.7954476934816682,0.7959349155426025,254160000,0.0,0.0
2015-12-18 00:00:00-05:00,0.7903313758768344,0.7983711199309488,0.7820480208167166,0.7830225229263306,395896000,0.0,0.0
2015-12-21 00:00:00-05:00,0.7915494815423161,0.8022691200317442,0.784484240182777,0.8015382289886475,284216000,0.0,0.0
2015-12-22 00:00:00-05:00,0.8039745539061056,0.8103089045440212,0.7973965922699927,0.8022691607475281,130012000,0.0,0.0
2015-12-23 00:00:00-05:00,0.8034874279718118,0.8086036080592168,0.8020256456366661,0.8054364323616028,122524000,0.0,0.0
2015-12-24 00:00:00-05:00,0.8029997814146391,0.8100650207534998,0.8017816106626796,0.8081159591674805,52448000,0.0,0.0
2015-12-28 00:00:00-05:00,0.7995892508619514,0.8073853254318237,0.7883823319518133,0.8073853254318237,142024000,0.0,0.0
2015-12-29 00:00:00-05:00,0.8078726209454228,0.8229776064719909,0.8056799477031149,0.8205413222312927,203660000,0.0,0.0
2015-12-30 00:00:00-05:00,0.8198103762771471,0.8268756175279449,0.8132324150761125,0.813476026058197,180344000,0.0,0.0
2015-12-31 00:00:00-05:00,0.812258068225912,0.8159124659976469,0.8030001521110535,0.8030001521110535,148528000,0.0,0.0
2016-01-04 00:00:00-05:00,0.7866769514293674,0.7937421350456448,0.780586211803641,0.788625955581665,358076000,0.0,0.0
2016-01-05 00:00:00-05:00,0.8034875967920942,0.8146945196020843,0.7917933937394718,0.8012949228286743,490272000,0.0,0.0
2016-01-06 00:00:00-05:00,0.7881386122889165,0.79179306738837,0.7591468148137606,0.7681611180305481,449344000,0.0,0.0
2016-01-07 00:00:00-05:00,0.7489146576947062,0.7540308966038137,0.7279625961047584,0.737707793712616,645304000,0.0,0.0
2016-01-08 00:00:00-05:00,0.7472092019069911,0.7479400931188989,0.7204100704509404,0.7218718528747559,398472000,0.0,0.0
2016-01-11 00:00:00-05:00,0.7226025922043049,0.7282060515940786,0.7101775022990869,0.7230898141860962,409372000,0.0,0.0
2016-01-12 00:00:00-05:00,0.7360021064776666,0.7459909119511958,0.7301550362526706,0.7352712154388428,469356000,0.0,0.0
2016-01-13 00:00:00-05:00,0.7408746628841407,0.745747289093922,0.7121265341856726,0.7128574252128601,481672000,0.0,0.0
2016-01-14 00:00:00-05:00,0.6982397384048808,0.7065231515819337,0.6777749616831742,0.698483407497406,600236000,0.0,0.0
2016-01-15 00:00:00-05:00,0.6704660261793515,0.6785057692742911,0.6490266918976483,0.6604772210121155,841452000,0.0,0.0
2016-01-19 00:00:00-05:00,0.6741204636582103,0.693123515054912,0.6631571558392522,0.6658371090888977,457140000,0.0,0.0
2016-01-20 00:00:00-05:00,0.6531681981473807,0.6780183119509641,0.6443975663293173,0.6694912910461426,481180000,0.0,0.0
2016-01-21 00:00:00-05:00,0.6768004162047765,0.6877636659267492,0.6629135441590299,0.6772876381874084,481456000,0.0,0.0
2016-01-22 00:00:00-05:00,0.6901998364545248,0.6977523567977536,0.68873805457612,0.6931234002113342,257996000,0.0,0.0
2016-01-25 00:00:00-05:00,0.6928798080583157,0.7009195505220772,0.6909307461390347,0.6923925280570984,270728000,0.0,0.0
2016-01-26 00:00:00-05:00,0.6938544295379662,0.7021377843869037,0.6867891877735909,0.6992142200469971,227944000,0.0,0.0
2016-01-27 00:00:00-05:00,0.6982395151808832,0.7004321877990215,0.6777747450016705,0.6909306645393372,231700000,0.0,0.0
2016-01-28 00:00:00-05:00,0.6965343217187537,0.6989706059627254,0.6699788060337833,0.6833783984184265,276776000,0.0,0.0
2016-01-29 00:00:00-05:00,0.6892254554073879,0.7150500795017979,0.6865455602174991,0.713588297367096,310504000,0.0,0.0
2016-02-01 00:00:00-05:00,0.7128575186241671,0.7174864182887905,0.7067667786280186,0.7138320207595825,289884000,0.0,0.0
2016-02-02 00:00:00-05:00,0.7065233055392617,0.7101777037818617,0.6787496117016827,0.6836221814155579,341908000,0.0,0.0
2016-02-03 00:00:00-05:00,0.6889818213324466,0.6931234985182904,0.6711969414890969,0.6870327591896057,326772000,0.0,0.0
2016-02-04 00:00:00-05:00,0.6880071365930462,0.7028685076585478,0.680454674632273,0.687276303768158,348140000,0.0,0.0
2016-02-05 00:00:00-05:00,0.6826475231150856,0.6901999870202825,0.6419615230233227,0.6439105272293091,600428000,0.0,0.0
2016-02-08 00:00:00-05:00,0.6341653857070213,0.6373325610843681,0.6054171963082122,0.6144315004348755,608852000,0.0,0.0
2016-02-09 00:00:00-05:00,0.6071225377273349,0.646833970174283,0.6041989738816843,0.621009349822998,425372000,0.0,0.0
2016-02-10 00:00:00-05:00,0.6249074535284334,0.6429359434429325,0.616136819544582,0.6195476055145264,335800000,0.0,0.0
2016-02-11 00:00:00-05:00,0.6037118110387879,0.6227148635521851,0.6037118110387879,0.616380512714386,340144000,0.0,0.0
2016-02-12 00:00:00-05:00,0.6261254957383222,0.6280745575620703,0.6029807713983176,0.6268563866615295,340816000,0.0,0.0
2016-02-16 00:00:00-05:00,0.6358707846485951,0.6585282925859394,0.63392178043826,0.6575537323951721,485352000,0.0,0.0
2016-02-17 00:00:00-05:00,0.6658370787829712,0.6802111721720374,0.663157125655305,0.6738768219947815,771468000,0.0,0.0
2016-02-18 00:00:00-05:00,0.7291805636574156,0.7547615767918538,0.7284496725890948,0.7318604588508606,1068660000,0.0,0.0
2016-02-19 00:00:00-05:00,0.7279622599947537,0.7481834790611753,0.7223588015480944,0.7416054606437683,525628000,0.0,0.0
2016-02-22 00:00:00-05:00,0.7523252479109652,0.7764444774762858,0.7508634658611408,0.7679174542427063,449668000,0.0,0.0
2016-02-23 00:00:00-05:00,0.7618267238540012,0.7771753182128138,0.7581722689659077,0.7698664665222168,369380000,0.0,0.0
2016-02-24 00:00:00-05:00,0.7666993889209254,0.7764445257447794,0.7455036640520052,0.775226354598999,336852000,0.0,0.0
2016-02-25 00:00:00-05:00,0.7781499935626506,0.7808298890207319,0.7630450068017501,0.7769318222999573,349616000,0.0,0.0
2016-02-26 00:00:00-05:00,0.7805862933888853,0.7825352977448888,0.7640195240204397,0.7718156576156616,361964000,0.0,0.0
2016-02-29 00:00:00-05:00,0.7729158362962161,0.7829409750654464,0.7663139099557753,0.7668029069900513,323344000,0.002875,0.0
2016-03-01 00:00:00-05:00,0.7687592031663405,0.8007908463478088,0.7675365937744684,0.8007908463478088,348700000,0.0,0.0
2016-03-02 00:00:00-05:00,0.796389523197145,0.8083708270808424,0.7949224152444924,0.8054366111755371,233812000,0.0,0.0
2016-03-03 00:00:00-05:00,0.8044584970052875,0.8078817097677219,0.7875868734368635,0.7983456254005432,302004000,0.0,0.0
2016-03-04 00:00:00-05:00,0.804458616443916,0.805192170472952,0.7897876524576557,0.7959005832672119,175304000,0.0,0.0
2016-03-07 00:00:00-05:00,0.7914991374314484,0.7968785133851033,0.7804958869844514,0.7907655835151672,239968000,0.0,0.0
2016-03-08 00:00:00-05:00,0.7826966622532862,0.7873424849644762,0.7738940722784311,0.7763392329216003,274940000,0.0,0.0
2016-03-09 00:00:00-05:00,0.7831854175105015,0.7844079682148756,0.7658247427901831,0.7758499383926392,222788000,0.0,0.0
2016-03-10 00:00:00-05:00,0.7804958797112845,0.7848972031679569,0.7589784926916173,0.7746275067329407,286084000,0.0,0.0
2016-03-11 00:00:00-05:00,0.7861198786441002,0.7880760421448104,0.7768282914817186,0.7878314852714539,277400000,0.0,0.0
2016-03-14 00:00:00-04:00,0.7841637747672769,0.7929663647922945,0.7804960046330077,0.7897876501083374,190312000,0.0,0.0
2016-03-15 00:00:00-04:00,0.7856307027047935,0.790765521418317,0.7719377945048489,0.7858752012252808,226216000,0.0,0.0
2016-03-16 00:00:00-04:00,0.7800067829902306,0.8120384191874853,0.776339013911563,0.8093487024307251,363644000,0.0,0.0
2016-03-17 00:00:00-04:00,0.8064145420816722,0.8103267513528883,0.7914990256206177,0.8025022745132446,353680000,0.0,0.0
2016-03-18 00:00:00-04:00,0.8120383712281654,0.8374680215819326,0.8069034948212984,0.8267093300819397,545512000,0.0,0.0
2016-03-21 00:00:00-04:00,0.8193738521706201,0.8293989899167465,0.810571265182632,0.8291544914245605,337780000,0.0,0.0
2016-03-22 00:00:00-04:00,0.8264650104914761,0.8335559346643626,0.8174178647724316,0.8276875615119934,242012000,0.0,0.0
2016-03-23 00:00:00-04:00,0.8313551611145014,0.8479822246946892,0.8276873922087487,0.8418693542480469,429008000,0.0,0.0
2016-03-24 00:00:00-04:00,0.834289377021731,0.8445590723878733,0.8315997184985181,0.8430919647216797,244956000,0.0,0.0
2016-03-28 00:00:00-04:00,0.8416249212094549,0.855317829975667,0.8406468687898434,0.8516501188278198,265388000,0.0,0.0
2016-03-29 00:00:00-04:00,0.847982239104576,0.8672990196429717,0.8460261345197402,0.865342915058136,261812000,0.0,0.0
2016-03-30 00:00:00-04:00,0.8685218115920444,0.8863714883013216,0.8680327561942637,0.874390184879303,376700000,0.0,0.0
2016-03-31 00:00:00-04:00,0.8783023917056542,0.8802584965654433,0.8643649842623065,0.8712114095687866,379884000,0.0,0.0
2016-04-01 00:00:00-04:00,0.8658318064338141,0.8844150892088485,0.8592298813938428,0.8839260339736938,348292000,0.0,0.0
2016-04-04 00:00:00-04:00,0.8912615664627473,0.8959073874366588,0.8719447871159428,0.8753679990768433,393940000,0.0,0.0
2016-04-05 00:00:00-04:00,0.8675439960068081,0.8822149623799839,0.8641207238819432,0.8741459250450134,339568000,0.0,0.0
2016-04-06 00:00:00-04:00,0.8631422004327657,0.875857054341489,0.8467596360794224,0.8753679990768433,453376000,0.0,0.0
2016-04-07 00:00:00-04:00,0.8697442396877707,0.8775687751628014,0.8626533163543142,0.8663210272789001,378104000,0.0,0.0
2016-04-08 00:00:00-04:00,0.8734119523164059,0.8790358258939548,0.8633867559578828,0.8719448447227478,255936000,0.0,0.0
2016-04-11 00:00:00-04:00,0.8770796667202521,0.8917506844217953,0.8743900083186209,0.8773242235183716,387524000,0.0,0.0
2016-04-12 00:00:00-04:00,0.8802585597164322,0.8814811690644259,0.8592301686276107,0.8763463497161865,292764000,0.0,0.0
2016-04-13 00:00:00-04:00,0.8802582760194714,0.8985970022484611,0.8802582760194714,0.8983525037765503,350716000,0.0,0.0
2016-04-14 00:00:00-04:00,0.8959075830125662,0.9047101716173414,0.8922398134700685,0.9007979035377502,416564000,0.0,0.0
2016-04-15 00:00:00-04:00,0.900553172004267,0.9159576835027733,0.8976189571294261,0.907888650894165,436972000,0.0,0.0
2016-04-18 00:00:00-04:00,0.9061772212231091,0.9061772212231091,0.8951739715996647,0.903976559638977,307320000,0.0,0.0
2016-04-19 00:00:00-04:00,0.9073997025973682,0.9091113087103577,0.8822145496106216,0.8878384232521057,309152000,0.0,0.0
2016-04-20 00:00:00-04:00,0.8863712580874265,0.8966409523957363,0.8853932058431129,0.8912615776062012,200172000,0.0,0.0
2016-04-21 00:00:00-04:00,0.8915062547801457,0.895663079671755,0.8863714357454077,0.8902837038040161,178280000,0.0,0.0
2016-04-22 00:00:00-04:00,0.893217918144266,0.899330789610605,0.8839262742312131,0.8868604898452759,223540000,0.0,0.0
2016-04-25 00:00:00-04:00,0.8871048118449634,0.8961518971249759,0.884659652085576,0.8912615776062012,191972000,0.0,0.0
2016-04-26 00:00:00-04:00,0.8966410129196912,0.9069107079212134,0.8880829240355543,0.8919951915740967,214536000,0.0,0.0
2016-04-27 00:00:00-04:00,0.8897946580309246,0.912779211261661,0.8880830516675536,0.9122901558876038,352396000,0.0,0.0
2016-04-28 00:00:00-04:00,0.9066663294105436,0.9120457056210087,0.8829482793092259,0.8851488828659058,381224000,0.0,0.0
2016-04-29 00:00:00-04:00,0.88148128612104,0.8834373913809246,0.8592302827293952,0.8687664270401001,321904000,0.0,0.0
2016-05-02 00:00:00-04:00,0.87707972705206,0.8856378164418792,0.8729229607646214,0.8802584409713745,256076000,0.0,0.0
2016-05-03 00:00:00-04:00,0.8702332369289962,0.8739009476087651,0.8621642034768522,0.8697441816329956,224024000,0.0,0.0
2016-05-04 00:00:00-04:00,0.8592300972732516,0.8599636511616856,0.8411359234844589,0.8499385118484497,525764000,0.0,0.0
2016-05-05 00:00:00-04:00,0.8570296154080757,0.8650986510275968,0.8487160229262601,0.8550734519958496,246884000,0.0,0.0
2016-05-06 00:00:00-04:00,0.8536061115317652,0.86607646770958,0.8518945054479887,0.8638758063316345,183240000,0.0,0.0
2016-05-09 00:00:00-04:00,0.8660766471533949,0.8697443585793466,0.8555624516765931,0.8626534342765808,333336000,0.0,0.0
2016-05-10 00:00:00-04:00,0.8680326403819633,0.880747496055635,0.8597191078094307,0.8792803883552551,269676000,0.0,0.0
2016-05-11 00:00:00-04:00,0.8819701661342791,0.8915062502507405,0.8770797873629507,0.8817256093025208,328176000,0.0,0.0
2016-05-12 00:00:00-04:00,0.888082909923471,0.8919951773998455,0.8540951700247081,0.8697441816329956,670540000,0.0,0.0
2016-05-13 00:00:00-04:00,0.9582593008690913,1.002516747141502,0.9536135366836535,1.0020277500152588,2110256000,0.0,0.0
2016-05-16 00:00:00-04:00,0.9944474909405496,1.0465295209464924,0.9912687771363524,1.0316139459609985,973032000,0.0,0.0
2016-05-17 00:00:00-04:00,1.026968127415455,1.0411500903200404,1.013764275143554,1.0338146686553955,628392000,0.0,0.0
2016-05-18 00:00:00-04:00,1.0269679101468925,1.0722035060845272,1.0269679101468925,1.0602221488952637,541072000,0.0,0.0
2016-05-19 00:00:00-04:00,1.0560659203656917,1.0724486088100116,1.0545989287920925,1.0648685693740845,398880000,0.0,0.0
2016-05-20 00:00:00-04:00,1.0714701489110685,1.0883418290523599,1.0697585427047842,1.0839405059814453,391084000,0.0,0.0
2016-05-23 00:00:00-04:00,1.0885864478749936,1.0927431562948848,1.0790503051313263,1.085652232170105,413636000,0.0,0.0
2016-05-24 00:00:00-04:00,1.0889615330726374,1.1154379290972003,1.0860196983035533,1.1120057106018066,415788000,0.002875,0.0
2016-05-25 00:00:00-04:00,1.1154380726573576,1.120095841927817,1.0985225790066475,1.107348084449768,458076000,0.0,0.0
2016-05-26 00:00:00-04:00,1.1093095493427343,1.1272055813018858,1.106122579943273,1.1191155910491943,309964000,0.0,0.0
2016-05-27 00:00:00-04:00,1.1203408835062765,1.126959952906612,1.116663531808278,1.125243902206421,277416000,0.0,0.0
2016-05-31 00:00:00-04:00,1.1301469604791559,1.147797851797167,1.1294114433549272,1.1453462839126587,412524000,0.0,0.0
2016-06-01 00:00:00-04:00,1.1399532452592693,1.1585846742509023,1.136521142994948,1.1475529670715332,387132000,0.0,0.0
2016-06-02 00:00:00-04:00,1.1536814467404037,1.165448785983371,1.1424044912306899,1.1556427478790283,329208000,0.0,0.0
2016-06-03 00:00:00-04:00,1.1443657258820865,1.1458365263048094,1.119360248340785,1.1394625902175903,461076000,0.0,0.0
2016-06-06 00:00:00-04:00,1.142404282444623,1.1512297852638975,1.1276952279763388,1.133578896522522,322512000,0.0,0.0
2016-06-07 00:00:00-04:00,1.140443226568499,1.1468171625765697,1.135295074461331,1.1357853412628174,193400000,0.0,0.0
2016-06-08 00:00:00-04:00,1.136030460465287,1.1401980789173947,1.1227923218131113,1.1321080923080444,234616000,0.0,0.0
2016-06-09 00:00:00-04:00,1.128186070519283,1.1632426119911792,1.1257345019954523,1.1615265607833862,472168000,0.0,0.0
2016-06-10 00:00:00-04:00,1.147798081912487,1.15809438853841,1.1311277208883834,1.132598638534546,400024000,0.0,0.0
2016-06-13 00:00:00-04:00,1.133824280586317,1.169371199301784,1.133824280586317,1.1470624208450317,475588000,0.0,0.0
2016-06-14 00:00:00-04:00,1.1443656089006455,1.154661912190308,1.131617738029344,1.149268627166748,298344000,0.0,0.0
2016-06-15 00:00:00-04:00,1.1588300538821996,1.1710875466368298,1.1460821772513792,1.1610363721847534,301036000,0.0,0.0
2016-06-16 00:00:00-04:00,1.1524558576892232,1.1676551827110238,1.1411789014158864,1.165693998336792,246456000,0.0,0.0
2016-06-17 00:00:00-04:00,1.1671647938754575,1.16740992728447,1.1406883984498455,1.1453462839126587,471000000,0.0,0.0
2016-06-20 00:00:00-04:00,1.163732417950178,1.1808929215065762,1.1629969009993821,1.1659387350082397,293768000,0.0,0.0
2016-06-21 00:00:00-04:00,1.1708420445089511,1.1740290126632424,1.1571135213453905,1.158829689025879,212508000,0.0,0.0
2016-06-22 00:00:00-04:00,1.1612811750801675,1.1688808955767176,1.1558878891552717,1.1578490734100342,202620000,0.0,0.0
2016-06-23 00:00:00-04:00,1.1688813667522842,1.189964369008221,1.168145849299514,1.1887385845184326,297880000,0.0,0.0
2016-06-24 00:00:00-04:00,1.1399530210825286,1.1610360143438805,1.1105349072616462,1.1210763454437256,1017684000,0.0,0.0
2016-06-27 00:00:00-04:00,1.11176080639542,1.120341179057102,1.0926389933512841,1.1090642213821411,449088000,0.0,0.0
2016-06-28 00:00:00-04:00,1.1301469209065653,1.1313725879087113,1.1097993290075132,1.125243902206421,381920000,0.0,0.0
2016-06-29 00:00:00-04:00,1.1350497755105027,1.1524555302936492,1.132107941336285,1.143630027770996,318932000,0.0,0.0
2016-06-30 00:00:00-04:00,1.145591486380075,1.1595651436108725,1.1362758317900743,1.1524558067321777,430940000,0.0,0.0
2016-07-01 00:00:00-04:00,1.1460816755134402,1.1610358639000877,1.1399528733706112,1.143875241279602,218488000,0.0,0.0
2016-07-05 00:00:00-04:00,1.1375012580523403,1.1627518657112406,1.1284307388067385,1.1607906818389893,371084000,0.0,0.0
2016-07-06 00:00:00-04:00,1.1527009601260094,1.1750097386381384,1.1468172902643317,1.1681454181671143,273104000,0.0,0.0
2016-07-07 00:00:00-04:00,1.1759903504026172,1.202711883084555,1.1705970639362515,1.1985442638397217,395400000,0.0,0.0
2016-07-08 00:00:00-04:00,1.2112919320474704,1.2524773830115896,1.2066340467064578,1.246593713760376,481932000,0.0,0.0
2016-07-11 00:00:00-04:00,1.264490089138441,1.2845924365000543,1.2630191714171985,1.275276780128479,448776000,0.0,0.0
2016-07-12 00:00:00-04:00,1.2894949325046077,1.3061651691957523,1.2733148456139338,1.2943979501724243,436760000,0.0,0.0
2016-07-13 00:00:00-04:00,1.2968500739185553,1.3042046626875696,1.2919470537049536,1.2939082384109497,324604000,0.0,0.0
2016-07-14 00:00:00-04:00,1.3007726087078284,1.318913772484558,1.2899859170769927,1.307146430015564,316892000,0.0,0.0
2016-07-15 00:00:00-04:00,1.2904759704048616,1.2978305582304066,1.2708638920663526,1.2919468879699707,428616000,0.0,0.0
2016-07-18 00:00:00-04:00,1.307881756233071,1.309842940725551,1.2936629640924726,1.2985659837722778,252992000,0.0,0.0
2016-07-19 00:00:00-04:00,1.2978307145179488,1.3171976617440169,1.2953791459818083,1.3120495080947876,382652000,0.0,0.0
2016-07-20 00:00:00-04:00,1.316461930769228,1.3363192586181143,1.3110686445211321,1.329209804534912,296460000,0.0,0.0
2016-07-21 00:00:00-04:00,1.3262680347166187,1.3304356539976325,1.3002820190392141,1.3046947717666626,361308000,0.0,0.0
2016-07-22 00:00:00-04:00,1.3093524029086945,1.3402414321899414,1.2997914989767387,1.3402414321899414,315768000,0.0,0.0
2016-07-25 00:00:00-04:00,1.3483316736522284,1.368188885464996,1.3424480033830197,1.365001916885376,312528000,0.0,0.0
2016-07-26 00:00:00-04:00,1.3770142838635975,1.3954005766802984,1.3750530995586638,1.3882912397384644,514508000,0.0,0.0
2016-07-27 00:00:00-04:00,1.4003037822009958,1.402755350581242,1.3659826431580497,1.3743177652359009,446676000,0.0,0.0
2016-07-28 00:00:00-04:00,1.3775048647745798,1.3875560389139934,1.373092111409511,1.3772597312927246,221916000,0.0,0.0
2016-07-29 00:00:00-04:00,1.3824074180014554,1.4034904099811925,1.357647191241942,1.399813175201416,409588000,0.0,0.0
2016-08-01 00:00:00-04:00,1.4056969671879063,1.4108451197088443,1.381672138526333,1.3907426595687866,301120000,0.0,0.0
2016-08-02 00:00:00-04:00,1.3973616628095198,1.3980971799329431,1.360589079759683,1.3738272190093994,282748000,0.0,0.0
2016-08-03 00:00:00-04:00,1.3721113009678525,1.3802012887248676,1.3645115800757468,1.377504587173462,299828000,0.0,0.0
2016-08-04 00:00:00-04:00,1.3841235598233956,1.4093741719406652,1.3814269753593682,1.4030002355575562,272712000,0.0,0.0
2016-08-05 00:00:00-04:00,1.4191803833523347,1.427515504972511,1.412316179300096,1.426780104637146,371588000,0.0,0.0
2016-08-08 00:00:00-04:00,1.4463923533637422,1.4498244557940807,1.4248189710912964,1.4400184154510498,305064000,0.0,0.0
2016-08-09 00:00:00-04:00,1.4471276473745,1.457669204261581,1.4400183095625991,1.4436955451965332,372344000,0.0,0.0
2016-08-10 00:00:00-04:00,1.4564431011945995,1.4586494187124415,1.4297215730922626,1.4343794584274292,375740000,0.0,0.0
2016-08-11 00:00:00-04:00,1.4419792153570516,1.469681277778853,1.4390373806597083,1.463552474975586,681064000,0.0,0.0
2016-08-12 00:00:00-04:00,1.5174859647663914,1.5537682849290508,1.4863517974366116,1.5454331636428833,1425744000,0.0,0.0
2016-08-15 00:00:00-04:00,1.5471490892048398,1.5567099937898792,1.5231242610345248,1.5439621210098267,573304000,0.0,0.0
2016-08-16 00:00:00-04:00,1.5417558479196152,1.544207299041966,1.5299886253584976,1.5346465110778809,287652000,0.0,0.0
2016-08-17 00:00:00-04:00,1.5346462842545046,1.5380783854568434,1.487086900399968,1.4990992546081543,595212000,0.0,0.0
2016-08-18 00:00:00-04:00,1.4968931882846745,1.5248403862602766,1.4910095184383587,1.5223889350891113,331684000,0.0,0.0
2016-08-19 00:00:00-04:00,1.5216537491450017,1.537833727847247,1.5150346775756491,1.5263116359710693,291560000,0.0,0.0
2016-08-22 00:00:00-04:00,1.5309691098372578,1.534891595163011,1.5128279512850793,1.5326851606369019,244748000,0.0,0.0
2016-08-23 00:00:00-04:00,1.548280893748058,1.5551577460177082,1.5406671689565987,1.5450880527496338,339764000,0.002875,0.0
2016-08-24 00:00:00-04:00,1.5504914097340967,1.5512281651506803,1.514142115592663,1.5212645530700684,298448000,0.0,0.0
2016-08-25 00:00:00-04:00,1.5217562858599392,1.522493041492162,1.4922839525434646,1.5111953020095825,406032000,0.0,0.0
2016-08-26 00:00:00-04:00,1.5151246892121226,1.532071236216529,1.5030900795860624,1.523475170135498,300024000,0.0,0.0
2016-08-29 00:00:00-04:00,1.5296158008358822,1.5357557832558602,1.5200372736720085,1.5224932432174683,274652000,0.0,0.0
2016-08-30 00:00:00-04:00,1.5205281055238493,1.5286330023103538,1.5094759522490466,1.5136512517929077,285544000,0.0,0.0
2016-08-31 00:00:00-04:00,1.5165981879263453,1.5207733694756407,1.5021076108469529,1.506528377532959,388544000,0.0,0.0
2016-09-01 00:00:00-04:00,1.5077567952672823,1.5566317630047921,1.5065287521657411,1.55098295211792,428492000,0.0,0.0
2016-09-02 00:00:00-04:00,1.554175448562762,1.5558946616778409,1.5183174411767035,1.5357551574707031,323148000,0.0,0.0
2016-09-06 00:00:00-04:00,1.5411581703200952,1.5502454042434692,1.5332988618508359,1.5502454042434692,306812000,0.0,0.0
2016-09-07 00:00:00-04:00,1.5453335489012008,1.5529472732542395,1.5185628967733356,1.527404546737671,397988000,0.0,0.0
2016-09-08 00:00:00-04:00,1.5259309004062167,1.5409127638085427,1.5084931858110477,1.538456678390503,315808000,0.0,0.0
2016-09-09 00:00:00-04:00,1.5215108499284502,1.5301069187109768,1.4490579355824307,1.4618293046951294,697760000,0.0,0.0
2016-09-12 00:00:00-04:00,1.4424264087834107,1.494985387278397,1.4077963203634616,1.4920381307601929,598260000,0.0,0.0
2016-09-13 00:00:00-04:00,1.4883538950116408,1.505546144042572,1.4620744097132043,1.4704248905181885,471768000,0.0,0.0
2016-09-14 00:00:00-04:00,1.4738630691842467,1.4883536448585513,1.4615829937512095,1.4834415912628174,319048000,0.0,0.0
2016-09-15 00:00:00-04:00,1.4858983400814256,1.5414045822084215,1.4824597956277408,1.5396853685379028,515212000,0.0,0.0
2016-09-16 00:00:00-04:00,1.545088148759264,1.5534386294788132,1.5256855164266654,1.543368935585022,902444000,0.0,0.0
2016-09-19 00:00:00-04:00,1.5595781882052568,1.6028043220124015,1.5524557528159735,1.5637534856796265,417128000,0.0,0.0
2016-09-20 00:00:00-04:00,1.5816831675909981,1.5816831675909981,1.540913101051931,1.5495091676712036,331112000,0.0,0.0
2016-09-21 00:00:00-04:00,1.5541753620749055,1.5959278790249665,1.5539297769453622,1.5929806232452393,336212000,0.0,0.0
2016-09-22 00:00:00-04:00,1.6023139384676566,1.607225993553979,1.5878233583961103,1.5969105958938599,308732000,0.0,0.0
2016-09-23 00:00:00-04:00,1.5988752496469598,1.60354160166866,1.5880686833826256,1.5951911211013794,276132000,0.0,0.0
2016-09-26 00:00:00-04:00,1.5770167712233798,1.586595296092364,1.560315807555083,1.5802096128463745,230040000,0.0,0.0
2016-09-27 00:00:00-04:00,1.5740697048086436,1.6366985017943347,1.5733329491663781,1.6342424154281616,402752000,0.0,0.0
2016-09-28 00:00:00-04:00,1.6366980540495297,1.6413645231785567,1.619260220380557,1.640136480331421,319788000,0.0,0.0
2016-09-29 00:00:00-04:00,1.6374349122626854,1.6605216742099407,1.622207578185347,1.655363917350769,336684000,0.0,0.0
2016-09-30 00:00:00-04:00,1.6644515232261394,1.6993271980373132,1.6546274125691456,1.6828718185424805,429932000,0.0,0.0
2016-10-03 00:00:00-04:00,1.6828716742245344,1.707186363582336,1.6782052044957492,1.68115234375,242596000,0.0,0.0
2016-10-04 00:00:00-04:00,1.6836082780152464,1.7118525619081248,1.6649424007824725,1.677468180656433,281624000,0.0,0.0
2016-10-05 00:00:00-04:00,1.6917135113845472,1.7089057639980836,1.6705916612601313,1.6757493019104004,305440000,0.0,0.0
2016-10-06 00:00:00-04:00,1.6556094652018367,1.6659247437328033,1.6273650661424728,1.6538902521133423,360212000,0.0,0.0
2016-10-07 00:00:00-04:00,1.6649423604176272,1.669363244462307,1.6371892475102627,1.6418557167053223,286260000,0.0,0.0
2016-10-10 00:00:00-04:00,1.6504519176089198,1.6592936864219123,1.6325229119250786,1.647995948791504,287876000,0.0,0.0
2016-10-11 00:00:00-04:00,1.6425929835822664,1.645048952788248,1.611646904953351,1.6241726875305176,388540000,0.0,0.0
2016-10-12 00:00:00-04:00,1.617541128444415,1.6401366032293374,1.604033007451571,1.6315405368804932,419920000,0.0,0.0
2016-10-13 00:00:00-04:00,1.6123835378189044,1.6160675496361252,1.5644909157445361,1.6050153970718384,390116000,0.0,0.0
2016-10-14 00:00:00-04:00,1.6246635732501573,1.635715725521947,1.6111554522027596,1.6207339763641357,330636000,0.0,0.0
2016-10-17 00:00:00-04:00,1.6204883152789575,1.635715648889676,1.6091905783701612,1.6114009618759155,195328000,0.0,0.0
2016-10-18 00:00:00-04:00,1.6337509105871972,1.6452942330750613,1.6271196427135866,1.6359612941741943,269372000,0.0,0.0
2016-10-19 00:00:00-04:00,1.624909569073098,1.6401369061480646,1.6165589692346585,1.6325231790542603,199060000,0.0,0.0
2016-10-20 00:00:00-04:00,1.6516801667139198,1.6688724190320234,1.6283479330296569,1.6634690761566162,312084000,0.0,0.0
2016-10-21 00:00:00-04:00,1.6575745854688928,1.661749767875287,1.6430840054148137,1.6588026285171509,279508000,0.0,0.0
2016-10-24 00:00:00-04:00,1.6700999634811482,1.73862313286707,1.669854261240744,1.7366583347320557,339836000,0.0,0.0
2016-10-25 00:00:00-04:00,1.7337113932724857,1.7757095026679155,1.7253609118503892,1.7651485204696655,397460000,0.0,0.0
2016-10-26 00:00:00-04:00,1.7504123176684094,1.791673670640554,1.7486931043872884,1.7722710371017456,333792000,0.0,0.0
2016-10-27 00:00:00-04:00,1.7857792825923402,1.7892177093941244,1.728799420953605,1.735921859741211,388664000,0.0,0.0
2016-10-28 00:00:00-04:00,1.7442723862607532,1.7707974588376874,1.7297818069904511,1.732974648475647,290856000,0.0,0.0
2016-10-31 00:00:00-04:00,1.7386235884366263,1.7592542670416176,1.7376411305553854,1.747710943222046,252388000,0.0,0.0
2016-11-01 00:00:00-04:00,1.754096295689411,1.7636748190517701,1.6772225236447271,1.6958884000778198,473224000,0.0,0.0
2016-11-02 00:00:00-04:00,1.7089053883213938,1.731992032126004,1.6858186274041695,1.6887658834457397,295848000,0.0,0.0
2016-11-03 00:00:00-04:00,1.6966252173811296,1.698098845422351,1.636698106451052,1.6691176891326904,309664000,0.0,0.0
2016-11-04 00:00:00-04:00,1.6580654755217514,1.688029088425234,1.6352244174038841,1.6595391035079956,328780000,0.0,0.0
2016-11-07 00:00:00-05:00,1.7081685343023723,1.761464377442855,1.7069404914196147,1.7504122257232666,487580000,0.0,0.0
2016-11-08 00:00:00-05:00,1.757043766086984,1.7626926939570107,1.7315011494136885,1.747710943222046,429884000,0.0,0.0
2016-11-09 00:00:00-05:00,1.700309112006742,1.741324874960507,1.6877834501866065,1.718238115310669,456532000,0.0,0.0
2016-11-10 00:00:00-05:00,1.755815469920792,1.7560610550611635,1.6396452664172936,1.6644511222839355,869280000,0.0,0.0
2016-11-11 00:00:00-05:00,1.9527891591575337,2.180217408756554,1.9279831846676532,2.160569190979004,2175344000,0.0,0.0
2016-11-14 00:00:00-05:00,2.163515540206488,2.165971624955494,2.0537311752473983,2.054222345352173,1348796000,0.0,0.0
2016-11-15 00:00:00-05:00,2.070186185105698,2.147796673965876,2.061344421580776,2.1168508529663086,626092000,0.0,0.0
2016-11-16 00:00:00-05:00,2.145095356772767,2.2732998879269513,2.120780680082304,2.2504589557647705,987984000,0.0,0.0
2016-11-17 00:00:00-05:00,2.2671603081856393,2.3280698616822386,2.2263901377171007,2.26912522315979,832988000,0.0,0.0
2016-11-18 00:00:00-05:00,2.269125920008733,2.316772721956208,2.2546353410216837,2.2929494380950928,576060000,0.0,0.0
2016-11-21 00:00:00-05:00,2.3108787292823116,2.317264412917105,2.2693716685435157,2.283616781234741,436436000,0.0,0.0
2016-11-22 00:00:00-05:00,2.291475649989833,2.302282099901241,2.268880175283988,2.3000717163085938,330368000,0.0,0.0
2016-11-23 00:00:00-05:00,2.3052367018461193,2.3428701785579835,2.2818696606749334,2.3113861083984375,443236000,0.0035,0.0
2016-11-25 00:00:00-05:00,2.3224553096800475,2.339181276895966,2.2976120771381314,2.3160600662231445,195564000,0.0,0.0
2016-11-28 00:00:00-05:00,2.3089269651486886,2.3303263896242417,2.302285651205823,2.3148303031921387,278736000,0.0,0.0
2016-11-29 00:00:00-05:00,2.312124369414611,2.3229472335499066,2.275966835975484,2.2936766147613525,444568000,0.0,0.0
2016-11-30 00:00:00-05:00,2.3022861541671227,2.316060690803027,2.2653906351992092,2.267850399017334,440500000,0.0,0.0
2016-12-01 00:00:00-05:00,2.2653900449336306,2.2671118322424944,2.0850935794953926,2.155687093734741,1035524000,0.0,0.0
2016-12-02 00:00:00-05:00,2.121497164180231,2.184219717183366,2.09370249733858,2.1756107807159424,478292000,0.0,0.0
2016-12-05 00:00:00-05:00,2.2134905095513684,2.2779348617376733,2.1891394128040225,2.259979009628296,602284000,0.0,0.0
2016-12-06 00:00:00-05:00,2.268095546859829,2.305483194914457,2.2523533916039815,2.2971200942993164,498796000,0.0,0.0
2016-12-07 00:00:00-05:00,2.2835921547916143,2.344100785804348,2.265390234166091,2.3384435176849365,480804000,0.0,0.0
2016-12-08 00:00:00-05:00,2.3413951580788406,2.376568882630698,2.2887574890458944,2.2993340492248535,381544000,0.0,0.0
2016-12-09 00:00:00-05:00,2.31704347575751,2.3187652627520303,2.231199726982871,2.25850248336792,382312000,0.0,0.0
2016-12-12 00:00:00-05:00,2.2100464329913176,2.2125061960423906,2.153227220136659,2.203651189804077,601332000,0.0,0.0
2016-12-13 00:00:00-05:00,2.2159493543035063,2.2700629583843956,2.2149655430982143,2.242514133453369,387796000,0.0,0.0
2016-12-14 00:00:00-05:00,2.2762124571013977,2.388621230889203,2.252353272628307,2.372387170791626,983980000,0.0,0.0
2016-12-15 00:00:00-05:00,2.383455741502801,2.4582310370072515,2.376076686921778,2.427976608276367,746548000,0.0,0.0
2016-12-16 00:00:00-05:00,2.4555252126779448,2.476924635243253,2.4038713612726057,2.4697916507720947,1089528000,0.0,0.0
2016-12-19 00:00:00-05:00,2.452328368178544,2.519970228529371,2.4351102566934766,2.499800682067871,744656000,0.0,0.0
2016-12-20 00:00:00-05:00,2.5723610212793213,2.6104864051407506,2.561046253511378,2.5868732929229736,848056000,0.0,0.0
2016-12-21 00:00:00-05:00,2.5984342348638245,2.6060593595450476,2.5509619341389573,2.6031076908111572,576136000,0.0,0.0
2016-12-22 00:00:00-05:00,2.6274585993632638,2.6778825653182814,2.6203253808706926,2.634591817855835,718612000,0.0,0.0
2016-12-23 00:00:00-05:00,2.6166362828062293,2.701742313097032,2.6139306838299827,2.7002663612365723,647692000,0.0,0.0
2016-12-27 00:00:00-05:00,2.7563475367443804,2.8867119322184536,2.7356858550059,2.885728120803833,1194272000,0.0,0.0
2016-12-28 00:00:00-05:00,2.9418089798224494,2.949926009386018,2.6734550985808196,2.6872293949127197,2295764000,0.0,0.0
2016-12-29 00:00:00-05:00,2.580232117574343,2.742326876986516,2.5285782705828,2.7408509254455566,2175368000,0.0,0.0
2016-12-30 00:00:00-05:00,2.738883492639519,2.7529038603708096,2.6146682749661743,2.62549090385437,1212932000,0.0,0.0
2017-01-03 00:00:00-05:00,2.567933520831202,2.6163898634551663,2.444456288357391,2.5091466903686523,1501996000,0.0,0.0
2017-01-04 00:00:00-05:00,2.5433364240118728,2.5949902671628715,2.497339847336833,2.567687511444092,1199220000,0.0,0.0
2017-01-05 00:00:00-05:00,2.5711311821681444,2.602861324223663,2.485533267786341,2.502505302429199,984296000,0.0,0.0
2017-01-06 00:00:00-05:00,2.5298086433596483,2.5642446262342946,2.4892234867390743,2.5359580516815186,822856000,0.0,0.0
2017-01-09 00:00:00-05:00,2.5457962327826964,2.6564829745176217,2.5457962327826964,2.638772964477539,916248000,0.0,0.0
2017-01-10 00:00:00-05:00,2.651810021790602,2.6857538622703,2.598188310455977,2.618849992752075,880920000,0.0,0.0
2017-01-11 00:00:00-05:00,2.6072901251857514,2.6122094183597353,2.561785431802433,2.5866284370422363,525664000,0.0,0.0
2017-01-12 00:00:00-05:00,2.5637531033922647,2.575313711272881,2.499554584548868,2.544321298599243,625616000,0.0,0.0
2017-01-13 00:00:00-05:00,2.5482558506375472,2.5826918260995284,2.534973459927785,2.544074535369873,457820000,0.0,0.0
2017-01-17 00:00:00-05:00,2.5334987436892105,2.5384180366548907,2.473727844598693,2.4870102405548096,580612000,0.0,0.0
2017-01-18 00:00:00-05:00,2.4656102509269693,2.5391554350821646,2.437815583452183,2.5322682857513428,654424000,0.0,0.0
2017-01-19 00:00:00-05:00,2.535220638765336,2.61860466368911,2.5330069451082435,2.5866284370422363,644872000,0.0,0.0
2017-01-20 00:00:00-05:00,2.6092571453701883,2.6269671596843973,2.5364499342809452,2.5583412647247314,492024000,0.0,0.0
2017-01-23 00:00:00-05:00,2.5531750095570365,2.604828848043699,2.5507152471110386,2.5849051475524902,369904000,0.0,0.0
2017-01-24 00:00:00-05:00,2.594990432202098,2.646152372988506,2.5802320898306745,2.640002965927124,428052000,0.0,0.0
2017-01-25 00:00:00-05:00,2.682310003147152,2.6884594104420483,2.6154061407251827,2.651317834854126,522760000,0.0,0.0
2017-01-26 00:00:00-05:00,2.6540233037571612,2.704447268234254,2.62450685391027,2.697068214416504,458800000,0.0,0.0
2017-01-27 00:00:00-05:00,2.7039558001115758,2.7521660797017424,2.6773910144085673,2.7492144107818604,471996000,0.0,0.0
2017-01-30 00:00:00-05:00,2.728306765414349,2.7305204583569456,2.654269679451095,2.706169366836548,496004000,0.0,0.0
2017-01-31 00:00:00-05:00,2.679851220982972,2.706907916886474,2.661403228537527,2.6855084896087646,362756000,0.0,0.0
2017-02-01 00:00:00-05:00,2.719943153183032,2.8070167794378063,2.7022333783973207,2.802835464477539,590004000,0.0,0.0
2017-02-02 00:00:00-05:00,2.786848094522404,2.8468650540611793,2.7563478262820076,2.8382558822631836,483240000,0.0,0.0
2017-02-03 00:00:00-05:00,2.8397306537074014,2.8507993496993125,2.8016052756107346,2.8134117126464844,372744000,0.0,0.0
2017-02-06 00:00:00-05:00,2.8040661593416534,2.885974455459737,2.8040661593416534,2.8854825496673584,506768000,0.0,0.0
2017-02-07 00:00:00-05:00,2.919671943672788,2.9742774646626557,2.899994308037366,2.930248737335205,746224000,0.0,0.0
2017-02-08 00:00:00-05:00,2.9122931719776353,2.934676408451014,2.8626069377800265,2.9174585342407227,449580000,0.0,0.0
2017-02-09 00:00:00-05:00,2.923607530361526,2.928527056737509,2.843421267785988,2.8626067638397217,842568000,0.0,0.0
2017-02-10 00:00:00-05:00,2.949926121251853,2.9688657794264377,2.7696296769747337,2.7947187423706055,1651092000,0.0,0.0
2017-02-13 00:00:00-05:00,2.7890610537186573,2.8035733253811363,2.6614022771093824,2.66582989692688,1180724000,0.0,0.0
2017-02-14 00:00:00-05:00,2.656236919298027,2.7093667151400602,2.614421891252086,2.675668716430664,850632000,0.0,0.0
2017-02-15 00:00:00-05:00,2.678620336395831,2.7007574968062116,2.6505796048031165,2.681079864501953,373020000,0.0,0.0
2017-02-16 00:00:00-05:00,2.690673683740347,2.6919035654646684,2.5989265713743546,2.638036012649536,647176000,0.0,0.0
2017-02-17 00:00:00-05:00,2.62450735520154,2.6419712990807476,2.5775269558376817,2.6375436782836914,563740000,0.0,0.0
2017-02-21 00:00:00-05:00,2.662141227455666,2.7359324941449144,2.661895157262874,2.731997013092041,551952000,0.0,0.0
2017-02-22 00:00:00-05:00,2.7440644571706265,2.7534231666136133,2.7088461063989686,2.7278099060058594,433772000,0.0035,0.0
2017-02-23 00:00:00-05:00,2.5982654717006426,2.620184426073657,2.4549299359358927,2.4748785495758057,1592888000,0.0,0.0
2017-02-24 00:00:00-05:00,2.3906504250915286,2.51206700687691,2.3569098959544026,2.498767852783203,1029904000,0.0,0.0
2017-02-27 00:00:00-05:00,2.5169926221538685,2.586443783008362,2.5012306015998433,2.571420669555664,715400000,0.0,0.0
2017-02-28 00:00:00-05:00,2.5810251999474128,2.5908766670759134,2.4820203509994,2.4992599487304688,625360000,0.0,0.0
2017-03-01 00:00:00-05:00,2.5561516756302023,2.570436119648671,2.4901484218372127,2.5315237045288086,504804000,0.0,0.0
2017-03-02 00:00:00-05:00,2.5187173964429546,2.5327554615470076,2.4354742938962595,2.438183307647705,754332000,0.0,0.0
2017-03-03 00:00:00-05:00,2.4275924261651074,2.432517925092343,2.3697162283846613,2.4241445064544678,864692000,0.0,0.0
2017-03-06 00:00:00-05:00,2.387941947448856,2.41601807620336,2.3438576480078694,2.405427932739258,883568000,0.0,0.0
2017-03-07 00:00:00-05:00,2.405427692240396,2.451235947557968,2.3926210630228404,2.431779623031616,603400000,0.0,0.0
2017-03-08 00:00:00-05:00,2.480049829700952,2.4948267944439464,2.4251292667225868,2.4273457527160645,638712000,0.0,0.0
2017-03-09 00:00:00-05:00,2.4113384909794826,2.4492656173997536,2.3987780075344536,2.426854133605957,478060000,0.0,0.0
2017-03-10 00:00:00-05:00,2.453205744866898,2.4650270835365276,2.4229131388206158,2.4411377906799316,499740000,0.0,0.0
2017-03-13 00:00:00-04:00,2.451481637032486,2.5182237776418317,2.4507427300127476,2.5083725452423096,774136000,0.0,0.0
2017-03-14 00:00:00-04:00,2.521180084843555,2.5305385593746754,2.474386537827993,2.5066494941711426,522016000,0.0,0.0
2017-03-15 00:00:00-04:00,2.5182235126372543,2.536448161478955,2.4706910805679185,2.5256118774414062,615036000,0.0,0.0
2017-03-16 00:00:00-04:00,2.53620282156962,2.5571367242259133,2.522164759571124,2.5566439628601074,523100000,0.0,0.0
2017-03-17 00:00:00-04:00,2.5741299939301006,2.613535167519602,2.556644011271599,2.6123037338256836,1119688000,0.0,0.0
2017-03-20 00:00:00-04:00,2.629789757833636,2.699487308875962,2.613781354432952,2.6955466270446777,748568000,0.0,0.0
2017-03-21 00:00:00-04:00,2.6783070848522548,2.7081071707146784,2.600482257454959,2.608363151550293,913484000,0.0,0.0
2017-03-22 00:00:00-04:00,2.5972802987379087,2.6662391741102356,2.593339851969421,2.661559820175171,616764000,0.0,0.0
2017-03-23 00:00:00-04:00,2.6536785396582485,2.6736273879086894,2.6278191390298433,2.6374239921569824,533940000,0.0,0.0
2017-03-24 00:00:00-04:00,2.683725422133769,2.6916063164516815,2.6209237088064854,2.6467831134796143,439500000,0.0,0.0
2017-03-27 00:00:00-04:00,2.600235637314344,2.6699331835012154,2.550979466574354,2.6659927368164062,506644000,0.0,0.0
2017-03-28 00:00:00-04:00,2.6672240510589846,2.6817546383922886,2.641857177109499,2.652200937271118,432444000,0.0,0.0
2017-03-29 00:00:00-04:00,2.659589798473687,2.671903901615715,2.64136514190571,2.6435816287994385,349992000,0.0,0.0
2017-03-30 00:00:00-04:00,2.6507234280673844,2.709092164780632,2.6450590208801814,2.694315195083618,525532000,0.0,0.0
2017-03-31 00:00:00-04:00,2.6847105525590536,2.706383364865729,2.6696874358581932,2.6827402114868164,440808000,0.0,0.0
2017-04-03 00:00:00-04:00,2.6832325211524077,2.7004721218620387,2.6455513105168746,2.669194459915161,445232000,0.0,0.0
2017-04-04 00:00:00-04:00,2.5465465215371452,2.5716672510971565,2.471184567729061,2.482020854949951,1271280000,0.0,0.0
2017-04-05 00:00:00-04:00,2.463304425269926,2.521180655204918,2.4504977921233957,2.4635508060455322,747048000,0.0,0.0
2017-04-06 00:00:00-04:00,2.4687216543834545,2.493596002802341,2.423652076473797,2.4815282821655273,635120000,0.0,0.0
2017-04-07 00:00:00-04:00,2.4879316612737292,2.5054176433142326,2.4559150909792837,2.470938205718994,429068000,0.0,0.0
2017-04-10 00:00:00-04:00,2.4716775683250187,2.478327029416072,2.403703968452938,2.407890796661377,756332000,0.0,0.0
2017-04-11 00:00:00-04:00,2.377843840877245,2.4357200469240055,2.3729183412465127,2.4165101051330566,618148000,0.0,0.0
2017-04-12 00:00:00-04:00,2.416510474610491,2.430794684082773,2.3913897415242173,2.396561622619629,414092000,0.0,0.0
2017-04-13 00:00:00-04:00,2.3724254909221862,2.394098062134108,2.3517377376556396,2.3517377376556396,506892000,0.0,0.0
2017-04-17 00:00:00-04:00,2.364545010954598,2.444093802085736,2.3593731299403737,2.44384765625,497292000,0.0,0.0
2017-04-18 00:00:00-04:00,2.429562639313347,2.4514818268689726,2.4037032403390812,2.445324659347534,370116000,0.0,0.0
2017-04-19 00:00:00-04:00,2.4628109606718427,2.486946402863791,2.448280372245928,2.454930067062378,380828000,0.0,0.0
2017-04-20 00:00:00-04:00,2.4694607776958026,2.4985219559857987,2.448280493405277,2.493842601776123,404016000,0.0,0.0
2017-04-21 00:00:00-04:00,2.4834988702685314,2.50689564381171,2.4716775280088146,2.5041866302490234,341896000,0.0,0.0
2017-04-24 00:00:00-04:00,2.535709717326124,2.5485163439223126,2.5147760523724303,2.535463571548462,371820000,0.0,0.0
2017-04-25 00:00:00-04:00,2.549994889377937,2.594079188030505,2.528568456980275,2.5795485973358154,388440000,0.0,0.0
2017-04-26 00:00:00-04:00,2.5930933981753723,2.5955560303182144,2.559845398091779,2.5618157386779785,327004000,0.0,0.0
2017-04-27 00:00:00-04:00,2.5692043231930226,2.610086838701698,2.5512258152267857,2.6017134189605713,319700000,0.0,0.0
2017-04-28 00:00:00-04:00,2.5948172983294184,2.601713137914356,2.563046878263488,2.568711519241333,348248000,0.0,0.0
2017-05-01 00:00:00-04:00,2.5795475724648367,2.631512980183175,2.5724053528792687,2.626340866088867,307732000,0.0,0.0
2017-05-02 00:00:00-04:00,2.599497119072654,2.6007285527731177,2.525858886965476,2.5485167503356934,629972000,0.0,0.0
2017-05-03 00:00:00-04:00,2.541620689966779,2.5770851789120606,2.5268439565815446,2.5674803256988525,336904000,0.0,0.0
2017-05-04 00:00:00-04:00,2.573637515423088,2.5847201840030736,2.549748218033873,2.557629346847534,209788000,0.0,0.0
2017-05-05 00:00:00-04:00,2.5460545289942593,2.5650180943256986,2.530538649760172,2.557875871658325,228428000,0.0,0.0
2017-05-08 00:00:00-04:00,2.5696971654518155,2.571174745044671,2.519702082044593,2.5310311317443848,365240000,0.0,0.0
2017-05-09 00:00:00-04:00,2.5366955764799815,2.5842277930597977,2.528321920714676,2.535217761993408,847672000,0.0,0.0
2017-05-10 00:00:00-04:00,2.8147463369231915,3.000196047330052,2.8080968776533934,2.987143039703369,2129096000,0.0,0.0
2017-05-11 00:00:00-04:00,2.95660467620869,3.2122444879911485,2.953156755790905,3.1154558658599854,1939792000,0.0,0.0
2017-05-12 00:00:00-04:00,3.118657911087424,3.191803388276,3.0977240060748827,3.149689197540283,962620000,0.0,0.0
2017-05-15 00:00:00-04:00,3.1908178702766903,3.3102641139026403,3.186384662235067,3.3078012466430664,1087540000,0.0,0.0
2017-05-16 00:00:00-04:00,3.3587815108643055,3.384887529056603,3.28440484262376,3.3693716526031494,1120700000,0.0,0.0
2017-05-17 00:00:00-04:00,3.302629558184894,3.3213469746499116,3.141315501262564,3.1455023288726807,1271368000,0.0,0.0
2017-05-18 00:00:00-04:00,3.189340479217032,3.2861291084895776,3.129001632581832,3.2772629261016846,1156032000,0.0,0.0
2017-05-19 00:00:00-04:00,3.378344405140926,3.4076825960127173,3.333720635931605,3.3529508113861084,1018372000,0.0035,0.0
2017-05-22 00:00:00-04:00,3.3965887178959764,3.4387470285648796,3.385740781197584,3.424447774887085,836608000,0.0,0.0
2017-05-23 00:00:00-04:00,3.4441708991560205,3.4463897204251923,3.345801196894864,3.3783445358276367,681248000,0.0,0.0
2017-05-24 00:00:00-04:00,3.4752345207913518,3.4779466221783353,3.404230836538623,3.416311502456665,815996000,0.0,0.0
2017-05-25 00:00:00-04:00,3.4515662648441685,3.452305950139083,3.3637978787048115,3.408668279647827,608228000,0.0,0.0
2017-05-26 00:00:00-04:00,3.4005328468514824,3.5817400124327925,3.3803165823265253,3.4969301223754883,779140000,0.0,0.0
2017-05-30 00:00:00-04:00,3.5427865304355315,3.6066404689891876,3.526761503316545,3.571631908416748,989652000,0.0,0.0
2017-05-31 00:00:00-04:00,3.6165024327956017,3.624145221981982,3.502107705423657,3.558812141418457,887316000,0.0,0.0
2017-06-01 00:00:00-04:00,3.574590410731282,3.5755767363194138,3.5136949745751664,3.559058427810669,503340000,0.0,0.0
2017-06-02 00:00:00-04:00,3.5560995067070698,3.582232782038283,3.535390198560589,3.541307210922241,487456000,0.0,0.0
2017-06-05 00:00:00-04:00,3.5250353194856614,3.661865104798394,3.5134479356500865,3.649044990539551,817376000,0.0,0.0
2017-06-06 00:00:00-04:00,3.644361141632944,3.6904642774354706,3.6192141903945796,3.6325273513793945,758728000,0.0,0.0
2017-06-07 00:00:00-04:00,3.656935048962533,3.6951487581976874,3.6414030661651595,3.6764116287231445,612612000,0.0,0.0
2017-06-08 00:00:00-04:00,3.783409770887546,3.9446472988222174,3.742237559848995,3.9431681632995605,1161744000,0.0,0.0
2017-06-09 00:00:00-04:00,4.06150724844924,4.15420631413343,3.5193645226717947,3.6882448196411133,3692928000,0.0,0.0
2017-06-12 00:00:00-04:00,3.5965320492048445,3.7400185322184063,3.503586338103481,3.697366952896118,1697532000,0.0,0.0
2017-06-13 00:00:00-04:00,3.8065850591265993,3.815707219011461,3.590862130547796,3.7326231002807617,1672504000,0.0,0.0
2017-06-14 00:00:00-04:00,3.735581921532419,3.798203139741625,3.6611266760537067,3.7405126094818115,1184640000,0.0,0.0
2017-06-15 00:00:00-04:00,3.6231594063523045,3.786862198017779,3.611818424245223,3.756537914276123,963824000,0.0,0.0
2017-06-16 00:00:00-04:00,3.766152099339197,3.8139810091092814,3.704023938716276,3.738046407699585,924960000,0.0,0.0
2017-06-19 00:00:00-04:00,3.7821773378940327,3.883752175590543,3.7784793812368624,3.878574848175049,778176000,0.0,0.0
2017-06-20 00:00:00-04:00,3.9207339379737203,3.987546397660118,3.8687140132360485,3.8729050159454346,1095444000,0.0,0.0
2017-06-21 00:00:00-04:00,3.900517291074151,3.9352794509320526,3.8386355256277778,3.9315812587738037,682652000,0.0,0.0
2017-06-22 00:00:00-04:00,3.9397165843861486,3.9530299803879188,3.8805469282153835,3.90446138381958,469132000,0.0,0.0
2017-06-23 00:00:00-04:00,3.9121042508877597,3.927882873207779,3.7774930335171475,3.792532205581665,1088588000,0.0,0.0
2017-06-26 00:00:00-04:00,3.825322010324096,3.8608238523641876,3.6569349595823724,3.7511134147644043,1063960000,0.0,0.0
2017-06-27 00:00:00-04:00,3.7336089593318382,3.742237838321026,3.6081199010619605,3.613790273666382,999492000,0.0,0.0
2017-06-28 00:00:00-04:00,3.6813423648979913,3.7459359892085193,3.5933273299299984,3.7412517070770264,994948000,0.0,0.0
2017-06-29 00:00:00-04:00,3.712899675787962,3.7158579470741504,3.552155179939054,3.616255760192871,1064424000,0.0,0.0
2017-06-30 00:00:00-04:00,3.63351371740465,3.6470735195796826,3.5378561221156817,3.5639894008636475,731060000,0.0,0.0
2017-07-03 00:00:00-04:00,3.5760693693672363,3.590861665171587,3.4165576160174305,3.4350481033325195,709072000,0.0,0.0
2017-07-05 00:00:00-04:00,3.498409671825689,3.555607155662121,3.4794261356520813,3.526762008666992,820188000,0.0,0.0
2017-07-06 00:00:00-04:00,3.4976697327146473,3.5842053967269725,3.4456495841948076,3.537362575531006,746284000,0.0,0.0
2017-07-07 00:00:00-04:00,3.594067097222369,3.6364720424155044,3.5711387312477956,3.618227958679199,654972000,0.0,0.0
2017-07-10 00:00:00-04:00,3.6916973695128217,3.796723532064029,3.6655640901880857,3.789327383041382,958492000,0.0,0.0
2017-07-11 00:00:00-04:00,3.7930249239539844,3.8507154407131643,3.7511130281552103,3.8430726528167725,757956000,0.0,0.0
2017-07-12 00:00:00-04:00,3.9027359024782537,4.0186097624409305,3.8598379102742273,4.006529331207275,1145208000,0.0,0.0
2017-07-13 00:00:00-04:00,4.018608813502606,4.099967136443208,3.9138293190410227,3.960178852081299,1369132000,0.0,0.0
2017-07-14 00:00:00-04:00,3.976450644406742,4.068163623191508,3.9695475422529727,4.066684722900391,941948000,0.0,0.0
2017-07-17 00:00:00-04:00,4.100707012508297,4.129552387059989,3.9877914453789183,4.049426555633545,930792000,0.0,0.0
2017-07-18 00:00:00-04:00,3.9885305046269686,4.106130569963522,3.976696482553523,4.0915846824646,776640000,0.0,0.0
2017-07-19 00:00:00-04:00,4.100708790422489,4.127088715572717,4.058304068230077,4.070384502410889,687044000,0.0,0.0
2017-07-20 00:00:00-04:00,4.09084561689386,4.1297987693603195,4.041044530843994,4.129552364349365,699596000,0.0,0.0
2017-07-21 00:00:00-04:00,4.109090554629179,4.173930827871632,4.0947910661383045,4.144345760345459,648332000,0.0,0.0
2017-07-24 00:00:00-04:00,4.1514958655279095,4.161110836425801,4.085669499746062,4.096270561218262,652524000,0.0,0.0
2017-07-25 00:00:00-04:00,4.073341046025353,4.090845677070587,4.032908522421261,4.0765461921691895,496556000,0.0,0.0
2017-07-26 00:00:00-04:00,4.133990423259096,4.189462121833369,4.088873379053538,4.123635768890381,640404000,0.0,0.0
2017-07-27 00:00:00-04:00,4.148536634363002,4.1601242552817865,3.884491752001227,3.9875457286834717,782856000,0.0,0.0
2017-07-28 00:00:00-04:00,3.951797759701962,4.0772870740211475,3.9268974441224818,4.052879333496094,513348000,0.0,0.0
2017-07-31 00:00:00-04:00,4.066438677257495,4.1024335658994335,3.959933382163176,4.006529331207275,559672000,0.0,0.0
2017-08-01 00:00:00-04:00,3.9971600679360977,4.057069403518674,3.969301253496339,4.0553436279296875,431384000,0.0,0.0
2017-08-02 00:00:00-04:00,4.08640923486202,4.090353597207153,3.975959095140123,4.052879333496094,478444000,0.0,0.0
2017-08-03 00:00:00-04:00,4.052385261440039,4.108103359243933,4.03537391096739,4.104405403137207,442420000,0.0,0.0
2017-08-04 00:00:00-04:00,4.127086236806401,4.192912572467104,4.104404753259891,4.122402191162109,589096000,0.0,0.0
2017-08-07 00:00:00-04:00,4.151495003646262,4.249617813880185,4.1418795645058974,4.249125003814697,717412000,0.0,0.0
2017-08-08 00:00:00-04:00,4.287091917948767,4.30360998909288,4.1593840499443955,4.198584079742432,755336000,0.0,0.0
2017-08-09 00:00:00-04:00,4.15248103545533,4.245673392527062,4.133743907981555,4.243207931518555,530784000,0.0,0.0
2017-08-10 00:00:00-04:00,4.244440891265307,4.256768197656512,4.051399928541747,4.0615081787109375,1328088000,0.0,0.0
2017-08-11 00:00:00-04:00,3.874137353068691,3.9199938540704466,3.7698508739760883,3.845045566558838,1497196000,0.0,0.0
2017-08-14 00:00:00-04:00,3.936512093213958,4.155439938462175,3.9249247068549793,4.151741981506348,1279020000,0.0,0.0
2017-08-15 00:00:00-04:00,4.156919681721959,4.183052728297874,4.082464434131405,4.116733551025391,764532000,0.0,0.0
2017-08-16 00:00:00-04:00,4.131771428854104,4.155192601385433,4.039318763786153,4.071615219116211,596632000,0.0,0.0
2017-08-17 00:00:00-04:00,4.0632342278409075,4.080245112399063,3.978670734240975,3.980889320373535,525444000,0.0,0.0
2017-08-18 00:00:00-04:00,4.035127694282355,4.052139045548948,3.9357716877561653,3.981628179550171,601204000,0.0,0.0
2017-08-21 00:00:00-04:00,4.006036658563477,4.017377404770563,3.879807903806571,3.923691987991333,623672000,0.0,0.0
2017-08-22 00:00:00-04:00,3.960210708852366,4.01696481579482,3.940963608638758,4.011042594909668,450456000,0.0035,0.0
2017-08-23 00:00:00-04:00,3.9777312249130286,4.102343559017083,3.9690942791568165,4.0912394523620605,579520000,0.0,0.0
2017-08-24 00:00:00-04:00,4.123317814991696,4.1277598342767945,4.049784463959073,4.0761871337890625,469700000,0.0,0.0
2017-08-25 00:00:00-04:00,4.100370030956905,4.110487180081496,4.03571930187474,4.042135238647461,357200000,0.0,0.0
2017-08-28 00:00:00-04:00,4.06113633673126,4.073967742313019,4.005615786555115,4.0707597732543945,389496000,0.0,0.0
2017-08-29 00:00:00-04:00,4.012030501412811,4.085810943349243,4.003887270231886,4.064095973968506,324096000,0.0,0.0
2017-08-30 00:00:00-04:00,4.083837227371453,4.099383355759798,4.053486248552185,4.0882792472839355,384400000,0.0,0.0
2017-08-31 00:00:00-04:00,4.1085134344351095,4.185008149130149,4.101111008574349,4.181060314178467,612684000,0.0,0.0
2017-09-01 00:00:00-04:00,4.1936448982720345,4.241762546696998,4.185007950756027,4.206229209899902,445432000,0.0,0.0
2017-09-05 00:00:00-04:00,4.154903616200155,4.1598388803364,4.035966856824408,4.093954563140869,695364000,0.0,0.0
2017-09-06 00:00:00-04:00,4.126772683932748,4.140591043770432,4.056693455625134,4.091485977172852,397672000,0.0,0.0
2017-09-07 00:00:00-04:00,4.108266927715056,4.142812837775393,4.070266426648685,4.110487937927246,352868000,0.0,0.0
2017-09-08 00:00:00-04:00,4.098890999840786,4.113696325832168,4.0149933681349115,4.039175510406494,498856000,0.0,0.0
2017-09-11 00:00:00-04:00,4.084824920035346,4.180813597246549,4.079395941120961,4.170202732086182,567444000,0.0,0.0
2017-09-12 00:00:00-04:00,4.194878964163865,4.194878964163865,4.1201115398196215,4.185255527496338,411488000,0.0,0.0
2017-09-13 00:00:00-04:00,4.160085388556763,4.232878885290844,4.127760491849729,4.20400857925415,580960000,0.0,0.0
2017-09-14 00:00:00-04:00,4.165021321671949,4.258049133364543,4.14059256105081,4.1800737380981445,513712000,0.0,0.0
2017-09-15 00:00:00-04:00,4.265452294095202,4.444351673126221,4.260270406365284,4.444351673126221,1364792000,0.0,0.0
2017-09-18 00:00:00-04:00,4.5684680021435975,4.71800325823488,4.561558822776232,4.627936363220215,1684460000,0.0,0.0
2017-09-19 00:00:00-04:00,4.577598195020766,4.684690945964515,4.555636605924571,4.623001575469971,874280000,0.0,0.0
2017-09-20 00:00:00-04:00,4.626703357350354,4.67408066041645,4.5455200190515335,4.5857415199279785,724920000,0.0,0.0
2017-09-21 00:00:00-04:00,4.482103637868586,4.508260158034046,4.382660384018477,4.460389137268066,1075600000,0.0,0.0
2017-09-22 00:00:00-04:00,4.4490385055449515,4.498636822570755,4.407089705956855,4.416959762573242,491232000,0.0,0.0
2017-09-25 00:00:00-04:00,4.386115591162519,4.3873496425438665,4.198826879345181,4.219554424285889,874580000,0.0,0.0
2017-09-26 00:00:00-04:00,4.35403671827964,4.409063541897769,4.2035144747692925,4.243242263793945,1125620000,0.0,0.0
2017-09-27 00:00:00-04:00,4.333556078407726,4.349595450635252,4.262736501000881,4.336270332336426,713720000,0.0,0.0
2017-09-28 00:00:00-04:00,4.343427093917136,4.347375400009098,4.287659917790014,4.335037708282471,435244000,0.0,0.0
2017-09-29 00:00:00-04:00,4.418934441495049,4.434973343384746,4.373777670504763,4.411284923553467,619092000,0.0,0.0
2017-10-02 00:00:00-04:00,4.461376193978597,4.49049359050854,4.367608538186016,4.416959762573242,503480000,0.0,0.0
2017-10-03 00:00:00-04:00,4.423128893844561,4.455947975556622,4.381920428192538,4.426090240478516,390332000,0.0,0.0
2017-10-04 00:00:00-04:00,4.432258130440443,4.485311029895976,4.395737843954646,4.4631028175354,427848000,0.0,0.0
2017-10-05 00:00:00-04:00,4.487532997964961,4.490987588596641,4.430778403891061,4.460636138916016,437364000,0.0,0.0
2017-10-06 00:00:00-04:00,4.433000071527911,4.487039948991806,4.416960696650129,4.473714828491211,318800000,0.0,0.0
2017-10-09 00:00:00-04:00,4.510479463025427,4.607702151144036,4.491725843280188,4.574636459350586,563492000,0.0,0.0
2017-10-10 00:00:00-04:00,4.7236800345069,4.761187290244358,4.62078217390146,4.661990642547607,974876000,0.0,0.0
2017-10-11 00:00:00-04:00,4.678522680700664,4.71306905596208,4.632626046099398,4.711588382720947,529508000,0.0,0.0
2017-10-12 00:00:00-04:00,4.715043070828581,4.764641389559843,4.686666009933324,4.713809490203857,528292000,0.0,0.0
2017-10-13 00:00:00-04:00,4.775991534980275,4.8117714872007,4.729107946538963,4.80165433883667,628728000,0.0,0.0
2017-10-16 00:00:00-04:00,4.831513104326579,4.8870336505873215,4.768343039663124,4.884072303771973,576640000,0.0,0.0
2017-10-17 00:00:00-04:00,4.863343620254945,4.908006668825775,4.84508371156119,4.879629611968994,478596000,0.0,0.0
2017-10-18 00:00:00-04:00,4.88851384839967,4.889253714378823,4.770316963661443,4.8754353523254395,567316000,0.0,0.0
2017-10-19 00:00:00-04:00,4.797953503581448,4.885798936306451,4.748848901647853,4.880864143371582,570772000,0.0,0.0
2017-10-20 00:00:00-04:00,4.897890955677958,4.925033966777259,4.849772836939612,4.858656406402588,451620000,0.0,0.0
2017-10-23 00:00:00-04:00,4.8803697600165385,4.906772898873909,4.831511786761316,4.851746082305908,428696000,0.0,0.0
2017-10-24 00:00:00-04:00,4.860875706365627,4.90430517196474,4.834966282564694,4.902577877044678,407244000,0.0,0.0
2017-10-25 00:00:00-04:00,4.8630973851669195,4.915903669121941,4.717263784669593,4.778706073760986,828160000,0.0,0.0
2017-10-26 00:00:00-04:00,4.806342032272754,4.840394212070857,4.782406528191093,4.828796863555908,322744000,0.0,0.0
2017-10-27 00:00:00-04:00,4.880864507969773,4.981294729149223,4.854954607526209,4.981048107147217,572192000,0.0,0.0
2017-10-30 00:00:00-04:00,4.981047815313874,5.085425865020742,4.965255065709937,5.029905796051025,504056000,0.0,0.0
2017-10-31 00:00:00-04:00,5.061737245814479,5.129842093237851,5.05606164575727,5.103192329406738,411908000,0.0,0.0
2017-11-01 00:00:00-04:00,5.165868281800248,5.181167315021661,5.048658371741765,5.1128153800964355,502576000,0.0,0.0
2017-11-02 00:00:00-04:00,5.083205316935321,5.12786837054264,5.025217145580886,5.081724643707275,342308000,0.0,0.0
2017-11-03 00:00:00-04:00,5.112816895637146,5.14958381652832,5.0669202530208235,5.14958381652832,353640000,0.0,0.0
2017-11-06 00:00:00-05:00,5.112816040053674,5.181414605792804,5.100478351361336,5.172778129577637,389944000,0.0,0.0
2017-11-07 00:00:00-05:00,5.195482419622507,5.2534706182444735,5.18339134743078,5.232002258300781,427700000,0.0,0.0
2017-11-08 00:00:00-05:00,5.227557565489611,5.231259248075691,5.11380271815011,5.161180019378662,522988000,0.0,0.0
2017-11-09 00:00:00-05:00,5.065193173130685,5.091349229257817,4.944282010084721,5.066426753997803,978564000,0.0,0.0
2017-11-10 00:00:00-05:00,5.257909200419188,5.3958466532719935,5.222129248253797,5.333416938781738,1253256000,0.0,0.0
2017-11-13 00:00:00-05:00,5.333416553159544,5.358832262522395,5.231505681804428,5.246804714202881,582376000,0.0,0.0
2017-11-14 00:00:00-05:00,5.255935379277143,5.300351811490341,5.212259283687851,5.28505277633667,529292000,0.0,0.0
2017-11-15 00:00:00-05:00,5.230026444931423,5.231260496305435,5.12762230156524,5.18141508102417,501948000,0.0,0.0
2017-11-16 00:00:00-05:00,5.25544185547486,5.285546209545831,5.21275272077284,5.221635818481445,441768000,0.0,0.0
2017-11-17 00:00:00-05:00,5.278637995891355,5.313924241864783,5.200415985373731,5.215467929840088,515664000,0.0,0.0
2017-11-20 00:00:00-05:00,5.231013859378572,5.294677643418057,5.194246938064573,5.282586574554443,396100000,0.0,0.0
2017-11-21 00:00:00-05:00,5.322312734237784,5.342793652522641,5.290481087341017,5.331195831298828,399176000,0.0,0.0
2017-11-22 00:00:00-05:00,5.358358296491548,5.358358296491548,5.274649210791069,5.307243824005127,356640000,0.00375,0.0
2017-11-24 00:00:00-05:00,5.323540850819323,5.358358014868807,5.299094656703821,5.357369899749756,180752000,0.0,0.0
2017-11-27 00:00:00-05:00,5.366014192224124,5.367248629963366,5.284527172043773,5.2877373695373535,422896000,0.0,0.0
2017-11-28 00:00:00-05:00,5.292923317462311,5.302306646429887,5.142049673860766,5.203041076660156,512752000,0.0,0.0
2017-11-29 00:00:00-05:00,5.185755502989968,5.188471642713295,4.722022802902683,4.850179195404053,1396788000,0.0,0.0
2017-11-30 00:00:00-05:00,4.918826330843466,5.00475752838504,4.85585963498414,4.956112384796143,823768000,0.0,0.0
2017-12-01 00:00:00-05:00,4.921541796166544,4.941790154847692,4.752642357858887,4.881292343139648,811548000,0.0,0.0
2017-12-04 00:00:00-05:00,4.9398142569824,4.945987858540212,4.555840071657967,4.6091766357421875,1240844000,0.0,0.0
2017-12-05 00:00:00-05:00,4.50398360778422,4.75832057416969,4.459042738640283,4.635843753814697,981488000,0.0,0.0
2017-12-06 00:00:00-05:00,4.585471520004378,4.695108057852534,4.564235516434393,4.6733784675598145,467032000,0.0,0.0
2017-12-07 00:00:00-05:00,4.740047608922165,4.780544315834879,4.694612681270943,4.740788459777832,542600000,0.0,0.0
2017-12-08 00:00:00-05:00,4.7906684951877,4.809682413084032,4.72004698635999,4.728442668914795,466876000,0.0,0.0
2017-12-11 00:00:00-05:00,4.742518183932446,4.809683184158977,4.726714931514254,4.806719779968262,372748000,0.0,0.0
2017-12-12 00:00:00-05:00,4.763259532040748,4.786470818750292,4.6889337733223275,4.7123918533325195,455016000,0.0,0.0
2017-12-13 00:00:00-05:00,4.753383006986645,4.754617444692472,4.589915855326775,4.597323894500732,554280000,0.0,0.0
2017-12-14 00:00:00-05:00,4.590904339632571,4.6753543061397345,4.558309714871157,4.604485511779785,438164000,0.0,0.0
2017-12-15 00:00:00-05:00,4.648437872128234,4.7504195592405765,4.583495434913486,4.730171203613281,670036000,0.0,0.0
2017-12-18 00:00:00-05:00,4.770667556389095,4.889687404876546,4.74103634416411,4.886724472045898,477704000,0.0,0.0
2017-12-19 00:00:00-05:00,4.877341221102876,4.882526706872198,4.814127276599072,4.84252405166626,373100000,0.0,0.0
2017-12-20 00:00:00-05:00,4.881786042859807,4.890922106148219,4.804003282361591,4.859562397003174,288820000,0.0,0.0
2017-12-21 00:00:00-05:00,4.863019352411665,4.887959137740349,4.828696239545288,4.83709192276001,300904000,0.0,0.0
2017-12-22 00:00:00-05:00,4.800298843351743,4.8311649616097,4.722516093467407,4.821781635284424,466276000,0.0,0.0
2017-12-26 00:00:00-05:00,4.766469589690461,4.88302008893235,4.7365911139468935,4.875365257263184,355080000,0.0,0.0
2017-12-27 00:00:00-05:00,4.862031403609721,4.9378383991714205,4.847462591054052,4.8686981201171875,329488000,0.0,0.0
2017-12-28 00:00:00-05:00,4.892403530705232,4.923269651424748,4.868204597560567,4.874377727508545,240248000,0.0,0.0
2017-12-29 00:00:00-05:00,4.90055400373004,4.90055400373004,4.778077125549316,4.778077125549316,279964000,0.0,0.0
2018-01-02 00:00:00-05:00,4.834375017324645,4.926232998453694,4.802768516998509,4.9225287437438965,355616000,0.0,0.0
2018-01-03 00:00:00-05:00,5.039820483748576,5.2768725513218815,5.031178007058995,5.246500015258789,914704000,0.0,0.0
2018-01-04 00:00:00-05:00,5.327739439924537,5.384286195923432,5.2519319720719775,5.274155616760254,583268000,0.0,0.0
2018-01-05 00:00:00-05:00,5.288972038755744,5.356136563849528,5.212176921617321,5.318850517272949,580124000,0.0,0.0
2018-01-08 00:00:00-05:00,5.442313899164735,5.555900982061129,5.39737255839111,5.481822490692139,881216000,0.0,0.0
2018-01-09 00:00:00-05:00,5.487254937822689,5.526763530565923,5.398854426236234,5.480340957641602,497000000,0.0,0.0
2018-01-10 00:00:00-05:00,5.387991092496916,5.526765268307628,5.333666878139085,5.523308277130127,582664000,0.0,0.0
2018-01-11 00:00:00-05:00,5.555901280923127,5.58726145673746,5.511700788622706,5.533184051513672,406032000,0.0,0.0
2018-01-12 00:00:00-05:00,5.521333074143963,5.555656193077837,5.4655271567039865,5.506023406982422,359916000,0.0,0.0
2018-01-16 00:00:00-05:00,5.532444718032898,5.617881851524681,5.35070494899228,5.435154438018799,702348000,0.0,0.0
2018-01-17 00:00:00-05:00,5.4497223136245685,5.558864779376796,5.355889511892631,5.548987865447998,538408000,0.0,0.0
2018-01-18 00:00:00-05:00,5.529728423194506,5.596399373698795,5.498615501351067,5.542075157165527,408632000,0.0,0.0
2018-01-19 00:00:00-05:00,5.632203082211665,5.706281587472886,5.605288008141734,5.682082653045654,609380000,0.0,0.0
2018-01-22 00:00:00-05:00,5.689983649183062,5.772211035255632,5.632449252459123,5.770482540130615,550944000,0.0,0.0
2018-01-23 00:00:00-05:00,5.8238200022750926,5.92209791736987,5.805300610615454,5.899380683898926,475228000,0.0,0.0
2018-01-24 00:00:00-05:00,5.902588978618879,5.938393786514186,5.767025048759921,5.82258415222168,579972000,0.0,0.0
2018-01-25 00:00:00-05:00,5.876911338473936,5.920124205818181,5.8213526777138735,5.83616828918457,409884000,0.0,0.0
2018-01-26 00:00:00-05:00,5.879874876365086,6.008771688133508,5.867034553872075,6.0085248947143555,516356000,0.0,0.0
2018-01-29 00:00:00-05:00,5.993954648363556,6.126555684728212,5.9413589328460334,6.095442295074463,455116000,0.0,0.0
2018-01-30 00:00:00-05:00,5.9537038376780185,6.084823142037893,5.887032909160199,5.993459224700928,570832000,0.0,0.0
2018-01-31 00:00:00-05:00,6.068772470050293,6.155197693168776,6.0361778575351694,6.069513320922852,478576000,0.0,0.0
2018-02-01 00:00:00-05:00,5.88975104206828,6.0966778780162905,5.87839242349975,5.938642978668213,519224000,0.0,0.0
2018-02-02 00:00:00-05:00,5.8522170708127845,5.8761692122464035,5.70825742887083,5.766285419464111,718464000,0.0,0.0
2018-02-05 00:00:00-05:00,5.605288167231631,5.759124725722033,5.0620442099654275,5.276872634887695,1165204000,0.0,0.0
2018-02-06 00:00:00-05:00,5.047227381576203,5.573185786960911,5.037349998461592,5.570222854614258,1114800000,0.0,0.0
2018-02-07 00:00:00-05:00,5.668993294883556,5.802087852467609,5.597877750784827,5.64973258972168,802932000,0.0,0.0
2018-02-08 00:00:00-05:00,5.7751763830953555,5.808264594919187,5.370953297151195,5.3712005615234375,1144000000,0.0,0.0
2018-02-09 00:00:00-05:00,5.883082503165837,5.8988857527203,5.371198794069494,5.730727195739746,1674604000,0.0,0.0
2018-02-12 00:00:00-05:00,5.811719483311583,5.814682886868104,5.556642120188144,5.630720615386963,1093172000,0.0,0.0
2018-02-13 00:00:00-05:00,5.594421578693166,5.790483293315582,5.562073762452617,5.744307518005371,625524000,0.0,0.0
2018-02-14 00:00:00-05:00,5.7040586357038965,5.990249376507811,5.692946814511126,5.961358547210693,744988000,0.0,0.0
2018-02-15 00:00:00-05:00,6.044574406786816,6.13297493093032,5.963828714785373,6.086799144744873,698900000,0.0,0.0
2018-02-16 00:00:00-05:00,6.059637210328734,6.173224311591797,6.011979722715716,6.021116256713867,637656000,0.0,0.0
2018-02-20 00:00:00-05:00,6.043587527726283,6.219400953963212,6.0398832723629265,6.150507926940918,686240000,0.0,0.0
2018-02-21 00:00:00-05:00,6.214955647828824,6.2218696291213735,5.959877778058272,5.963581562042236,892292000,0.0,0.0
2018-02-22 00:00:00-05:00,5.997432289076396,6.06908595216146,5.917624671658032,5.9831013679504395,534364000,0.00375,0.0
2018-02-23 00:00:00-05:00,6.042896798610495,6.076499938964844,5.9922449056726785,6.076499938964844,415300000,0.0,0.0
2018-02-26 00:00:00-05:00,6.122702374286254,6.127149771013769,6.030293415939534,6.09255838394165,469312000,0.0,0.0
2018-02-27 00:00:00-05:00,6.065873932299561,6.150129420626533,6.056732190844464,6.079710960388184,455436000,0.0,0.0
2018-02-28 00:00:00-05:00,6.0905831790472815,6.130116339062658,5.9677832477313695,5.979396343231201,523116000,0.0,0.0
2018-03-01 00:00:00-05:00,5.9771719199946896,6.031035999276228,5.636445271654892,5.737502098083496,1040120000,0.0,0.0
2018-03-02 00:00:00-05:00,5.630019649725559,5.8509115742309685,5.4815231620254234,5.844487190246582,913428000,0.0,0.0
2018-03-05 00:00:00-05:00,5.794331316354615,5.862031957639764,5.671037022574234,5.822498798370361,620776000,0.0,0.0
2018-03-06 00:00:00-05:00,5.907742143633692,6.002622009590506,5.864749844281016,5.983349323272705,636808000,0.0,0.0
2018-03-07 00:00:00-05:00,5.880562549530063,6.027576919595379,5.879327344549998,5.975442409515381,581208000,0.0,0.0
2018-03-08 00:00:00-05:00,6.002866262627569,6.002866262627569,5.914904715520089,5.959132671356201,411912000,0.0,0.0
2018-03-09 00:00:00-05:00,6.006572947217894,6.074520512230115,5.990512930707261,6.061672687530518,505524000,0.0,0.0
2018-03-12 00:00:00-04:00,6.1029366088716035,6.251185699554829,6.094782654396949,6.171131134033203,605060000,0.0,0.0
2018-03-13 00:00:00-04:00,6.213876817556124,6.288248784927967,6.079216858231815,6.120479583740234,619772000,0.0,0.0
2018-03-14 00:00:00-04:00,6.163471980336942,6.190651202145571,6.083664355888642,6.145929336547852,505496000,0.0,0.0
2018-03-15 00:00:00-04:00,6.159518998827692,6.241797033879044,6.118750165774702,6.160754203796387,401952000,0.0,0.0
2018-03-16 00:00:00-04:00,6.17706093479271,6.207946239466674,6.139504298744164,6.188920974731445,399456000,0.0,0.0
2018-03-19 00:00:00-04:00,6.132093400894383,6.1610017240680195,5.85585517097443,5.95468807220459,713772000,0.0,0.0
2018-03-20 00:00:00-04:00,5.957650839295235,6.2054745560434075,5.957650839295235,6.166682720184326,554696000,0.0,0.0
2018-03-21 00:00:00-04:00,6.160260203224655,6.226478692508028,6.111090936678486,6.141482353210449,438688000,0.0,0.0
2018-03-22 00:00:00-04:00,6.07822837751054,6.124679810348624,5.9383797142757215,5.975688934326172,551196000,0.0,0.0
2018-03-23 00:00:00-04:00,5.989278416009644,5.991749297014705,5.7451612164869434,5.756279945373535,735620000,0.0,0.0
2018-03-26 00:00:00-04:00,5.880561753784872,6.041906553384697,5.828674668740064,6.040671348571777,611424000,0.0,0.0
2018-03-27 00:00:00-04:00,6.121467314056925,6.177060956923708,5.432107556325861,5.572203159332275,1409000000,0.0,0.0
2018-03-28 00:00:00-04:00,5.537858501727341,5.667823629263365,5.361688892153834,5.469169616699219,945904000,0.0,0.0
2018-03-29 00:00:00-04:00,5.537363877539234,5.81879073560349,5.453108871312396,5.722181797027588,916628000,0.0,0.0
2018-04-02 00:00:00-04:00,5.651763826874527,5.79778944981991,5.37404303062302,5.461757183074951,922092000,0.0,0.0
2018-04-03 00:00:00-04:00,5.628538105455683,5.691543919765226,5.4691698198924845,5.568002700805664,667432000,0.0,0.0
2018-04-04 00:00:00-04:00,5.312519161276846,5.600370416788938,5.287563877461739,5.589993000030518,789168000,0.0,0.0
2018-04-05 00:00:00-04:00,5.6483046477489145,5.661399892464157,5.398504383685218,5.469911098480225,701240000,0.0,0.0
2018-04-06 00:00:00-04:00,5.367370911236592,5.475345988736697,5.264584541555635,5.293740272521973,662988000,0.0,0.0
2018-04-09 00:00:00-04:00,5.3567469184188905,5.484488578032637,5.30238848463379,5.322402477264404,499524000,0.0,0.0
2018-04-10 00:00:00-04:00,5.5524353326223395,5.658186467972098,5.495359079794314,5.63125467300415,761676000,0.0,0.0
2018-04-11 00:00:00-04:00,5.616430906603208,5.657693626934737,5.557378126997672,5.589993000030518,460244000,0.0,0.0
2018-04-12 00:00:00-04:00,5.682897322036886,5.814345106125672,5.638669344791844,5.796555042266846,593920000,0.0,0.0
2018-04-13 00:00:00-04:00,5.860053907226452,5.868454808084226,5.671777305690125,5.719958305358887,503036000,0.0,0.0
2018-04-16 00:00:00-04:00,5.726631491354238,5.753069407311364,5.625574644167119,5.71971321105957,350792000,0.0,0.0
2018-04-17 00:00:00-04:00,5.771845683669566,5.890445136307954,5.716252042972717,5.869195938110352,447224000,0.0,0.0
2018-04-18 00:00:00-04:00,5.818791538526428,5.911447457746737,5.751338323408006,5.840287685394287,391364000,0.0,0.0
2018-04-19 00:00:00-04:00,5.726135671923989,5.759491859702497,5.603830121341837,5.659176349639893,471996000,0.0,0.0
2018-04-20 00:00:00-04:00,5.6505294999322,5.734784533447531,5.619891605827283,5.651023864746094,386200000,0.0,0.0
2018-04-23 00:00:00-04:00,5.668811872382748,5.719957640441089,5.5057375211040105,5.531681060791016,427508000,0.0,0.0
2018-04-24 00:00:00-04:00,5.557379209219602,5.653246859552801,5.400234833211706,5.4654645919799805,414596000,0.0,0.0
2018-04-25 00:00:00-04:00,5.435813617197795,5.474852876017845,5.196143822824847,5.353288173675537,588492000,0.0,0.0
2018-04-26 00:00:00-04:00,5.514880626804254,5.5729451577645985,5.448909558639168,5.564791202545166,375824000,0.0,0.0
2018-04-27 00:00:00-04:00,5.670541470223973,5.690308044076227,5.549965039834614,5.5922160148620605,400848000,0.0,0.0
2018-04-30 00:00:00-04:00,5.608524912038657,5.65818854193356,5.537612551386115,5.556884765625,327844000,0.0,0.0
2018-05-01 00:00:00-04:00,5.548730597497608,5.614948605436822,5.49017170794247,5.6122307777404785,253788000,0.0,0.0
2018-05-02 00:00:00-04:00,5.608772192633306,5.653246640850052,5.565532478120005,5.591723442077637,268248000,0.0,0.0
2018-05-03 00:00:00-04:00,5.623596617480026,5.782964910804997,5.578380389642029,5.756773948669434,443144000,0.0,0.0
2018-05-04 00:00:00-04:00,5.728113482866709,5.909966209879463,5.710817784037634,5.906754016876221,400660000,0.0,0.0
2018-05-07 00:00:00-04:00,6.011269041796054,6.201522641365676,6.001385517587172,6.14444637298584,687616000,0.0,0.0
2018-05-08 00:00:00-04:00,6.144693506921677,6.189662789406388,6.095771191650875,6.186944961547852,506616000,0.0,0.0
2018-05-09 00:00:00-04:00,6.206958841101183,6.322099174849618,6.17977961841624,6.319875240325928,596760000,0.0,0.0
2018-05-10 00:00:00-04:00,6.3727503800306735,6.436497507612215,6.35496031956407,6.427355766296387,994080000,0.0,0.0
2018-05-11 00:00:00-04:00,6.245749355437441,6.418954183886718,6.190403134889553,6.2889885902404785,1214456000,0.0,0.0
2018-05-14 00:00:00-04:00,6.327039036259138,6.386833119690314,6.28577632113989,6.30949592590332,523140000,0.0,0.0
2018-05-15 00:00:00-04:00,6.245996110622868,6.2487144092462685,5.967040139842372,6.067355632781982,963528000,0.0,0.0
2018-05-16 00:00:00-04:00,6.028810902853696,6.140492072807018,5.991995581112506,6.078474521636963,553828000,0.0,0.0
2018-05-17 00:00:00-04:00,6.0802051164367485,6.214123764289259,6.064144624607503,6.120479583740234,519784000,0.0,0.0
2018-05-18 00:00:00-04:00,6.172366670984366,6.2356194326908225,6.0718037481840215,6.076745510101318,483716000,0.0,0.0
2018-05-21 00:00:00-04:00,6.17409665197543,6.177802738024202,5.9420859571111215,6.0347418785095215,640624000,0.0,0.0
2018-05-22 00:00:00-04:00,6.0480853840976145,6.073287621027226,5.936156762868046,5.996692180633545,518264000,0.0,0.0
2018-05-23 00:00:00-04:00,5.940568644889118,6.121297837896558,5.939826874995442,6.12006139755249,442956000,0.00375,0.0
2018-05-24 00:00:00-04:00,6.116352528081645,6.16604686288962,6.063196915090579,6.123769283294678,437372000,0.0,0.0
2018-05-25 00:00:00-04:00,6.136378857375659,6.1793977382555845,6.100777203792342,6.163080215454102,292112000,0.0,0.0
2018-05-29 00:00:00-04:00,6.1450315432003935,6.21401047810902,6.0992931575786455,6.146020412445068,352684000,0.0,0.0
2018-05-30 00:00:00-04:00,6.179644883509454,6.2634573298368625,6.154921265787929,6.2548041343688965,390996000,0.0,0.0
2018-05-31 00:00:00-04:00,6.222911408000627,6.30944384185246,6.2122804730806225,6.235025882720947,493868000,0.0,0.0
2018-06-01 00:00:00-04:00,6.279774161543991,6.375454443154054,6.271120967026768,6.3692731857299805,421968000,0.0,0.0
2018-06-04 00:00:00-04:00,6.4033913457574085,6.57002781149854,6.371250978449719,6.5480241775512695,642024000,0.0,0.0
2018-06-05 00:00:00-04:00,6.551238149810049,6.59104331516077,6.506488638832546,6.553463459014893,391712000,0.0,0.0
2018-06-06 00:00:00-04:00,6.463470886733961,6.558656512108603,6.4471533644287025,6.5554423332214355,371356000,0.0,0.0
2018-06-07 00:00:00-04:00,6.551735124930243,6.563602501736681,6.409574645858088,6.499815940856934,369448000,0.0,0.0
2018-06-08 00:00:00-04:00,6.427126494753319,6.527009352109651,6.408336566259085,6.484485149383545,360456000,0.0,0.0
2018-06-11 00:00:00-04:00,6.471878160963969,6.513413508368006,6.430589913038131,6.443446159362793,265372000,0.0,0.0
2018-06-12 00:00:00-04:00,6.469898239308541,6.504016346781444,6.419709239896668,6.491901874542236,319160000,0.0,0.0
2018-06-13 00:00:00-04:00,6.49338762597398,6.56829979417234,6.478306069604369,6.487453937530518,338208000,0.0,0.0
2018-06-14 00:00:00-04:00,6.53244910381306,6.655572041586089,6.51761465130932,6.598955154418945,430016000,0.0,0.0
2018-06-15 00:00:00-04:00,6.541844213493508,6.613047988906187,6.510939808543376,6.558161735534668,432260000,0.0,0.0
2018-06-18 00:00:00-04:00,6.514153248893579,6.57151190474623,6.4869576962839,6.553958415985107,356268000,0.0,0.0
2018-06-19 00:00:00-04:00,6.450862002192565,6.518110304281356,6.304993636426343,6.432319641113281,594932000,0.0,0.0
2018-06-20 00:00:00-04:00,6.473360686687477,6.538136107117899,6.435039053196084,6.485228061676025,369780000,0.0,0.0
2018-06-21 00:00:00-04:00,6.517121329739927,6.535416591080686,6.3490012845776205,6.35666561126709,359516000,0.0,0.0
2018-06-22 00:00:00-04:00,6.377432969323854,6.390783883407651,6.189039933407088,6.2043681144714355,434160000,0.0,0.0
2018-06-25 00:00:00-04:00,6.098057763376705,6.101766141284527,5.823379381222565,5.911889553070068,665816000,0.0,0.0
2018-06-26 00:00:00-04:00,6.025124326830022,6.0733351337463,5.931421750446888,5.982846736907959,478884000,0.0,0.0
2018-06-27 00:00:00-04:00,6.026358646530971,6.092617600471763,5.822389396022876,5.827828884124756,453892000,0.0,0.0
2018-06-28 00:00:00-04:00,5.817940296388929,5.966776223814269,5.810275969033915,5.954908847808838,338012000,0.0,0.0
2018-06-29 00:00:00-04:00,6.019931340017258,6.032540013347362,5.85576677164779,5.857003211975098,392300000,0.0,0.0
2018-07-02 00:00:00-04:00,5.787529698463304,5.992734924092776,5.767009128743978,5.9890265464782715,357572000,0.0,0.0
2018-07-03 00:00:00-04:00,6.023638839036991,6.02957252567643,5.847112722532093,5.855518817901611,222732000,0.0,0.0
2018-07-05 00:00:00-04:00,5.910652225971076,6.006084940429795,5.871836398792618,6.001140594482422,306216000,0.0,0.0
2018-07-06 00:00:00-04:00,5.9766655474698736,6.123276168934231,5.9554032041949405,6.114870071411133,296352000,0.0,0.0
2018-07-09 00:00:00-04:00,6.189040085660409,6.198682150756022,6.083717724780583,6.1623382568359375,303880000,0.0,0.0
2018-07-10 00:00:00-04:00,6.174700421702649,6.283236492010072,6.134401049815014,6.261232852935791,360016000,0.0,0.0
2018-07-11 00:00:00-04:00,6.1685189048834905,6.203131684655478,6.1091820373261445,6.119813442230225,367508000,0.0,0.0
2018-07-12 00:00:00-04:00,6.165058722643337,6.259255014559469,6.155169085771474,6.211291313171387,345508000,0.0,0.0
2018-07-13 00:00:00-04:00,6.229832492568009,6.229832492568009,6.122037742789538,6.16406774520874,246988000,0.0,0.0
2018-07-16 00:00:00-04:00,6.136377334594727,6.189285838740548,6.124015763731801,6.136377334594727,197036000,0.0,0.0
2018-07-17 00:00:00-04:00,6.08717870889515,6.2871920150318585,6.0617133215949455,6.272110462188721,362136000,0.0,0.0
2018-07-18 00:00:00-04:00,6.264692830334168,6.278537941006047,6.171979631458935,6.222909927368164,277640000,0.0,0.0
2018-07-19 00:00:00-04:00,6.204121583157917,6.264694429372078,6.189040500139685,6.231070041656494,235752000,0.0,0.0
2018-07-20 00:00:00-04:00,6.228596681046968,6.267412506158028,6.192005693602789,6.202884197235107,222352000,0.0,0.0
2018-07-23 00:00:00-04:00,6.176431788491187,6.178162427888446,6.014739611453261,6.166295051574707,301584000,0.0,0.0
2018-07-24 00:00:00-04:00,6.214258340720101,6.300790776367516,6.131434283086601,6.148988246917725,354620000,0.0,0.0
2018-07-25 00:00:00-04:00,6.158382832475902,6.239723345249112,6.100529498278359,6.227114200592041,319112000,0.0,0.0
2018-07-26 00:00:00-04:00,6.207088315757086,6.337380924614669,6.190276122839303,6.300542831420898,325124000,0.0,0.0
2018-07-27 00:00:00-04:00,6.3371342789732275,6.344056836184781,6.176925650601559,6.230823040008545,295420000,0.0,0.0
2018-07-30 00:00:00-04:00,6.244914405227425,6.250848091806308,6.000892900416597,6.03575325012207,340340000,0.0,0.0
2018-07-31 00:00:00-04:00,6.025368594006729,6.128465617950486,5.9865527729230505,6.053800582885742,283988000,0.0,0.0
2018-08-01 00:00:00-04:00,6.085200371609465,6.14033371720076,6.02981945505752,6.093605995178223,283556000,0.0,0.0
2018-08-02 00:00:00-04:00,6.0224032739077815,6.200165384823572,5.96356154089931,6.196209907531738,269668000,0.0,0.0
2018-08-03 00:00:00-04:00,6.220684105515508,6.2565333193013535,6.2038723888982235,6.2327985763549805,214288000,0.0,0.0
2018-08-06 00:00:00-04:00,6.220192300082987,6.283978856839479,6.173712136898888,6.280517578125,207508000,0.0,0.0
2018-08-07 00:00:00-04:00,6.329222115783142,6.37125212463202,6.3025207594226975,6.3527092933654785,258132000,0.0,0.0
2018-08-08 00:00:00-04:00,6.353944463516333,6.434048516585529,6.319084117466494,6.38905143737793,262100000,0.0,0.0
2018-08-09 00:00:00-04:00,6.40685276061921,6.409572268552879,6.3329294898202155,6.3405938148498535,204280000,0.0,0.0
2018-08-10 00:00:00-04:00,6.2587603984752835,6.331694815070367,6.247634793517938,6.299306869506836,256396000,0.0,0.0
2018-08-13 00:00:00-04:00,6.30796013430305,6.452840099767012,6.306229495103313,6.332189083099365,375208000,0.0,0.0
2018-08-14 00:00:00-04:00,6.437512772987459,6.4775650538376714,6.354441602717789,6.463472366333008,466220000,0.0,0.0
2018-08-15 00:00:00-04:00,6.484237858456508,6.5181093397136065,6.326749240272591,6.405370235443115,591136000,0.0,0.0
2018-08-16 00:00:00-04:00,6.475090509203012,6.477562917977438,6.304745175685963,6.364823341369629,801260000,0.0,0.0
2018-08-17 00:00:00-04:00,6.253569115273911,6.254310885221484,6.02586507548696,6.05281400680542,1143188000,0.0,0.0
2018-08-20 00:00:00-04:00,6.012266602031291,6.2599960342789815,5.901999427630956,6.127478122711182,854388000,0.0,0.0
2018-08-21 00:00:00-04:00,6.143794886736116,6.267412488193328,6.1240160893655124,6.262962341308594,673988000,0.0,0.0
2018-08-22 00:00:00-04:00,6.230328345923656,6.502781407875291,6.226867067592977,6.497836589813232,749856000,0.0,0.0
2018-08-23 00:00:00-04:00,6.459268251708762,6.662495759442093,6.445423137541601,6.597225666046143,720684000,0.0,0.0
2018-08-24 00:00:00-04:00,6.6056295952886055,6.744822932758148,6.601179448847184,6.730236053466797,531512000,0.0,0.0
2018-08-27 00:00:00-04:00,6.759906731113772,6.895391746331424,6.728508122456739,6.821221351623535,505776000,0.0,0.0
2018-08-28 00:00:00-04:00,6.815285122050077,6.838030996791953,6.663729738253728,6.783638954162598,475384000,0.0,0.0
2018-08-29 00:00:00-04:00,6.775972426109038,6.914005297455928,6.7551933957995995,6.889020919799805,420108000,0.00375,0.0
2018-08-30 00:00:00-04:00,6.8578514316187205,6.968921097221528,6.835340816995856,6.872199058532715,346608000,0.0,0.0
2018-08-31 00:00:00-04:00,6.852162521502722,6.956058142533176,6.842267475775179,6.94319486618042,306592000,0.0,0.0
2018-09-04 00:00:00-04:00,6.930083591166378,7.055500412361464,6.901636043631954,7.017900466918945,391720000,0.0,0.0
2018-09-05 00:00:00-04:00,7.000337059306588,7.03571095061915,6.80639850765602,6.887288570404053,393156000,0.0,0.0
2018-09-06 00:00:00-04:00,6.87096102061144,6.873434781597428,6.7133862675594225,6.746286392211914,322796000,0.0,0.0
2018-09-07 00:00:00-04:00,6.654265481017739,6.850430552376574,6.6094914867958945,6.725013732910156,295420000,0.0,0.0
2018-09-10 00:00:00-04:00,6.747524661213974,6.825693728801579,6.703740075108271,6.796009063720703,220140000,0.0,0.0
2018-09-11 00:00:00-04:00,6.7497515301709266,6.8373207129424545,6.728972498019406,6.748267650604248,243112000,0.0,0.0
2018-09-12 00:00:00-04:00,6.708439905373068,6.727982290265793,6.479127459547784,6.634476184844971,419092000,0.0,0.0
2018-09-13 00:00:00-04:00,6.700278612019008,6.802689906974054,6.6829627495654815,6.712152481079102,305536000,0.0,0.0
2018-09-14 00:00:00-04:00,6.802440684590151,6.904109774042702,6.7655824430713984,6.838061809539795,386936000,0.0,0.0
2018-09-17 00:00:00-04:00,6.812584100065427,6.861563449924384,6.756925640720748,6.776220321655273,205528000,0.0,0.0
2018-09-18 00:00:00-04:00,6.780178095532601,6.882836607123447,6.697556439574552,6.704235076904297,299520000,0.0,0.0
2018-09-19 00:00:00-04:00,6.685681810783271,6.745792842653954,6.635713058791179,6.727982044219971,224860000,0.0,0.0
2018-09-20 00:00:00-04:00,6.606028740721624,6.648328976373774,6.533054429241362,6.586981296539307,430584000,0.0,0.0
2018-09-21 00:00:00-04:00,6.598853903773038,6.644370067811814,6.483826613185703,6.516973972320557,435128000,0.0,0.0
2018-09-24 00:00:00-04:00,6.486054919857725,6.576097869171685,6.398980673480155,6.572634696960449,293912000,0.0,0.0
2018-09-25 00:00:00-04:00,6.6386809618931375,6.664654746773195,6.553090617254046,6.639670372009277,280388000,0.0,0.0
2018-09-26 00:00:00-04:00,6.644619972820357,6.68494139655107,6.5869826870866115,6.602814197540283,268548000,0.0,0.0
2018-09-27 00:00:00-04:00,6.637939279939521,6.659213250394395,6.583270710339509,6.614686489105225,214428000,0.0,0.0
2018-09-28 00:00:00-04:00,6.74653461340714,6.9738677450536235,6.71858153677189,6.95160436630249,709396000,0.0,0.0
2018-10-01 00:00:00-04:00,7.029280430885661,7.224702886440414,6.990690597749016,7.1579132080078125,622060000,0.0,0.0
2018-10-02 00:00:00-04:00,7.130453070251148,7.242016718908083,7.06440511417852,7.086668491363525,383964000,0.0,0.0
2018-10-03 00:00:00-04:00,7.15692221834448,7.16434350227602,6.988957930209659,7.092853546142578,320552000,0.0,0.0
2018-10-04 00:00:00-04:00,7.056738062634952,7.080980264928115,6.831878189445557,6.908810615539551,391220000,0.0,0.0
2018-10-05 00:00:00-04:00,6.884072409171846,6.946162256589947,6.618148985182396,6.675539016723633,426636000,0.0,0.0
2018-10-08 00:00:00-04:00,6.592423650802323,6.707698204267434,6.433611742656048,6.574365615844727,408612000,0.0,0.0
2018-10-09 00:00:00-04:00,6.553832474711893,6.648327977631686,6.50089549740489,6.5686750411987305,273500000,0.0,0.0
2018-10-10 00:00:00-04:00,6.462799416557249,6.508563283682194,6.075417345038092,6.077643871307373,684940000,0.0,0.0
2018-10-11 00:00:00-04:00,5.990569950693902,6.12390298553769,5.794900306071613,5.8164215087890625,725436000,0.0,0.0
2018-10-12 00:00:00-04:00,6.073191641353088,6.1728818955498195,5.928232458306137,6.098670482635498,608236000,0.0,0.0
2018-10-15 00:00:00-04:00,6.0853145876937855,6.0853145876937855,5.821617630090751,5.822607040405273,449760000,0.0,0.0
2018-10-16 00:00:00-04:00,5.935159948793996,6.092240260599139,5.885933370361248,6.081108570098877,408712000,0.0,0.0
2018-10-17 00:00:00-04:00,6.143197684617434,6.1812930397813375,5.963606778855773,6.0125861167907715,329668000,0.0,0.0
2018-10-18 00:00:00-04:00,6.081851165619273,6.120193290794971,5.864907039094482,5.925265312194824,524020000,0.0,0.0
2018-10-19 00:00:00-04:00,5.980428804861731,5.999970717753412,5.6326258798969935,5.668989181518555,613608000,0.0,0.0
2018-10-22 00:00:00-04:00,5.721183733792063,5.821121227799391,5.617040893137295,5.719699382781982,368844000,0.0,0.0
2018-10-23 00:00:00-04:00,5.452786649064465,5.545798274216757,5.360764905817128,5.468371391296387,626436000,0.0,0.0
2018-10-24 00:00:00-04:00,5.430028780507337,5.476534356991268,4.918961436491268,4.932814121246338,884288000,0.0,0.0
2018-10-25 00:00:00-04:00,4.8353516351022865,5.1885966030005655,4.791072101912247,5.141348838806152,951720000,0.0,0.0
2018-10-26 00:00:00-04:00,4.905603397827116,5.067136276704087,4.777218352825311,4.90510892868042,664784000,0.0,0.0
2018-10-29 00:00:00-04:00,5.0461110963584925,5.049574268414846,4.353968323409663,4.591691493988037,758016000,0.0,0.0
2018-10-30 00:00:00-04:00,4.614696653597426,5.031515796486237,4.5916910961498605,5.021620750427246,807192000,0.0,0.0
2018-10-31 00:00:00-04:00,5.186122279178459,5.258849356854251,5.046605057013986,5.2153120040893555,745772000,0.0,0.0
2018-11-01 00:00:00-04:00,5.251676027573375,5.40479872297496,5.125269771090303,5.3953986167907715,566528000,0.0,0.0
2018-11-02 00:00:00-04:00,5.385996529507595,5.49162371404345,5.199973766795903,5.316485404968262,452960000,0.0,0.0
2018-11-05 00:00:00-05:00,5.303375339716033,5.3266286019097615,5.0780210135951505,5.238564491271973,379332000,0.0,0.0
2018-11-06 00:00:00-05:00,5.230648964413517,5.314754966188575,5.183895675237758,5.221001625061035,299012000,0.0,0.0
2018-11-07 00:00:00-05:00,5.287543323842536,5.378080715270347,5.223969126281624,5.288532733917236,483812000,0.0,0.0
2018-11-08 00:00:00-05:00,5.22941192102683,5.230154096652301,5.042152470746677,5.095584869384766,511352000,0.0,0.0
2018-11-09 00:00:00-05:00,5.006778356612328,5.1779585856268,4.973136051283547,5.087668418884277,413240000,0.0,0.0
2018-11-12 00:00:00-05:00,4.996388382167304,5.018404526043291,4.666890758660313,4.68865966796875,617116000,0.0,0.0
2018-11-13 00:00:00-05:00,4.78637237013519,5.051553217455858,4.780187729744398,4.930341720581055,644712000,0.0,0.0
2018-11-14 00:00:00-05:00,5.103251041983183,5.117598664554438,4.770043561495217,4.877896785736084,526580000,0.0,0.0
2018-11-15 00:00:00-05:00,4.871961542286755,5.078516139035172,4.836092709345151,5.006531238555908,840708000,0.0,0.0
2018-11-16 00:00:00-05:00,4.04005532435077,4.221625092561433,3.9977546126045596,4.067513465881348,1963520000,0.0,0.0
2018-11-19 00:00:00-05:00,4.002207400149291,4.002949103971042,3.577719498242671,3.579451084136963,1697820000,0.0,0.0
2018-11-20 00:00:00-05:00,3.3162494231954853,3.815937780771924,3.297696680269374,3.6877999305725098,1692032000,0.0,0.0
2018-11-21 00:00:00-05:00,3.824842270731728,3.8416634234545715,3.5524874183724475,3.579698085784912,1025496000,0.0,0.0
2018-11-23 00:00:00-05:00,3.5450665692220227,3.7004150650182996,3.532203292433255,3.586872100830078,411968000,0.0,0.0
2018-11-26 00:00:00-05:00,3.707836190930004,3.7963947733887093,3.6254617760851735,3.7860052585601807,814832000,0.0,0.0
2018-11-27 00:00:00-05:00,3.760031935926249,3.883964669079933,3.7241633324452725,3.8028271198272705,738060000,0.0,0.0
2018-11-28 00:00:00-05:00,3.9203270967711465,3.9648538567933307,3.787983933272836,3.9596590995788574,804524000,0.0,0.0
2018-11-29 00:00:00-05:00,3.9618876933348006,3.999030296001051,3.86630723207846,3.8965165615081787,549172000,0.004,0.0
2018-11-30 00:00:00-05:00,3.9061743557532105,4.057468988240912,3.85590787831367,4.046821594238281,729564000,0.0,0.0
2018-12-03 00:00:00-05:00,4.273885310426985,4.325389882579484,4.143638044077653,4.2104949951171875,890804000,0.0,0.0
2018-12-04 00:00:00-05:00,4.165924821161724,4.17087729419902,3.875221360444782,3.8903262615203857,812112000,0.0,0.0
2018-12-06 00:00:00-05:00,3.7499267512291925,3.924497410513186,3.7343268862961385,3.9195451736450195,692308000,0.0,0.0
2018-12-07 00:00:00-05:00,3.9237549295416496,3.933907358665661,3.6058135415596,3.6550893783569336,681676000,0.0,0.0
2018-12-10 00:00:00-05:00,3.6102703696963077,3.785088756441355,3.606556014736308,3.760326862335205,629472000,0.0,0.0
2018-12-11 00:00:00-05:00,3.8519455835220526,3.860116975709195,3.5904610335335025,3.6694512367248535,671912000,0.0,0.0
2018-12-12 00:00:00-05:00,3.675145999944551,3.7831074053135567,3.586003613639559,3.6870317459106445,654136000,0.0,0.0
2018-12-13 00:00:00-05:00,3.7338318181433574,3.7979648346142523,3.6508797813853344,3.686784267425537,471384000,0.0,0.0
2018-12-14 00:00:00-05:00,3.6451839667390646,3.728878911987021,3.6028414121564096,3.6263651847839355,471820000,0.0,0.0
2018-12-17 00:00:00-05:00,3.5964034794123507,3.6684601640487577,3.4973561485793327,3.5552988052368164,662868000,0.0,0.0
2018-12-18 00:00:00-05:00,3.5991271888681555,3.722440974942913,3.5718892969335556,3.638498544692993,564372000,0.0,0.0
2018-12-19 00:00:00-05:00,3.604822500604131,3.6583081228484264,3.3782520555774735,3.4297566413879395,745364000,0.0,0.0
2018-12-20 00:00:00-05:00,3.4213377937059306,3.511223101443563,3.2856430548572284,3.3453190326690674,749588000,0.0,0.0
2018-12-21 00:00:00-05:00,3.3718135142772416,3.4047467940180467,3.1809000985336753,3.208385705947876,863740000,0.0,0.0
2018-12-24 00:00:00-05:00,3.1321207160132714,3.2185394086921386,3.082844635901287,3.1467301845550537,463840000,0.0,0.0
2018-12-26 00:00:00-05:00,3.192786731529265,3.2967863177925203,3.081853871001386,3.2957959175109863,695100000,0.0,0.0
2018-12-27 00:00:00-05:00,3.243547638552544,3.277966519732493,3.0996815231709913,3.248004674911499,637044000,0.0,0.0
2018-12-28 00:00:00-05:00,3.2685574277578042,3.4020236512278625,3.226710068592887,3.3094143867492676,628728000,0.0,0.0
2018-12-31 00:00:00-05:00,3.3527478587170454,3.385185710467524,3.274995771165083,3.3057005405426025,465140000,0.0,0.0
2019-01-02 00:00:00-05:00,3.2348816098750253,3.429013985511077,3.2202721439803406,3.3730523586273193,508752000,0.0,0.0
2019-01-03 00:00:00-05:00,3.312880317376646,3.346803995629403,3.1618334603616516,3.169261932373047,705552000,0.0,0.0
2019-01-04 00:00:00-05:00,3.242309633257826,3.4104422086734654,3.2116051054063632,3.3723092079162598,585620000,0.0,0.0
2019-01-07 00:00:00-05:00,3.429508596392034,3.5877364464580834,3.3782515009590206,3.5508413314819336,709160000,0.0,0.0
2019-01-08 00:00:00-05:00,3.63230781142824,3.6345365657870636,3.389889803420566,3.462441921234131,786016000,0.0,0.0
2019-01-09 00:00:00-05:00,3.513698909920698,3.5778321572029506,3.4631849627780333,3.5305371284484863,617260000,0.0,0.0
2019-01-10 00:00:00-05:00,3.5112230484738736,3.6048224734389516,3.450804153386844,3.596155881881714,523156000,0.0,0.0
2019-01-11 00:00:00-05:00,3.5738701643159874,3.7080792986049738,3.546137071809889,3.685298442840576,874764000,0.0,0.0
2019-01-14 00:00:00-05:00,3.6330510639730837,3.750421983358888,3.609527289244213,3.7251648902893066,730168000,0.0,0.0
2019-01-15 00:00:00-05:00,3.7578505840273353,3.797221943267232,3.692727166916526,3.7110509872436523,617012000,0.0,0.0
2019-01-16 00:00:00-05:00,3.7382886240345203,3.771221671354495,3.6800984845296334,3.6855459213256836,470104000,0.0,0.0
2019-01-17 00:00:00-05:00,3.6526134277595066,3.7967270572444844,3.6253752950622045,3.7568604946136475,493436000,0.0,0.0
2019-01-18 00:00:00-05:00,3.8066308788815384,3.9118685575601817,3.7551262986202842,3.885868549346924,651336000,0.0,0.0
2019-01-22 00:00:00-05:00,3.8556598047693034,3.8672978334715524,3.6536035256723487,3.6838128566741943,661552000,0.0,0.0
2019-01-23 00:00:00-05:00,3.739031926253848,3.827679121889104,3.6654893966310533,3.6966891288757324,591020000,0.0,0.0
2019-01-24 00:00:00-05:00,3.781127503457463,3.9259838270649965,3.7764227475736374,3.908403158187866,708972000,0.0,0.0
2019-01-25 00:00:00-05:00,3.848974613017985,3.9836787413609778,3.7464608572131435,3.9656026363372803,1154572000,0.0,0.0
2019-01-28 00:00:00-05:00,3.3812240707918275,3.5072616022722207,3.2437962272716665,3.4173762798309326,2511528000,0.0,0.0
2019-01-29 00:00:00-05:00,3.371318606155215,3.419604270903445,3.2440429846402754,3.258652448654175,1153932000,0.0,0.0
2019-01-30 00:00:00-05:00,3.3346716185944336,3.4163855399650047,3.255186215779982,3.4020237922668457,974228000,0.0,0.0
2019-01-31 00:00:00-05:00,3.398804902318965,3.5951660470436764,3.3770144428723934,3.559509038925171,842852000,0.0,0.0
2019-02-01 00:00:00-05:00,3.5780801263534454,3.6347846721896735,3.5305376091747194,3.583775281906128,625048000,0.0,0.0
2019-02-04 00:00:00-05:00,3.5996221501393917,3.7311073186872235,3.5775842144138106,3.693964719772339,528592000,0.0,0.0
2019-02-05 00:00:00-05:00,3.7058507771176155,3.7496791731204335,3.672174809486618,3.713031768798828,542424000,0.0,0.0
2019-02-06 00:00:00-05:00,3.7462128231283276,3.8529363617477665,3.740765385567621,3.78855562210083,702464000,0.0,0.0
2019-02-07 00:00:00-05:00,3.7422505305478992,3.7444790489285333,3.6075464299573263,3.6503841876983643,637120000,0.0,0.0
2019-02-08 00:00:00-05:00,3.5832798133270645,3.679603194977889,3.5689180664556606,3.6689558029174805,461604000,0.0,0.0
2019-02-11 00:00:00-05:00,3.624879348540675,3.679107648481847,3.57807952137513,3.6263651847839355,495180000,0.0,0.0
2019-02-12 00:00:00-05:00,3.664745608215041,3.758840455010406,3.6503836277041213,3.7432403564453125,591060000,0.0,0.0
2019-02-13 00:00:00-05:00,3.7727078257234665,3.858631301098717,3.759088760291424,3.785583972930908,605372000,0.0,0.0
2019-02-14 00:00:00-05:00,3.7845934521398967,3.8546693413233784,3.74150773868974,3.8264408111572266,827264000,0.0,0.0
2019-02-15 00:00:00-05:00,4.0349350214177715,4.057715641424069,3.873240509966178,3.8960213661193848,1516748000,0.0,0.0
2019-02-19 00:00:00-05:00,3.885373888543268,3.959164132900291,3.8663073863818664,3.878688097000122,551892000,0.0,0.0
2019-02-20 00:00:00-05:00,3.907907088268035,3.9930876443945174,3.8967644957676106,3.925983190536499,540988000,0.0,0.0
2019-02-21 00:00:00-05:00,3.9386115010375433,3.9631254384785057,3.8425356068869903,3.857145071029663,448548000,0.0,0.0
2019-02-22 00:00:00-05:00,3.908897822960406,3.960649894447038,3.8952787573494283,3.94183087348938,401740000,0.0,0.0
2019-02-25 00:00:00-05:00,4.025277486382868,4.09262940946837,3.9207824933063686,3.9294493198394775,656020000,0.0,0.0
2019-02-26 00:00:00-05:00,3.924745387991044,3.9807070143369634,3.856650296415104,3.8900787830352783,488464000,0.0,0.0
2019-02-27 00:00:00-05:00,3.875716207554241,3.902211178606398,3.7912783498195033,3.8482306003570557,500256000,0.0,0.0
2019-02-28 00:00:00-05:00,3.8420345503860722,3.86434317592044,3.8013834557961195,3.8236918449401855,324944000,0.004,0.0
2019-03-01 00:00:00-05:00,3.8735145504391952,3.920114645041173,3.8152644321867233,3.877976417541504,357188000,0.0,0.0
2019-03-04 00:00:00-05:00,3.9163958269743024,3.939200158721884,3.8296401297034093,3.886155366897583,409992000,0.0,0.0
2019-03-05 00:00:00-05:00,3.8705394428962467,3.917883213973388,3.816255253406574,3.8797109127044678,362924000,0.0,0.0
2019-03-06 00:00:00-05:00,3.87078729239659,3.8792148417462267,3.7661848363739043,3.768911361694336,403524000,0.0,0.0
2019-03-07 00:00:00-05:00,3.745364104479161,3.7550312863394715,3.653651045477072,3.6997554302215576,450104000,0.0,0.0
2019-03-08 00:00:00-05:00,3.61052116479292,3.7446206618690914,3.58920395909673,3.733962059020996,422416000,0.0,0.0
2019-03-11 00:00:00-04:00,3.757509054703572,4.017031980745326,3.710413025385301,3.994227886199951,859728000,0.0,0.0
2019-03-12 00:00:00-04:00,4.021990761412275,4.074787593786374,3.9458936443828994,4.028435707092285,579576000,0.0,0.0
2019-03-13 00:00:00-04:00,4.065865588899629,4.208888395542917,4.058429219919375,4.1796393394470215,768900000,0.0,0.0
2019-03-14 00:00:00-04:00,4.188809466845982,4.200707464275836,4.096104749050729,4.10378885269165,519384000,0.0,0.0
2019-03-15 00:00:00-04:00,4.146919484957192,4.251769956100465,4.1434492744807985,4.209136009216309,661484000,0.0,0.0
2019-03-18 00:00:00-04:00,4.240615365007121,4.294404096676258,4.160800056456478,4.18781852722168,486992000,0.0,0.0
2019-03-19 00:00:00-04:00,4.282256971964195,4.399749093979504,4.265401871257319,4.355379581451416,854972000,0.0,0.0
2019-03-20 00:00:00-04:00,4.3843807498112275,4.437673521455852,4.2882058347189105,4.322908401489258,719148000,0.0,0.0
2019-03-21 00:00:00-04:00,4.34596165711653,4.585654840496225,4.34100407895674,4.559380054473877,824312000,0.0,0.0
2019-03-22 00:00:00-04:00,4.532113665529477,4.580696600692123,4.385868440404318,4.399749279022217,747644000,0.0,0.0
2019-03-25 00:00:00-04:00,4.359098568846415,4.423297453120556,4.241358694459646,4.3075408935546875,525212000,0.0,0.0
2019-03-26 00:00:00-04:00,4.449075417579673,4.505094712857802,4.327865357021131,4.3841328620910645,703508000,0.0,0.0
2019-03-27 00:00:00-04:00,4.409664422261027,4.4560163056173785,4.305557660121188,4.374961853027344,474372000,0.0,0.0
2019-03-28 00:00:00-04:00,4.400987241004111,4.459237578186372,4.340506325524776,4.393551349639893,480264000,0.0,0.0
2019-03-29 00:00:00-04:00,4.460228683565032,4.475101410803102,4.409910660806185,4.450809478759766,456896000,0.0,0.0
2019-04-01 00:00:00-04:00,4.542523810574591,4.548472808317169,4.470888573432599,4.518232345581055,483824000,0.0,0.0
2019-04-02 00:00:00-04:00,4.542277569988977,4.580449884697316,4.499395413825048,4.536080360412598,440920000,0.0,0.0
2019-04-03 00:00:00-04:00,4.585654069826234,4.734378080160501,4.5806964924996185,4.675384044647217,783504000,0.0,0.0
2019-04-04 00:00:00-04:00,4.660015569360256,4.708846710366831,4.603748535573981,4.6664605140686035,457376000,0.0,0.0
2019-04-05 00:00:00-04:00,4.709590777561988,4.750490082301822,4.673153576189871,4.733138561248779,481744000,0.0,0.0
2019-04-08 00:00:00-04:00,4.7026502006155395,4.778995283235704,4.678606470878102,4.753960132598877,424192000,0.0,0.0
2019-04-09 00:00:00-04:00,4.720496502982226,4.7316508138308535,4.649109008107119,4.691247463226318,439972000,0.0,0.0
2019-04-10 00:00:00-04:00,4.690503180044691,4.787421283486873,4.686041550831517,4.7616424560546875,444772000,0.0,0.0
2019-04-11 00:00:00-04:00,4.76412326296289,4.795603363318447,4.698437008956737,4.747763633728027,374600000,0.0,0.0
2019-04-12 00:00:00-04:00,4.786431210547088,4.79039736695356,4.701162866442991,4.709838390350342,471708000,0.0,0.0
2019-04-15 00:00:00-04:00,4.702154587291515,4.707112164920692,4.538558307773687,4.57821798324585,440092000,0.0,0.0
2019-04-16 00:00:00-04:00,4.617381019632482,4.684058672633451,4.584661771984165,4.665220260620117,394964000,0.0,0.0
2019-04-17 00:00:00-04:00,4.700169909284052,4.7209911598562595,4.6201069056929915,4.642415523529053,351004000,0.0,0.0
2019-04-18 00:00:00-04:00,4.649109843021277,4.683068255652355,4.590115806147697,4.61787748336792,380988000,0.0,0.0
2019-04-22 00:00:00-04:00,4.5943287023701025,4.6872811316969,4.562849085292997,4.671665191650391,279936000,0.0,0.0
2019-04-23 00:00:00-04:00,4.684801999135971,4.757429116477299,4.6751350568816745,4.726196765899658,346856000,0.0,0.0
2019-04-24 00:00:00-04:00,4.736608833155228,4.779243243282639,4.675880163403559,4.738592147827148,318204000,0.0,0.0
2019-04-25 00:00:00-04:00,4.698436015926182,4.720744639511506,4.55343043540214,4.632997512817383,499296000,0.0,0.0
2019-04-26 00:00:00-04:00,4.479315954390358,4.483778057349987,4.295642123758112,4.414373397827148,868988000,0.0,0.0
2019-04-29 00:00:00-04:00,4.422304799143129,4.472871039316649,4.350173621257163,4.4451093673706055,391920000,0.0,0.0
2019-04-30 00:00:00-04:00,4.412885533510473,4.51203469825504,4.393799384304464,4.486504077911377,362920000,0.0,0.0
2019-05-01 00:00:00-04:00,4.538805714430242,4.580944171260318,4.4731190044189075,4.473367214202881,354280000,0.0,0.0
2019-05-02 00:00:00-04:00,4.4830342512147485,4.582431161421947,4.439904372692867,4.540788650512695,394684000,0.0,0.0
2019-05-03 00:00:00-04:00,4.549217735570087,4.55913241933066,4.474855479852707,4.536328315734863,336824000,0.0,0.0
2019-05-06 00:00:00-04:00,4.350174987888833,4.470145918397513,4.312994098026153,4.458000183105469,422176000,0.0,0.0
2019-05-07 00:00:00-04:00,4.409663926602469,4.409663926602469,4.242845199780026,4.290932655334473,555220000,0.0,0.0
2019-05-08 00:00:00-04:00,4.263418850487332,4.391073385860817,4.251520854734579,4.311010360717773,419168000,0.0,0.0
2019-05-09 00:00:00-04:00,4.242101798416919,4.251768743017239,4.099822736698089,4.21855354309082,660248000,0.0,0.0
2019-05-10 00:00:00-04:00,4.187817103269643,4.253255601624408,4.065119682464196,4.184594631195068,569500000,0.0,0.0
2019-05-13 00:00:00-04:00,4.052726536980217,4.075778844553139,3.911686638804407,3.9275505542755127,656912000,0.0,0.0
2019-05-14 00:00:00-04:00,3.967211042572837,4.051736192801045,3.9285430190502435,4.016538143157959,524880000,0.0,0.0
2019-05-15 00:00:00-04:00,3.9610125421696063,3.991996683718706,3.901771020490847,3.955559492111206,502320000,0.0,0.0
2019-05-16 00:00:00-04:00,3.9501067167506463,4.013314402055822,3.9077205228768612,3.970679998397827,781088000,0.0,0.0
2019-05-17 00:00:00-04:00,3.9287902508678076,4.057932163280862,3.8405474063361402,3.8799591064453125,1022068000,0.0,0.0
2019-05-20 00:00:00-04:00,3.7813056382624497,3.8363335181039435,3.736688387279552,3.7614758014678955,572064000,0.0,0.0
2019-05-21 00:00:00-04:00,3.8222046272629533,3.8593855113872992,3.7835363753950677,3.8435215950012207,361848000,0.0,0.0
2019-05-22 00:00:00-04:00,3.8048537594381067,3.8308803322777694,3.7617236386904684,3.772630214691162,325868000,0.0,0.0
2019-05-23 00:00:00-04:00,3.7104138991528792,3.7104138991528792,3.591930587012482,3.651668071746826,591844000,0.0,0.0
2019-05-24 00:00:00-04:00,3.6705058291125585,3.705703868653798,3.591186489834491,3.59787917137146,357584000,0.0,0.0
2019-05-28 00:00:00-04:00,3.615478786983493,3.648198043466952,3.550783721561878,3.552766799926758,428356000,0.0,0.0
2019-05-29 00:00:00-04:00,3.5051745191916663,3.5401245858320607,3.4439499092198114,3.478652238845825,559800000,0.0,0.0
2019-05-30 00:00:00-04:00,3.4818785056992767,3.5176129997385956,3.413883688106398,3.4520998001098633,394300000,0.004,0.0
2019-05-31 00:00:00-04:00,3.4032129575069305,3.470463243115982,3.3597855892986193,3.361522674560547,389720000,0.0,0.0
2019-06-03 00:00:00-04:00,3.372689410740046,3.411401795892144,3.2905498980071615,3.3198323249816895,478644000,0.0,0.0
2019-06-04 00:00:00-04:00,3.383856373826162,3.5538434001141703,3.3617705442284787,3.5486321449279785,641836000,0.0,0.0
2019-06-05 00:00:00-04:00,3.622334183105295,3.627793694268325,3.469718256894883,3.505949020385742,511616000,0.0,0.0
2019-06-06 00:00:00-04:00,3.510167840268265,3.592555603338023,3.5076862226874694,3.567988157272339,408140000,0.0,0.0
2019-06-07 00:00:00-04:00,3.5739437659281155,3.644916226570127,3.5548355955044406,3.610670804977417,348856000,0.0,0.0
2019-06-10 00:00:00-04:00,3.666755000117653,3.751872655352404,3.666755000117653,3.6833815574645996,402780000,0.0,0.0
2019-06-11 00:00:00-04:00,3.7431863298375854,3.780906161129714,3.7014962889274483,3.740952968597412,383872000,0.0,0.0
2019-06-12 00:00:00-04:00,3.697526350066116,3.703730395492952,3.6129052057212294,3.628042697906494,358892000,0.0,0.0
2019-06-13 00:00:00-04:00,3.6501283303631413,3.697526146173898,3.6325092209787107,3.6791627407073975,308080000,0.0,0.0
2019-06-14 00:00:00-04:00,3.5861040439813654,3.6104232370452425,3.5446620185259192,3.589329957962036,394428000,0.0,0.0
2019-06-17 00:00:00-04:00,3.5875927831475054,3.6359833849299616,3.5647624194156107,3.599008083343506,276040000,0.0,0.0
2019-06-18 00:00:00-04:00,3.6603023633506604,3.849149070172521,3.6493835766947877,3.7938103675842285,581920000,0.0,0.0
2019-06-19 00:00:00-04:00,3.8290489699747865,3.840464034000002,3.773710025118292,3.7997665405273438,331644000,0.0,0.0
2019-06-20 00:00:00-04:00,3.8903439297766544,3.9042406134304373,3.8096932292943366,3.8240861892700195,350168000,0.0,0.0
2019-06-21 00:00:00-04:00,3.809195823753906,3.8583307149583783,3.759564419714578,3.7660164833068848,434428000,0.0,0.0
2019-06-24 00:00:00-04:00,3.7873585064817115,3.8178817434588725,3.7402087138632987,3.788351058959961,282948000,0.0,0.0
2019-06-25 00:00:00-04:00,3.793314632724528,3.868257794693554,3.7563393280233672,3.7590689659118652,311868000,0.0,0.0
2019-06-26 00:00:00-04:00,3.8863724455700694,4.013180360056078,3.873468318003197,3.9521336555480957,584072000,0.0,0.0
2019-06-27 00:00:00-04:00,4.0377488491486995,4.0697609217846145,4.001766092418589,4.050652980804443,445440000,0.0,0.0
2019-06-28 00:00:00-04:00,4.094575522317128,4.103757460552952,4.028814309330252,4.075467586517334,397668000,0.0,0.0
2019-07-01 00:00:00-04:00,4.282429770761454,4.316675433416628,4.086138206588349,4.123610019683838,709756000,0.0,0.0
2019-07-02 00:00:00-04:00,4.10698294598494,4.1280764589695265,4.012683843586055,4.025835990905762,400228000,0.0,0.0
2019-07-03 00:00:00-04:00,4.049163624268675,4.054871393496555,3.978935674716614,4.038741111755371,246636000,0.0,0.0
2019-07-05 00:00:00-04:00,3.9804240518733294,3.9848907745607325,3.9129252787163464,3.976205348968506,396552000,0.0,0.0
2019-07-08 00:00:00-04:00,3.9166477915283986,3.935507708463473,3.8712353210074615,3.901262044906616,329788000,0.0,0.0
2019-07-09 00:00:00-04:00,3.8590753327807126,3.9317851233026713,3.8464194609578852,3.9037435054779053,342860000,0.0,0.0
2019-07-10 00:00:00-04:00,3.9471713022370607,4.029310823195761,3.9332746200195334,3.971987009048462,452076000,0.0,0.0
2019-07-11 00:00:00-04:00,4.044944921060779,4.1670378866870355,4.007721594463587,4.126340389251709,682560000,0.0,0.0
2019-07-12 00:00:00-04:00,4.154132941084615,4.230317138074098,4.154132941084615,4.15934419631958,506392000,0.0,0.0
2019-07-15 00:00:00-04:00,4.180437961065009,4.196567767290937,4.122617637138921,4.150907039642334,289840000,0.0,0.0
2019-07-16 00:00:00-04:00,4.136018058733451,4.173241382538583,4.090605348098259,4.14619255065918,341444000,0.0,0.0
2019-07-17 00:00:00-04:00,4.147929633119086,4.218406070489946,4.1186472030368435,4.2114577293396,348204000,0.0,0.0
2019-07-18 00:00:00-04:00,4.22188059377172,4.285904734954432,4.165300833974736,4.223121166229248,442192000,0.0,0.0
2019-07-19 00:00:00-04:00,4.261335656955834,4.267787482892172,4.17398443719565,4.179940223693848,344896000,0.0,0.0
2019-07-22 00:00:00-04:00,4.201283975646884,4.264315570009257,4.19383912025467,4.251411437988281,315940000,0.0,0.0
2019-07-23 00:00:00-04:00,4.290619028595652,4.361094983373158,4.274984789744258,4.359109878540039,428176000,0.0,0.0
2019-07-24 00:00:00-04:00,4.402288551880053,4.4392638473480694,4.326352856306315,4.433556079864502,366236000,0.0,0.0
2019-07-25 00:00:00-04:00,4.392115629259536,4.4047717408104745,4.279204597934952,4.3025312423706055,392700000,0.0,0.0
2019-07-26 00:00:00-04:00,4.3295803113607425,4.39112283356102,4.3295803113607425,4.3444695472717285,274160000,0.0,0.0
2019-07-29 00:00:00-04:00,4.337272389733334,4.35439522088235,4.250169641994567,4.3382649421691895,248160000,0.0,0.0
2019-07-30 00:00:00-04:00,4.291860914187575,4.366059554883775,4.27746771644239,4.353899955749512,197772000,0.0,0.0
2019-07-31 00:00:00-04:00,4.322383253715491,4.323376279602597,4.144703564601696,4.186890125274658,359416000,0.0,0.0
2019-08-01 00:00:00-04:00,4.197311947079872,4.287640842295191,4.040477307617723,4.09259033203125,421212000,0.0,0.0
2019-08-02 00:00:00-04:00,4.000027656555176,4.0692635084057995,3.9526300865301973,4.000027656555176,428348000,0.0,0.0
2019-08-05 00:00:00-04:00,3.8166403933922854,3.8178812021442226,3.6950439756233027,3.741945505142212,589156000,0.0,0.0
2019-08-06 00:00:00-04:00,3.816640753892801,3.862053222534789,3.7330121767256927,3.780658006668091,361272000,0.0,0.0
2019-08-07 00:00:00-04:00,3.7198595651799287,3.8307854573829028,3.702488715391575,3.818873882293701,372560000,0.0,0.0
2019-08-08 00:00:00-04:00,3.8764461197161166,3.9285589049351604,3.8191220796411756,3.9273180961608887,309300000,0.0,0.0
2019-08-09 00:00:00-04:00,3.886372482917003,3.889846652936848,3.775694845156045,3.826070547103882,341816000,0.0,0.0
2019-08-12 00:00:00-04:00,3.773958151399416,3.8260709437598064,3.7364865732577073,3.758324384689331,279200000,0.0,0.0
2019-08-13 00:00:00-04:00,3.7568356798883134,3.918385328045698,3.717875269269923,3.87247633934021,351956000,0.0,0.0
2019-08-14 00:00:00-04:00,3.7843805962513932,3.7955476398944517,3.680403269804808,3.72407865524292,419880000,0.0,0.0
2019-08-15 00:00:00-04:00,3.74293895838976,3.7627914298790195,3.6575732836539174,3.6918187141418457,477200000,0.0,0.0
2019-08-16 00:00:00-04:00,3.954367973426272,4.00871389430151,3.893073237992671,3.9595792293548584,1007960000,0.0,0.0
2019-08-19 00:00:00-04:00,4.072737422351326,4.25389123267945,4.056607145910567,4.238008975982666,815112000,0.0,0.0
2019-08-20 00:00:00-04:00,4.232551011010396,4.233047523972064,4.144703715815369,4.165797233581543,463188000,0.0,0.0
2019-08-21 00:00:00-04:00,4.231804701990286,4.304266218122453,4.210215153644607,4.249175548553467,427244000,0.0,0.0
2019-08-22 00:00:00-04:00,4.258855277687403,4.301289854666067,4.216172207597368,4.255381107330322,303488000,0.0,0.0
2019-08-23 00:00:00-04:00,4.178949032844092,4.233295188189043,4.011195350690422,4.031047821044922,568056000,0.0,0.0
2019-08-26 00:00:00-04:00,4.1097140920359,4.133785268218952,4.067527528758819,4.105743408203125,318208000,0.0,0.0
2019-08-27 00:00:00-04:00,4.143958599338707,4.146688236942727,3.9858833782095293,4.01516580581665,290968000,0.0,0.0
2019-08-28 00:00:00-04:00,3.988836052711197,4.057394715003418,3.9495883352004126,4.004733562469482,255612000,0.004,0.0
2019-08-29 00:00:00-04:00,4.096145560926398,4.180602209505402,4.092667950942162,4.14831018447876,357976000,0.0,0.0
2019-08-30 00:00:00-04:00,4.194512135644787,4.244192678295925,4.14284452290001,4.160977840423584,290616000,0.0,0.0
2019-09-03 00:00:00-04:00,4.088197031600992,4.121234328276047,4.055159734925938,4.078012466430664,296140000,0.0,0.0
2019-09-04 00:00:00-04:00,4.138622099089851,4.199480746845919,4.138622099089851,4.192028522491455,227728000,0.0,0.0
2019-09-05 00:00:00-04:00,4.29412065312646,4.470982649442789,4.292381848684692,4.464772701263428,695676000,0.0,0.0
2019-09-06 00:00:00-04:00,4.4414223309170975,4.498306344795361,4.399691025904709,4.43769645690918,376976000,0.0,0.0
2019-09-09 00:00:00-04:00,4.468747664893921,4.57009581931913,4.4672571254435836,4.483651638031006,417524000,0.0,0.0
2019-09-10 00:00:00-04:00,4.45086320659401,4.576802909806121,4.441175646452039,4.550224304199219,352812000,0.0,0.0
2019-09-11 00:00:00-04:00,4.564879748688695,4.626980194188536,4.5358165961629755,4.578790187835693,361512000,0.0,0.0
2019-09-12 00:00:00-04:00,4.625240853510472,4.679889068655952,4.569350364277171,4.577299118041992,327840000,0.0,0.0
2019-09-13 00:00:00-04:00,4.510726602118263,4.547738497384656,4.475701776434779,4.519420623779297,324592000,0.0,0.0
2019-09-16 00:00:00-04:00,4.444405251157067,4.510976849319995,4.433972420580039,4.476449012756348,231832000,0.0,0.0
2019-09-17 00:00:00-04:00,4.483155132699058,4.502033719880627,4.436703934474506,4.4978108406066895,223048000,0.0,0.0
2019-09-18 00:00:00-04:00,4.490855456841406,4.506504699218102,4.38429089143522,4.470734596252441,258152000,0.0,0.0
2019-09-19 00:00:00-04:00,4.4766967988047615,4.495078856815174,4.384539664785912,4.39522123336792,245476000,0.0,0.0
2019-09-20 00:00:00-04:00,4.394227465347032,4.4178254630479215,4.279465873580673,4.289649963378906,350244000,0.0,0.0
2019-09-23 00:00:00-04:00,4.289898524535677,4.388513864421871,4.286172175945748,4.3430562019348145,249712000,0.0,0.0
2019-09-24 00:00:00-04:00,4.374355039009405,4.403914718861197,4.250154162024822,4.285675525665283,317268000,0.0,0.0
2019-09-25 00:00:00-04:00,4.28517829278737,4.4468880685788506,4.240465903650763,4.427264213562012,308432000,0.0,0.0
2019-09-26 00:00:00-04:00,4.417577462812419,4.42627148742333,4.354234742031431,4.405157089233398,234564000,0.0,0.0
2019-09-27 00:00:00-04:00,4.363425165093212,4.414099239922448,4.205938261262975,4.2665486335754395,362056000,0.0,0.0
2019-09-30 00:00:00-04:00,4.2923830327616175,4.3341143508758595,4.261084070387128,4.323929786682129,186184000,0.0,0.0
2019-10-01 00:00:00-04:00,4.347031033659114,4.49607219242804,4.317471351500781,4.322190761566162,366008000,0.0,0.0
2019-10-02 00:00:00-04:00,4.300332159386802,4.312255529532866,4.226060072013468,4.29834508895874,293372000,0.0,0.0
2019-10-03 00:00:00-04:00,4.302815694750589,4.509982685246314,4.272510742473027,4.503772735595703,450588000,0.0,0.0
2019-10-04 00:00:00-04:00,4.506006746476185,4.54947732882906,4.440925716255937,4.520165920257568,265524000,0.0,0.0
2019-10-07 00:00:00-04:00,4.585000137627918,4.678399071208503,4.576306113161044,4.578790187835693,480984000,0.0,0.0
2019-10-08 00:00:00-04:00,4.487128752025181,4.487128752025181,4.384290543295214,4.402423858642578,444436000,0.0,0.0
2019-10-09 00:00:00-04:00,4.479180201486422,4.538300033345435,4.450365792127868,4.48886775970459,292412000,0.0,0.0
2019-10-10 00:00:00-04:00,4.486632713369001,4.597419687455007,4.481416299085726,4.546497344970703,309124000,0.0,0.0
2019-10-11 00:00:00-04:00,4.630457509788729,4.703239045355618,4.611578922491844,4.620024681091309,446404000,0.0,0.0
2019-10-14 00:00:00-04:00,4.611330653387778,4.654304246710248,4.580280429445844,4.633438587188721,200040000,0.0,0.0
2019-10-15 00:00:00-04:00,4.723606832665932,4.950397607444675,4.709695924558597,4.877863883972168,664124000,0.0,0.0
2019-10-16 00:00:00-04:00,4.843834022264547,4.948659778379216,4.812783804173107,4.824210166931152,428944000,0.0,0.0
2019-10-17 00:00:00-04:00,4.868674204295252,4.913634858641434,4.771797203408737,4.826197624206543,263436000,0.0,0.0
2019-10-18 00:00:00-04:00,4.826693821535992,4.859234576136827,4.657532308727944,4.731804370880127,307440000,0.0,0.0
2019-10-21 00:00:00-04:00,4.793160569496206,4.882337095465651,4.774281981387723,4.868923187255859,261868000,0.0,0.0
2019-10-22 00:00:00-04:00,4.92580670192421,5.030880725953008,4.851286366161707,4.858986854553223,328720000,0.0,0.0
2019-10-23 00:00:00-04:00,4.77701321824075,4.860227558613543,4.745217736858359,4.846068859100342,279916000,0.0,0.0
2019-10-24 00:00:00-04:00,4.887302816627102,4.923569438810119,4.853272002847943,4.890035629272461,232020000,0.0,0.0
2019-10-25 00:00:00-04:00,4.97052148622473,5.101677643543784,4.962820994125393,5.080811977386475,423092000,0.0,0.0
2019-10-28 00:00:00-04:00,5.124527570807019,5.189112078588046,5.095216158575196,5.136699676513672,330792000,0.0,0.0
2019-10-29 00:00:00-04:00,5.122789661614695,5.129248350416009,5.021193709756403,5.040568828582764,211236000,0.0,0.0
2019-10-30 00:00:00-04:00,5.067397039483682,5.073110459495335,4.97449462223806,5.0425567626953125,205960000,0.0,0.0
2019-10-31 00:00:00-04:00,5.021689843522698,5.042555500236992,4.913635211403139,4.993371963500977,209732000,0.0,0.0
2019-11-01 00:00:00-04:00,4.958099442770782,5.064664021687049,4.933010903968749,5.032371997833252,283640000,0.0,0.0
2019-11-04 00:00:00-05:00,5.1133511126908875,5.241278369050281,5.090250115444236,5.22885799407959,376716000,0.0,0.0
2019-11-05 00:00:00-05:00,5.228608631295536,5.25469070257639,5.158807702113853,5.206749439239502,300868000,0.0,0.0
2019-11-06 00:00:00-05:00,5.182654128470489,5.208239193813134,5.070127883140323,5.157565593719482,269012000,0.0,0.0
2019-11-07 00:00:00-05:00,5.244008799548261,5.2586645050238925,5.130489029983029,5.175201416015625,280340000,0.0,0.0
2019-11-08 00:00:00-05:00,5.158310517720232,5.1928383430746115,5.120801613860862,5.161291122436523,189100000,0.0,0.0
2019-11-11 00:00:00-05:00,5.1605454129544865,5.194327965803184,5.074349989554942,5.171226978302002,243436000,0.0,0.0
2019-11-12 00:00:00-05:00,5.209481779022911,5.26263993040473,5.1744569448823645,5.206749439239502,283504000,0.0,0.0
2019-11-13 00:00:00-05:00,5.175451155287931,5.203023769608301,5.1145929810242095,5.1809163093566895,300188000,0.0,0.0
2019-11-14 00:00:00-05:00,5.1898580791915965,5.213456550501658,5.12999344609169,5.211220741271973,518080000,0.0,0.0
2019-11-15 00:00:00-05:00,5.208985926874161,5.260653550243783,4.983933846777625,5.072116851806641,1053628000,0.0,0.0
2019-11-18 00:00:00-05:00,5.064663926606224,5.299651800518444,5.061683321264874,5.273073196411133,574588000,0.0,0.0
2019-11-19 00:00:00-05:00,5.242022061927123,5.26562005658897,5.108381899695247,5.166507720947266,414564000,0.0,0.0
2019-11-20 00:00:00-05:00,5.143656503190668,5.329460857686397,5.130987862956122,5.245749473571777,472588000,0.0,0.0
2019-11-21 00:00:00-05:00,5.241278248863883,5.296920011332322,5.199298187866641,5.220909118652344,288388000,0.0,0.0
2019-11-22 00:00:00-05:00,5.243512138827063,5.28996333238739,5.214945995609535,5.238544464111328,224100000,0.0,0.0
2019-11-25 00:00:00-05:00,5.366471232090203,5.499863129910593,5.3535543301950135,5.494894981384277,506476000,0.0,0.0
2019-11-26 00:00:00-05:00,5.477258146344863,5.481978029538474,5.383859229087012,5.390317916870117,385244000,0.0,0.0
2019-11-27 00:00:00-05:00,5.435808848094439,5.470113228547502,5.398769637902279,5.425119400024414,215784000,0.004,0.0
2019-11-29 00:00:00-05:00,5.3942956186363,5.422633919033561,5.363967833757931,5.387832164764404,141556000,0.0,0.0
2019-12-02 00:00:00-05:00,5.380871533007133,5.394295337032082,5.186478142091579,5.20164155960083,372036000,0.0,0.0
2019-12-03 00:00:00-05:00,5.018187079136687,5.166095031073407,4.980899411957676,5.162117958068848,465232000,0.0,0.0
2019-12-04 00:00:00-05:00,5.245642296763433,5.268014992392997,5.177281493067951,5.205868721008301,273424000,0.0,0.0
2019-12-05 00:00:00-05:00,5.227744628880031,5.243405421320501,5.158389081322822,5.188965320587158,184884000,0.0,0.0
2019-12-06 00:00:00-05:00,5.258069935828416,5.307041305159171,5.248126308412968,5.274227619171143,232236000,0.0,0.0
2019-12-09 00:00:00-05:00,5.251358034736814,5.328916621679605,5.242657597817423,5.274227619171143,211880000,0.0,0.0
2019-12-10 00:00:00-05:00,5.304307958637612,5.370929143014458,5.251607951361957,5.319223403930664,256388000,0.0,0.0
2019-12-11 00:00:00-05:00,5.329664881165402,5.4082177719850035,5.327178973173447,5.4027485847473145,233796000,0.0,0.0
2019-12-12 00:00:00-05:00,5.373911964126551,5.588192169629249,5.364963076233889,5.570045471191406,404348000,0.0,0.0
2019-12-13 00:00:00-05:00,5.573027920940821,5.692100172596282,5.5141129163060345,5.568056106567383,454704000,0.0,0.0
2019-12-16 00:00:00-05:00,5.6155354687860095,5.669229732850712,5.587445146174056,5.596891403198242,320976000,0.0,0.0
2019-12-17 00:00:00-05:00,5.615536308968904,5.697569356379753,5.606090050531391,5.674948215484619,321196000,0.0,0.0
2019-12-18 00:00:00-05:00,5.7097514108753575,5.765683155976377,5.701299418435474,5.705276966094971,343548000,0.0,0.0
2019-12-19 00:00:00-05:00,5.739829113698079,5.86660755208629,5.734857298669903,5.853183746337891,445360000,0.0,0.0
2019-12-20 00:00:00-05:00,5.9195551686378645,5.975735342910943,5.900414205042897,5.950379848480225,603044000,0.0,0.0
2019-12-23 00:00:00-05:00,5.97896696941142,6.011034365228068,5.926018522750285,5.936707496643066,355060000,0.0,0.0
2019-12-24 00:00:00-05:00,5.92129499046584,5.948887942345335,5.886990136964135,5.931735515594482,138864000,0.0,0.0
2019-12-26 00:00:00-05:00,5.935216236710832,5.973995536815829,5.91632372070032,5.945905685424805,182852000,0.0,0.0
2019-12-27 00:00:00-05:00,5.961071306898434,5.974495116339899,5.861885798249476,5.888236045837402,254644000,0.0,0.0
2019-12-30 00:00:00-05:00,5.86635874393249,5.871579007150527,5.743806308417609,5.77512788772583,258056000,0.0,0.0
2019-12-31 00:00:00-05:00,5.73982842397939,5.858652228527245,5.720687459973178,5.84920597076416,231004000,0.0,0.0
2020-01-02 00:00:00-05:00,5.9349671466123946,5.963802814483643,5.884504609303141,5.963802814483643,237536000,0.0,0.0
2020-01-03 00:00:00-05:00,5.844233913695736,5.912097802856729,5.8193753167124,5.868346691131592,205384000,0.0,0.0
2020-01-06 00:00:00-05:00,5.775127201579622,5.898176519464269,5.74902588859055,5.892956256866455,262636000,0.0,0.0
2020-01-07 00:00:00-05:00,5.921295338837738,6.010040281790685,5.876301509096684,5.964300632476807,314856000,0.0,0.0
2020-01-08 00:00:00-05:00,5.960074415808599,6.01675195985036,5.920052401950536,5.975486755371094,277108000,0.0,0.0
2020-01-09 00:00:00-05:00,6.061746457974927,6.113452193523961,5.987419581657777,6.04111385345459,255112000,0.0,0.0
2020-01-10 00:00:00-05:00,6.148253347803174,6.178580656241072,6.059259958542958,6.073429107666016,316296000,0.0,0.0
2020-01-13 00:00:00-05:00,6.156457847574533,6.288953447003874,6.133836231355337,6.263846397399902,319840000,0.0,0.0
2020-01-14 00:00:00-05:00,6.221088269155128,6.246444236201566,6.133834971804429,6.147010326385498,359088000,0.0,0.0
2020-01-15 00:00:00-05:00,6.15968810642731,6.182060796386267,6.078649335978341,6.104502201080322,263104000,0.0,0.0
2020-01-16 00:00:00-05:00,6.157948519655376,6.193993464647111,6.134581559774977,6.188027381896973,284192000,0.0,0.0
2020-01-17 00:00:00-05:00,6.207168756490065,6.214626478954624,6.149248487016599,6.196728229522705,253792000,0.0,0.0
2020-01-21 00:00:00-05:00,6.160185135994632,6.196975895565761,6.129360458357694,6.163416862487793,217916000,0.0,0.0
2020-01-22 00:00:00-05:00,6.208659581685237,6.303867502720389,6.189767066563044,6.217360019683838,239240000,0.0,0.0
2020-01-23 00:00:00-05:00,6.2573834759438345,6.294173769700094,6.168638520500725,6.285721778869629,244516000,0.0,0.0
2020-01-24 00:00:00-05:00,6.401063843902919,6.450781034287568,6.17236562158241,6.22655725479126,373512000,0.0,0.0
2020-01-27 00:00:00-05:00,5.922289664238681,6.021972504994483,5.772890101483585,5.971012592315674,470536000,0.0,0.0
2020-01-28 00:00:00-05:00,6.036886387353751,6.196477998740835,5.9836890255119775,6.1641621589660645,310976000,0.0,0.0
2020-01-29 00:00:00-05:00,6.149745481810295,6.185790426975521,6.063983338200734,6.103757381439209,258848000,0.0,0.0
2020-01-30 00:00:00-05:00,6.0060631260830695,6.123892669348195,5.951126138120667,6.110468864440918,290504000,0.0,0.0
2020-01-31 00:00:00-05:00,6.0647304937823465,6.076662661968528,5.835535286915037,5.877297401428223,370420000,0.0,0.0
2020-02-03 00:00:00-05:00,5.859148005273648,5.993632572841682,5.852933475492537,5.9742431640625,255564000,0.0,0.0
2020-02-04 00:00:00-05:00,6.115936955202383,6.1624224187891,6.065971316764821,6.143280982971191,271544000,0.0,0.0
2020-02-05 00:00:00-05:00,6.264093401410666,6.274285477663795,6.1502414234516865,6.233517646789551,208220000,0.0,0.0
2020-02-06 00:00:00-05:00,6.26782374742976,6.320274829864502,6.1867849664456935,6.320274829864502,218284000,0.0,0.0
2020-02-07 00:00:00-05:00,6.2802531394695045,6.302377384992771,6.228795848351484,6.254151821136475,189752000,0.0,0.0
2020-02-10 00:00:00-05:00,6.276772881473703,6.537787009661811,6.271801066388234,6.537041664123535,529608000,0.0,0.0
2020-02-11 00:00:00-05:00,6.645175046983783,6.7739420040767095,6.583277238541487,6.65934419631958,638556000,0.0,0.0
2020-02-12 00:00:00-05:00,6.712046013023903,6.781401561765247,6.673266704068935,6.774938106536865,374644000,0.0,0.0
2020-02-13 00:00:00-05:00,6.71701533466321,6.7983025470913026,6.6896708326441425,6.731184482574463,528016000,0.0,0.0
2020-02-14 00:00:00-05:00,7.140853290182661,7.332512319115875,7.10953171400664,7.203745365142822,1041924000,0.0,0.0
2020-02-18 00:00:00-05:00,7.100582772620869,7.3906819386275275,7.081193359788082,7.372286319732666,620164000,0.0,0.0
2020-02-19 00:00:00-05:00,7.494591162549413,7.8406216221615965,7.494591162549413,7.822971820831299,694332000,0.0,0.0
2020-02-20 00:00:00-05:00,7.774994022694895,7.863241593793257,7.366817357632579,7.6738200187683105,810052000,0.0,0.0
2020-02-21 00:00:00-05:00,7.56170894332457,7.586815992154604,7.225373204609657,7.310140609741211,768180000,0.0,0.0
2020-02-24 00:00:00-05:00,6.716519314840207,7.006866948451461,6.662079222439039,6.793332099914551,856916000,0.0,0.0
2020-02-25 00:00:00-05:00,6.868404625054031,6.930302438174281,6.412499740881943,6.514171123504639,1055496000,0.0,0.0
2020-02-26 00:00:00-05:00,6.514419911465364,6.847275480502582,6.51292874628162,6.653378963470459,747732000,0.0,0.0
2020-02-27 00:00:00-05:00,6.340222462355224,6.6411905100878075,6.190733538467209,6.283013820648193,906416000,0.004,0.0
2020-02-28 00:00:00-05:00,6.030797972715024,6.7769991482412415,6.014132953557164,6.7175517082214355,1133252000,0.0,0.0
2020-03-02 00:00:00-05:00,6.887436955320719,6.904599643014992,6.491950295924303,6.875746250152588,890744000,0.0,0.0
2020-03-03 00:00:00-05:00,6.931462850373076,6.991158887369875,6.528265410526086,6.61358118057251,652792000,0.0,0.0
2020-03-04 00:00:00-05:00,6.7207843015651045,7.0861740517049165,6.646163911200993,7.076722145080566,597408000,0.0,0.0
2020-03-05 00:00:00-05:00,6.8774879345472195,7.04413956219387,6.753121062405599,6.79764461517334,540328000,0.0,0.0
2020-03-06 00:00:00-05:00,6.618307294181749,6.675765011958639,6.417330292148614,6.617312431335449,515412000,0.0,0.0
2020-03-09 00:00:00-04:00,5.967123096403663,6.45215413856938,5.924341142174752,6.104921817779541,614160000,0.0,0.0
2020-03-10 00:00:00-04:00,6.3810155877339705,6.493940830230713,6.118601874560568,6.493940830230713,580648000,0.0,0.0
2020-03-11 00:00:00-04:00,6.354151552200165,6.382507276245163,6.03353389422231,6.130539894104004,499964000,0.0,0.0
2020-03-12 00:00:00-04:00,5.607950774664352,5.8731009372494505,5.367674080920537,5.380359649658203,816540000,0.0,0.0
2020-03-13 00:00:00-04:00,5.733312068605224,5.994979953996098,5.462441346775268,5.990502834320068,634836000,0.0,0.0
2020-03-16 00:00:00-04:00,5.283353073561972,5.62386990228448,4.825434365934162,4.885130405426025,726972000,0.0,0.0
2020-03-17 00:00:00-04:00,4.997308990591307,5.493532962867673,4.750814071544446,5.404237270355225,833632000,0.0,0.0
2020-03-18 00:00:00-04:00,4.977162502437145,5.22191633177499,4.494121689883863,5.044817924499512,874268000,0.0,0.0
2020-03-19 00:00:00-04:00,5.023425510217554,5.39080547512759,4.810261119944137,5.297281742095947,765512000,0.0,0.0
2020-03-20 00:00:00-04:00,5.447268167132194,5.728834719934263,5.102274726874198,5.117696285247803,804636000,0.0,0.0
2020-03-23 00:00:00-04:00,5.116702323787023,5.384588993045585,4.937862771944734,5.290318489074707,643876000,0.0,0.0
2020-03-24 00:00:00-04:00,5.6960019972439735,6.284506249716404,5.6723724650335825,6.197946548461914,1101644000,0.0,0.0
2020-03-25 00:00:00-04:00,6.312861800383095,6.512346261387869,6.060645815672692,6.109397888183594,793432000,0.0,0.0
2020-03-26 00:00:00-04:00,6.316344419292104,6.522296211921472,6.218343548888782,6.3984270095825195,696108000,0.0,0.0
2020-03-27 00:00:00-04:00,6.2183432436518,6.544681965395406,6.18551039891607,6.286247730255127,638828000,0.0,0.0
2020-03-30 00:00:00-04:00,6.351662995644652,6.615321034614254,6.307637123468622,6.6061177253723145,602252000,0.0,0.0
2020-03-31 00:00:00-04:00,6.646164892139033,6.850126943033816,6.411111600364291,6.556621074676514,949960000,0.0,0.0
2020-04-01 00:00:00-04:00,6.358877293798993,6.5051325489684855,6.0014468918111765,6.0459699630737305,656912000,0.0,0.0
2020-04-02 00:00:00-04:00,6.075072846746822,6.36758387464943,6.027067511719613,6.354401111602783,675764000,0.0,0.0
2020-04-03 00:00:00-04:00,6.316840683163334,6.358379163287888,5.929562530422744,6.066863536834717,663212000,0.0,0.0
2020-04-06 00:00:00-04:00,6.348678972084709,6.712825281839305,6.291221263715193,6.6760125160217285,727884000,0.0,0.0
2020-04-07 00:00:00-04:00,6.897385702203857,6.921015708413255,6.399918279480084,6.442949295043945,784520000,0.0,0.0
2020-04-08 00:00:00-04:00,6.5518937616188815,6.664818969916537,6.481999563429382,6.6399455070495605,542444000,0.0,0.0
2020-04-09 00:00:00-04:00,6.765558123153106,6.78844139261449,6.477524208175872,6.540453910827637,525564000,0.0,0.0
2020-04-13 00:00:00-04:00,6.480758472800294,6.7207865995278615,6.392458098045307,6.712080955505371,398408000,0.0,0.0
2020-04-14 00:00:00-04:00,6.840176949824809,7.0968700332485595,6.812567493136743,7.062793731689453,530948000,0.0,0.0
2020-04-15 00:00:00-04:00,6.894900126027489,7.068267693803157,6.849630775983694,6.985439300537109,366148000,0.0,0.0
2020-04-16 00:00:00-04:00,7.1406472096626326,7.4371376439735055,7.127464448617053,7.330182075500488,745620000,0.0,0.0
2020-04-17 00:00:00-04:00,7.412264162275912,7.433655370807423,7.137164937154515,7.270983695983887,539120000,0.0,0.0
2020-04-20 00:00:00-04:00,7.144627352201528,7.30033451878303,7.095626685846547,7.139901161193848,449388000,0.0,0.0
2020-04-21 00:00:00-04:00,7.0220011645795735,7.08318925121462,6.643925834474063,6.703621864318848,735160000,0.0,0.0
2020-04-22 00:00:00-04:00,6.8956459533764605,7.160298944684334,6.8501280090838135,7.11751651763916,483356000,0.0,0.0
2020-04-23 00:00:00-04:00,7.159552061322838,7.291380639717549,7.039164642874313,7.064286708831787,424160000,0.0,0.0
2020-04-24 00:00:00-04:00,7.054087978242391,7.205068949035195,6.979467582590378,7.2030792236328125,352328000,0.0,0.0
2020-04-27 00:00:00-04:00,7.337397099199471,7.54906948075769,7.312772226192204,7.389382362365723,479388000,0.0,0.0
2020-04-28 00:00:00-04:00,7.536632530726662,7.566480789850535,7.241634568960474,7.247106552124023,442904000,0.0,0.0
2020-04-29 00:00:00-04:00,7.38166990447082,7.476437571649678,7.306552316924315,7.4237060546875,379160000,0.0,0.0
2020-04-30 00:00:00-04:00,7.3697314829466665,7.423706940505074,7.2560604626028455,7.269989490509033,375916000,0.0,0.0
2020-05-01 00:00:00-04:00,7.0727448913648825,7.185918742126436,6.9854393764586575,7.033693790435791,342096000,0.0,0.0
2020-05-04 00:00:00-04:00,6.986432764934915,7.259045096885763,6.986432764934915,7.245364665985107,317556000,0.0,0.0
2020-05-05 00:00:00-04:00,7.349335472020096,7.468727544198242,7.24536448443354,7.306304454803467,368896000,0.0,0.0
2020-05-06 00:00:00-04:00,7.385651764262597,7.511759773524971,7.347844126312237,7.407042503356934,323464000,0.0,0.0
2020-05-07 00:00:00-04:00,7.546085197423918,7.646324879643541,7.494846194741485,7.583146572113037,373732000,0.0,0.0
2020-05-08 00:00:00-04:00,7.6547801034035805,7.779146962839616,7.620952397339861,7.772928714752197,339216000,0.0,0.0
2020-05-11 00:00:00-04:00,7.767952289627352,8.071407666336281,7.7393479749152805,8.024645805358887,469060000,0.0,0.0
2020-05-12 00:00:00-04:00,8.082352226982069,8.131103816674749,7.753277573290924,7.7629780769348145,493060000,0.0,0.0
2020-05-13 00:00:00-04:00,7.877395816576789,8.037580085660547,7.55628053841165,7.7405924797058105,625852000,0.0,0.0
2020-05-14 00:00:00-04:00,7.80203008648483,7.995296277020211,7.6485612498649145,7.989824295043945,602312000,0.0,0.0
2020-05-15 00:00:00-04:00,7.849789033988688,8.457445355701928,7.8341188748298665,8.447745323181152,987660000,0.0,0.0
2020-05-18 00:00:00-04:00,8.716126976105572,8.871336954115424,8.636532261563676,8.705928802490234,774460000,0.0,0.0
2020-05-19 00:00:00-04:00,8.745725629128797,9.041469799498309,8.718364769756874,8.76089859008789,717320000,0.0,0.0
2020-05-20 00:00:00-04:00,8.945460766522393,8.997197432107013,8.843728564013752,8.924567222595215,587536000,0.0,0.0
2020-05-21 00:00:00-04:00,9.005654160074906,9.006648548506421,8.69324445182905,8.730803489685059,761068000,0.0,0.0
2020-05-22 00:00:00-04:00,8.780551415125013,9.046946047215028,8.66911916021186,8.980533599853516,1038764000,0.0,0.0
2020-05-26 00:00:00-04:00,9.110371082978151,9.135245028089948,8.628076531061675,8.67359447479248,770780000,0.0,0.0
2020-05-27 00:00:00-04:00,8.581314301909094,8.589024607829826,7.956246272031052,8.482069969177246,1175892000,0.0,0.0
2020-05-28 00:00:00-04:00,8.36964036521895,8.716126818247057,8.336807522343962,8.444012641906738,734896000,0.0,0.0
2020-05-29 00:00:00-04:00,8.511170268712194,8.830544471740723,8.442022323211523,8.830544471740723,745256000,0.0,0.0
2020-06-01 00:00:00-04:00,8.788508985175579,8.795970693494391,8.645486899720394,8.761645317077637,389876000,0.0,0.0
2020-06-02 00:00:00-04:00,8.75169470369091,8.792486441936918,8.614144632127772,8.780547142028809,391320000,0.0,0.0
2020-06-03 00:00:00-04:00,8.777563885189648,8.821340689895296,8.65593255202078,8.725080490112305,365440000,0.0,0.0
2020-06-04 00:00:00-04:00,8.687753825722185,8.902011297144291,8.637486770862257,8.72607707977295,424280000,0.004,0.0
2020-06-05 00:00:00-04:00,8.753949903758494,8.955515591607057,8.667848578409801,8.878870964050293,481748000,0.0,0.0
2020-06-08 00:00:00-04:00,8.836315791447598,8.84875796278578,8.645699106542606,8.764399528503418,387736000,0.0,0.0
2020-06-09 00:00:00-04:00,8.759422705552621,9.067744029316774,8.710897571535652,9.004287719726562,468488000,0.0,0.0
2020-06-10 00:00:00-04:00,9.125475140441624,9.456192680142813,9.111290099594312,9.323556900024414,632180000,0.0,0.0
2020-06-11 00:00:00-04:00,9.10780969358321,9.218546652685198,8.745488699129474,8.755691528320312,583652000,0.0,0.0
2020-06-12 00:00:00-04:00,9.120251596693144,9.14488723008976,8.663118775221182,8.891311645507812,570908000,0.0,0.0
2020-06-15 00:00:00-04:00,8.77460413262687,9.139911559125865,8.703433037578094,9.131450653076172,400004000,0.0,0.0
2020-06-16 00:00:00-04:00,9.18246298281425,9.224020423826694,8.797993526540031,9.026683807373047,535716000,0.0,0.0
2020-06-17 00:00:00-04:00,9.071725930471368,9.256121053617617,9.028425617741286,9.193411827087402,408304000,0.0,0.0
2020-06-18 00:00:00-04:00,9.184453472998934,9.239697586467326,9.072472033633701,9.175495147705078,254408000,0.0,0.0
2020-06-19 00:00:00-04:00,9.19988217763818,9.401447821597749,9.184702291926113,9.218544960021973,524160000,0.0,0.0
2020-06-22 00:00:00-04:00,9.25711573123115,9.48729919395034,9.230488519718287,9.482819557189941,398468000,0.0,0.0
2020-06-23 00:00:00-04:00,9.506957666162588,9.598036018461734,9.364120002183721,9.406423568725586,375108000,0.0,0.0
2020-06-24 00:00:00-04:00,9.432555192603575,9.512435900600783,9.102334958406512,9.192915916442871,449372000,0.0,0.0
2020-06-25 00:00:00-04:00,9.312612597311404,9.461174465881994,9.139912510248717,9.446243286132812,376072000,0.0,0.0
2020-06-26 00:00:00-04:00,9.45619379454365,9.45619379454365,9.082922986864295,9.112784385681152,592084000,0.0,0.0
2020-06-29 00:00:00-04:00,9.127467403493844,9.162057151917535,8.858960660515779,9.157577514648438,342248000,0.0,0.0
2020-06-30 00:00:00-04:00,9.271051844249367,9.482322883877854,9.223771215786138,9.453954696655273,367892000,0.0,0.0
2020-07-01 00:00:00-04:00,9.476849291492085,9.531595986934233,9.369596194012617,9.486056327819824,326648000,0.0,0.0
2020-07-02 00:00:00-04:00,9.594555539183766,9.692601616807512,9.534085643354649,9.5679292678833,364056000,0.0,0.0
2020-07-06 00:00:00-04:00,9.696830190680364,9.86305996516813,9.66771491923515,9.793880462646484,315892000,0.0,0.0
2020-07-07 00:00:00-04:00,9.900385643316657,10.023564739395194,9.805326022149982,9.826229095458984,357800000,0.0,0.0
2020-07-08 00:00:00-04:00,9.947666754146862,10.177851180830768,9.91954727786294,10.168891906738281,365480000,0.0,0.0
2020-07-09 00:00:00-04:00,10.332385556783915,10.521260318665224,10.186311788352297,10.460541725158691,494548000,0.0,0.0
2020-07-10 00:00:00-04:00,10.539927092116987,10.606120184171951,10.330895325824207,10.43093204498291,497676000,0.0,0.0
2020-07-13 00:00:00-04:00,10.546147190037164,10.742487094268514,9.978774789284222,10.005899429321289,457076000,0.0,0.0
2020-07-14 00:00:00-04:00,10.028543640334897,10.354782578911696,9.740378299322161,10.329151153564453,542676000,0.0,0.0
2020-07-15 00:00:00-04:00,10.366231809375057,10.384894596483264,10.00938432128849,10.180093765258789,403984000,0.0,0.0
2020-07-16 00:00:00-04:00,9.968820569091442,10.159685972931204,9.84987143136345,10.088018417358398,344964000,0.0,0.0
2020-07-17 00:00:00-04:00,10.178348498417453,10.201242205886482,10.041234014835991,10.154458999633789,266284000,0.0,0.0
2020-07-20 00:00:00-04:00,10.226873884937834,10.482688788071664,10.10991539172372,10.46228313446045,284852000,0.0,0.0
2020-07-21 00:00:00-04:00,10.464522279095037,10.51130643491116,10.239315860666807,10.28087329864502,277036000,0.0,0.0
2020-07-22 00:00:00-04:00,10.31969594109073,10.553612018427057,10.244046163134492,10.390617370605469,367292000,0.0,0.0
2020-07-23 00:00:00-04:00,10.401814053155686,10.498366900172412,9.984995131598533,10.083041191101074,411660000,0.0,0.0
2020-07-24 00:00:00-04:00,9.829466600023125,10.316958282802545,9.731918901066056,10.147493362426758,473292000,0.0,0.0
2020-07-27 00:00:00-04:00,10.185067234875442,10.393600550017624,10.170633482181762,10.373444557189941,292132000,0.0,0.0
2020-07-28 00:00:00-04:00,10.326412591156744,10.334126413834573,10.16217347835774,10.168394088745117,271636000,0.0,0.0
2020-07-29 00:00:00-04:00,10.342838679361162,10.467759731459614,10.299290598378333,10.417243957519531,284508000,0.0,0.0
2020-07-30 00:00:00-04:00,10.32715949631909,10.574016079653706,10.247777173412945,10.565057754516602,308880000,0.0,0.0
2020-07-31 00:00:00-04:00,10.514541633004042,10.71685531257527,10.384892248538662,10.565804481506348,386080000,0.0,0.0
2020-08-03 00:00:00-04:00,10.683011944240379,11.047573183866636,10.665841424159556,10.959481239318848,412720000,0.0,0.0
2020-08-04 00:00:00-04:00,10.999048630506225,11.175978660583496,10.855712561468552,11.175978660583496,310336000,0.0,0.0
2020-08-05 00:00:00-04:00,11.192154590342838,11.31931498345862,11.114762888879284,11.23470687866211,249924000,0.0,0.0
2020-08-06 00:00:00-04:00,11.29741678585423,11.305628981190738,11.127205723895173,11.283232688903809,244316000,0.0,0.0
2020-08-07 00:00:00-04:00,11.26033652411239,11.451700283827373,10.986604966220375,11.147857666015625,342516000,0.0,0.0
2020-08-10 00:00:00-04:00,11.281988797793014,11.355646995207982,10.806440904133613,11.113518714904785,427796000,0.0,0.0
2020-08-11 00:00:00-04:00,11.022686125227102,11.0853962946979,10.745968163927468,10.799968719482422,354512000,0.0,0.0
2020-08-12 00:00:00-04:00,10.940071438029333,11.414125122757872,10.907721031284495,11.38749885559082,464412000,0.0,0.0
2020-08-13 00:00:00-04:00,11.492757767340668,11.667698065098161,11.303385616468447,11.390233039855957,374460000,0.0,0.0
2020-08-14 00:00:00-04:00,11.476834671108962,11.650779221877425,11.387747881419168,11.5106782913208,366436000,0.0,0.0
2020-08-17 00:00:00-04:00,11.796602846193656,12.352527856575652,11.762760176683678,12.280113220214844,621300000,0.0,0.0
2020-08-18 00:00:00-04:00,12.392593371852119,12.438381746178354,12.03052110177565,12.204216003417969,503448000,0.0,0.0
2020-08-19 00:00:00-04:00,12.23979858343999,12.258212653513244,12.042213276333214,12.082527160644531,622624000,0.0,0.0
2020-08-20 00:00:00-04:00,11.91978228041564,12.317937454799441,11.823975568616628,12.085016250610352,921388000,0.0,0.0
2020-08-21 00:00:00-04:00,12.145486175613579,12.749687580406652,12.139015904821967,12.625015258789062,999868000,0.0,0.0
2020-08-24 00:00:00-04:00,12.82434125696798,12.852959104530782,12.449825930553745,12.661595344543457,490564000,0.0,0.0
2020-08-25 00:00:00-04:00,12.572508413508759,12.702406509210157,12.515771085101091,12.691208839416504,289076000,0.0,0.0
2020-08-26 00:00:00-04:00,12.740230635286169,12.809161420800041,12.619290872485081,12.714101791381836,321244000,0.0,0.0
2020-08-27 00:00:00-04:00,12.722563774605414,12.790748434338262,12.508554997682598,12.57002067565918,317604000,0.0,0.0
2020-08-28 00:00:00-04:00,12.616557750323455,13.087376396140137,12.58420733693493,13.087127685546875,537160000,0.0,0.0
2020-08-31 00:00:00-04:00,13.121964553482815,13.512405963302939,12.977633636999434,13.312830924987793,500840000,0.0,0.0
2020-09-01 00:00:00-04:00,13.421858060233896,13.933392246926287,13.37854573615063,13.761387825012207,511316000,0.004,0.0
2020-09-02 00:00:00-04:00,14.640330592742224,14.663232105009527,13.84004722644748,14.284622192382812,874012000,0.0,0.0
2020-09-03 00:00:00-04:00,13.769101909402469,13.8246113357648,12.823199748148971,12.959360122680664,945128000,0.0,0.0
2020-09-04 00:00:00-04:00,12.728609755391352,13.118172794342433,11.654264257485755,12.568056106567383,1463684000,0.0,0.0
2020-09-08 00:00:00-04:00,11.683886817797339,12.495869670621197,11.653767694372018,11.861617088317871,795728000,0.0,0.0
2020-09-09 00:00:00-04:00,12.346516275086678,12.754001367320672,12.178991882881057,12.660158157348633,736200000,0.0,0.0
2020-09-10 00:00:00-04:00,12.933223515687224,13.008895916801286,12.114519770501584,12.258646011352539,698684000,0.0,0.0
2020-09-11 00:00:00-04:00,12.431647488239708,12.597926996342265,11.844440927572224,12.112031936645508,636928000,0.0,0.0
2020-09-14 00:00:00-04:00,13.024576987922975,13.257566912279982,12.576766984267248,12.816726684570312,1201744000,0.0,0.0
2020-09-15 00:00:00-04:00,13.222722027557282,13.241391347213609,12.772423089111419,12.934968948364258,727556000,0.0,0.0
2020-09-16 00:00:00-04:00,12.901361990824535,13.036277502029263,12.459775343133906,12.460521697998047,556384000,0.0,0.0
2020-09-17 00:00:00-04:00,12.079919058916289,12.53544615204914,11.982839763543263,12.409740447998047,792512000,0.0,0.0
2020-09-18 00:00:00-04:00,12.539431169954202,12.578013731233012,11.937041086164525,12.136675834655762,698460000,0.0,0.0
2020-09-21 00:00:00-04:00,11.873564364275431,12.468487029467878,11.853152604133797,12.46325969696045,721044000,0.0,0.0
2020-09-22 00:00:00-04:00,12.520760350235273,12.593445435426194,12.10307037011186,12.583239555358887,646452000,0.0,0.0
2020-09-23 00:00:00-04:00,12.521260177157716,12.67210744174115,12.027151349496169,12.07145881652832,647012000,0.0,0.0
2020-09-24 00:00:00-04:00,12.020178955986067,12.515283765429503,11.962179781141215,12.29473876953125,731240000,0.0,0.0
2020-09-25 00:00:00-04:00,12.393810139922095,12.827929401956277,12.19293055034486,12.818221092224121,588016000,0.0,0.0
2020-09-28 00:00:00-04:00,12.984002356413695,12.99545310965322,12.695004487793115,12.978775024414062,573808000,0.0,0.0
2020-09-29 00:00:00-04:00,12.88169735695408,13.384768065727984,12.877466113660384,13.16870403289795,621460000,0.0,0.0
2020-09-30 00:00:00-04:00,13.100747146215685,13.563741582725115,13.09352858524547,13.472138404846191,689184000,0.0,0.0
2020-10-01 00:00:00-04:00,13.698658927613552,13.703387740885159,13.40269029134298,13.555777549743652,525004000,0.0,0.0
2020-10-02 00:00:00-04:00,13.167958188027503,13.461187347792777,12.9947079495707,13.00590991973877,552496000,0.0,0.0
2020-10-05 00:00:00-04:00,13.178909786872856,13.585398755238357,13.165716588093956,13.583656311035156,479820000,0.0,0.0
2020-10-06 00:00:00-04:00,13.770346750045336,14.081001268617563,13.606058485331335,13.677249908447266,784420000,0.0,0.0
2020-10-07 00:00:00-04:00,13.939363769519542,14.058348479063966,13.803700974994964,13.903767585754395,418084000,0.0,0.0
2020-10-08 00:00:00-04:00,14.014289350540002,14.023748875043747,13.69865724594298,13.779058456420898,378900000,0.0,0.0
2020-10-09 00:00:00-04:00,13.707621361148332,13.764624457346555,13.601829820935107,13.703389167785645,346892000,0.0,0.0
2020-10-12 00:00:00-04:00,13.929160708195548,14.285118819607398,13.852493157883188,14.164640426635742,434744000,0.0,0.0
2020-10-13 00:00:00-04:00,14.23483349531146,14.286609243411322,13.95828153059554,14.18679141998291,344604000,0.0,0.0
2020-10-14 00:00:00-04:00,14.22886078382852,14.280885323875227,13.899786671772109,14.034453392028809,276100000,0.0,0.0
2020-10-15 00:00:00-04:00,13.751182773950996,13.945341414351493,13.708368017226269,13.909746170043945,267224000,0.0,0.0
2020-10-16 00:00:00-04:00,13.976205093854658,14.060589716200548,13.73300832168819,13.75192642211914,242392000,0.0,0.0
2020-10-19 00:00:00-04:00,13.843032003278086,13.923184432811734,13.348922328803374,13.439530372619629,298068000,0.0,0.0
2020-10-20 00:00:00-04:00,13.524912268022215,13.740229967654253,13.448742284587745,13.586645126342773,229212000,0.0,0.0
2020-10-21 00:00:00-04:00,13.56623229376561,13.732014232770208,13.419368456639658,13.466414451599121,219596000,0.0,0.0
2020-10-22 00:00:00-04:00,13.46417579046509,13.553040456540899,13.174679330506805,13.303372383117676,290480000,0.0,0.0
2020-10-23 00:00:00-04:00,13.391985258225827,13.534617834284036,13.233920420278526,13.531630516052246,233484000,0.0,0.0
2020-10-26 00:00:00-04:00,13.369085896916106,13.633689579571246,12.982261385916676,13.08456802368164,336896000,0.0,0.0
2020-10-27 00:00:00-04:00,13.248607109488976,13.384021132448181,13.134600935706988,13.338966369628906,250520000,0.0,0.0
2020-10-28 00:00:00-04:00,13.141072705641232,13.20280555303319,12.554613504100049,12.572535514831543,376520000,0.0,0.0
2020-10-29 00:00:00-04:00,12.783124891809354,13.135846892018513,12.695006587997323,12.967824935913086,320080000,0.0,0.0
2020-10-30 00:00:00-04:00,12.794573559222506,12.880699670171047,12.246945723499536,12.479936599731445,416820000,0.0,0.0
2020-11-02 00:00:00-05:00,12.603153941396506,12.781381768805504,12.341537577545923,12.52648639678955,299652000,0.0,0.0
2020-11-03 00:00:00-05:00,12.653685165437649,13.048474603240864,12.548391206447642,12.963343620300293,272900000,0.0,0.0
2020-11-04 00:00:00-05:00,13.331497901537697,13.76785813556174,13.279473362811475,13.734750747680664,410228000,0.0,0.0
2020-11-05 00:00:00-05:00,14.101412477856645,14.277150540043976,13.930652013276667,14.098922729492188,319028000,0.0,0.0
2020-11-06 00:00:00-05:00,14.048891455608413,14.525825518344906,13.835068378723031,14.499191284179688,383348000,0.0,0.0
2020-11-09 00:00:00-05:00,14.489729930526279,14.628130315864713,13.552042441365499,13.571955680847168,582976000,0.0,0.0
2020-11-10 00:00:00-05:00,13.54781121416907,13.54781121416907,12.573781115211155,12.714920043945312,644068000,0.0,0.0
2020-11-11 00:00:00-05:00,12.997446446842183,13.377052414591688,12.892401270410012,13.360125541687012,404744000,0.0,0.0
2020-11-12 00:00:00-05:00,13.4208615944081,13.706623391136638,13.258564550225856,13.398707389831543,365812000,0.0,0.0
2020-11-13 00:00:00-05:00,13.568470299974223,13.609791386132025,13.002920455645425,13.239645004272461,346312000,0.0,0.0
2020-11-16 00:00:00-05:00,13.115686508640373,13.590629437445635,13.099258151915853,13.456958770751953,413776000,0.0,0.0
2020-11-17 00:00:00-05:00,13.494044215080645,13.53760531971783,13.246367406234198,13.36435604095459,312028000,0.0,0.0
2020-11-18 00:00:00-05:00,13.407172128790208,13.54706619704426,13.128131296756674,13.370829582214355,510924000,0.0,0.0
2020-11-19 00:00:00-05:00,13.155760695717245,13.429325390449687,13.043496960142532,13.382279396057129,565936000,0.0,0.0
2020-11-20 00:00:00-05:00,13.395972839403445,13.436297849853242,13.008649722926164,13.031302452087402,341088000,0.0,0.0
2020-11-23 00:00:00-05:00,13.11443868783319,13.324776855880762,12.959360212033532,13.08332347869873,361356000,0.0,0.0
2020-11-24 00:00:00-05:00,13.085812968215139,13.105228639441574,12.829423935275962,12.901860237121582,346500000,0.0,0.0
2020-11-25 00:00:00-05:00,12.976286647330468,13.212263899302625,12.96384075400701,13.177663803100586,259916000,0.0,0.0
2020-11-27 00:00:00-05:00,13.31731084616741,13.349670932792165,13.113692699646311,13.20405101776123,167276000,0.0,0.0
2020-11-30 00:00:00-05:00,13.207786880541757,13.354650734163716,12.916299187720584,13.343697547912598,286952000,0.0,0.0
2020-12-01 00:00:00-05:00,13.434056816831285,13.470399365349985,13.171194590361214,13.332247734069824,296948000,0.0,0.0
2020-12-02 00:00:00-05:00,13.29291762801155,13.614524440565008,13.17716899170747,13.48608112335205,283360000,0.0,0.0
2020-12-03 00:00:00-05:00,13.53288931377425,13.605098152797373,13.275429117117344,13.342159271240234,199520000,0.004,0.0
2020-12-04 00:00:00-05:00,13.39444689038405,13.505499481858216,13.334937435291637,13.503756523132324,202244000,0.0,0.0
2020-12-07 00:00:00-05:00,13.546587159344568,13.676064811803872,13.445744380440564,13.552064895629883,223244000,0.0,0.0
2020-12-08 00:00:00-05:00,13.530399915409005,13.544094728114345,13.228119551989275,13.296344757080078,271920000,0.0,0.0
2020-12-09 00:00:00-05:00,13.247044338391767,13.36008781733984,12.816531556571482,12.878780364990234,401300000,0.0,0.0
2020-12-10 00:00:00-05:00,12.817279927246037,13.016227078884357,12.797857568260008,12.920114517211914,207764000,0.0,0.0
2020-12-11 00:00:00-05:00,12.91513334344989,12.967671921625609,12.77146318057453,12.960948944091797,209264000,0.0,0.0
2020-12-14 00:00:00-05:00,13.035399712025068,13.334940779426518,13.024941957047123,13.25526237487793,270156000,0.0,0.0
2020-12-15 00:00:00-05:00,13.385733618093893,13.40988618458932,13.133751149437082,13.306802749633789,193016000,0.0,0.0
2020-12-16 00:00:00-05:00,13.368550668883499,13.383241862999984,13.159394682871707,13.189274787902832,223116000,0.0,0.0
2020-12-17 00:00:00-05:00,13.313027895141222,13.32572727512773,13.12553489491259,13.287631034851074,231384000,0.0,0.0
2020-12-18 00:00:00-05:00,13.325229723016056,13.351125252225733,13.017970240699636,13.218660354614258,342064000,0.0,0.0
2020-12-21 00:00:00-05:00,13.022200773575815,13.316264063450639,12.915381612940775,13.278665542602539,302332000,0.0,0.0
2020-12-22 00:00:00-05:00,13.265716747783003,13.283644051791372,13.001532647943675,13.224881172180176,185580000,0.0,0.0
2020-12-23 00:00:00-05:00,13.202722663623348,13.221646354324898,12.952731999410004,12.956964492797852,179144000,0.0,0.0
2020-12-24 00:00:00-05:00,12.984852485701106,13.079719802401335,12.88674905910573,12.941527366638184,97884000,0.0,0.0
2020-12-28 00:00:00-05:00,13.010003286110436,13.010003286110436,12.711956287643073,12.848155975341797,212564000,0.0,0.0
2020-12-29 00:00:00-05:00,12.873052511880598,13.01995972337383,12.790634778448547,12.891228675842285,170372000,0.0,0.0
2020-12-30 00:00:00-05:00,12.938041042133536,13.16064303299953,12.844917637300343,13.092916488647461,225396000,0.0,0.0
2020-12-31 00:00:00-05:00,13.083704508417757,13.098145898291843,12.863094326087117,13.002532005310059,192424000,0.0,0.0
2021-01-04 00:00:00-05:00,13.051582318788373,13.597629030369669,12.910401695595096,13.060794830322266,560640000,0.0,0.0
2021-01-05 00:00:00-05:00,13.0470994890118,13.389467900488006,13.034401060131557,13.350873947143555,322760000,0.0,0.0
2021-01-06 00:00:00-05:00,13.16935698709165,13.191766594805781,12.535415751922324,12.563800811767578,580424000,0.0,0.0
2021-01-07 00:00:00-05:00,12.915383021394952,13.323984877289753,12.834709185553201,13.290369987487793,461480000,0.0,0.0
2021-01-08 00:00:00-05:00,13.308795569096715,13.367059793296423,12.989583303848809,13.223389625549316,292528000,0.0,0.0
2021-01-11 00:00:00-05:00,13.36481806161411,13.904889317137515,13.30879451781324,13.566753387451172,518344000,0.0,0.0
2021-01-12 00:00:00-05:00,13.697227113464349,13.699219880759559,13.291365574551167,13.430553436279297,291476000,0.0,0.0
2021-01-13 00:00:00-05:00,13.4357823822842,13.570240034440598,13.331204841612394,13.477364540100098,210028000,0.0,0.0
2021-01-14 00:00:00-05:00,13.520440755047291,13.545091039577693,13.12752650374872,13.147196769714355,283120000,0.0,0.0
2021-01-15 00:00:00-05:00,13.174834248372443,13.271693369926739,12.79686008165752,12.807815551757812,277780000,0.0,0.0
2021-01-19 00:00:00-05:00,12.963935787634238,13.041373506221632,12.79237828621631,12.972900390625,226188000,0.0,0.0
2021-01-20 00:00:00-05:00,13.059051941538538,13.376521226677053,13.004273639082106,13.312031745910645,258572000,0.0,0.0
2021-01-21 00:00:00-05:00,13.364568036299605,13.942984337506825,13.199733528843137,13.811763763427734,337780000,0.0,0.0
2021-01-22 00:00:00-05:00,13.684778315815404,13.786119751969078,13.572481408125672,13.657388687133789,246820000,0.0,0.0
2021-01-25 00:00:00-05:00,13.726360770124714,13.772922949913667,13.183302194742383,13.598377227783203,251112000,0.0,0.0
2021-01-26 00:00:00-05:00,13.52591884373518,13.589910611709367,13.33369468135409,13.381253242492676,163980000,0.0,0.0
2021-01-27 00:00:00-05:00,13.176827521248605,13.179566863996952,12.742331097480742,12.865833282470703,371272000,0.0,0.0
2021-01-28 00:00:00-05:00,12.944019053557517,13.286138685780982,12.908412342988086,12.99854850769043,228316000,0.0,0.0
2021-01-29 00:00:00-05:00,13.022450189012595,13.281156594741395,12.85960747764064,12.937542915344238,271552000,0.0,0.0
2021-02-01 00:00:00-05:00,13.000789980691422,13.217415593581187,12.850894535990365,13.183801651000977,217204000,0.0,0.0
2021-02-02 00:00:00-05:00,13.3448990521838,13.517451986494493,13.232103488617547,13.502264022827148,220440000,0.0,0.0
2021-02-03 00:00:00-05:00,13.58119621183441,13.875758199731045,13.462177275976654,13.476120948791504,245408000,0.0,0.0
2021-02-04 00:00:00-05:00,13.476617397100561,13.618544596229361,13.284144388776067,13.609332084655762,201340000,0.0,0.0
2021-02-05 00:00:00-05:00,13.66983917802764,13.682039891705488,13.491308875072331,13.536376953125,169152000,0.0,0.0
2021-02-08 00:00:00-05:00,13.67207952886359,14.415579319657386,13.67207952886359,14.380720138549805,434624000,0.0,0.0
2021-02-09 00:00:00-05:00,14.283112900004856,14.524638573331769,14.165338264412211,14.205924987792969,287560000,0.0,0.0
2021-02-10 00:00:00-05:00,14.40512039530339,14.845094516583352,14.283859846653357,14.704910278320312,485352000,0.0,0.0
2021-02-11 00:00:00-05:00,14.920040160846249,15.210866341366684,14.865012060284915,15.189452171325684,450828000,0.0,0.0
2021-02-12 00:00:00-05:00,14.989512421221601,15.229792846310929,14.715617109549683,14.901119232177734,374756000,0.0,0.0
2021-02-16 00:00:00-05:00,15.003706913820904,15.310718485509026,14.889915901123095,15.268637657165527,321960000,0.0,0.0
2021-02-17 00:00:00-05:00,15.11002559817303,15.162315316732863,14.720597275681127,14.846091270446777,274756000,0.0,0.0
2021-02-18 00:00:00-05:00,14.66980118375889,14.81347132948943,14.516419860562522,14.769399642944336,233868000,0.0,0.0
2021-02-19 00:00:00-05:00,14.964116101576446,15.116003352736659,14.787080847428777,14.866510391235352,271724000,0.0,0.0
2021-02-22 00:00:00-05:00,14.715368455188019,15.072428084036344,14.267426101767738,14.298052787780762,325884000,0.0,0.0
2021-02-23 00:00:00-05:00,14.018680862200867,14.181524533940966,13.335686902429352,14.085163116455078,391780000,0.0,0.0
2021-02-24 00:00:00-05:00,14.065991018346837,14.44844754946419,13.70071427051266,14.440728187561035,448320000,0.0,0.0
2021-02-25 00:00:00-05:00,13.989050761356713,14.316977835811675,13.163134143029106,13.254016876220703,824436000,0.0,0.0
2021-02-26 00:00:00-05:00,13.697228301041338,13.798818598724198,13.307302217792548,13.659381866455078,500932000,0.0,0.0
2021-03-01 00:00:00-05:00,13.819235683276025,13.869034920751616,13.49877912411454,13.78611946105957,353184000,0.0,0.0
2021-03-02 00:00:00-05:00,13.844134511457842,13.864552302839884,13.34216041278066,13.35236930847168,264116000,0.0,0.0
2021-03-03 00:00:00-05:00,13.37228948153276,13.39743748342225,12.747310913046222,12.753287315368652,377592000,0.0,0.0
2021-03-04 00:00:00-05:00,12.749302617793662,12.922852894444349,12.035184286271841,12.32053279876709,573344000,0.0,0.0
2021-03-05 00:00:00-05:00,12.499559425069663,12.499559425069663,11.632308704404133,12.411415100097656,542840000,0.0,0.0
2021-03-08 00:00:00-05:00,12.399965910204045,12.421130283015424,11.520016409854058,11.546659469604492,543112000,0.0,0.0
2021-03-09 00:00:00-05:00,12.085666683941009,12.570378398131114,12.014927537191268,12.474233627319336,521824000,0.004,0.0
2021-03-10 00:00:00-05:00,12.793305748971898,12.932292694520745,12.411714009519088,12.42242431640625,384376000,0.0,0.0
2021-03-11 00:00:00-05:00,12.902406344963806,12.998303141845815,12.68769846594518,12.945746421813965,299916000,0.0,0.0
2021-03-12 00:00:00-05:00,12.601763379126412,12.841379915385886,12.543727990467413,12.80875015258789,243964000,0.0,0.0
2021-03-15 00:00:00-04:00,12.817466095791916,13.158209097696057,12.72032460470634,13.142765998840332,221988000,0.0,0.0
2021-03-16 00:00:00-04:00,13.307409797577044,13.462836579062207,13.068541055091844,13.242400169372559,272128000,0.0,0.0
2021-03-17 00:00:00-04:00,12.991825039852959,13.403805133986928,12.941759670722005,13.292217254638672,243864000,0.0,0.0
2021-03-18 00:00:00-04:00,13.088217188099405,13.135542259920822,12.670258709518851,12.675738334655762,293896000,0.0,0.0
2021-03-19 00:00:00-04:00,12.703139313327759,12.874009196386721,12.56614486370807,12.798537254333496,299208000,0.0,0.0
2021-03-22 00:00:00-04:00,12.8652925575449,13.34527153839692,12.859314092199842,13.137786865234375,297804000,0.0,0.0
2021-03-23 00:00:00-04:00,13.205536681234243,13.29545500368924,12.973393215824773,13.022711753845215,222048000,0.0,0.0
2021-03-24 00:00:00-04:00,13.102918061675245,13.110889033545208,12.590309221995916,12.596535682678223,245840000,0.0,0.0
2021-03-25 00:00:00-04:00,12.453560612717908,12.668019515314883,12.226896785999031,12.489178657531738,295144000,0.0,0.0
2021-03-26 00:00:00-04:00,12.508355558624196,12.808996658831685,12.32802106742745,12.792058944702148,363968000,0.0,0.0
2021-03-29 00:00:00-04:00,12.773130700711981,13.0144907889492,12.653322911949298,12.900660514831543,273520000,0.0,0.0
2021-03-30 00:00:00-04:00,12.794801380172224,12.927561877681123,12.658304817189459,12.824441909790039,200204000,0.0,0.0
2021-03-31 00:00:00-04:00,12.9676641139645,13.420991773399177,12.934785406687192,13.29919147491455,314776000,0.0,0.0
2021-04-01 00:00:00-04:00,13.522368421618353,13.819023625386853,13.461591793310602,13.760988235473633,308276000,0.0,0.0
2021-04-05 00:00:00-04:00,13.816531631922624,13.962492820296003,13.682525472140757,13.936090469360352,255672000,0.0,0.0
2021-04-06 00:00:00-04:00,13.948297705902563,14.002597032896157,13.722879532840807,13.810555458068848,191744000,0.0,0.0
2021-04-07 00:00:00-04:00,13.829730661921309,14.19114741848976,13.661103208185459,14.09151554107666,251284000,0.0,0.0
2021-04-08 00:00:00-04:00,14.200369451800379,14.418315513515902,14.196632435457225,14.264383316040039,244416000,0.0,0.0
2021-04-09 00:00:00-04:00,14.161760136622581,14.355047386702058,14.122903911178433,14.347076416015625,195172000,0.0,0.0
2021-04-12 00:00:00-04:00,14.237232700970317,15.296076767014258,14.087285519048933,15.153103828430176,869324000,0.0,0.0
2021-04-13 00:00:00-04:00,15.175520404329175,15.642298695804206,15.07015897630807,15.62187385559082,676212000,0.0,0.0
2021-04-14 00:00:00-04:00,15.56757439683238,15.662723403944465,15.17153526617019,15.220853805541992,385500000,0.0,0.0
2021-04-15 00:00:00-04:00,15.604939921944846,16.15466239598031,15.574053711645691,16.077945709228516,598480000,0.0,0.0
2021-04-16 00:00:00-04:00,15.994000959162806,16.106337579853726,15.806941121261284,15.854018211364746,335208000,0.0,0.0
2021-04-19 00:00:00-04:00,15.479398285932946,15.749402181564943,15.177013572325267,15.305290222167969,404420000,0.0,0.0
2021-04-20 00:00:00-04:00,15.26693366441033,15.440045020755381,14.908008137498932,15.115492820739746,334132000,0.0,0.0
2021-04-21 00:00:00-04:00,15.063183469763409,15.306038182131777,15.046744591326041,15.304045677185059,216776000,0.0,0.0
2021-04-22 00:00:00-04:00,15.318492618235641,15.381759641026642,14.729166263249828,14.795671463012695,277788000,0.0,0.0
2021-04-23 00:00:00-04:00,14.87936454858827,15.278641899343617,14.845490057951816,15.209148406982422,227500000,0.0,0.0
2021-04-26 00:00:00-04:00,15.129190614058306,15.422109741768356,15.069410715459696,15.421113014221191,197796000,0.0,0.0
2021-04-27 00:00:00-04:00,15.521242850194147,15.61290472261558,15.298066158653663,15.325216293334961,164572000,0.0,0.0
2021-04-28 00:00:00-04:00,15.308030914991681,15.475164740857569,15.15957836730446,15.220602989196777,209416000,0.0,0.0
2021-04-29 00:00:00-04:00,15.343399043611141,15.379764870090474,15.016106605297141,15.268425941467285,173196000,0.0,0.0
2021-04-30 00:00:00-04:00,15.118727772895102,15.308526913285368,14.941879438167428,14.954333305358887,201912000,0.0,0.0
2021-05-03 00:00:00-04:00,15.06941043878628,15.19071284416774,14.733151247079403,14.782219886779785,203912000,0.0,0.0
2021-05-04 00:00:00-04:00,14.583452977403262,14.583701921742202,13.958757564248552,14.298503875732422,405324000,0.0,0.0
2021-05-05 00:00:00-04:00,14.654937338900202,14.759054021385886,14.334619173139814,14.40535831451416,292024000,0.0,0.0
2021-05-06 00:00:00-04:00,14.441977443400178,14.517698344378216,14.165747041733361,14.469625473022461,193380000,0.0,0.0
2021-05-07 00:00:00-04:00,14.753824629308104,14.915726811597322,14.617825960036255,14.75780963897705,229328000,0.0,0.0
2021-05-10 00:00:00-04:00,14.732902772330645,14.751584051485553,14.197627731992897,14.213319778442383,268904000,0.0,0.0
2021-05-11 00:00:00-04:00,13.774188670983172,14.301991547121727,13.69946450914894,14.253669738769531,285584000,0.0,0.0
2021-05-12 00:00:00-04:00,13.958010377250185,14.20783933441675,13.658864784297744,13.70793342590332,303408000,0.0,0.0
2021-05-13 00:00:00-04:00,13.982170917934267,14.028999059175959,13.409533367126928,13.615025520324707,285404000,0.0,0.0
2021-05-14 00:00:00-04:00,13.838951467039104,14.275341444847527,13.697971040090284,14.190653800964355,258616000,0.0,0.0
2021-05-17 00:00:00-04:00,14.104968793564424,14.117173718298679,13.802585013316975,14.11343765258789,216980000,0.0,0.0
2021-05-18 00:00:00-04:00,14.214565990259484,14.35131151460924,13.952532083750327,13.964239120483398,186256000,0.0,0.0
2021-05-19 00:00:00-04:00,13.516638780467643,14.027753839066552,13.493474603613123,14.014054298400879,344000000,0.0,0.0
2021-05-20 00:00:00-04:00,14.249932964504612,14.629782114343872,14.218050986432957,14.558794021606445,321592000,0.0,0.0
2021-05-21 00:00:00-04:00,15.108020946469555,15.166057295834724,14.814852817095339,14.936653137207031,672992000,0.0,0.0
2021-05-24 00:00:00-04:00,15.156588205382036,15.687131342210156,15.120222378827417,15.554620742797852,554816000,0.0,0.0
2021-05-25 00:00:00-04:00,15.708052890917713,15.760359702554151,15.425595157911804,15.590237617492676,435408000,0.0,0.0
2021-05-26 00:00:00-04:00,15.676421168733075,15.735702226871508,15.528965356400244,15.64229679107666,370440000,0.0,0.0
2021-05-27 00:00:00-04:00,15.642047824221699,15.692113190945143,15.403179081309112,15.431076049804688,581476000,0.0,0.0
2021-05-28 00:00:00-04:00,15.44403099782794,16.21767694767889,15.44403099782794,16.184797286987305,644536000,0.0,0.0
2021-06-01 00:00:00-04:00,16.210203934751263,16.328019228538366,15.844801122756069,16.204723358154297,472804000,0.0,0.0
2021-06-02 00:00:00-04:00,16.19252112571894,16.85657172590824,16.175832350111072,16.71658706665039,594168000,0.0,0.0
2021-06-03 00:00:00-04:00,16.639368724927916,17.19556736897667,16.522051333849653,16.907379150390625,580008000,0.0,0.0
2021-06-04 00:00:00-04:00,17.04960345412486,17.596087541905547,17.032667639127915,17.513643264770508,617120000,0.0,0.0
2021-06-07 00:00:00-04:00,17.5066719180592,17.747034348298172,17.12956302093456,17.554244995117188,575756000,0.0,0.0
2021-06-08 00:00:00-04:00,17.462832709701473,17.556736040763386,17.18759717009018,17.392841339111328,323848000,0.0,0.0
2021-06-09 00:00:00-04:00,17.455376379612076,17.514422030951746,17.19627233755803,17.298418045043945,381656000,0.004,0.0
2021-06-10 00:00:00-04:00,17.290194588207186,17.43170530908903,17.1167945825232,17.36493492126465,287772000,0.0,0.0
2021-06-11 00:00:00-04:00,17.419244544356054,17.87741082097193,17.383618344263905,17.763803482055664,416308000,0.0,0.0
2021-06-14 00:00:00-04:00,17.84427788430058,17.97731685623669,17.60186647716937,17.95663833618164,321376000,0.0,0.0
2021-06-15 00:00:00-04:00,17.8532435771717,17.954144239824995,17.666887937659716,17.7271785736084,243032000,0.0,0.0
2021-06-16 00:00:00-04:00,17.729425885437355,17.892860137369315,17.523885687576584,17.748857498168945,307124000,0.0,0.0
2021-06-17 00:00:00-04:00,17.713230770641097,18.770074396069546,17.69504416542192,18.592937469482422,809656000,0.0,0.0
2021-06-18 00:00:00-04:00,18.71925067030263,19.30821305776164,18.51993932359038,18.574501037597656,968856000,0.0,0.0
2021-06-21 00:00:00-04:00,18.37170513870822,18.472607738221978,17.761317116263903,18.363733291625977,672384000,0.0,0.0
2021-06-22 00:00:00-04:00,18.407828248625574,18.89838188023769,18.32262225653675,18.821645736694336,580144000,0.0,0.0
2021-06-23 00:00:00-04:00,18.942229189755093,19.086729825944072,18.842573513046347,18.991558074951172,332356000,0.0,0.0
2021-06-24 00:00:00-04:00,19.161471913925485,19.353058520618433,19.022451210045137,19.139297485351562,320924000,0.0,0.0
2021-06-25 00:00:00-04:00,19.21404094846536,19.278817427102744,18.829371801358914,18.96540069580078,278364000,0.0,0.0
2021-06-28 00:00:00-04:00,19.294512263445398,20.009539746281707,19.25240821728546,19.916112899780273,495436000,0.0,0.0
2021-06-29 00:00:00-04:00,19.81396426181728,20.029468310884855,19.58924145905206,19.957717895507812,367632000,0.0,0.0
2021-06-30 00:00:00-04:00,19.93031286945108,20.093000115257194,19.795279984425818,19.933551788330078,326568000,0.0,0.0
2021-07-01 00:00:00-04:00,20.055628261505312,20.385486666849392,19.949992750888118,20.1423282623291,480136000,0.0,0.0
2021-07-02 00:00:00-04:00,20.369791959842154,20.434568434216665,20.217817481948444,20.416379928588867,342764000,0.0,0.0
2021-07-06 00:00:00-04:00,20.666016614407923,20.770156218101576,20.280102477408526,20.627151489257812,446708000,0.0,0.0
2021-07-07 00:00:00-04:00,20.781620788688226,20.803046315753402,20.261918703161886,20.301530838012695,418428000,0.0,0.0
2021-07-08 00:00:00-04:00,19.788052722862183,20.063598390632993,19.632839339363898,19.834142684936523,503300000,0.0,0.0
2021-07-09 00:00:00-04:00,19.89369121039719,20.011035507147476,19.68615897824223,19.981138229370117,296624000,0.0,0.0
2021-07-12 00:00:00-04:00,20.170233652591747,20.46197396708829,20.118163846582572,20.441795349121094,321984000,0.0,0.0
2021-07-13 00:00:00-04:00,20.330179245184596,20.390720799183015,20.044667777946696,20.180198669433594,290708000,0.0,0.0
2021-07-14 00:00:00-04:00,20.287576714298133,20.34736936190273,19.684662607285635,19.77310562133789,380100000,0.0,0.0
2021-07-15 00:00:00-04:00,19.743461697812513,19.778589906396334,18.793496553631783,18.900875091552734,550564000,0.0,0.0
2021-07-16 00:00:00-04:00,18.96490214619044,19.09096527868611,18.01070219908961,18.098398208618164,688224000,0.0,0.0
2021-07-19 00:00:00-04:00,17.853497190988364,18.976362343498174,17.803917401134495,18.715017318725586,749060000,0.0,0.0
2021-07-20 00:00:00-04:00,18.665435297973314,18.77306281313049,18.10138637367849,18.547842025756836,434687000,0.0,4.0
2021-07-21 00:00:00-04:00,18.81691585718277,19.45969307152444,18.67739902955173,19.343095779418945,371017000,0.0,0.0
2021-07-22 00:00:00-04:00,19.574295529309875,19.818449966161833,19.209555981723096,19.526460647583008,323826000,0.0,0.0
2021-07-23 00:00:00-04:00,19.5882451844346,19.632094138275786,19.18364454445937,19.490583419799805,195672000,0.0,0.0
2021-07-26 00:00:00-04:00,19.24444061109095,19.374987702936075,18.84880770915418,19.22749900817871,203943000,0.0,0.0
2021-07-27 00:00:00-04:00,19.19858929482004,19.55435899807369,18.676395454611008,19.141786575317383,248863000,0.0,0.0
2021-07-28 00:00:00-04:00,19.252409967559455,19.57828250324593,18.929527349738116,19.435775756835938,202191000,0.0,0.0
2021-07-29 00:00:00-04:00,19.451720092622526,19.78457038148823,19.261378455641132,19.594228744506836,190781000,0.0,0.0
2021-07-30 00:00:00-04:00,19.35106352111419,19.56233262989459,19.196599037799633,19.431785583496094,183497000,0.0,0.0
2021-08-02 00:00:00-04:00,19.63209411744404,19.892194121271995,19.294261963742557,19.681921005249023,217444000,0.0,0.0
2021-08-03 00:00:00-04:00,19.67195614363054,20.152295043077654,19.153748123448008,19.7466983795166,301811000,0.0,0.0
2021-08-04 00:00:00-04:00,19.921100999961453,20.2479715136642,19.75965870532735,20.20412254333496,231309000,0.0,0.0
2021-08-05 00:00:00-04:00,20.42933387160919,20.661530493054816,20.271877575083252,20.565860748291016,211435000,0.0,0.0
2021-08-06 00:00:00-04:00,20.453257506969045,20.49909848157322,20.14033873074639,20.295801162719727,178497000,0.0,0.0
2021-08-09 00:00:00-04:00,20.375524755184056,20.437311323897866,20.073569653993285,20.225046157836914,146443000,0.0,0.0
2021-08-10 00:00:00-04:00,20.25195008967123,20.35957761344973,19.766627375953473,19.867280960083008,179238000,0.0,0.0
2021-08-11 00:00:00-04:00,19.973904140760318,19.97988397370261,19.363018397067457,19.63109016418457,185925000,0.0,0.0
2021-08-12 00:00:00-04:00,19.801506528249956,19.95995693048754,19.55236830867384,19.83638572692871,151652000,0.0,0.0
2021-08-13 00:00:00-04:00,19.836388472220936,20.1443233694404,19.782573757798062,20.118412017822266,183063000,0.0,0.0
2021-08-16 00:00:00-04:00,20.065593064053427,20.217069532094754,19.385942869614865,19.8812313079834,210876000,0.0,0.0
2021-08-17 00:00:00-04:00,19.617148941747843,19.70185695099313,19.200590439736775,19.390932083129883,204585000,0.0,0.0
2021-08-18 00:00:00-04:00,19.432786399803497,19.56632529724626,18.93450982544956,18.97437286376953,285913000,0.0,0.0
2021-08-19 00:00:00-04:00,19.42680433496521,20.424355275719023,18.697327164065186,19.72975730895996,766555000,0.0,0.0
2021-08-20 00:00:00-04:00,19.92209227489408,20.79308023295475,19.864293533156978,20.74424934387207,675741000,0.0,0.0
2021-08-23 00:00:00-04:00,20.89871354691562,21.921175993171637,20.877786025238045,21.88231086730957,575807000,0.0,0.0
2021-08-24 00:00:00-04:00,21.678021018612597,21.883310344893474,21.46077202046187,21.71788215637207,297299000,0.0,0.0
2021-08-25 00:00:00-04:00,21.662071688084197,22.392544826376568,21.64712400159845,22.136430740356445,347701000,0.0,0.0
2021-08-26 00:00:00-04:00,22.123476878003054,22.262993686713813,21.714890308972432,21.991931915283203,237940000,0.0,0.0
2021-08-27 00:00:00-04:00,22.107532230785125,22.643677862471055,22.090590631749375,22.557973861694336,304722000,0.0,0.0
2021-08-30 00:00:00-04:00,22.751305343048546,22.963570482185514,22.473267719877327,22.60979461669922,262580000,0.0,0.0
2021-08-31 00:00:00-04:00,22.62075674664323,22.62075674664323,22.04763890496798,22.311771392822266,259850000,0.004,0.0
2021-09-01 00:00:00-04:00,22.41144663929597,22.622753028655936,22.283865100248764,22.367589950561523,201767000,0.0,0.0
2021-09-02 00:00:00-04:00,22.444337387679806,22.51909280352411,22.222067304803737,22.322736740112305,187834000,0.0,0.0
2021-09-03 00:00:00-04:00,22.25197291405603,22.910810001392324,22.127381804573318,22.768278121948242,280532000,0.0,0.0
2021-09-07 00:00:00-04:00,22.758304039244056,22.82408811086323,22.44832062700257,22.58786392211914,198107000,0.0,0.0
2021-09-08 00:00:00-04:00,22.439355044930288,22.53603785625392,21.905107228441466,22.26592445373535,254434000,0.0,0.0
2021-09-09 00:00:00-04:00,22.239010734032167,22.464271249955324,22.05860308506016,22.10445213317871,196856000,0.0,0.0
2021-09-10 00:00:00-04:00,22.274892739720574,22.551983198863454,22.19714878261406,22.404468536376953,248376000,0.0,0.0
2021-09-13 00:00:00-04:00,22.609797693327096,22.888882461215875,21.786499434109167,22.079538345336914,297500000,0.0,0.0
2021-09-14 00:00:00-04:00,22.202135861768,22.336694491367744,22.013754920994057,22.16924476623535,199755000,0.0,0.0
2021-09-15 00:00:00-04:00,22.236022722228473,22.29383355511717,21.894144334606132,22.26791763305664,166538000,0.0,0.0
2021-09-16 00:00:00-04:00,22.11043774594107,22.204130125637935,21.855274630502613,22.16924476623535,156033000,0.0,0.0
2021-09-17 00:00:00-04:00,22.227050730218956,22.247981943060058,21.758588894411496,21.828359603881836,294503000,0.0,0.0
2021-09-20 00:00:00-04:00,21.076826867613953,21.362888683857676,20.594410879277827,21.043935775756836,349440000,0.0,0.0
2021-09-21 00:00:00-04:00,21.34693855063017,21.354911802354714,20.881467187077302,21.176498413085938,204688000,0.0,0.0
2021-09-22 00:00:00-04:00,21.296102923922355,21.888159587451916,21.126658982440958,21.86922264099121,268726000,0.0,0.0
2021-09-23 00:00:00-04:00,22.067572722802016,22.461281014018834,21.818390548782627,22.40845489501953,248555000,0.0,0.0
2021-09-24 00:00:00-04:00,21.997802477816837,22.076544517927047,21.78948654099759,22.008766174316406,217655000,0.0,0.0
2021-09-27 00:00:00-04:00,21.638979428215535,21.72768898320493,21.25524054701434,21.589143753051758,245215000,0.0,0.0
2021-09-28 00:00:00-04:00,21.144603190689022,21.348932496688196,20.58344330923957,20.63128662109375,343069000,0.0,0.0
2021-09-29 00:00:00-04:00,20.87149907318932,20.94824684688675,20.400044932702517,20.44988250732422,218394000,0.0,0.0
2021-09-30 00:00:00-04:00,20.70006335689361,20.997088873720934,20.620325128983062,20.64823341369629,221009000,0.0,0.0
2021-10-01 00:00:00-04:00,20.68212181172919,20.79076450155357,20.13691029679446,20.674148559570312,240978000,0.0,0.0
2021-10-04 00:00:00-04:00,20.436927789431792,20.474803591708355,19.491032716054217,19.66745376586914,345635000,0.0,0.0
2021-10-05 00:00:00-04:00,19.884744983978333,20.580461803916965,19.78905832754663,20.384105682373047,279282000,0.0,0.0
2021-10-06 00:00:00-04:00,20.054185321506793,20.652221111305703,20.014315254928512,20.632287979125977,297202000,0.0,0.0
2021-10-07 00:00:00-04:00,21.023008059010746,21.25225718403866,20.90340163831858,21.006065368652344,256919000,0.0,0.0
2021-10-08 00:00:00-04:00,21.031972742875528,21.136628803152057,20.707038964304342,20.762855529785156,151258000,0.0,0.0
2021-10-11 00:00:00-04:00,20.507695778664687,20.994098397870303,20.443904055764555,20.627302169799805,163388000,0.0,0.0
2021-10-12 00:00:00-04:00,20.759866211548562,20.988117194123532,20.460848337072985,20.60338020324707,162134000,0.0,0.0
2021-10-13 00:00:00-04:00,20.849573164865863,20.921338143306798,20.64524382851647,20.87050437927246,180652000,0.0,0.0
2021-10-14 00:00:00-04:00,21.21836559694219,21.68383706493013,21.052908229325823,21.674867630004883,243589000,0.0,0.0
2021-10-15 00:00:00-04:00,21.738653534036047,21.85925800191469,21.59113886513245,21.790483474731445,226994000,0.0,0.0
2021-10-18 00:00:00-04:00,21.677854960050606,22.218081780697908,21.57319699245635,22.149307250976562,189494000,0.0,0.0
2021-10-19 00:00:00-04:00,22.203126935634774,22.30579062746577,21.964910365115337,22.217082977294922,161473000,0.0,0.0
2021-10-20 00:00:00-04:00,22.23203574791411,22.359617290338466,21.910092397516213,22.030696868896484,146276000,0.0,0.0
2021-10-21 00:00:00-04:00,22.024712578350698,22.636704274322128,22.010758438417145,22.617765426635742,187590000,0.0,0.0
2021-10-22 00:00:00-04:00,22.748339913629675,23.054334844956028,22.48719785150225,22.651657104492188,249384000,0.0,0.0
2021-10-25 00:00:00-04:00,22.897850050486433,23.27860041757706,22.69551498837549,23.090219497680664,230235000,0.0,0.0
2021-10-26 00:00:00-04:00,23.9105291901344,25.176375311741033,23.845741281251218,24.636146545410156,485898000,0.0,0.0
2021-10-27 00:00:00-04:00,24.393939116260093,25.00792321942295,24.20256586759915,24.371013641357422,245990000,0.0,0.0
2021-10-28 00:00:00-04:00,24.796615700863228,24.86838066580957,24.4427774851292,24.85940933227539,234204000,0.0,0.0
2021-10-29 00:00:00-04:00,24.91921563206718,25.624899789420567,24.918219450808614,25.48336410522461,292503000,0.0,0.0
2021-11-01 00:00:00-04:00,25.565096437115333,25.809293921603484,25.144476013269458,25.74251365661621,265740000,0.0,0.0
2021-11-02 00:00:00-04:00,25.737533548022185,26.59073246242579,25.715604250404937,26.314638137817383,294112000,0.0,0.0
2021-11-03 00:00:00-04:00,26.582757025267508,26.696384427226477,26.14918053197211,26.5109920501709,239910000,0.0,0.0
2021-11-04 00:00:00-04:00,27.139927249878582,31.26239704427072,27.02929029769168,29.703514099121094,1153631000,0.0,0.0
2021-11-05 00:00:00-04:00,30.088251003295557,31.297282321186877,29.313792339899493,29.654674530029297,851260000,0.0,0.0
2021-11-08 00:00:00-05:00,30.05037569360793,30.998264961741995,29.809166754618374,30.70323371887207,503101000,0.0,0.0
2021-11-09 00:00:00-05:00,32.17639923609389,32.204307519629445,29.86598118563401,30.556713104248047,646746000,0.0,0.0
2021-11-10 00:00:00-05:00,29.25996904882886,30.74908123163005,28.683858832683175,29.36263084411621,636206000,0.0,0.0
2021-11-11 00:00:00-05:00,30.368332333995184,30.489932984419298,29.679592774599925,30.290586471557617,332172000,0.0,0.0
2021-11-12 00:00:00-05:00,29.911830378451516,30.579638725096128,29.53307238423617,30.290586471557617,413054000,0.0,0.0
2021-11-15 00:00:00-05:00,30.45206106579167,30.543759180639718,29.151329561322342,29.92678451538086,384909000,0.0,0.0
2021-11-16 00:00:00-05:00,29.661652535322734,30.29058701140295,29.608824510774056,30.104198455810547,264484000,0.0,0.0
2021-11-17 00:00:00-05:00,30.31850008011311,30.409203919072276,28.705792629391418,29.165285110473633,428508000,0.0,0.0
2021-11-18 00:00:00-05:00,32.26112015873358,32.65283230814321,31.21854045241291,31.571382522583008,781711000,0.0,0.0
2021-11-19 00:00:00-05:00,32.13752850967371,32.97976560905506,31.800634810586825,32.87710189819336,533867000,0.0,0.0
2021-11-22 00:00:00-05:00,33.40735581710539,34.533660369454104,31.795646751201797,31.851463317871094,754335000,0.0,0.0
2021-11-23 00:00:00-05:00,31.431842568314533,32.25414458908274,30.778984519657556,31.642152786254883,532163000,0.0,0.0
2021-11-24 00:00:00-05:00,31.358084433513884,32.74752344863697,30.82682705345173,32.567115783691406,435162000,0.0,0.0
2021-11-26 00:00:00-05:00,32.49335192952601,32.602992687560196,31.24744303882468,31.39994239807129,283069000,0.0,0.0
2021-11-29 00:00:00-05:00,32.26012091262168,33.30269671767384,31.93119862998533,33.266815185546875,454964000,0.0,0.0
2021-11-30 00:00:00-05:00,33.06049435573746,33.24389436052743,31.759764944757165,32.56910705566406,622066000,0.0,0.0
2021-12-01 00:00:00-05:00,33.114390390664795,33.184169646455935,31.281179063188567,31.33600616455078,484368000,0.004,0.0
2021-12-02 00:00:00-05:00,31.1157068428457,32.375726406688585,30.92730092976172,32.02483367919922,472890000,0.0,0.0
2021-12-03 00:00:00-05:00,31.89922328972484,32.02781864594945,30.03511159214112,30.59634017944336,544325000,0.0,0.0
2021-12-06 00:00:00-05:00,29.785896749769435,30.145759897248112,27.949698785402717,29.94240379333496,658938000,0.0,0.0
2021-12-07 00:00:00-05:00,30.859514259780514,32.346816391112846,30.554476224251633,32.32488250732422,593053000,0.0,0.0
2021-12-08 00:00:00-05:00,31.898232211155804,32.188316185516875,31.322051376993954,31.72577667236328,475551000,0.0,0.0
2021-12-09 00:00:00-05:00,31.634067833772882,32.10358720973074,30.33218071455872,30.393985748291016,488507000,0.0,0.0
2021-12-10 00:00:00-05:00,31.051903118678588,31.206415682530494,29.766962833942674,30.102901458740234,488825000,0.0,0.0
2021-12-13 00:00:00-05:00,30.15374302232693,30.19860138828651,28.02745875745351,28.072317123413086,598344000,0.0,0.0
2021-12-14 00:00:00-05:00,27.611778803000284,28.587696148638486,27.164193239718866,28.247770309448242,667035000,0.0,0.0
2021-12-15 00:00:00-05:00,28.31056675334451,30.403954139971678,27.75033624261141,30.363082885742188,698297000,0.0,0.0
2021-12-16 00:00:00-05:00,31.053895348302806,31.061869576386897,28.004528853648427,28.2976016998291,707366000,0.0,0.0
2021-12-17 00:00:00-05:00,27.896870039197612,28.830919505652275,27.67257823059536,27.713449478149414,713758000,0.0,0.0
2021-12-20 00:00:00-05:00,27.219012340762006,28.05536898927544,27.059516359346297,27.6317081451416,461847000,0.0,0.0
2021-12-21 00:00:00-05:00,28.284645850680768,29.028296854991318,27.31470852270142,28.98343849182129,524385000,0.0,0.0
2021-12-22 00:00:00-05:00,28.800015295930997,29.461923742071825,28.359405933040755,29.307411193847656,395184000,0.0,0.0
2021-12-23 00:00:00-05:00,29.66129709262339,29.964340611891693,29.338318000778614,29.546659469604492,343022000,0.0,0.0
2021-12-27 00:00:00-05:00,29.566592584176444,30.989098625583328,29.546655113197424,30.847545623779297,403686000,0.0,0.0
2021-12-28 00:00:00-05:00,31.21339111350028,31.231334077242877,29.91748399123054,30.22650909423828,420591000,0.0,0.0
2021-12-29 00:00:00-05:00,30.177667453136895,30.451801065304423,29.273522212886757,29.906522750854492,343139000,0.0,0.0
2021-12-30 00:00:00-05:00,29.73306863749012,30.36108570963226,29.44697370362588,29.492828369140625,308864000,0.0,0.0
2021-12-31 00:00:00-05:00,29.580548773634128,29.93542853604102,29.238628557646763,29.318376541137695,266530000,0.0,0.0
2022-01-03 00:00:00-05:00,29.721106030264906,30.61428422261977,29.69119982289277,30.026142120361328,391547000,0.0,0.0
2022-01-04 00:00:00-05:00,30.18165478340745,30.372053287940535,28.25972677192673,29.197763442993164,527154000,0.0,0.0
2022-01-05 00:00:00-05:00,28.857834470045624,29.323364772152377,27.446295212189224,27.517070770263672,498064000,0.0,0.0
2022-01-06 00:00:00-05:00,27.55295241716997,28.34843960109803,26.979764412182007,28.089258193969727,454186000,0.0,0.0
2022-01-07 00:00:00-05:00,28.05238341839338,28.332498673129898,26.971795448875977,27.161197662353516,409939000,0.0,0.0
2022-01-10 00:00:00-05:00,26.497290128969677,27.382494114013422,25.5632406683439,27.313711166381836,594681000,0.0,0.0
2022-01-11 00:00:00-05:00,27.23695493896439,27.97661882621992,26.754479886883722,27.729398727416992,404089000,0.0,0.0
2022-01-12 00:00:00-05:00,27.978608560513216,28.504945618330236,27.52105444566208,27.910823822021484,383413000,0.0,0.0
2022-01-13 00:00:00-05:00,28.289631942753868,28.390313718259936,26.414554846853214,26.491313934326172,540171000,0.0,0.0
2022-01-14 00:00:00-05:00,26.21717640732011,27.111352875878474,26.12745967935316,26.857154846191406,395832000,0.0,0.0
2022-01-18 00:00:00-05:00,26.177302480368454,26.554112344866216,25.688845811972694,25.821426391601562,424270000,0.0,0.0
2022-01-19 00:00:00-05:00,25.996874104337753,26.45941170270569,24.973107843056518,24.988059997558594,488315000,0.0,0.0
2022-01-20 00:00:00-05:00,25.224311034871068,25.49844459786639,24.00217033924269,24.073944091796875,435181000,0.0,0.0
2022-01-21 00:00:00-05:00,23.432974653185838,24.744830454694682,23.189743544758542,23.30039405822754,718958000,0.0,0.0
2022-01-24 00:00:00-05:00,22.259676871868574,23.30636938474509,20.822218672511546,23.29839515686035,913982000,0.0,0.0
2022-01-25 00:00:00-05:00,22.474995512389242,22.870746504571382,21.9307154992586,22.253694534301758,664616000,0.0,0.0
2022-01-26 00:00:00-05:00,23.166815419200876,23.981242067414527,22.22977501124328,22.700288772583008,755959000,0.0,0.0
2022-01-27 00:00:00-05:00,23.49377731200437,23.919432592467135,21.606737447782898,21.87489128112793,573353000,0.0,0.0
2022-01-28 00:00:00-05:00,21.942682333906376,22.786018910319385,21.228937446273747,22.768075942993164,543774000,0.0,0.0
2022-01-31 00:00:00-05:00,23.10899542114048,24.43181805477135,22.97940564831107,24.408889770507812,564680000,0.0,0.0
2022-02-01 00:00:00-05:00,25.024941605227585,25.065812851502276,23.81476408120491,24.560409545898438,518925000,0.0,0.0
2022-02-02 00:00:00-05:00,25.712771637079914,25.735698020360548,24.475678597564364,25.16250991821289,543419000,0.0,0.0
2022-02-03 00:00:00-05:00,24.380977535591192,24.998027675942943,23.70511318165473,23.872583389282227,410178000,0.0,0.0
2022-02-04 00:00:00-05:00,23.89651089080567,24.557423171481002,23.557581418595635,24.24241828918457,354829000,0.0,0.0
2022-02-07 00:00:00-05:00,24.29524950581425,25.102698190128145,24.125784779344208,24.650129318237305,376868000,0.0,0.0
2022-02-08 00:00:00-05:00,24.28229068862886,25.1505481244359,23.90448448091836,25.028932571411133,410359000,0.0,0.0
2022-02-09 00:00:00-05:00,25.54131148574977,26.640838580536943,25.27315951224319,26.620901107788086,524282000,0.0,0.0
2022-02-10 00:00:00-05:00,25.913132946632484,26.840202434804148,25.519376491715878,25.7426700592041,513200000,0.0,0.0
2022-02-11 00:00:00-05:00,25.834385491481136,26.069642339244744,23.698134593993387,23.873579025268555,605472000,0.0,0.0
2022-02-14 00:00:00-05:00,23.858625081970295,24.796661591695667,23.680187951780663,24.190576553344727,440424000,0.0,0.0
2022-02-15 00:00:00-05:00,24.870427450931633,26.46140183291644,24.705948074593312,26.41156005859375,699869000,0.0,0.0
2022-02-16 00:00:00-05:00,26.17630213057579,26.498284846572346,25.47152798723601,26.427507400512695,732676000,0.0,0.0
2022-02-17 00:00:00-05:00,25.549285582156386,25.703798143147747,24.088900885684307,24.42982292175293,810595000,0.0,0.0
2022-02-18 00:00:00-05:00,24.590314838865833,24.9073141846699,23.027253892651444,23.567546844482422,761255000,0.0,0.0
2022-02-22 00:00:00-05:00,22.9624597952012,23.988218678165815,22.92757016662024,23.316341400146484,633422000,0.0,0.0
2022-02-23 00:00:00-05:00,23.727044613283795,24.078933611616357,22.230771994916,22.316499710083008,566511000,0.0,0.0
2022-02-24 00:00:00-05:00,20.948817318078245,23.725046427228275,20.82421097780637,23.67321014404297,735801000,0.0,0.0
2022-02-25 00:00:00-05:00,23.64630098063684,24.14073741705025,23.30737152091748,24.0809268951416,528866000,0.0,0.0
2022-02-28 00:00:00-05:00,23.91645018039807,24.587331249546192,23.632347792630455,24.308212280273438,477319000,0.0,0.0
2022-03-01 00:00:00-05:00,24.21450233159208,24.3002319386135,23.059151897859554,23.403064727783203,412056000,0.0,0.0
2022-03-02 00:00:00-05:00,23.685225970986814,24.336280413234043,23.34524228336605,24.147842407226562,389642000,0.004,0.0
2022-03-03 00:00:00-05:00,24.189714450005976,24.253524852561736,23.39907779476586,23.643348693847656,365095000,0.0,0.0
2022-03-04 00:00:00-05:00,23.314329501450473,23.609447114971164,22.41501653226553,22.867664337158203,431415000,0.0,0.0
2022-03-07 00:00:00-05:00,22.749020877092576,22.964378855624652,21.266451574671656,21.28838539123535,450821000,0.0,0.0
2022-03-08 00:00:00-05:00,21.24551620790643,22.30634551586361,20.58847910622701,21.449905395507812,557467000,0.0,0.0
2022-03-09 00:00:00-05:00,22.320301778530236,23.150820212926504,22.1807194875951,22.9454345703125,492742000,0.0,0.0
2022-03-10 00:00:00-05:00,22.463869834153396,22.720104081485786,21.816803338925023,22.590492248535156,428066000,0.0,0.0
2022-03-11 00:00:00-05:00,22.953410808497686,23.076045454723392,21.980318734826213,22.03415870666504,367209000,0.0,0.0
2022-03-14 00:00:00-04:00,21.80384458359265,22.195673358229172,21.095960818464654,21.266450881958008,385354000,0.0,0.0
2022-03-15 00:00:00-04:00,21.453891221892214,22.969363152831257,21.25847601527962,22.904556274414062,491996000,0.0,0.0
2022-03-16 00:00:00-04:00,23.429984670978083,24.523716417538445,23.102962788581674,24.423017501831055,671422000,0.0,0.0
2022-03-17 00:00:00-04:00,24.04813969626861,24.76798684900342,23.834776570421486,24.692214965820312,471941000,0.0,0.0
2022-03-18 00:00:00-04:00,24.725112338972878,26.489839164055603,24.55063450386545,26.374183654785156,730719000,0.0,0.0
2022-03-21 00:00:00-04:00,26.42802540885607,27.07110416186951,25.889633364007818,26.654348373413086,591727000,0.0,0.0
2022-03-22 00:00:00-04:00,26.647369201302396,27.156848316591432,25.994321917033023,26.444974899291992,547007000,0.0,0.0
2022-03-23 00:00:00-04:00,26.048157589776604,26.53270962394399,25.498800590929083,25.55762481689453,502120000,0.0,0.0
2022-03-24 00:00:00-04:00,26.088045093021876,28.23562710130492,25.82981594503605,28.066133499145508,877379000,0.0,0.0
2022-03-25 00:00:00-04:00,27.802919332389703,28.273513231464275,27.189751821010642,27.6094970703125,579016000,0.0,0.0
2022-03-28 00:00:00-04:00,27.673304055239864,28.165831710193313,27.12494158890915,28.134923934936523,425494000,0.0,0.0
2022-03-29 00:00:00-04:00,28.60950676132991,28.85975839254765,27.896636856560235,28.57062339782715,488984000,0.0,0.0
2022-03-30 00:00:00-04:00,28.219672974520872,28.41110037401944,27.42105885059828,27.607501983642578,463487000,0.0,0.0
2022-03-31 00:00:00-04:00,27.69922874957192,28.163840001448694,27.188755016987574,27.2047061920166,523440000,0.0,0.0
2022-04-01 00:00:00-04:00,27.29343666637843,27.41407643804831,26.188738130769117,26.63241195678711,517235000,0.0,0.0
2022-04-04 00:00:00-04:00,26.648374806098307,27.475902063117733,26.53371763272611,27.278491973876953,397120000,0.0,0.0
2022-04-05 00:00:00-04:00,27.17280089255996,27.237607768198263,25.743073244909805,25.853742599487305,436615000,0.0,0.0
2022-04-06 00:00:00-04:00,24.859716112456148,25.22462494159722,23.93149001085727,24.334285736083984,703833000,0.0,0.0
2022-04-07 00:00:00-04:00,24.368179386256767,24.64834229932388,23.40804924530621,24.135873794555664,557992000,0.0,0.0
2022-04-08 00:00:00-04:00,23.84574416968649,23.851726811207488,22.993291917921837,23.050121307373047,524781000,0.0,0.0
2022-04-11 00:00:00-04:00,22.147817756385205,22.253500942815894,21.59546745592254,21.851701736450195,575207000,0.0,0.0
2022-04-12 00:00:00-04:00,22.469853150059922,22.657292742627583,21.218591274800133,21.439929962158203,662258000,0.0,0.0
2022-04-13 00:00:00-04:00,21.663265165709976,22.432964462991524,21.39107781519928,22.13684844970703,516943000,0.0,0.0
2022-04-14 00:00:00-04:00,22.437946450799743,22.70913730080681,21.09994582726885,21.19466209411621,569097000,0.0,0.0
2022-04-18 00:00:00-04:00,21.13683828693259,22.02219119866503,21.016198500677564,21.718101501464844,525701000,0.0,0.0
2022-04-19 00:00:00-04:00,21.655286167385736,22.3063404800413,21.25049567770769,22.13186264038086,512781000,0.0,0.0
2022-04-20 00:00:00-04:00,22.449907554543373,22.602451547309666,21.136832308542328,21.417991638183594,468974000,0.0,0.0
2022-04-21 00:00:00-04:00,21.64431805927398,22.32528363593372,19.940410359200147,20.122865676879883,656209000,0.0,0.0
2022-04-22 00:00:00-04:00,20.242514041017387,20.42496942149323,19.441906791588313,19.45686149597168,624713000,0.0,0.0
2022-04-25 00:00:00-04:00,19.14479141968029,19.885577840769354,19.039108228053102,19.84270668029785,641566000,0.0,0.0
2022-04-26 00:00:00-04:00,19.659254708106264,19.72904585331805,18.614376672651343,18.732025146484375,653143000,0.0,0.0
2022-04-27 00:00:00-04:00,18.542587544483734,19.10989247416375,18.23550655747405,18.36013412475586,499460000,0.0,0.0
2022-04-28 00:00:00-04:00,18.910486477885513,19.977299987584416,18.43490842453144,19.723058700561523,570327000,0.0,0.0
2022-04-29 00:00:00-04:00,19.344197292068042,20.06803419949643,18.461833687592772,18.491744995117188,500435000,0.0,0.0
2022-05-02 00:00:00-04:00,18.48576255245507,19.51568405448222,18.336209816554007,19.474807739257812,572049000,0.0,0.0
2022-05-03 00:00:00-04:00,19.342200337321106,19.7659352569291,19.07599562451621,19.543598175048828,475751000,0.0,0.0
2022-05-04 00:00:00-04:00,19.86364548989257,20.339223690643312,18.695136244226077,20.273420333862305,648855000,0.0,0.0
2022-05-05 00:00:00-04:00,19.807809899114023,19.86563575823811,18.444882087815973,18.787857055664062,626331000,0.0,0.0
2022-05-06 00:00:00-04:00,18.68017713798414,19.45386415893865,17.93639951654731,18.61935806274414,633297000,0.0,0.0
2022-05-09 00:00:00-04:00,17.98027188540069,18.20061223010109,16.776867157808468,16.89950180053711,644455000,0.0,0.0
2022-05-10 00:00:00-04:00,17.636299465737004,18.143783810287378,16.974278119895548,17.542579650878906,761474000,0.0,0.0
2022-05-11 00:00:00-04:00,17.295320682799783,17.700111281920936,16.518642115598364,16.580455780029297,670167000,0.0,0.0
2022-05-12 00:00:00-04:00,16.17067961115199,16.73798466846581,15.520622598818264,16.12681007385254,708728000,0.0,0.0
2022-05-13 00:00:00-04:00,16.737985372316167,17.8745884809046,16.5435666197067,17.653249740600586,670437000,0.0,0.0
2022-05-16 00:00:00-04:00,17.456837299175664,17.73500542241008,17.055038053763205,17.212566375732422,521446000,0.0,0.0
2022-05-17 00:00:00-04:00,18.020149031920944,18.31626502100498,17.58146135414091,18.12284278869629,585830000,0.0,0.0
2022-05-18 00:00:00-04:00,17.652254100833233,18.064023819021532,16.813759960216448,16.88753890991211,545161000,0.0,0.0
2022-05-19 00:00:00-04:00,16.886539645818328,17.634305160902688,16.68414342710916,17.072982788085938,621310000,0.0,0.0
2022-05-20 00:00:00-04:00,17.28035798963529,17.35812469705209,15.708056231211636,16.644258499145508,739105000,0.0,0.0
2022-05-23 00:00:00-04:00,16.225514794885957,16.86460579941811,16.13079851441161,16.84765625,639889000,0.0,0.0
2022-05-24 00:00:00-04:00,16.460809506552845,16.547550187898246,15.732984010714674,16.10586929321289,588550000,0.0,0.0
2022-05-25 00:00:00-04:00,15.972274124910482,17.060023452980932,15.952333251945635,16.924428939819336,781132000,0.0,0.0
2022-05-26 00:00:00-04:00,15.9882223241749,18.03809652185166,15.974264096032462,17.797815322875977,996575000,0.0,0.0
2022-05-27 00:00:00-04:00,18.13181926193302,18.82474834379244,18.046075040592772,18.75495719909668,738379000,0.0,0.0
2022-05-31 00:00:00-04:00,18.923448310065066,19.14279403338094,18.295326242537005,18.61636734008789,664100000,0.0,0.0
2022-06-01 00:00:00-04:00,18.668214653926945,18.99623300147652,18.06800706571725,18.265417098999023,544514000,0.0,0.0
2022-06-02 00:00:00-04:00,18.237502324193954,19.56054844841514,18.143782516021254,19.533628463745117,648656000,0.0,0.0
2022-06-03 00:00:00-04:00,19.025147490431646,19.274402636121195,18.466814594887644,18.66422462463379,598779000,0.0,0.0
2022-06-06 00:00:00-04:00,19.081977060607624,19.27938709229923,18.508689459205605,18.73002815246582,422406000,0.0,0.0
2022-06-07 00:00:00-04:00,18.416965795176733,18.9433925831492,18.133811531545238,18.869613647460938,388914000,0.0,0.0
2022-06-08 00:00:00-04:00,18.74695746915526,19.126903243016258,18.48368837591233,18.596376419067383,363252000,0.004,0.0
2022-06-09 00:00:00-04:00,18.429837257031576,18.880585584914794,17.99105484045959,17.998035430908203,395574000,0.0,0.0
2022-06-10 00:00:00-04:00,17.55127599699547,17.648007580932866,16.82229882218963,16.92700958251953,465248000,0.0,0.0
2022-06-13 00:00:00-04:00,15.955702020878928,16.266838484183843,15.562792805356883,15.603679656982422,604153000,0.0,0.0
2022-06-14 00:00:00-04:00,15.687445485050771,16.0215180076979,15.369328457737616,15.792155265808105,469680000,0.0,0.0
2022-06-15 00:00:00-04:00,16.050439932166825,16.821300578805904,15.881908139766276,16.481245040893555,563936000,0.0,0.0
2022-06-16 00:00:00-04:00,15.816090696879078,15.897864407425715,15.358361819515217,15.557807922363281,545749000,0.0,0.0
2022-06-17 00:00:00-04:00,15.604677679322638,15.950717118320277,15.285563915858456,15.83603572845459,630334000,0.0,0.0
2022-06-21 00:00:00-04:00,16.429382524263666,16.96090573452443,16.361570019147393,16.520130157470703,483089000,0.0,0.0
2022-06-22 00:00:00-04:00,16.18107512298737,16.615868797299967,16.135202954286214,16.31470489501953,437135000,0.0,0.0
2022-06-23 00:00:00-04:00,16.473265177528255,16.539082437023865,15.809109627633456,16.18008041381836,463680000,0.0,0.0
2022-06-24 00:00:00-04:00,16.454316515193973,17.092543941061024,16.26484203486428,17.078582763671875,472153000,0.0,0.0
2022-06-27 00:00:00-04:00,17.26407044859053,17.282020263994987,16.579968879448046,16.822296142578125,427968000,0.0,0.0
2022-06-28 00:00:00-04:00,16.853210426478878,17.15437435755345,15.900854507260869,15.937752723693848,461149000,0.0,0.0
2022-06-29 00:00:00-04:00,15.770218251263673,15.776201206281394,15.128001145361374,15.498970985412598,482352000,0.0,0.0
2022-06-30 00:00:00-04:00,15.318471504237966,15.523901498559498,14.820853441865891,15.11703109741211,686070000,0.0,0.0
2022-07-01 00:00:00-04:00,14.857751323588166,15.021296837715987,14.352155016267275,14.482791900634766,577610000,0.0,0.0
2022-07-05 00:00:00-04:00,14.135755105271844,14.929550817854716,14.016087452919178,14.92257022857666,651397000,0.0,0.0
2022-07-06 00:00:00-04:00,14.9684432720513,15.276587784305496,14.748054467101642,15.08811092376709,529066000,0.0,0.0
2022-07-07 00:00:00-04:00,15.413208995404638,15.900854523259023,15.346394102933195,15.814095497131348,492903000,0.0,0.0
2022-07-08 00:00:00-04:00,15.387281829188536,15.992601679207207,15.346394973873567,15.79415225982666,467972000,0.0,0.0
2022-07-11 00:00:00-04:00,15.483015309181383,15.484012943856513,14.996366451757986,15.110051155090332,437321000,0.0,0.0
2022-07-12 00:00:00-04:00,15.225730948704213,15.388279797798342,14.835813618249553,15.04024600982666,458483000,0.0,0.0
2022-07-13 00:00:00-04:00,14.549607579077355,15.332434145906136,14.424953642931776,15.122017860412598,521918000,0.0,0.0
2022-07-14 00:00:00-04:00,15.06617297485196,15.430162236147307,14.687224899011335,15.329442024230957,456235000,0.0,0.0
2022-07-15 00:00:00-04:00,15.615648276832916,15.73830694346338,15.40224003829484,15.718362808227539,385935000,0.0,0.0
2022-07-18 00:00:00-04:00,16.256868850127862,16.850220940420993,15.957700144549596,16.056425094604492,670517000,0.0,0.0
2022-07-19 00:00:00-04:00,16.440358091474902,17.062631077163257,16.127228231279975,16.944957733154297,702366000,0.0,0.0
2022-07-20 00:00:00-04:00,16.900078566553773,17.883348644030917,16.7544828947443,17.7576961517334,760538000,0.0,0.0
2022-07-21 00:00:00-04:00,17.835486394527994,18.09376823842625,17.49642751736756,18.000028610229492,557049000,0.0,0.0
2022-07-22 00:00:00-04:00,17.843463625700892,17.917258166341586,17.089556062811305,17.271053314208984,536671000,0.0,0.0
2022-07-25 00:00:00-04:00,16.971880453577725,17.076591197104143,16.602905897371375,16.97686767578125,480748000,0.0,0.0
2022-07-26 00:00:00-04:00,16.84224178303558,16.872159411075533,16.43238035984879,16.487228393554688,397865000,0.0,0.0
2022-07-27 00:00:00-04:00,16.984844729606653,17.886343144331377,16.866174710818715,17.740747451782227,569776000,0.0,0.0
2022-07-28 00:00:00-04:00,17.925235866496404,18.089778068252926,17.39171718778261,17.9342098236084,474646000,0.0,0.0
2022-07-29 00:00:00-04:00,17.763685253323978,18.193491806144685,17.643019947154993,18.112716674804688,435460000,0.0,0.0
2022-08-01 00:00:00-04:00,18.13166037008038,18.79382347486427,17.940192505913,18.389944076538086,476469000,0.0,0.0
2022-08-02 00:00:00-04:00,18.07182399714033,18.885564661360405,18.041906375651998,18.47470474243164,489527000,0.0,0.0
2022-08-03 00:00:00-04:00,18.1336539858444,18.915483721167206,18.086783232155426,18.84069061279297,418146000,0.0,0.0
2022-08-04 00:00:00-04:00,18.796820102527445,19.220642788518756,18.708065786644244,19.161806106567383,409652000,0.0,0.0
2022-08-05 00:00:00-04:00,18.75792468015069,19.17576531807126,18.61432423658541,18.936429977416992,386068000,0.0,0.0
2022-08-08 00:00:00-04:00,17.45354536402082,18.188504443935763,17.19426496293747,17.743738174438477,981859000,0.0,0.0
2022-08-09 00:00:00-04:00,17.204237068091455,17.398696888442636,16.67769900606931,17.0386962890625,668263000,0.0,0.0
2022-08-10 00:00:00-04:00,17.64900236749365,18.067839657584745,17.269056663137828,18.046897888183594,597422000,0.0,0.0
2022-08-11 00:00:00-04:00,18.080798399633373,18.655203751939545,17.826503392609226,17.89232063293457,509327000,0.0,0.0
2022-08-12 00:00:00-04:00,18.109721945226894,18.666177625548745,17.903294316475968,18.657201766967773,478094000,0.0,0.0
2022-08-15 00:00:00-04:00,18.64922796080583,19.110945527296405,18.561472236217575,18.979310989379883,457666000,0.0,0.0
2022-08-16 00:00:00-04:00,18.867619490970508,19.089004999072056,18.449778881107083,18.826732635498047,451240000,0.0,0.0
2022-08-17 00:00:00-04:00,18.47171996728055,18.636262177287165,18.094766197974923,18.284238815307617,446799000,0.0,0.0
2022-08-18 00:00:00-04:00,18.250332132443727,18.812769810722802,18.13265879882492,18.721025466918945,415447000,0.0,0.0
2022-08-19 00:00:00-04:00,18.355046410748177,18.46873114164052,17.720807382792895,17.799589157104492,441588000,0.0,0.0
2022-08-22 00:00:00-04:00,17.441578126782925,17.509390657788362,16.91902867077679,16.986841201782227,409593000,0.0,0.0
2022-08-23 00:00:00-04:00,16.94196640912856,17.4166484395593,16.923018006184385,17.133434295654297,369986000,0.0,0.0
2022-08-24 00:00:00-04:00,16.96490062655106,17.357810823683003,16.84822587028311,17.174320220947266,522661000,0.0,0.0
2022-08-25 00:00:00-04:00,16.797366467637275,17.897313400062618,16.78639724119501,17.863407135009766,770691000,0.0,0.0
2022-08-26 00:00:00-04:00,17.80756586241982,17.874379819726403,16.192049758099092,16.21498680114746,769127000,0.0,0.0
2022-08-29 00:00:00-04:00,15.97564621280239,16.292764661951434,15.723346430004725,15.757251739501953,496132000,0.0,0.0
2022-08-30 00:00:00-04:00,15.915814125564097,15.994594931513266,15.139968172102677,15.425176620483398,530181000,0.0,0.0
2022-08-31 00:00:00-04:00,15.341407879469896,15.496976116815032,14.91758433882462,15.052210807800293,573710000,0.0,0.0
2022-09-01 00:00:00-04:00,14.169661891977615,14.340188956278503,13.233262343519234,13.898415565490723,1178865000,0.0,0.0
2022-09-02 00:00:00-04:00,14.060964535551635,14.13176711995098,13.553372925822355,13.60921859741211,743157000,0.0,0.0
2022-09-06 00:00:00-04:00,13.6929833994128,13.74085083822802,13.314035378216058,13.427720069885254,535751000,0.0,0.0
2022-09-07 00:00:00-04:00,13.529468012385438,13.803788702525829,13.313004492414725,13.680094718933105,512657000,0.004,0.0
2022-09-08 00:00:00-04:00,13.425726414837639,13.97336992015191,13.335949711141568,13.955413818359375,624873000,0.0,0.0
2022-09-09 00:00:00-04:00,14.122002784340559,14.43821953278812,14.09108023220205,14.351434707641602,486612000,0.0,0.0
2022-09-12 00:00:00-04:00,14.333476599142045,14.511036035425132,14.162898875313989,14.46914005279541,484159000,0.0,0.0
2022-09-13 00:00:00-04:00,13.767878093148786,13.887581309355834,13.06661601426547,13.098536491394043,714956000,0.0,0.0
2022-09-14 00:00:00-04:00,13.221230840390966,13.25714208600549,12.881074316326442,13.095542907714844,588507000,0.0,0.0
2022-09-15 00:00:00-04:00,12.982824382811994,13.200284898230091,12.758380252068209,12.8970365524292,523625000,0.0,0.0
2022-09-16 00:00:00-04:00,12.710497048087857,13.179335313818578,12.585806090810705,13.165369987487793,670751000,0.0,0.0
2022-09-19 00:00:00-04:00,12.979832762404735,13.429718046056754,12.977837851259611,13.348917961120605,569685000,0.0,0.0
2022-09-20 00:00:00-04:00,13.182328122597518,13.449665184246959,13.024718760603728,13.143424034118652,524818000,0.0,0.0
2022-09-21 00:00:00-04:00,13.18033355166007,13.996311035255735,13.077587561187178,13.228214263916016,807679000,0.0,0.0
2022-09-22 00:00:00-04:00,13.037687792673827,13.116492959222398,12.39727571074283,12.529946327209473,759162000,0.0,0.0
2022-09-23 00:00:00-04:00,12.389296389257975,12.579824199786678,12.226699237698918,12.485058784484863,663309000,0.0,0.0
2022-09-26 00:00:00-04:00,12.460119453590893,12.627704338358164,12.183803837251507,12.197769165039062,547343000,0.0,0.0
2022-09-27 00:00:00-04:00,12.47607929062904,12.70451323216134,12.227695289178223,12.382311820983887,553854000,0.0,0.0
2022-09-28 00:00:00-04:00,12.379319288548018,12.791298357950701,12.323457977799615,12.704513549804688,542414000,0.0,0.0
2022-09-29 00:00:00-04:00,12.417226765945308,12.469098260371657,11.916467924408922,12.189790725708008,532763000,0.0,0.0
2022-09-30 00:00:00-04:00,12.05711917470624,12.601769867420833,12.045148756633207,12.108990669250488,565638000,0.0,0.0
2022-10-03 00:00:00-04:00,12.31647372975425,12.646655701474867,12.075071465670463,12.48106575012207,547478000,0.0,0.0
2022-10-04 00:00:00-04:00,12.847159945252836,13.187317472632325,12.847159945252836,13.134448051452637,584182000,0.0,0.0
2022-10-05 00:00:00-04:00,12.87908032737509,13.2880665303076,12.58979733374113,13.176342964172363,507131000,0.0,0.0
2022-10-06 00:00:00-04:00,13.187317554392024,13.622239538294219,13.07060622540916,13.097539901733398,644157000,0.0,0.0
2022-10-07 00:00:00-04:00,12.474083761565735,12.638675790831929,11.992278089651654,12.046144485473633,672478000,0.0,0.0
2022-10-10 00:00:00-04:00,12.00724185114814,12.094026663340596,11.379797153136787,11.641149520874023,698699000,0.0,0.0
2022-10-11 00:00:00-04:00,11.532416166894459,11.8167113736007,11.255103622772118,11.557354927062988,667482000,0.0,0.0
2022-10-12 00:00:00-04:00,11.550375185170276,11.705988711915621,11.316953468077253,11.471570014953613,492590000,0.0,0.0
2022-10-13 00:00:00-04:00,10.943876148054613,12.048139665363264,10.786266778590695,11.930431365966797,850103000,0.0,0.0
2022-10-14 00:00:00-04:00,12.0271914472458,12.081057843251315,11.176300644723986,11.199243545532227,713432000,0.0,0.0
2022-10-17 00:00:00-04:00,11.489522205300748,11.918459364976009,11.48852522568865,11.858607292175293,580774000,0.0,0.0
2022-10-18 00:00:00-04:00,12.313481973149718,12.4611158389974,11.589277019716143,11.937414169311523,659362000,0.0,0.0
2022-10-19 00:00:00-04:00,11.84963214701234,12.319468398644798,11.804743321043421,12.021206855773926,523131000,0.0,0.0
2022-10-20 00:00:00-04:00,12.083054517539724,12.737432910817912,12.075073921985922,12.163854598999023,652398000,0.0,0.0
2022-10-21 00:00:00-04:00,12.06809134335418,12.467103048862125,11.857613479696207,12.435181617736816,609494000,0.0,0.0
2022-10-24 00:00:00-04:00,12.477078338119243,12.678578622776968,12.034175742763328,12.567852973937988,517457000,0.0,0.0
2022-10-25 00:00:00-04:00,12.662616631719668,13.267118353397784,12.632690116328606,13.228214263916016,505482000,0.0,0.0
2022-10-26 00:00:00-04:00,12.837184898566917,13.354900896725308,12.676582681545735,12.864117622375488,532953000,0.0,0.0
2022-10-27 00:00:00-04:00,13.596302061670135,13.803787996713407,13.089557639646497,13.143424034118652,583113000,0.0,0.0
2022-10-28 00:00:00-04:00,13.071602334811837,13.815758246237337,13.028708425425865,13.799797058105469,521040000,0.0,0.0
2022-10-31 00:00:00-04:00,13.743935114438475,13.80378718885836,13.264124393389686,13.463629722595215,486341000,0.0,0.0
2022-11-01 00:00:00-04:00,13.77685473939127,13.890573215216364,13.4855768377865,13.509517669677734,432817000,0.0,0.0
2022-11-02 00:00:00-04:00,13.815760885842039,14.174870563722804,13.178340660596593,13.186320304870605,672628000,0.0,0.0
2022-11-03 00:00:00-04:00,13.010755424842653,13.746930863679363,12.923970612064814,13.38782024383545,500065000,0.0,0.0
2022-11-04 00:00:00-04:00,13.951423355113537,14.1938226319805,13.663137321682004,14.121003150939941,612576000,0.0,0.0
2022-11-07 00:00:00-05:00,14.192822695386663,14.37636779307645,13.919500910812577,14.265642166137695,410061000,0.0,0.0
2022-11-08 00:00:00-05:00,14.764407269491864,14.854184915550686,14.180853521426073,14.565899848937988,595292000,0.0,0.0
2022-11-09 00:00:00-05:00,14.12698780032859,14.175867398651944,13.724984235954823,13.741942405700684,454414000,0.0,0.0
2022-11-10 00:00:00-05:00,14.763409444549325,15.734003424063605,14.51103468975513,15.711060523986816,700819000,0.0,0.0
2022-11-11 00:00:00-05:00,15.767918688568072,16.34847952206211,15.44372241385744,16.286632537841797,655487000,0.0,0.0
2022-11-14 00:00:00-05:00,16.177907561308043,16.499112040814346,15.882638829501316,16.254716873168945,527852000,0.0,0.0
2022-11-15 00:00:00-05:00,16.680661045178866,16.955977806854108,16.341501419582265,16.624799728393555,545876000,0.0,0.0
2022-11-16 00:00:00-05:00,16.12204333727618,16.321547735639033,15.833757322153295,15.870665550231934,649547000,0.0,0.0
2022-11-17 00:00:00-05:00,15.67614983892832,16.22578826120925,15.496594526959475,15.638243675231934,710894000,0.0,0.0
2022-11-18 00:00:00-05:00,15.926527067026893,15.962439267152297,15.082618903576678,15.370904922485352,492072000,0.0,0.0
2022-11-21 00:00:00-05:00,15.109554936611273,15.438739057119866,15.042720181282743,15.279134750366211,404739000,0.0,0.0
2022-11-22 00:00:00-05:00,15.290107226570333,16.01830306476984,15.084616158544712,15.99835205078125,472866000,0.0,0.0
2022-11-23 00:00:00-05:00,16.05820026675545,16.486140496528126,16.008324643497133,16.478158950805664,427241000,0.0,0.0
2022-11-25 00:00:00-05:00,16.277656134662113,16.446237020144476,16.132017196689414,16.229774475097656,167934000,0.0,0.0
2022-11-28 00:00:00-05:00,15.986380720692408,16.316563724326194,15.6861261407486,15.787873268127441,303741000,0.0,0.0
2022-11-29 00:00:00-05:00,15.787871013684132,15.89261191979211,15.48163079273218,15.600336074829102,298384000,0.0,0.0
2022-11-30 00:00:00-05:00,15.662199992090873,16.89246723894382,15.562422258629718,16.885482788085938,565298000,0.004,0.0
2022-12-01 00:00:00-05:00,16.961313400800822,17.22672251600334,16.59812007687738,17.09701156616211,470977000,0.0,0.0
2022-12-02 00:00:00-05:00,16.622066938764753,16.895459640770735,16.408540682249722,16.838584899902344,371389000,0.0,0.0
2022-12-05 00:00:00-05:00,16.64202269753776,16.95732209492753,16.435480895818028,16.57317543029785,352255000,0.0,0.0
2022-12-06 00:00:00-05:00,16.49335453097424,16.53625847140246,15.783930339637903,15.951558113098145,352694000,0.0,0.0
2022-12-07 00:00:00-05:00,15.737033837548465,16.150116510882306,15.632266127408133,16.08426284790039,372388000,0.0,0.0
2022-12-08 00:00:00-05:00,16.236925874832792,17.140917543492012,15.923620885545601,17.130939483642578,515456000,0.0,0.0
2022-12-09 00:00:00-05:00,17.121954302942694,17.54401680190964,16.937365000489294,16.963306427001953,465338000,0.0,0.0
2022-12-12 00:00:00-05:00,16.999225447921326,17.49911405996947,16.75975781514761,17.49612045288086,457328000,0.0,0.0
2022-12-13 00:00:00-05:00,18.489910898821016,18.748337388277672,17.671729409316935,18.03192901611328,656589000,0.0,0.0
2022-12-14 00:00:00-05:00,17.94712099776623,18.211534767204142,17.38137864220524,17.634815216064453,496888000,0.0,0.0
2022-12-15 00:00:00-05:00,17.107985485394817,17.281599496574888,16.662975165285864,16.91441535949707,478542000,0.0,0.0
2022-12-16 00:00:00-05:00,16.82661330300129,17.003220944622573,16.373619336340138,16.53426170349121,478232000,0.0,0.0
2022-12-19 00:00:00-05:00,16.535258005172167,16.572174722426883,16.109204679647327,16.21796226501465,354039000,0.0,0.0
2022-12-20 00:00:00-05:00,16.028385941930914,16.27384085919094,15.81685699546008,16.049339294433594,403260000,0.0,0.0
2022-12-21 00:00:00-05:00,16.078275356146534,16.590138515163844,16.066300925017234,16.46441650390625,325025000,0.0,0.0
2022-12-22 00:00:00-05:00,16.05831892986543,16.102222004625823,14.849006080737974,15.30499267578125,565045000,0.0,0.0
2022-12-23 00:00:00-05:00,15.162308930007534,15.304991533429133,14.850003158774006,15.172286987304688,349326000,0.0,0.0
2022-12-27 00:00:00-05:00,15.04058027199165,15.066522651056324,14.024836646016347,14.089693069458008,464902000,0.0,0.0
2022-12-28 00:00:00-05:00,13.896122364527548,14.23037967097622,13.85321747946532,14.004880905151367,351066000,0.0,0.0
2022-12-29 00:00:00-05:00,14.370072594688443,14.65044883051526,14.19546036233586,14.570626258850098,354923000,0.0,0.0
2022-12-30 00:00:00-05:00,14.302221216588292,14.59656727894766,14.201445300640174,14.5816011428833,310490000,0.0,0.0
2023-01-03 00:00:00-05:00,14.81807613433421,14.96275513554216,14.06474980589438,14.28326416015625,401277000,0.0,0.0
2023-01-04 00:00:00-05:00,14.534703367464905,14.820068566207876,14.20942594066625,14.716299057006836,431324000,0.0,0.0
2023-01-05 00:00:00-05:00,14.458872413551465,14.531710520758232,14.11663246222546,14.233373641967773,389168000,0.0,0.0
2023-01-06 00:00:00-05:00,14.44191076025438,14.976722686175162,14.00288666985135,14.826057434082031,405044000,0.0,0.0
2023-01-09 00:00:00-05:00,15.250112319426053,16.020399981796864,15.107428781304353,15.59334945678711,504231000,0.0,0.0
2023-01-10 00:00:00-05:00,15.472619594978903,15.926610744079499,15.437697345288079,15.87372875213623,384101000,0.0,0.0
2023-01-11 00:00:00-05:00,15.804882316459198,15.992465239813418,15.528496008879637,15.965524673461914,353285000,0.0,0.0
2023-01-12 00:00:00-05:00,16.064305755567425,16.60011394726638,15.457652972865747,16.474393844604492,551409000,0.0,0.0
2023-01-13 00:00:00-05:00,16.241910621869895,16.884483841910928,16.129162184625386,16.861534118652344,447287000,0.0,0.0
2023-01-17 00:00:00-05:00,16.861533003782395,17.688695480685343,16.861533003782395,17.662752151489258,511102000,0.0,0.0
2023-01-18 00:00:00-05:00,17.627830325283927,17.83337297862017,17.243683680111356,17.33847427368164,439624000,0.0,0.0
2023-01-19 00:00:00-05:00,16.9982261040619,17.158870328406007,16.693903966162893,16.727827072143555,452932000,0.0,0.0
2023-01-20 00:00:00-05:00,16.973286475081306,17.816414337109105,16.787699916065623,17.79945182800293,564967000,0.0,0.0
2023-01-23 00:00:00-05:00,18.023952936401,19.202336426570977,17.778499909823832,19.15045166015625,655163000,0.0,0.0
2023-01-24 00:00:00-05:00,18.785255740944123,19.45177579883952,18.778271292054193,19.2222843170166,496204000,0.0,0.0
2023-01-25 00:00:00-05:00,18.871068158440618,19.3270556760891,18.538806268911344,19.28015899658203,449537000,0.0,0.0
2023-01-26 00:00:00-05:00,19.65732458647775,20.12129386890338,19.235262010529773,19.758100509643555,489535000,0.0,0.0
2023-01-27 00:00:00-05:00,19.418856624239965,20.5822722063758,19.3619837732674,20.319854736328125,542142000,0.0,0.0
2023-01-30 00:00:00-05:00,19.905769395745818,20.09534677439952,19.10754194271611,19.119516372680664,488611000,0.0,0.0
2023-01-31 00:00:00-05:00,19.127499744923487,19.643353741949113,18.90798817511003,19.49368667602539,498017000,0.0,0.0
2023-02-01 00:00:00-05:00,19.647345080075983,21.145016818201913,19.567522516028927,20.896570205688477,660477000,0.0,0.0
2023-02-02 00:00:00-05:00,20.953440010374486,21.90033534849852,20.654105914331332,21.66086769104004,564276000,0.0,0.0
2023-02-03 00:00:00-05:00,20.95344017438409,21.696789246514708,20.74290754825101,21.053218841552734,429366000,0.0,0.0
2023-02-06 00:00:00-05:00,20.759872338931974,21.522178471104034,20.739916222678673,21.042245864868164,452197000,0.0,0.0
2023-02-07 00:00:00-05:00,21.334593701458743,22.20965010200628,21.103107721044175,22.12384033203125,664150000,0.0,0.0
2023-02-08 00:00:00-05:00,22.337368891274036,22.82728150904177,21.95920939412325,22.155773162841797,559651000,0.0,0.0
2023-02-09 00:00:00-05:00,22.555880179506847,22.968961841072108,22.07095764976335,22.2874755859375,523876000,0.0,0.0
2023-02-10 00:00:00-05:00,21.641912436236254,22.02905079986804,20.76486152389426,21.217853546142578,550737000,0.0,0.0
2023-02-13 00:00:00-05:00,21.490250748186387,21.99912031573908,20.91552751667087,21.739696502685547,474919000,0.0,0.0
2023-02-14 00:00:00-05:00,21.530162952307947,22.9979025693658,21.31863304066526,22.920076370239258,675474000,0.0,0.0
2023-02-15 00:00:00-05:00,22.49900989243005,22.804331263638748,22.056993110518953,22.713533401489258,420575000,0.0,0.0
2023-02-16 00:00:00-05:00,22.08393046172455,22.500005788164945,21.878387788866807,21.953222274780273,412026000,0.0,0.0
2023-02-17 00:00:00-05:00,21.583047035533625,21.691804648830416,20.92850117636332,21.340585708618164,465888000,0.0,0.0
2023-02-21 00:00:00-05:00,20.953443519073346,21.446347815635267,20.57229043408108,20.609209060668945,410015000,0.0,0.0
2023-02-22 00:00:00-05:00,20.661090150563847,21.05720930150761,20.375723053454355,20.707984924316406,513184000,0.0,0.0
2023-02-23 00:00:00-05:00,23.388033612605756,23.8350403425162,22.973952761903,23.611536026000977,1117995000,0.0,0.0
2023-02-24 00:00:00-05:00,23.17350751127071,23.421955993730073,22.89612399551086,23.234371185302734,589716000,0.0,0.0
2023-02-27 00:00:00-05:00,23.617522349762986,23.827055854409227,23.40200162980687,23.448896408081055,452994000,0.0,0.0
2023-02-28 00:00:00-05:00,23.320182165733303,23.772178848920596,23.154549835484183,23.164527893066406,455963000,0.0,0.0
2023-03-01 00:00:00-05:00,23.140580708274207,23.204439895549427,22.45809718193452,22.647676467895508,460026000,0.0,0.0
2023-03-02 00:00:00-05:00,22.43814303132255,23.328163685156042,22.382265528634285,23.262310028076172,389415000,0.0,0.0
2023-03-03 00:00:00-05:00,23.26830010651087,23.847014191551843,23.078720796703625,23.8370361328125,412393000,0.0,0.0
2023-03-06 00:00:00-05:00,23.83803809487831,24.19424512815878,23.434932467158927,23.501785278320312,437429000,0.0,0.0
2023-03-07 00:00:00-05:00,23.551677824513874,24.07560247170694,23.193411743392723,23.24031639099121,515154000,0.004,0.0
2023-03-08 00:00:00-05:00,23.438905826491442,24.150447084590173,23.37603510396069,24.131484985351562,513573000,0.0,0.0
2023-03-09 00:00:00-05:00,24.12549713017086,24.403927067293445,23.335119057261018,23.388011932373047,501257000,0.0,0.0
2023-03-10 00:00:00-05:00,23.36106942050816,23.578623466893095,22.679467330163575,22.917978286743164,474866000,0.0,0.0
2023-03-13 00:00:00-04:00,22.705417095913955,23.250298713070354,22.251348764376388,22.918977737426758,421890000,0.0,0.0
2023-03-14 00:00:00-04:00,23.447890629973315,24.169409811888126,23.411963139447696,24.013729095458984,474910000,0.0,0.0
2023-03-15 00:00:00-04:00,23.712347660414334,24.23627231190452,23.312169659954225,24.17839241027832,524486000,0.0,0.0
2023-03-16 00:00:00-04:00,23.97780468614888,25.535607427755508,23.845075681386035,25.488704681396484,583253000,0.0,0.0
2023-03-17 00:00:00-04:00,25.928800789668877,26.34494677671912,25.615442640620632,25.672327041625977,848547000,0.0,0.0
2023-03-20 00:00:00-04:00,25.56255329167976,25.970716263809837,25.07854571567392,25.846969604492188,432747000,0.0,0.0
2023-03-21 00:00:00-04:00,26.126393120823032,26.337958914805075,25.329029397408142,26.145353317260742,547408000,0.0,0.0
2023-03-22 00:00:00-04:00,26.370891881444173,27.53250995771594,26.183277100976117,26.41380500793457,797295000,0.0,0.0
2023-03-23 00:00:00-04:00,27.059477978352234,27.442692460706514,26.635348987272323,27.13532257080078,564889000,0.0,0.0
2023-03-24 00:00:00-04:00,26.975647833457295,27.111369021825524,26.301031507913077,26.724163055419922,454920000,0.0,0.0
2023-03-27 00:00:00-04:00,26.782046292352977,26.94471262702747,26.311012675719404,26.476673126220703,361026000,0.0,0.0
2023-03-28 00:00:00-04:00,26.392847592513167,26.45871243560378,25.79706988863312,26.35592269897461,356104000,0.0,0.0
2023-03-29 00:00:00-04:00,26.770070458700065,27.022550738950102,26.542536701119406,26.928743362426758,393694000,0.0,0.0
2023-03-30 00:00:00-04:00,27.1732450978703,27.4426926938408,27.046504340175957,27.326929092407227,364516000,0.0,0.0
2023-03-31 00:00:00-04:00,27.08442659853217,27.77700578403353,27.049498418004845,27.720123291015625,433933000,0.0,0.0
2023-04-03 00:00:00-04:00,27.45267208283813,27.94266591204821,27.280025990589856,27.907737731933594,398716000,0.0,0.0
2023-04-04 00:00:00-04:00,27.908735793018696,27.94266656976958,27.251084780335454,27.396785736083984,368592000,0.0,0.0
2023-04-05 00:00:00-04:00,26.774064682882994,26.942717354778598,26.340953337844432,26.825958251953125,515015000,0.0,0.0
2023-04-06 00:00:00-04:00,26.529566401792227,27.02455108460632,26.372888285157632,26.981639862060547,397654000,0.0,0.0
2023-04-10 00:00:00-04:00,26.768078927982756,27.564445330206645,26.61439491835625,27.522531509399414,395279000,0.0,0.0
2023-04-11 00:00:00-04:00,27.667232866582555,27.733097708803008,27.07045586293639,27.11336898803711,314378000,0.0,0.0
2023-04-12 00:00:00-04:00,27.31395651647884,27.4117554199044,26.39384357131544,26.44074821472168,446259000,0.0,0.0
2023-04-13 00:00:00-04:00,26.67925848324337,26.83194507729408,26.275088982964736,26.4088134765625,353615000,0.0,0.0
2023-04-14 00:00:00-04:00,26.449729310820583,26.82795296952223,26.166310441978037,26.703208923339844,395660000,0.0,0.0
2023-04-17 00:00:00-04:00,26.510607005107396,26.950704014318593,26.378877313961777,26.946712493896484,321471000,0.0,0.0
2023-04-18 00:00:00-04:00,27.476627054688475,28.05244531067526,27.300986821273888,27.6103515625,604812000,0.0,0.0
2023-04-19 00:00:00-04:00,27.304975350464428,27.94266686552096,27.176239781728775,27.873807907104492,358660000,0.0,0.0
2023-04-20 00:00:00-04:00,27.614338469088974,27.97260451308213,26.94471292728332,27.048500061035156,427713000,0.0,0.0
2023-04-21 00:00:00-04:00,26.896812971013922,27.127340875735126,26.66728437395246,27.0634708404541,345103000,0.0,0.0
2023-04-24 00:00:00-04:00,26.957693346171588,27.309969340612152,26.61639260681385,26.98663330078125,339282000,0.0,0.0
2023-04-25 00:00:00-04:00,27.02254939224183,27.19120394213977,26.171297410505957,26.18726348876953,378527000,0.0,0.0
2023-04-26 00:00:00-04:00,26.946707940661295,27.27403540128356,26.650315233944067,26.900800704956055,406337000,0.0,0.0
2023-04-27 00:00:00-04:00,27.306974277389113,27.438703972842852,26.57048448729234,27.17025375366211,377161000,0.0,0.0
2023-04-28 00:00:00-04:00,27.169253428500934,27.701161077962098,27.015567531365026,27.692180633544922,292216000,0.0,0.0
2023-05-01 00:00:00-04:00,27.782994624988884,28.998501044313812,27.7231180146928,28.85080337524414,570329000,0.0,0.0
2023-05-02 00:00:00-04:00,28.621273856351937,28.776954560836412,28.025496178380074,28.15223503112793,402730000,0.0,0.0
2023-05-03 00:00:00-04:00,27.782995617159955,28.30891697061435,27.415749094927655,27.745073318481445,383387000,0.0,0.0
2023-05-04 00:00:00-04:00,27.594382208198148,27.80195650009337,27.184224452575453,27.505565643310547,321850000,0.0,0.0
2023-05-05 00:00:00-04:00,27.76902351276572,28.696120235561477,27.67421872062941,28.621274948120117,361494000,0.0,0.0
2023-05-08 00:00:00-04:00,28.46359684267218,29.160167550884644,28.291950055367597,29.09130859375,344979000,0.0,0.0
2023-05-09 00:00:00-04:00,28.839828282414175,28.913676170511692,28.3917482221622,28.51249885559082,314869000,0.0,0.0
2023-05-10 00:00:00-04:00,28.945604646457426,29.053385196702436,28.40271989270496,28.825851440429688,369350000,0.0,0.0
2023-05-11 00:00:00-04:00,28.836833229798795,28.89072351358173,28.18816453314951,28.51948356628418,322149000,0.0,0.0
2023-05-12 00:00:00-04:00,28.470583157825374,28.72107056378974,27.988572349830026,28.281970977783203,274222000,0.0,0.0
2023-05-15 00:00:00-04:00,28.449626392092515,28.90968288930767,28.09435634331566,28.893714904785156,293926000,0.0,0.0
2023-05-16 00:00:00-04:00,28.781941181092268,29.808835305988257,28.772960737451186,29.153179168701172,449405000,0.0,0.0
2023-05-17 00:00:00-04:00,29.52342727193127,30.137167849257526,29.369743252376065,30.1162109375,432535000,0.0,0.0
2023-05-18 00:00:00-04:00,30.34773663384986,31.762832606733102,30.25792075284202,31.613140106201172,748725000,0.0,0.0
2023-05-19 00:00:00-04:00,31.47142600851462,31.51533653819643,30.852696589930833,31.199983596801758,473908000,0.0,0.0
2023-05-22 00:00:00-04:00,30.83772890145582,31.45546287720747,30.617182635048753,31.112167358398438,372000000,0.0,0.0
2023-05-23 00:00:00-04:00,30.936523538862662,31.22393392865523,30.568279631249496,30.62516212463379,356253000,0.0,0.0
2023-05-24 00:00:00-04:00,30.148138304684203,30.544326634762978,29.744966242348955,30.475467681884766,721419000,0.0,0.0
2023-05-25 00:00:00-04:00,38.44412056648187,39.39916178020132,36.55998587698389,37.9022331237793,1543911000,0.0,0.0
2023-05-26 00:00:00-04:00,37.8124117084939,39.08978942316248,37.47310777717433,38.866249084472656,714397000,0.0,0.0
2023-05-30 00:00:00-04:00,40.5118797580755,41.85212836748926,39.86720258532556,40.02886962890625,923401000,0.0,0.0
2023-05-31 00:00:00-04:00,39.40714734389047,40.212494220771234,37.7445581109248,37.756534576416016,1002580000,0.0,0.0
2023-06-01 00:00:00-04:00,38.410192719285774,39.967997415586815,38.26149953067262,39.68857192993164,635873000,0.0,0.0
2023-06-02 00:00:00-04:00,40.01490294369922,40.417077693745,38.97802879731639,39.24647903442383,482731000,0.0,0.0
2023-06-05 00:00:00-04:00,38.82932526473996,39.48398018738729,38.62773924122982,39.090789794921875,396094000,0.0,0.0
2023-06-06 00:00:00-04:00,38.75049794421731,39.07982029424169,38.06989131464503,38.57485580444336,388729000,0.0,0.0
2023-06-07 00:00:00-04:00,38.83933255229278,39.422196626647725,37.28336203456749,37.402130126953125,511998000,0.004,0.0
2023-06-08 00:00:00-04:00,37.650652361661095,38.78843525380602,37.43208020342754,38.435123443603516,417772000,0.0,0.0
2023-06-09 00:00:00-04:00,38.961101220453585,39.633790585447805,38.49201760502022,38.69462203979492,427717000,0.0,0.0
2023-06-12 00:00:00-04:00,39.12378588583667,39.453142301230535,38.542916712430916,39.405235290527344,388701000,0.0,0.0
2023-06-13 00:00:00-04:00,40.107864800357326,41.0210866253636,39.66273283742683,40.942237854003906,613208000,0.0,0.0
2023-06-14 00:00:00-04:00,40.744627187256896,42.91639507972652,40.47315286932789,42.91340255737305,740465000,0.0,0.0
2023-06-15 00:00:00-04:00,42.51916501978675,43.204829477576595,42.06504790325617,42.570064544677734,568622000,0.0,0.0
2023-06-16 00:00:00-04:00,43.36551525859182,43.635988226566326,42.578047952217986,42.60898971557617,655709000,0.0,0.0
2023-06-20 00:00:00-04:00,42.91439764756023,43.90446942443079,42.59102630942327,43.72282028198242,451153000,0.0,0.0
2023-06-21 00:00:00-04:00,43.41642607769267,43.530206665673255,41.9981911201456,42.96131134033203,551603000,0.0,0.0
2023-06-22 00:00:00-04:00,42.17085058953678,43.34157039232683,42.151890331263004,42.94135284423828,417737000,0.0,0.0
2023-06-23 00:00:00-04:00,42.38143932936339,42.725765968157205,41.9333109957247,42.12693405151367,358140000,0.0,0.0
2023-06-26 00:00:00-04:00,42.37844793444695,42.68086025771663,40.0220380144833,40.55300521850586,594322000,0.0,0.0
2023-06-27 00:00:00-04:00,40.71967665079335,41.85845711307234,40.36936115095312,41.79458236694336,462175000,0.0,0.0
2023-06-28 00:00:00-04:00,40.58094756482351,41.763645026068765,40.439225350764865,41.03705978393555,582639000,0.0,0.0
2023-06-29 00:00:00-04:00,41.47719520674288,41.51911336113598,40.521057714884826,40.74262619018555,380514000,0.0,0.0
2023-06-30 00:00:00-04:00,41.59896098123988,42.467268355429134,41.420308161971434,42.219749450683594,501148000,0.0,0.0
2023-07-03 00:00:00-04:00,42.434326127886784,42.81458581035407,42.11994000015232,42.330528259277344,198209000,0.0,0.0
2023-07-05 00:00:00-04:00,42.053076792694064,43.09305068763653,42.00317476731274,42.23472595214844,323618000,0.0,0.0
2023-07-06 00:00:00-04:00,41.76264953628558,42.09699732253943,41.265616640980895,42.02114486694336,303582000,0.0,0.0
2023-07-07 00:00:00-04:00,42.23971652222752,43.129984404943556,42.097994303095824,42.42036437988281,355881000,0.0,0.0
2023-07-10 00:00:00-04:00,42.57406186731793,42.72776176918797,41.56801853142634,42.09798812866211,353908000,0.0,0.0
2023-07-11 00:00:00-04:00,42.398400353937646,42.67486219078261,41.98520766702778,42.322547912597656,298244000,0.0,0.0
2023-07-12 00:00:00-04:00,42.94932537767914,43.84957190915323,42.693822639384614,43.81663513183594,481277000,0.0,0.0
2023-07-13 00:00:00-04:00,44.43144838419821,46.065262910266576,44.40549795947818,45.887611389160156,478204000,0.0,0.0
2023-07-14 00:00:00-04:00,46.49243252940778,47.994507542631396,44.97239476607481,45.38059997558594,772075000,0.0,0.0
2023-07-17 00:00:00-04:00,46.19900003919172,46.40559448511717,45.17399644703976,46.370662689208984,510488000,0.0,0.0
2023-07-18 00:00:00-04:00,46.61019966194242,47.8028759240553,45.645080740043866,47.40165710449219,569164000,0.0,0.0
2023-07-19 00:00:00-04:00,47.37171457968649,47.725026374946644,46.65111827083296,46.98546600341797,427502000,0.0,0.0
2023-07-20 00:00:00-04:00,46.416572252146125,46.99544633379389,44.974382199398164,45.43149185180664,537865000,0.0,0.0
2023-07-21 00:00:00-04:00,45.698975360580505,45.77682663388391,44.014257511133955,44.22285079956055,963769000,0.0,0.0
2023-07-24 00:00:00-04:00,44.64401756258304,45.021284687193095,43.954363161890846,44.52524948120117,382516000,0.0,0.0
2023-07-25 00:00:00-04:00,44.85362675642214,46.09320880823953,44.83566019898798,45.59019088745117,348081000,0.0,0.0
2023-07-26 00:00:00-04:00,45.93152233751283,45.96346161310325,44.54322798421179,45.36362838745117,364237000,0.0,0.0
2023-07-27 00:00:00-04:00,46.42854489175799,47.30284096305643,45.661039205778394,45.81074905395508,455976000,0.0,0.0
2023-07-28 00:00:00-04:00,46.577265904182916,46.93556908272483,46.2908251472219,46.65910720825195,331194000,0.0,0.0
2023-07-31 00:00:00-04:00,46.66308691226905,47.03835521956347,46.41556805998911,46.63813400268555,251055000,0.0,0.0
2023-08-01 00:00:00-04:00,46.36966307349115,46.808809981833214,45.9375063312931,46.41657257080078,237858000,0.0,0.0
2023-08-02 00:00:00-04:00,45.74189331269121,45.75087468728102,43.302644871740895,44.18292999267578,530142000,0.0,0.0
2023-08-03 00:00:00-04:00,43.71483401069051,45.030272068122756,43.71483401069051,44.428443908691406,324176000,0.0,0.0
2023-08-04 00:00:00-04:00,44.89753933286693,45.553259657619556,44.306691262413594,44.59313201904297,362666000,0.0,0.0
2023-08-07 00:00:00-04:00,45.02329618186399,45.45146298171195,44.47636125716046,45.32870101928711,322154000,0.0,0.0
2023-08-08 00:00:00-04:00,44.765791580742274,45.154035175235585,43.97034032891443,44.5771598815918,353843000,0.0,0.0
2023-08-09 00:00:00-04:00,44.187917131866904,44.22584525940291,42.05207850406444,42.47126388549805,586449000,0.0,0.0
2023-08-10 00:00:00-04:00,42.07802662294512,43.489278793199354,41.75365777083557,42.30558395385742,492705000,0.0,0.0
2023-08-11 00:00:00-04:00,41.66982783575129,41.93631084030742,40.559990255420004,40.775569915771484,533085000,0.0,0.0
2023-08-14 00:00:00-04:00,40.40728424676243,43.714840105511556,40.23262525589616,43.667930603027344,690286000,0.0,0.0
2023-08-15 00:00:00-04:00,44.4733696589914,45.17999337738196,43.625019909517064,43.85457229614258,676512000,0.0,0.0
2023-08-16 00:00:00-04:00,44.43344112151487,44.58813853982079,43.32160482572684,43.401451110839844,527451000,0.0,0.0
2023-08-17 00:00:00-04:00,43.88450205046222,43.97632221329704,42.91738449342878,43.25971984863281,452395000,0.0,0.0
2023-08-18 00:00:00-04:00,42.55209903416188,43.49326626137414,41.57899634242321,43.21480941772461,583768000,0.0,0.0
2023-08-21 00:00:00-04:00,44.40749503476182,46.97349568922654,44.13602449197177,46.87568664550781,692573000,0.0,0.0
2023-08-22 00:00:00-04:00,48.04140287567031,48.09330371430153,45.24485304459103,45.579200744628906,755293000,0.0,0.0
2023-08-23 00:00:00-04:00,45.77681789721082,47.10822366199411,45.12009638799368,47.02438735961914,779046000,0.0,0.0
2023-08-24 00:00:00-04:00,50.118361983877634,50.16826400478164,47.067306662299096,47.07129669189453,1156044000,0.0,0.0
2023-08-25 00:00:00-04:00,46.92059855717943,47.71205604609622,44.93646092899701,45.928531646728516,925341000,0.0,0.0
2023-08-28 00:00:00-04:00,46.3916241394205,46.88865698143186,44.800725372190506,46.74393844604492,685192000,0.0,0.0
2023-08-29 00:00:00-04:00,46.57526237156326,48.98556752704201,46.30079556232575,48.689144134521484,701397000,0.0,0.0
2023-08-30 00:00:00-04:00,48.94864322959215,49.82992584763343,48.33084725951484,49.168216705322266,735206000,0.0,0.0
2023-08-31 00:00:00-04:00,49.283989932424504,49.64728061160453,48.86280955740575,49.259037017822266,528570000,0.0,0.0
2023-09-01 00:00:00-04:00,49.6652424618298,49.7031667765697,48.04838969224288,48.414676666259766,463830000,0.0,0.0
2023-09-05 00:00:00-04:00,48.1292368066892,48.75601791251672,47.76694364415611,48.45360565185547,382653000,0.0,0.0
2023-09-06 00:00:00-04:00,48.350797071158595,48.45859385625443,46.49326248710991,46.973365783691406,468670000,0.004,0.0
2023-09-07 00:00:00-04:00,45.440229441727205,46.25770462589442,45.067922908266546,46.1548957824707,433330000,0.0,0.0
2023-09-08 00:00:00-04:00,45.8564467422701,46.51920787567737,45.18669486734432,45.48713302612305,473069000,0.0,0.0
2023-09-11 00:00:00-04:00,46.06207096484273,46.0770424255395,44.22949106974816,45.09387969970703,473966000,0.0,0.0
2023-09-12 00:00:00-04:00,44.654695251427476,45.58795561962286,44.44807996157311,44.78644943237305,349256000,0.0,0.0
2023-09-13 00:00:00-04:00,44.516948715229006,45.844473946840324,44.420129217307256,45.40030288696289,398355000,0.0,0.0
2023-09-14 00:00:00-04:00,45.86444047531069,45.90137033130358,45.04696523433204,45.49612808227539,370097000,0.0,0.0
2023-09-15 00:00:00-04:00,45.256567267439614,45.514086250608685,43.7264210191702,43.81825256347656,506831000,0.0,0.0
2023-09-18 00:00:00-04:00,42.668401863830084,44.15961943213608,41.92179358623107,43.884132385253906,500271000,0.0,0.0
2023-09-19 00:00:00-04:00,43.751381753727316,43.88413352477652,42.92192782259573,43.43896484375,373064000,0.0,0.0
2023-09-20 00:00:00-04:00,43.51880884841662,43.821246018935675,42.14437412203361,42.160343170166016,367108000,0.0,0.0
2023-09-21 00:00:00-04:00,41.505568360727295,42.021603947761406,40.903690569058845,40.94062042236328,450736000,0.0,0.0
2023-09-22 00:00:00-04:00,41.49459285327168,42.036584881029356,41.1542281804466,41.53252410888672,479236000,0.0,0.0
2023-09-25 00:00:00-04:00,41.51355366859355,42.4567936946112,41.1003231092512,42.14337921142578,419091000,0.0,0.0
2023-09-26 00:00:00-04:00,41.92278314195725,42.740258203916966,41.57742680988832,41.832950592041016,402282000,0.0,0.0
2023-09-27 00:00:00-04:00,42.251172512537835,42.792162986782856,41.55147774107708,42.388912200927734,444935000,0.0,0.0
2023-09-28 00:00:00-04:00,42.38093579889095,43.36509986355093,42.03658080053992,43.008766174316406,424663000,0.0,0.0
2023-09-29 00:00:00-04:00,43.74538760189782,44.06179864340564,43.22635545841842,43.417999267578125,397830000,0.0,0.0
2023-10-02 00:00:00-04:00,43.948009813372195,45.09087814744479,43.77932579033049,44.698612213134766,433298000,0.0,0.0
2023-10-03 00:00:00-04:00,44.72456684968937,45.04596969701848,43.16547499563003,43.435970306396484,470850000,0.0,0.0
2023-10-04 00:00:00-04:00,43.660548982906214,44.06080325905543,43.21138616245394,43.95899200439453,361821000,0.0,0.0
2023-10-05 00:00:00-04:00,43.967973455641534,44.816392949836604,43.80627636575413,44.60478591918945,393483000,0.0,0.0
2023-10-06 00:00:00-04:00,44.11070969679084,45.70373848025028,43.9440208476475,45.676788330078125,434436000,0.0,0.0
2023-10-09 00:00:00-04:00,44.75850060605626,45.520080342411596,44.28538419676615,45.188697814941406,409675000,0.0,0.0
2023-10-10 00:00:00-04:00,45.22563248789511,46.17286291728584,45.00404573819931,45.71272277832031,368582000,0.0,0.0
2023-10-11 00:00:00-04:00,46.109980599288626,46.77174808079545,45.96425254771436,46.71884536743164,378137000,0.0,0.0
2023-10-12 00:00:00-04:00,46.68989185981617,47.52034323269725,46.24372566858878,46.85757827758789,481325000,0.0,0.0
2023-10-13 00:00:00-04:00,46.87255588078778,47.02826743741539,45.19568386802554,45.376346588134766,474115000,0.0,0.0
2023-10-16 00:00:00-04:00,44.97909066386404,46.13892572569301,44.82837085700402,46.00917053222656,375099000,0.0,0.0
2023-10-17 00:00:00-04:00,43.918066921379186,44.670664500769895,42.40089687991119,43.85618209838867,812333000,0.0,0.0
2023-10-18 00:00:00-04:00,42.51168892025405,43.13852165493323,41.74711648202066,42.11742401123047,627294000,0.0,0.0
2023-10-19 00:00:00-04:00,42.731290656514126,43.21638582989178,41.80401951663401,42.022613525390625,501233000,0.0,0.0
2023-10-20 00:00:00-04:00,41.81200213030283,42.39092402452541,41.0015137629479,41.309940338134766,477266000,0.0,0.0
2023-10-23 00:00:00-04:00,41.152230295210934,43.1674718539468,40.86875871685224,42.89497756958008,478530000,0.0,0.0
2023-10-24 00:00:00-04:00,42.996784415979555,43.615628825296106,42.611505424258,43.58169174194336,401463000,0.0,0.0
2023-10-25 00:00:00-04:00,43.31718712471628,43.56872058494652,41.477620479123594,41.701202392578125,398379000,0.0,0.0
2023-10-26 00:00:00-04:00,41.775064849583806,42.17731428874224,39.80573926150373,40.25090789794922,541001000,0.0,0.0
2023-10-27 00:00:00-04:00,41.053411354619094,41.1292700454015,39.94048596248548,40.424583435058594,416784000,0.0,0.0
2023-10-30 00:00:00-04:00,41.01049469201982,41.68822738791205,40.405620307517786,41.084354400634766,388028000,0.0,0.0
2023-10-31 00:00:00-04:00,40.37467609597359,40.80287807912132,39.15694672159714,40.70405960083008,517969000,0.0,0.0
2023-11-01 00:00:00-04:00,40.807870455778854,42.30208459844571,40.79289899587781,42.24618911743164,437593000,0.0,0.0
2023-11-02 00:00:00-04:00,43.24732164549146,43.802286120371775,42.81413164942189,43.424991607666016,409172000,0.0,0.0
2023-11-03 00:00:00-04:00,43.93802583979857,45.22462310173902,43.64157803370364,44.92119216918945,424610000,0.0,0.0
2023-11-06 00:00:00-05:00,45.200677734191665,45.849468936509936,44.815394894536624,45.665809631347656,400733000,0.0,0.0
2023-11-07 00:00:00-05:00,45.63386992886557,46.13193749816825,45.073913725971586,45.86943054199219,343165000,0.0,0.0
2023-11-08 00:00:00-05:00,46.014157765591044,46.77973167159943,45.882403587242706,46.48727798461914,346719000,0.0,0.0
2023-11-09 00:00:00-05:00,47.3786111235174,48.14019083451283,46.662947187934414,46.86257553100586,540496000,0.0,0.0
2023-11-10 00:00:00-05:00,47.41155087354873,48.38174104695151,47.194955890683396,48.2449951171875,421245000,0.0,0.0
2023-11-13 00:00:00-05:00,48.23002031531456,49.02453947075824,48.009431181663935,48.52946090698242,384136000,0.0,0.0
2023-11-14 00:00:00-05:00,49.58748734734276,49.74119990193618,48.94867974988804,49.56352996826172,416954000,0.0,0.0
2023-11-15 00:00:00-05:00,49.84202172257436,49.866972887678294,48.11025170692205,48.79697036743164,475497000,0.0,0.0
2023-11-16 00:00:00-05:00,48.588356005845505,49.432781344923285,48.240006851203624,49.38786315917969,339756000,0.0,0.0
2023-11-17 00:00:00-05:00,49.43178439121729,49.62442581647781,48.9157487529458,49.206207275390625,325205000,0.0,0.0
2023-11-20 00:00:00-05:00,49.22017851068948,50.453877068941594,49.08942192234672,50.31513595581055,414120000,0.0,0.0
2023-11-21 00:00:00-05:00,50.032654396209196,50.42292511523791,49.13033850268946,49.85099411010742,565747000,0.0,0.0
2023-11-22 00:00:00-05:00,49.75918016105982,50.24127874618094,47.60120309903,48.62529373168945,899420000,0.0,0.0
2023-11-24 00:00:00-05:00,48.37974638442562,48.829906801279186,47.656094105123046,47.68703842163086,294645000,0.0,0.0
2023-11-27 00:00:00-05:00,47.7109937696309,48.43963402417859,47.56327053938668,48.15217208862305,395662000,0.0,0.0
2023-11-28 00:00:00-05:00,48.146180818273855,48.233020614585215,47.38460109717888,47.73195266723633,401491000,0.0,0.0
2023-11-29 00:00:00-05:00,48.288911166313994,48.67119737228817,47.77087663297862,48.05035400390625,382005000,0.0,0.0
2023-11-30 00:00:00-05:00,47.934569759213595,48.0204119586937,46.33555556358415,46.68290710449219,526247000,0.0,0.0
2023-12-01 00:00:00-05:00,46.43837411108703,47.112116530587656,46.1010022026633,46.67792510986328,369317000,0.0,0.0
2023-12-04 00:00:00-05:00,45.99119649745045,45.99119649745045,44.92618209165027,45.42525100708008,437543000,0.0,0.0
2023-12-05 00:00:00-05:00,45.385328820380614,46.51731562556562,45.19067511548695,46.48337936401367,371718000,0.004,0.0
2023-12-06 00:00:00-05:00,47.13122440124437,47.30292009715476,45.331422145943435,45.42226028442383,380590000,0.0,0.0
2023-12-07 00:00:00-05:00,45.6189146142351,46.54626712955494,45.52308427817849,46.51332473754883,350823000,0.0,0.0
2023-12-08 00:00:00-05:00,46.51233553243195,47.656302285632755,46.46741338825399,47.42171859741211,359224000,0.0,0.0
2023-12-11 00:00:00-05:00,47.40673880790064,47.446664942684954,45.74868658721169,46.54426956176758,509728000,0.0,0.0
2023-12-12 00:00:00-05:00,45.96429583879964,47.58142018932319,45.96429583879964,47.57243728637695,372387000,0.0,0.0
2023-12-13 00:00:00-05:00,47.54449269431196,48.50778063121328,47.52353004634861,48.00267791748047,447792000,0.0,0.0
2023-12-14 00:00:00-05:00,48.30413587026834,48.58363781796952,47.33785498826681,48.26420593261719,391232000,0.0,0.0
2023-12-15 00:00:00-05:00,48.10848518903452,49.31633726064535,48.034615184125286,48.80324935913086,479948000,0.0,0.0
2023-12-18 00:00:00-05:00,49.3123545622575,50.343518919127504,49.062798119752,49.98815155029297,412587000,0.0,0.0
2023-12-19 00:00:00-05:00,49.33630646675969,49.61181773302037,48.80824574504592,49.515987396240234,464444000,0.0,0.0
2023-12-20 00:00:00-05:00,49.56689784156496,49.91028926259113,48.012661158302954,48.025638580322266,397894000,0.0,0.0
2023-12-21 00:00:00-05:00,48.724392927903814,49.007889407965415,48.333086371904265,48.903076171875,300425000,0.0,0.0
2023-12-22 00:00:00-05:00,49.10770498591239,49.29537111268927,48.380996155276534,48.74335479736328,252507000,0.0,0.0
2023-12-26 00:00:00-05:00,48.88111364335506,49.51199224313979,48.87312841671405,49.19156265258789,244200000,0.0,0.0
2023-12-27 00:00:00-05:00,49.42315780443188,49.591856680513665,48.997911127361846,49.329322814941406,233648000,0.0,0.0
2023-12-28 00:00:00-05:00,49.55491529927827,49.795484989479434,49.324322381717465,49.43412780761719,246587000,0.0,0.0
2023-12-29 00:00:00-05:00,49.72461182444803,49.90828725509975,48.66449595698359,49.43412780761719,389293000,0.0,0.0
2024-01-02 00:00:00-05:00,49.156625856562634,49.20753405733888,47.510553413556266,48.08253479003906,411254000,0.0,0.0
2024-01-03 00:00:00-05:00,47.40074566328975,48.09850289557728,47.23603751691528,47.484596252441406,320896000,0.0,0.0
2024-01-04 00:00:00-05:00,47.68224124777032,48.413942329548256,47.42370194062123,47.91283416748047,306535000,0.0,0.0
2024-01-05 00:00:00-05:00,48.37600851565981,49.459082326064205,48.22028328844258,49.00988006591797,415039000,0.0,0.0
2024-01-08 00:00:00-05:00,49.42414836733732,52.18224626703925,49.391205977221674,52.160282135009766,642510000,0.0,0.0
2024-01-09 00:00:00-05:00,52.30802056933756,54.228606407883284,51.59827982301823,53.04570770263672,773100000,0.0,0.0
2024-01-10 00:00:00-05:00,53.52086794542818,54.50311934146144,53.39409057576156,54.253562927246094,533796000,0.0,0.0
2024-01-11 00:00:00-05:00,54.9014155282273,55.247799966123495,53.46496957614301,54.724727630615234,596759000,0.0,0.0
2024-01-12 00:00:00-05:00,54.523086018906326,54.87246729450568,54.23360346337735,54.6129264831543,352994000,0.0,0.0
2024-01-16 00:00:00-05:00,54.920385030235444,56.734158722808395,54.80259436306696,56.28196334838867,449580000,0.0,0.0
2024-01-17 00:00:00-05:00,56.24702551752996,56.370806056804064,54.64287831771136,55.953548431396484,474394000,0.0,0.0
2024-01-18 00:00:00-05:00,57.15840468720761,57.49780159403606,56.00745052096862,57.00567626953125,491650000,0.0,0.0
2024-01-19 00:00:00-05:00,57.88610696898355,59.394427545023596,57.12346261571884,59.38544464111328,543501000,0.0,0.0
2024-01-22 00:00:00-05:00,59.942452516713104,60.223953645882176,58.96518950299891,59.548152923583984,452955000,0.0,0.0
2024-01-23 00:00:00-05:00,59.46430561582059,59.803702511682395,58.48105267598879,59.76676940917969,294654000,0.0,0.0
2024-01-24 00:00:00-05:00,60.19699904963291,62.73748144195341,59.83164734308872,61.25312042236328,560271000,0.0,0.0
2024-01-25 00:00:00-05:00,62.239368666397,62.607717226695215,60.742030169454694,61.50767135620117,482777000,0.0,0.0
2024-01-26 00:00:00-05:00,60.85183724757184,61.67337885004867,60.465526677085045,60.92271041870117,390309000,0.0,0.0
2024-01-29 00:00:00-05:00,61.12335769472333,62.378127434562785,60.798937371656514,62.35417175292969,348733000,0.0,0.0
2024-01-30 00:00:00-05:00,62.78839260190601,63.38033889790534,62.14952501071203,62.66261291503906,410735000,0.0,0.0
2024-01-31 00:00:00-05:00,61.330983989988475,62.15851544921119,60.59229912426738,61.41783142089844,453795000,0.0,0.0
2024-02-01 00:00:00-05:00,61.98981163068563,63.07887923181449,61.5406131324354,62.91516876220703,369146000,0.0,0.0
2024-02-02 00:00:00-05:00,63.8604917267368,66.48183193924027,63.57699522405565,66.04261779785156,476578000,0.0,0.0
2024-02-05 00:00:00-05:00,68.10394628020288,69.37369252800232,67.08575942583846,69.208984375,680078000,0.0,0.0
2024-02-06 00:00:00-05:00,69.50645284574946,69.630233381063,66.18236704818828,68.1019515991211,683111000,0.0,0.0
2024-02-07 00:00:00-05:00,68.19777661316522,70.09540449820057,67.48005062301553,69.97461700439453,495575000,0.0,0.0
2024-02-08 00:00:00-05:00,69.94966354395652,70.66838724943909,69.33176617612584,69.5174331665039,414422000,0.0,0.0
2024-02-09 00:00:00-05:00,70.40784541342238,72.05691457870752,70.08741583954979,72.00501251220703,436637000,0.0,0.0
2024-02-12 00:00:00-05:00,72.47117717433613,74.4786104438433,71.12357413495056,72.11980438232422,613710000,0.0,0.0
2024-02-13 00:00:00-05:00,70.2750920169868,73.31967588505927,69.49647717607553,72.0000228881836,602580000,0.0,0.0
2024-02-14 00:00:00-05:00,73.0721307009838,74.10429279758857,71.81037331243682,73.76889038085938,504917000,0.0,0.0
2024-02-15 00:00:00-05:00,73.73795629479366,73.84376343270688,72.27156060131489,72.52909851074219,420122000,0.0,0.0
2024-02-16 00:00:00-05:00,73.96851471281462,74.2699807907232,72.37235296886776,72.4841537475586,495327000,0.0,0.0
2024-02-20 00:00:00-05:00,71.8193337960462,71.82832050697183,67.61381202197207,69.32876586914062,704833000,0.0,0.0
2024-02-21 00:00:00-05:00,67.88532873628714,68.76576751724065,66.13045246980936,67.35227966308594,673755000,0.0,0.0
2024-02-22 00:00:00-05:00,74.89189108055353,78.43558804957509,74.08831901858908,78.3986587524414,865100000,0.0,0.0
2024-02-23 00:00:00-05:00,80.64665337566204,82.24780364536768,77.4323654765101,78.67715454101562,829388000,0.0,0.0
2024-02-26 00:00:00-05:00,79.55858308487059,80.5029113343283,78.36570371037314,78.95166778564453,503973000,0.0,0.0
2024-02-27 00:00:00-05:00,79.24014935736925,79.33898034064636,77.0250924240117,78.56135559082031,391705000,0.0,0.0
2024-02-28 00:00:00-05:00,77.48227691873889,78.7929431019633,76.98815248522881,77.52519989013672,393110000,0.0,0.0
2024-02-29 00:00:00-05:00,78.95366047452625,79.84806674793919,78.21097730890395,78.97162628173828,507289000,0.0,0.0
2024-03-01 00:00:00-05:00,79.85804776923267,82.15396968894088,79.29404786978826,82.13300323486328,479135000,0.0,0.0
2024-03-04 00:00:00-05:00,83.98072393894745,87.53940093463996,83.57045769196934,85.08576202392578,615616000,0.0,0.0
2024-03-05 00:00:00-05:00,85.12269695886387,85.94827183043155,83.27290109267872,85.81549835205078,520639000,0.004,0.0
2024-03-06 00:00:00-05:00,87.86993807352297,89.56899358821315,86.87964744648528,88.54676055908203,582520000,0.0,0.0
2024-03-07 00:00:00-05:00,90.00226219768649,92.60675668423116,89.44722285119568,92.50892639160156,608119000,0.0,0.0
2024-03-08 00:00:00-05:00,94.97365533037919,97.23174889760968,86.35656281212522,87.37680053710938,1142269000,0.0,0.0
2024-03-11 00:00:00-04:00,86.27969890435133,88.6436045203793,84.0206076407832,85.6258316040039,678364000,0.0,0.0
2024-03-12 00:00:00-04:00,87.8969031445505,91.80114256968415,86.0011815049168,91.75422668457031,668075000,0.0,0.0
2024-03-13 00:00:00-04:00,90.89770650975179,91.34592838246506,88.28222971094472,90.73099517822266,635713000,0.0,0.0
2024-03-14 00:00:00-04:00,89.4222738585312,90.4894275796175,86.4504111428148,87.7920913696289,602318000,0.0,0.0
2024-03-15 00:00:00-04:00,86.77984124405515,89.39131979974543,86.10800722766477,87.68527221679688,642086000,0.0,0.0
2024-03-18 00:00:00-04:00,90.23185202169164,92.24536587684682,86.9345566695886,88.30219268798828,668976000,0.0,0.0
2024-03-19 00:00:00-04:00,86.5502309225731,90.38759254394184,84.86315541638959,89.24357604980469,672171000,0.0,0.0
2024-03-20 00:00:00-04:00,89.64186252654797,90.25381007961253,88.07058428900515,90.21587371826172,479063000,0.0,0.0
2024-03-21 00:00:00-04:00,92.140557424416,92.48795583781609,90.24882671788191,91.27704620361328,480372000,0.0,0.0
2024-03-22 00:00:00-04:00,90.9835569272488,94.61427521165601,90.67708804781446,94.1261215209961,586719000,0.0,0.0
2024-03-25 00:00:00-04:00,93.77873394650949,96.59885116766948,93.34847867328837,94.83789825439453,552136000,0.0,0.0
2024-03-26 00:00:00-04:00,95.68540977780971,96.20850660908965,92.34219634403308,92.40109252929688,513648000,0.0,0.0
2024-03-27 00:00:00-04:00,92.95115660792449,93.07893385392306,88.96904884364167,90.09410095214844,586067000,0.0,0.0
2024-03-28 00:00:00-04:00,89.84454040996891,91.14229792904378,89.03893515637932,90.1999282836914,435212000,0.0,0.0
2024-04-01 00:00:00-04:00,90.14301673764523,92.06568455405531,89.0499070749777,90.20690155029297,452441000,0.0,0.0
2024-04-02 00:00:00-04:00,88.295199136712,89.93835929549583,87.46863424504667,89.29747009277344,433064000,0.0,0.0
2024-04-03 00:00:00-04:00,88.33114383542578,90.21787822523544,88.24728931215489,88.81031036376953,370067000,0.0,0.0
2024-04-04 00:00:00-04:00,90.24981545155312,90.47742601324012,85.73163346290652,85.756591796875,434965000,0.0,0.0
2024-04-05 00:00:00-04:00,86.71593914747515,88.32815477151372,85.77756814573236,87.85597229003906,399678000,0.0,0.0
2024-04-08 00:00:00-04:00,88.54676191015398,88.67654220104028,86.58216705957724,86.98247528076172,283220000,0.0,0.0
2024-04-09 00:00:00-04:00,87.2909487172583,87.48361610941927,82.87858592167979,85.20655059814453,501700000,0.0,0.0
2024-04-10 00:00:00-04:00,83.78102746556362,87.24902545092569,83.56439945092491,86.8886489868164,431929000,0.0,0.0
2024-04-11 00:00:00-04:00,87.2689793680449,90.58224601063488,86.77583708331596,90.45945739746094,431637000,0.0,0.0
2024-04-12 00:00:00-04:00,89.54404775764081,90.01923104025528,87.37879585703206,88.03366088867188,426805000,0.0,0.0
2024-04-15 00:00:00-04:00,88.94406648002054,90.45644843108836,85.78054278674153,85.8524169921875,443077000,0.0,0.0
2024-04-16 00:00:00-04:00,86.28369399477991,87.96578088273147,85.91533573267348,87.26399993896484,370453000,0.0,0.0
2024-04-17 00:00:00-04:00,88.18739527959683,88.62164902707342,83.80497930154608,83.88983917236328,495400000,0.0,0.0
2024-04-18 00:00:00-04:00,84.82321393436638,86.0411075798554,82.25964941091485,84.52472686767578,447260000,0.0,0.0
2024-04-19 00:00:00-04:00,83.00636595540483,84.17833393456459,75.47539894537725,76.06836700439453,875198000,0.0,0.0
2024-04-22 00:00:00-04:00,77.96907171420484,79.93467203595871,76.26802061217705,79.38063049316406,596341000,0.0,0.0
2024-04-23 00:00:00-04:00,80.62946711947102,82.62601207910251,80.12534225900131,82.28060913085938,438559000,0.0,0.0
2024-04-24 00:00:00-04:00,83.80496541021976,83.93674114541149,79.04620255838257,79.53935241699219,512208000,0.0,0.0
2024-04-25 00:00:00-04:00,78.73175981196158,83.17906608261447,78.08787733468318,82.48926544189453,424641000,0.0,0.0
2024-04-26 00:00:00-04:00,83.67321658546781,88.17842147858853,83.2429613231266,87.58345031738281,551011000,0.0,0.0
2024-04-29 00:00:00-04:00,87.44366977250507,87.83997945690294,85.11869103843989,87.60539245605469,388971000,0.0,0.0
2024-04-30 00:00:00-04:00,87.08928872900789,88.66556334587189,86.15091777999787,86.25273895263672,363709000,0.0,0.0
2024-05-01 00:00:00-04:00,84.93003072487383,85.85143274518,81.11462711525115,82.89754486083984,559863000,0.0,0.0
2024-05-02 00:00:00-04:00,84.30310641773906,86.08801954331209,83.05626359727954,85.66874694824219,377898000,0.0,0.0
2024-05-03 00:00:00-04:00,87.6373400551101,89.12675929539812,86.8896334546632,88.63561248779297,398341000,0.0,0.0
2024-05-06 00:00:00-04:00,89.23557796278553,92.06069095925291,88.90115758999175,91.98082733154297,376203000,0.0,0.0
2024-05-07 00:00:00-04:00,90.94061902784969,91.62243773928878,88.8572265315021,90.3975601196289,437342000,0.0,0.0
2024-05-08 00:00:00-04:00,89.32842516703573,91.03646805439529,89.26553046184982,90.25582122802734,325721000,0.0,0.0
2024-05-09 00:00:00-04:00,90.37260819958134,90.91466942223298,88.07858152551931,88.59368896484375,378013000,0.0,0.0
2024-05-10 00:00:00-04:00,90.14899684375659,91.24310415488777,89.07285618291228,89.72273254394531,335325000,0.0,0.0
2024-05-13 00:00:00-04:00,90.32169428450598,90.84080023922876,88.37606371894472,90.24283599853516,289680000,0.0,0.0
2024-05-14 00:00:00-04:00,89.44422015487879,91.49267735254841,88.78036800318161,91.19818878173828,296507000,0.0,0.0
2024-05-15 00:00:00-04:00,92.31226052004403,94.69813133508781,91.44076747625896,94.4665298461914,417735000,0.0,0.0
2024-05-16 00:00:00-04:00,94.74604213563502,95.65346838301872,93.94042944222824,94.19599151611328,323952000,0.0,0.0
2024-05-17 00:00:00-04:00,94.20598653059943,94.57634022771545,91.64741042469609,92.31924438476562,359691000,0.0,0.0
2024-05-20 00:00:00-04:00,93.58804490846175,95.03553695656012,93.27858287715311,94.61626434326172,318764000,0.0,0.0
2024-05-21 00:00:00-04:00,93.43730641374981,95.23519767784772,93.01903151729087,95.22122192382812,328946000,0.0,0.0
2024-05-22 00:00:00-04:00,95.29408831779949,95.85411617010452,93.0879071432018,94.78596496582031,548648000,0.0,0.0
2024-05-23 00:00:00-04:00,101.85176064066984,106.13634662239213,101.34463491102811,103.61970520019531,835065000,0.0,0.0
2024-05-24 00:00:00-04:00,104.2685576920773,106.29105867121642,102.82206339543845,106.28507232666016,429494000,0.0,0.0
2024-05-28 00:00:00-04:00,110.05355122917427,114.74044007562202,109.69317481392171,113.70423126220703,652728000,0.0,0.0
2024-05-29 00:00:00-04:00,112.85469764744549,115.29247256775368,110.70940819239908,114.62662506103516,557442000,0.0,0.0
2024-05-30 00:00:00-04:00,114.45193707992216,115.61891628592592,109.47355289556607,110.3091049194336,484553000,0.0,0.0
2024-05-31 00:00:00-04:00,112.32561724375552,112.52228313915187,106.75526253688238,109.44361114501953,613263000,0.0,0.0
2024-06-03 00:00:00-04:00,113.42473014133537,114.80134582519531,111.80952128063097,114.80134582519531,438392000,0.0,0.0
2024-06-04 00:00:00-04:00,115.51610755402032,116.39857553569502,113.8479889155611,116.23585510253906,403324000,0.0,0.0
2024-06-05 00:00:00-04:00,118.16650675945408,122.23745699449587,117.26506688652523,122.22847747802734,528402000,0.0,0.0
2024-06-06 00:00:00-04:00,123.83370517037008,125.3700480295792,118.11560338652608,120.78897857666016,664696000,0.0,0.0
2024-06-07 00:00:00-04:00,119.56308862810559,121.481772978908,117.81811489560457,120.67916107177734,412386000,0.0,0.0
2024-06-10 00:00:00-04:00,120.16206756268633,122.88734731323206,116.80787124184927,121.5796127319336,313434100,0.0,10.0
2024-06-11 00:00:00-04:00,121.56961447657496,122.66781043299152,118.54460180006694,120.7110366821289,222551200,0.01,0.0
2024-06-12 00:00:00-04:00,122.85750238613136,126.6712162731191,122.36831081363356,124.99398040771484,299595000,0.0,0.0
2024-06-13 00:00:00-04:00,129.177104537848,129.58643359087407,126.95077798576432,129.39674377441406,260704500,0.0,0.0
2024-06-14 00:00:00-04:00,129.7461405645556,132.62139078984768,128.1088400079036,131.66297912597656,309320400,0.0,0.0
2024-06-17 00:00:00-04:00,132.77118307637525,133.5099557271365,129.3667902512595,130.7644805908203,288504400,0.0,0.0
2024-06-18 00:00:00-04:00,130.9242214788469,136.10568428406987,130.474964956118,135.35691833496094,294335100,0.0,0.0
2024-06-20 00:00:00-04:00,139.56994988249141,140.52836158741297,129.30686774302006,130.56478881835938,517768400,0.0,0.0
2024-06-21 00:00:00-04:00,126.91083052082259,130.4150570517715,124.09547105255645,126.36173248291016,649445800,0.0,0.0
2024-06-24 00:00:00-04:00,123.03720520530106,124.25519890170064,117.84576490444155,117.9156494140625,476060900,0.0,0.0
2024-06-25 00:00:00-04:00,121.00055473590018,126.29183629953359,119.12365113611966,125.88250732421875,414192600,0.0,0.0
2024-06-26 00:00:00-04:00,125.92244899462368,127.90917229563556,122.39825886605338,126.19200897216797,362975900,0.0,0.0
2024-06-27 00:00:00-04:00,123.8957921998042,126.2019962793405,122.71773358253314,123.78597259521484,252571700,0.0,0.0
2024-06-28 00:00:00-04:00,124.37501298465715,127.49986001719877,122.54802231076043,123.33672332763672,315516700,0.0,0.0
2024-07-01 00:00:00-04:00,123.26683055595603,124.63457133754859,118.63446631453066,124.09546661376953,284885500,0.0,0.0
2024-07-02 00:00:00-04:00,120.93068040128533,123.20693510758652,120.83084647254137,122.46814727783203,218374000,0.0,0.0
2024-07-03 00:00:00-04:00,121.45983599496338,128.06893920898438,121.16032653936864,128.06893920898438,215749000,0.0,0.0
2024-07-05 00:00:00-04:00,127.17038486367325,128.6379747149119,125.47318537524079,125.62294006347656,214176700,0.0,0.0
2024-07-08 00:00:00-04:00,127.28020581947078,130.55481479101948,126.83094936680692,127.9890365600586,237677300,0.0,0.0
2024-07-09 00:00:00-04:00,130.1355144487565,133.59980576329167,128.43829962119838,131.163818359375,285366600,0.0,0.0
2024-07-10 00:00:00-04:00,133.8094467425138,134.87769332438475,132.20209545632153,134.68800354003906,248978600,0.0,0.0
2024-07-11 00:00:00-04:00,135.52663558437,135.9259713268732,126.84095369862746,127.19037628173828,374782700,0.0,0.0
2024-07-12 00:00:00-04:00,128.04894535138322,131.70292655352904,127.01066335258953,129.02734375,252680500,0.0,0.0
2024-07-15 00:00:00-04:00,130.34514408452472,131.1737800395054,126.97070905664152,128.2286376953125,208326200,0.0,0.0
2024-07-16 00:00:00-04:00,128.22864817880884,128.82765170945768,124.37499938694933,126.15206909179688,214769500,0.0,0.0
2024-07-17 00:00:00-04:00,121.15031675281162,121.64949400158038,116.52793817127537,117.79584503173828,390086200,0.0,0.0
2024-07-18 00:00:00-04:00,121.64949097287113,122.19858897958201,116.36819489836525,120.89073944091797,320979500,0.0,0.0
2024-07-19 00:00:00-04:00,120.15196272062997,121.39990584738524,117.176870571876,117.73594665527344,217223800,0.0,0.0
2024-07-22 00:00:00-04:00,120.15196984200875,123.86585002604772,119.66277824004172,123.33672332763672,258068900,0.0,0.0
2024-07-23 00:00:00-04:00,122.57797258109629,124.48483346113822,121.8990911705108,122.3882827758789,173911000,0.0,0.0
2024-07-24 00:00:00-04:00,118.97391446537992,119.75262982559674,113.25334693957731,114.06201171875,327776900,0.0,0.0
2024-07-25 00:00:00-04:00,112.85400461755249,116.43809396656145,106.1250967629909,112.09525299072266,460067000,0.0,0.0
2024-07-26 00:00:00-04:00,115.998801321254,116.00877938122822,111.39638688236367,112.87394714355469,293399100,0.0,0.0
2024-07-29 00:00:00-04:00,113.50293033164324,116.0886649396649,111.11686358531041,111.40637969970703,248152100,0.0,0.0
2024-07-30 00:00:00-04:00,111.33648541055072,111.80571322284378,102.37126667488353,103.55931091308594,486833300,0.0,0.0
2024-07-31 00:00:00-04:00,112.71422275560462,118.14526596856572,110.6975424326974,116.82743835449219,473174200,0.0,0.0
2024-08-01 00:00:00-04:00,117.3365974252001,119.96227450650746,106.63423649015627,109.03028869628906,523462300,0.0,0.0
2024-08-02 00:00:00-04:00,103.58926418951675,108.54110155423277,101.20319756374683,107.0934829711914,482027500,0.0,0.0
2024-08-05 00:00:00-04:00,91.90851949250676,103.23984998207244,90.54077860317504,100.28471374511719,552842400,0.0,0.0
2024-08-06 00:00:00-04:00,103.66911647749765,107.53275071914538,100.38453722847247,104.07844543457031,409012100,0.0,0.0
2024-08-07 00:00:00-04:00,107.63260292939728,108.62097943024764,98.52761419555756,98.74725341796875,411440400,0.0,0.0
2024-08-08 00:00:00-04:00,101.83215768316434,105.3263983879788,97.3595262295921,104.79727172851562,391910000,0.0,0.0
2024-08-09 00:00:00-04:00,105.46616394434741,106.42458330646772,103.25980151433504,104.57762908935547,290844200,0.0,0.0
2024-08-12 00:00:00-04:00,106.14505996593543,110.88724428013212,106.08516112777683,108.84061431884766,325559900,0.0,0.0
2024-08-13 00:00:00-04:00,112.25498947976828,116.03875418683985,111.39640394640423,115.94889831542969,312646700,0.0,0.0
2024-08-14 00:00:00-04:00,118.3349528711921,118.40483737868666,113.88229289564154,117.88569641113281,339246400,0.0,0.0
2024-08-15 00:00:00-04:00,118.56457753138926,123.03720123653866,117.27669936691132,122.65782928466797,318086700,0.0,0.0
2024-08-16 00:00:00-04:00,121.73934484458584,124.79430704362497,120.98059332504539,124.375,302589900,0.0,0.0
2024-08-19 00:00:00-04:00,124.07548340044629,129.78607177734375,123.21689800857207,129.78607177734375,318333600,0.0,0.0
2024-08-20 00:00:00-04:00,128.18870516059542,129.66628071339343,125.68284097768198,127.04060363769531,300087400,0.0,0.0
2024-08-21 00:00:00-04:00,127.11051541152283,129.13718177592708,126.45160529458104,128.28857421875,257883600,0.0,0.0
2024-08-22 00:00:00-04:00,129.80605728559254,130.5348518103843,122.89743830728821,123.53638458251953,376189100,0.0,0.0
2024-08-23 00:00:00-04:00,125.6529157045682,129.38676754540884,125.0139693437825,129.15713500976562,323230300,0.0,0.0
2024-08-26 00:00:00-04:00,129.35679802537265,131.04400430992783,124.16535012958609,126.25190734863281,331964700,0.0,0.0
2024-08-27 00:00:00-04:00,124.84423039602758,128.98739538212007,123.6761498691349,128.08888244628906,303134600,0.0,0.0
2024-08-28 00:00:00-04:00,127.90917706049713,128.118838213882,122.43819852070378,125.40331268310547,448101100,0.0,0.0
2024-08-29 00:00:00-04:00,121.16030028839229,124.22524823697073,116.51795043355128,117.39649963378906,453023300,0.0,0.0
2024-08-30 00:00:00-04:00,119.33330911013266,121.54965726206557,117.02711271158417,119.17357635498047,333751600,0.0,0.0
2024-09-03 00:00:00-04:00,115.8191103772934,116.01877823521122,107.1134577156826,107.8222885131836,477155100,0.0,0.0
2024-09-04 00:00:00-04:00,105.23656107081584,113.08362114689852,103.94868273468121,106.03524017333984,372470300,0.0,0.0
2024-09-05 00:00:00-04:00,104.817243866478,109.4695798052194,104.58762658147727,107.0335922241211,306850700,0.0,0.0
2024-09-06 00:00:00-04:00,107.86222325429438,107.97204286084109,100.78388574677186,102.66079711914062,413638100,0.0,0.0
2024-09-09 00:00:00-04:00,104.70741977949132,106.37467762407766,103.51938307487873,106.29480743408203,273912000,0.0,0.0
2024-09-10 00:00:00-04:00,107.63258781478571,109.21997530676359,104.77729355808466,107.92211151123047,268283700,0.0,0.0
2024-09-11 00:00:00-04:00,109.20999835891277,116.99716652085532,107.24323877137772,116.7176284790039,441422400,0.0,0.0
2024-09-12 00:00:00-04:00,116.6577172050991,120.60155948017247,115.19999582839206,118.95413208007812,366052700,0.01,0.0
2024-09-13 00:00:00-04:00,118.89422675312926,119.77285113489948,117.4165323291377,118.91419219970703,238358300,0.0,0.0
2024-09-16 00:00:00-04:00,116.60780299971084,117.99563392468083,114.18159360974668,116.59781646728516,248772300,0.0,0.0
2024-09-17 00:00:00-04:00,117.98564481894722,118.61466685067687,114.65085910577872,115.40966796875,231925900,0.0,0.0
2024-09-18 00:00:00-04:00,115.70919560695407,117.51636932909096,113.04336298957726,113.19313049316406,310318900,0.0,0.0
2024-09-19 00:00:00-04:00,117.16692604230532,119.47332749554481,117.06708357128667,117.68611907958984,293506400,0.0,0.0
2024-09-20 00:00:00-04:00,116.87738233881377,118.43495389707196,115.2099893901744,115.81903839111328,382462400,0.0,0.0
2024-09-23 00:00:00-04:00,116.36816938577523,116.80747774675662,114.68080357526898,116.07862091064453,206228500,0.0,0.0
2024-09-24 00:00:00-04:00,116.33821493002908,121.60998405209612,115.19999404233639,120.68143463134766,354966800,0.0,0.0
2024-09-25 00:00:00-04:00,121.82962567540989,124.74507579152808,121.42026930294443,123.31730651855469,284692900,0.0,0.0
2024-09-26 00:00:00-04:00,126.60217747362803,127.47081527785902,121.6099781665842,123.84648132324219,302582900,0.0,0.0
2024-09-27 00:00:00-04:00,123.7765997601264,123.83650371853182,119.07394858799772,121.21060943603516,271009200,0.0,0.0
2024-09-30 00:00:00-04:00,118.1254274144435,121.31045327548797,117.96568098439478,121.25054931640625,226553700,0.0,0.0
2024-10-01 00:00:00-04:00,121.58002164337385,122.24898215671047,115.60935538711523,116.81746673583984,302094500,0.0,0.0
2024-10-02 00:00:00-04:00,116.25834508658102,119.19375323018366,114.96037016184738,118.66458129882812,221845900,0.0,0.0
2024-10-03 00:00:00-04:00,120.73135113827638,124.16598683922703,120.15225416683853,122.65834045410156,277118000,0.0,0.0
2024-10-04 00:00:00-04:00,124.7450859792245,124.84492844767553,121.63993722019764,124.72511291503906,243678100,0.0,0.0
2024-10-07 00:00:00-04:00,124.79500006476454,130.43618698242878,124.7550615549546,127.52074432373047,346250200,0.0,0.0
2024-10-08 00:00:00-04:00,130.05679135695408,133.27176943610752,129.21810539760597,132.6826934814453,285722500,0.0,0.0
2024-10-09 00:00:00-04:00,133.9007832398008,134.31014727855833,131.1750464230449,132.44305419921875,246191600,0.0,0.0
2024-10-10 00:00:00-04:00,131.70421594134592,134.7893916948541,130.79563194093248,134.5996856689453,242311300,0.0,0.0
2024-10-11 00:00:00-04:00,133.8009151704973,135.5681579226704,133.45147037350253,134.58969116210938,170209500,0.0,0.0
2024-10-14 00:00:00-04:00,136.2570891265267,139.3822107684187,136.0873561782587,137.85459899902344,232347700,0.0,0.0
2024-10-15 00:00:00-04:00,137.65489041774774,138.35381046607344,128.53914539910267,131.39468383789062,377831000,0.0,0.0
2024-10-16 00:00:00-04:00,133.7709642153392,136.40684475827754,131.37471471629812,135.5082550048828,264879700,0.0,0.0
2024-10-17 00:00:00-04:00,139.12261346955344,140.6701983777905,136.65646567187503,136.71636962890625,306435900,0.0,0.0
2024-10-18 00:00:00-04:00,138.45366668655112,138.6833036103306,137.06583575895257,137.7847137451172,176090200,0.0,0.0
2024-10-21 00:00:00-04:00,137.91451267760561,143.48580932617188,137.78471061125512,143.48580932617188,264554500,0.0,0.0
2024-10-22 00:00:00-04:00,142.68705023422552,144.194689003585,141.55880826832362,143.36598205566406,226311600,0.0,0.0
2024-10-23 00:00:00-04:00,141.80841766733155,142.20778753302577,137.24555525009052,139.34226989746094,285930000,0.0,0.0
2024-10-24 00:00:00-04:00,140.6003124972593,141.12948441968888,138.2439937495604,140.19094848632812,172354900,0.0,0.0
2024-10-25 00:00:00-04:00,140.71013437273555,143.90515439009727,140.5803475394567,141.31918334960938,205122100,0.0,0.0
2024-10-28 00:00:00-04:00,142.77689244758375,142.91667341121004,139.83149806296922,140.30076599121094,173586700,0.0,0.0
2024-10-29 00:00:00-04:00,140.0711235834401,142.0380513591214,138.68329276437913,141.02963256835938,157593600,0.0,0.0
2024-10-30 00:00:00-04:00,139.32230457284558,140.11108066863528,136.59656776236113,139.12261962890625,179418100,0.0,0.0
2024-10-31 00:00:00-04:00,137.38533225522045,137.39531116933003,131.90389188236236,132.55287170410156,270039600,0.0,0.0
2024-11-01 00:00:00-04:00,134.48984636430032,137.09577501351765,134.36005954202903,135.18875122070312,207127800,0.0,0.0
2024-11-04 00:00:00-05:00,136.99593186321135,138.7432015157854,135.3584911981984,135.83773803710938,187528200,0.0,0.0
2024-11-05 00:00:00-05:00,137.23555788662173,140.151000495864,137.11574997671616,139.6917266845703,160537400,0.0,0.0
2024-11-06 00:00:00-05:00,142.73698322061895,146.2614750565614,141.73854326176877,145.38284301757812,242043900,0.0,0.0
2024-11-07 00:00:00-05:00,146.1616297903136,148.69766066609404,145.9419717733186,148.6477508544922,207323300,0.0,0.0
2024-11-08 00:00:00-05:00,148.53787885494532,149.53631855776948,146.03178545046896,147.399658203125,175665800,0.0,0.0
2024-11-11 00:00:00-05:00,148.44804913905642,148.61779734270107,143.3460354590936,145.03338623046875,182325600,0.0,0.0
2024-11-12 00:00:00-05:00,146.55101593198214,149.4165337385062,145.7822128979203,148.05865478515625,198634700,0.0,0.0
2024-11-13 00:00:00-05:00,148.83742831045777,149.0970171738845,145.67236073742527,146.0417938232422,191903300,0.0,0.0
2024-11-14 00:00:00-05:00,147.40965302668107,148.76753177848803,145.32291747893564,146.53102111816406,194463300,0.0,0.0
2024-11-15 00:00:00-05:00,144.64398997756967,145.0134231170618,139.86146934373124,141.7584991455078,250132900,0.0,0.0
2024-11-18 00:00:00-05:00,139.28237084466085,141.3291757571169,136.93603090489682,139.9313507080078,221205300,0.0,0.0
2024-11-19 00:00:00-05:00,141.09952959154865,146.90046279249913,140.77004260660007,146.7806396484375,227834900,0.0,0.0
2024-11-20 00:00:00-05:00,147.18003223590216,147.32979212988033,142.50732548898966,145.6623992919922,309871700,0.0,0.0
2024-11-21 00:00:00-05:00,149.11701974284432,152.65149063112756,140.4805046221909,146.44119262695312,400946600,0.0,0.0
2024-11-22 00:00:00-05:00,145.7023485163706,146.93044074143577,140.87989650374584,141.7285614013672,236406200,0.0,0.0
2024-11-25 00:00:00-05:00,141.76848775116036,141.82839170792872,135.60811535874635,135.80780029296875,344941900,0.0,0.0
2024-11-26 00:00:00-05:00,137.48518763604767,139.08269776121745,135.45835561529256,136.70640563964844,190287700,0.0,0.0
2024-11-27 00:00:00-05:00,134.7993582371888,137.00591700209634,131.59437486042492,135.12884521484375,226370900,0.0,0.0
2024-11-29 00:00:00-05:00,136.56662423239774,139.13262238748922,135.837767286179,138.03433227539062,141863200,0.0,0.0
2024-12-02 00:00:00-05:00,138.6134117376161,140.23087948399635,137.60499293345052,138.41372680664062,171682800,0.0,0.0
2024-12-03 00:00:00-05:00,138.04430354930304,140.32074544201365,137.73478959893222,140.0411834716797,164414000,0.0,0.0
2024-12-04 00:00:00-05:00,141.77842858862508,145.56250811305713,140.07109010434277,144.9135284423828,231224300,0.0,0.0
2024-12-05 00:00:00-05:00,144.89360218968224,146.32146235801875,143.73532840807314,144.8436737060547,172621200,0.01,0.0
2024-12-06 00:00:00-05:00,144.38436733563313,145.4827177885172,141.09926510716357,142.2275848388672,188505600,0.0,0.0
2024-12-09 00:00:00-05:00,138.76276188244717,139.74129618907318,136.9255094433844,138.60299682617188,189308600,0.0,0.0
2024-12-10 00:00:00-05:00,138.80268748950093,141.60850970621567,133.5904709096604,134.8685760498047,210020900,0.0,0.0
2024-12-11 00:00:00-05:00,137.155160163518,139.96096726526153,135.00837248215075,139.1022491455078,184905200,0.0,0.0
2024-12-12 00:00:00-05:00,136.8755708420711,138.23354324797214,135.59748095840345,137.1351776123047,159211400,0.0,0.0
2024-12-13 00:00:00-05:00,138.73281333743972,139.3918327936691,132.34234795745746,134.0498046875,231514900,0.0,0.0
2024-12-16 00:00:00-05:00,133.97990349214524,134.19957664706322,130.22551588851704,131.80316162109375,237951100,0.0,0.0
2024-12-17 00:00:00-05:00,128.89749220508244,131.39376410572794,126.67082193579633,130.195556640625,259410300,0.0,0.0
2024-12-18 00:00:00-05:00,133.6603731199009,136.49613412730267,128.08869283192976,128.71775817871094,277444500,0.0,0.0
2024-12-19 00:00:00-05:00,131.56349862817564,133.8301176053825,129.3568029702355,130.485107421875,209719200,0.0,0.0
2024-12-20 00:00:00-05:00,129.61640819653473,135.07825184796977,128.02878306565836,134.49911499023438,306528600,0.0,0.0
2024-12-23 00:00:00-05:00,136.07677163513355,139.58153187306692,134.91849782504636,139.4617156982422,176053500,0.0,0.0
2024-12-24 00:00:00-05:00,139.79122163679293,141.6883821217358,138.44322876231024,140.01089477539062,105157000,0.0,0.0
2024-12-26 00:00:00-05:00,139.4916759779926,140.6399702368576,137.52461242783102,139.72132873535156,116205600,0.0,0.0
2024-12-27 00:00:00-05:00,138.34337590905767,138.81267619141968,134.50910636621433,136.8056640625,170582600,0.0,0.0
2024-12-30 00:00:00-05:00,134.628921256616,140.06081067569033,133.82013169900247,137.2849578857422,167734700,0.0,0.0
2024-12-31 00:00:00-05:00,137.82416524884428,137.8641141320975,133.63043143330796,134.08973693847656,155659200,0.0,0.0
