Date,Open,High,Low,Close,Volume,Dividends,Stock Splits
2015-01-02 00:00:00-05:00,56.423141012132895,56.91244925060951,56.15402101433184,56.777889251708984,10220400,0.0,0.0
2015-01-05 00:00:00-05:00,56.331404329525455,56.51489611550425,54.7411592944724,55.22434997558594,18502400,0.0,0.0
2015-01-06 00:00:00-05:00,55.19379630895453,55.909410928220744,54.4476028197457,54.93079376220703,16670700,0.0,0.0
2015-01-07 00:00:00-05:00,55.44456301974623,55.952219810190726,55.04700041679099,55.48737716674805,13590700,0.0,0.0
2015-01-08 00:00:00-05:00,55.811524285636644,56.43538803813822,55.658615999922574,56.410926818847656,15487500,0.0,0.0
2015-01-09 00:00:00-05:00,56.45374270123857,56.74732400572659,55.88492367410347,56.33141326904297,14488400,0.0,0.0
2015-01-12 00:00:00-05:00,55.805393415961305,55.86655578246701,54.93687567896775,55.248809814453125,15176300,0.0,0.0
2015-01-13 00:00:00-05:00,55.58522499110614,55.92162512646819,54.50263625198018,55.04698944091797,17469000,0.0,0.0
2015-01-14 00:00:00-05:00,54.40476020753073,54.97969679183391,53.37110348292209,54.8879508972168,23272100,0.0,0.0
2015-01-15 00:00:00-05:00,55.30998246306422,55.45066013192977,54.13564800884436,54.41088104248047,18759600,0.0,0.0
2015-01-16 00:00:00-05:00,54.42311542381732,55.774824018144024,54.42311542381732,55.73200988769531,17713100,0.0,0.0
2015-01-20 00:00:00-05:00,55.744256168168164,56.135701089859545,55.27941357376281,55.71367263793945,16761000,0.0,0.0
2015-01-21 00:00:00-05:00,56.11121957338625,56.26412784916556,55.66473002128921,56.19073486328125,14276400,0.0,0.0
2015-01-22 00:00:00-05:00,56.45983907689552,56.8635190848947,55.85432373128609,56.8023567199707,13559000,0.0,0.0
2015-01-23 00:00:00-05:00,56.44149723535281,56.56382664546409,55.53016529537562,55.59132766723633,14706300,0.0,0.0
2015-01-26 00:00:00-05:00,55.420087343917096,56.233560659755476,55.33445906502792,56.12346649169922,10672500,0.0,0.0
2015-01-27 00:00:00-05:00,55.8054030295242,56.025591319987996,55.4139582167864,55.628028869628906,12301500,0.0,0.0
2015-01-28 00:00:00-05:00,55.585206243011555,55.61578976005313,53.71361072652789,53.793121337890625,17829700,0.0,0.0
2015-01-29 00:00:00-05:00,53.95827066166765,53.98273654465193,52.618792733215976,53.56682586669922,22683000,0.0,0.0
2015-01-30 00:00:00-05:00,53.309942379402635,54.08059671322052,52.753354027477336,53.468963623046875,22679900,0.0,0.0
2015-02-02 00:00:00-05:00,53.73198014994583,54.796220699757036,53.517909445442335,54.79010772705078,20306300,0.0,0.0
2015-02-03 00:00:00-05:00,55.59743414444156,56.472069419017515,55.542384754343914,56.42313766479492,21900900,0.0,0.0
2015-02-04 00:00:00-05:00,56.050081375326506,56.435408716613004,55.3589373505577,55.93998718261719,19632200,0.0,0.0
2015-02-05 00:00:00-05:00,56.50878098539176,56.600526882451646,56.08675265875038,56.49043273925781,12809000,0.0,0.0
2015-02-06 00:00:00-05:00,56.75541470410834,56.866337528607495,56.052905049451745,56.38567352294922,12331200,0.69,0.0
2015-02-09 00:00:00-05:00,56.32406915589137,56.872519772241375,56.22546896793303,56.422664642333984,11360700,0.0,0.0
2015-02-10 00:00:00-05:00,56.53357915222565,56.53357915222565,55.646201099257446,56.0837287902832,12952900,0.0,0.0
2015-02-11 00:00:00-05:00,55.473643785780794,55.97279887285841,55.33191193133136,55.83106231689453,12240600,0.0,0.0
2015-02-12 00:00:00-05:00,56.361028478147965,57.10051560750628,56.08988272723179,56.92180633544922,14843000,0.0,0.0
2015-02-13 00:00:00-05:00,57.12513893470969,57.5873164493967,56.86632065484803,57.538021087646484,12061000,0.0,0.0
2015-02-17 00:00:00-05:00,57.1559702572512,57.3531658695391,56.87250185843199,57.340843200683594,11758700,0.0,0.0
2015-02-18 00:00:00-05:00,56.68763839701704,56.68763839701704,55.701660170655124,56.0837287902832,19177900,0.0,0.0
2015-02-19 00:00:00-05:00,55.239475510761814,55.720139542006436,54.58626589922574,55.11623001098633,19350600,0.0,0.0
2015-02-20 00:00:00-05:00,55.09158430611835,55.424352823516465,54.752652102792084,55.412025451660156,15959900,0.0,0.0
2015-02-23 00:00:00-05:00,55.0053050997756,55.18401435874974,54.684859290058434,54.85124588012695,12771800,0.0,0.0
2015-02-24 00:00:00-05:00,55.04845327929497,55.3257580534288,54.92520305627916,55.103912353515625,9990700,0.0,0.0
2015-02-25 00:00:00-05:00,55.19634594880478,55.27645506342463,54.89439114591377,55.2148323059082,9925700,0.0,0.0
2015-02-26 00:00:00-05:00,54.92519707533976,54.95601080311715,54.27815110564748,54.6294059753418,13984000,0.0,0.0
2015-02-27 00:00:00-05:00,54.77728930261109,55.017621280800995,54.438357178746486,54.561607360839844,13090600,0.0,0.0
2015-03-02 00:00:00-05:00,54.43838546781574,54.54930833858431,53.8283120293467,54.253517150878906,13793700,0.0,0.0
2015-03-03 00:00:00-05:00,54.185710430509346,54.24116949439907,53.692719033311306,53.99467849731445,13493800,0.0,0.0
2015-03-04 00:00:00-05:00,54.20419766460506,54.20419766460506,53.56947440393639,53.723533630371094,13467600,0.0,0.0
2015-03-05 00:00:00-05:00,53.655740415597485,53.72969052748829,53.31680827965701,53.4523811340332,12527600,0.0,0.0
2015-03-06 00:00:00-05:00,53.24902883353592,53.36611063881618,52.577328217602634,52.76836013793945,16070500,0.0,0.0
2015-03-09 00:00:00-04:00,53.07031602430284,53.23053421058145,52.45407921134699,52.478729248046875,14503800,0.0,0.0
2015-03-10 00:00:00-04:00,52.269228372060056,52.70675612994473,51.911809741163026,51.924137115478516,17195500,0.0,0.0
2015-03-11 00:00:00-04:00,52.33701548834797,52.33701548834797,51.76391481483735,51.77623748779297,13004700,0.0,0.0
2015-03-12 00:00:00-04:00,52.02888811323492,52.20759740059925,51.80087873938767,51.899478912353516,10792900,0.0,0.0
2015-03-13 00:00:00-04:00,51.70227465353277,51.8748202259592,50.950464915233994,51.68378829956055,16799900,0.0,0.0
2015-03-16 00:00:00-04:00,51.585195705948095,52.293869155039154,51.31404993723137,52.23224639892578,13516200,0.0,0.0
2015-03-17 00:00:00-04:00,52.096654984012794,52.2876868704695,51.776209243780556,51.81318664550781,12979700,0.0,0.0
2015-03-18 00:00:00-04:00,51.48044505375482,53.224397078760816,51.41265860037892,53.03952407836914,18745700,0.0,0.0
2015-03-19 00:00:00-04:00,52.49723903606107,52.68827102887366,51.96727476421077,52.01657485961914,12738500,0.0,0.0
2015-03-20 00:00:00-04:00,52.17678116866175,52.626636208591144,52.00423557576219,52.09667205810547,36083500,0.0,0.0
2015-03-23 00:00:00-04:00,52.39247071606041,52.860812179701774,52.38631173079342,52.6451301574707,17450700,0.0,0.0
2015-03-24 00:00:00-04:00,52.56502325816698,52.86081441501609,52.072031728064246,52.084354400634766,10174300,0.0,0.0
2015-03-25 00:00:00-04:00,52.41094789944812,52.73138900455962,52.2383976258343,52.293861389160156,11934700,0.0,0.0
2015-03-26 00:00:00-04:00,52.56501583601006,52.73139775055517,51.819364959098436,51.96110153198242,14400700,0.0,0.0
2015-03-27 00:00:00-04:00,51.78854575058884,51.79470943554996,51.351018148631205,51.50507736206055,11579300,0.0,0.0
2015-03-30 00:00:00-04:00,51.93027764002154,52.885446644733804,51.91795497160249,52.76836013793945,15653200,0.0,0.0
2015-03-31 00:00:00-04:00,52.287713342461984,52.58966818394633,52.047381266370174,52.380149841308594,13354000,0.0,0.0
2015-04-01 00:00:00-04:00,52.81149565140357,52.99636858521341,51.92411779305278,52.04736328125,14522300,0.0,0.0
2015-04-02 00:00:00-04:00,51.81935473919247,52.343159825728165,51.671459210818924,51.948768615722656,11297400,0.0,0.0
2015-04-06 00:00:00-04:00,52.47258204216761,52.77453685891907,51.88715406510143,52.46025466918945,10916400,0.0,0.0
2015-04-07 00:00:00-04:00,52.38630923487276,53.10114171756866,52.23224998325987,52.842323303222656,11836100,0.0,0.0
2015-04-08 00:00:00-04:00,52.87313229769403,52.934755052515875,51.776226575199935,51.80087661743164,16257100,0.0,0.0
2015-04-09 00:00:00-04:00,51.763904267098205,52.21375931332405,51.64681774105692,52.164459228515625,13281800,0.0,0.0
2015-04-10 00:00:00-04:00,52.608160767566275,53.02103847931335,52.23841476147827,52.725242614746094,13372400,0.0,0.0
2015-04-13 00:00:00-04:00,52.94709457718256,53.15045396419209,52.52805312888248,52.58967590332031,9880500,0.0,0.0
2015-04-14 00:00:00-04:00,52.749870791983774,53.90839902124115,52.70673440269316,53.38459396362305,15693800,0.0,0.0
2015-04-15 00:00:00-04:00,53.69888444600949,54.555453382520426,53.69888444600949,54.27814865112305,15332800,0.0,0.0
2015-04-16 00:00:00-04:00,54.15490508457075,54.32745539134907,53.680404670097,54.06247329711914,9570800,0.0,0.0
2015-04-17 00:00:00-04:00,53.698886273790016,53.83445915207071,53.09497670883113,53.56947708129883,14430100,0.0,0.0
2015-04-20 00:00:00-04:00,53.69271543146696,54.290465932478774,53.66190640965533,53.760501861572266,11593600,0.0,0.0
2015-04-21 00:00:00-04:00,53.84678425366687,53.99468451020521,53.42158394528518,53.538665771484375,10100500,0.0,0.0
2015-04-22 00:00:00-04:00,53.63726923393241,54.1056106720135,53.205900511497255,53.896087646484375,8663600,0.0,0.0
2015-04-23 00:00:00-04:00,53.83447355702186,54.46303333181315,53.803659821343985,53.945396423339844,9866100,0.0,0.0
2015-04-24 00:00:00-04:00,53.729715832044,53.83447501375795,53.40311091169102,53.59414291381836,8405700,0.0,0.0
2015-04-27 00:00:00-04:00,53.86527394857008,53.982355771806,53.46471899156767,53.618778228759766,10534600,0.0,0.0
2015-04-28 00:00:00-04:00,53.74818373031641,54.14257497430495,53.637260899099985,54.1056022644043,9633800,0.0,0.0
2015-04-29 00:00:00-04:00,53.92071431777786,54.271969068701715,53.587945916663706,54.14872360229492,12534100,0.0,0.0
2015-04-30 00:00:00-04:00,54.64172326013891,54.64172326013891,53.748181660837915,53.84061813354492,13947700,0.0,0.0
2015-05-01 00:00:00-04:00,54.13640673066925,54.81426633035584,54.043970262186065,54.75264358520508,12257100,0.0,0.0
2015-05-04 00:00:00-04:00,55.10389277125476,55.387361131182104,54.8142607269882,54.91286087036133,10343700,0.0,0.0
2015-05-05 00:00:00-04:00,55.4428302661428,55.51677567933305,54.54928401081004,54.6047477722168,11895000,0.0,0.0
2015-05-06 00:00:00-04:00,55.24562953266693,55.43666143435806,54.099428719492884,54.345924377441406,11273500,0.0,0.0
2015-05-07 00:00:00-04:00,54.228848918563784,54.29047167021378,53.56331191710882,53.98235321044922,9992500,0.0,0.0
2015-05-08 00:00:00-04:00,54.51848705769753,54.88822831003917,54.11793207536279,54.83892822265625,11390300,0.0,0.0
2015-05-11 00:00:00-04:00,55.00669556112204,55.031549488750166,53.83858940501204,53.91936111450195,11997800,0.73,0.0
2015-05-12 00:00:00-04:00,53.98768687958219,54.341846912517966,53.6956592709439,54.068458557128906,9788900,0.0,0.0
2015-05-13 00:00:00-04:00,54.230011069918255,54.509614112632114,53.683239055003035,53.782649993896484,8629400,0.0,0.0
2015-05-14 00:00:00-04:00,54.012564436801796,54.2673089100343,53.90072412795767,54.037418365478516,8791300,0.0,0.0
2015-05-15 00:00:00-04:00,53.93178300214588,54.44127659717162,53.807513381163176,54.27351379394531,8422200,0.0,0.0
2015-05-18 00:00:00-04:00,54.24865018587631,54.34185119987578,53.91934404475859,53.96283721923828,6395400,0.0,0.0
2015-05-19 00:00:00-04:00,53.72672090807338,54.186506476918694,53.56517283346305,54.04981231689453,9777100,0.0,0.0
2015-05-20 00:00:00-04:00,54.298369890365805,54.30458455676389,54.00013226887889,54.13682174682617,7276600,0.0,0.0
2015-05-21 00:00:00-04:00,54.23000134550281,54.329417006969734,54.03117476296859,54.18650817871094,8357400,0.0,0.0
2015-05-22 00:00:00-04:00,54.04984022165566,54.11818733695387,53.74538790649212,53.7578125,7598400,0.0,0.0
2015-05-26 00:00:00-04:00,53.45954830798612,53.664589552073416,52.83199998838542,53.030826568603516,11289000,0.0,0.0
2015-05-27 00:00:00-04:00,52.99977261542089,53.366357265284975,52.67046173452542,52.881717681884766,10778300,0.0,0.0
2015-05-28 00:00:00-04:00,52.881717681884766,53.16753064798231,52.70153031926665,52.881717681884766,8038900,0.0,0.0
2015-05-29 00:00:00-04:00,52.875512518249295,53.17375486799578,52.73881830546555,52.937644958496094,14631300,0.0,0.0
2015-06-01 00:00:00-04:00,52.968723010220586,53.10541724742099,52.68912460896681,52.894161224365234,9077500,0.0,0.0
2015-06-02 00:00:00-04:00,52.88792788941831,53.17995075553148,52.75744837722304,52.900352478027344,9328300,0.0,0.0
2015-06-03 00:00:00-04:00,52.95629177906155,53.33530110688545,52.72639652345544,52.78231430053711,8179500,0.0,0.0
2015-06-04 00:00:00-04:00,52.626984441407416,52.74503941056906,52.055358336712345,52.3287467956543,12607300,0.0,0.0
2015-06-05 00:00:00-04:00,52.272807746065794,52.813369826124394,52.17961147398708,52.36600875854492,11388500,0.0,0.0
2015-06-08 00:00:00-04:00,52.30388415124374,52.943857264013545,52.148550687352,52.720176696777344,12244700,0.0,0.0
2015-06-09 00:00:00-04:00,52.99356421629037,53.080550575370424,52.49649524406062,52.55241775512695,8105500,0.0,0.0
2015-06-10 00:00:00-04:00,53.335282364777015,53.416058779378794,52.813364333811315,52.943843841552734,10147000,0.0,0.0
2015-06-11 00:00:00-04:00,52.99978131259294,53.24831106970421,52.745032149032255,52.86929702758789,7759300,0.0,0.0
2015-06-12 00:00:00-04:00,52.55241027121313,52.6145426987934,52.10504920799461,52.20446014404297,8347300,0.0,0.0
2015-06-15 00:00:00-04:00,51.900011467521985,52.17961452128824,51.68876025127256,52.01806640625,9563900,0.0,0.0
2015-06-16 00:00:00-04:00,52.073993154027754,52.65804854269826,51.819248717532034,52.61455535888672,9100100,0.0,0.0
2015-06-17 00:00:00-04:00,52.832004262187056,52.89413668470643,52.446780398326894,52.645606994628906,9090200,0.0,0.0
2015-06-18 00:00:00-04:00,52.68912219969429,53.40986713506379,52.63941434473033,53.111629486083984,10247800,0.0,0.0
2015-06-19 00:00:00-04:00,52.76365650027174,53.1116065946488,52.76365650027174,52.943843841552734,16129600,0.0,0.0
2015-06-22 00:00:00-04:00,53.05570056211175,53.18618011034617,52.79474146564291,52.91900634765625,9465100,0.0,0.0
2015-06-23 00:00:00-04:00,52.95005830223301,52.98733680704438,52.558615040114056,52.85685729980469,10223900,0.0,0.0
2015-06-24 00:00:00-04:00,52.74503491032133,53.02463327190957,52.60213076654121,52.61455535888672,11800100,0.0,0.0
2015-06-25 00:00:00-04:00,52.72016639454813,52.72016639454813,52.14854049682617,52.14854049682617,10259400,0.0,0.0
2015-06-26 00:00:00-04:00,52.08641750575877,52.254175558588734,51.87516153287546,52.10505676269531,19023300,0.0,0.0
2015-06-29 00:00:00-04:00,51.60176733133629,51.85029702696409,51.44643390136888,51.458858489990234,11739200,0.0,0.0
2015-06-30 00:00:00-04:00,52.030489991041755,52.75123945928442,51.44643945479058,51.694969177246094,14981100,0.0,0.0
2015-07-01 00:00:00-04:00,51.74467147444027,51.90000490453424,51.017712159296494,51.17926025390625,13529100,0.0,0.0
2015-07-02 00:00:00-04:00,51.44023367006952,51.74468595091751,51.291114862772744,51.65769958496094,9188000,0.0,0.0
2015-07-06 00:00:00-04:00,51.21033179529345,51.60798505689023,51.02393449539541,51.27867889404297,11694400,0.0,0.0
2015-07-07 00:00:00-04:00,51.06741449584682,51.71360206430635,50.63247809417621,51.48992156982422,15641500,0.0,0.0
2015-07-08 00:00:00-04:00,51.10470926162131,51.55828505877753,50.89345802760409,50.93073654174805,10057000,0.0,0.0
2015-07-09 00:00:00-04:00,51.48992887340671,51.66390156259226,50.688407777887356,50.70083236694336,11980500,0.0,0.0
2015-07-10 00:00:00-04:00,51.00530219562523,51.25383672621757,50.77541166565887,51.08607864379883,8628700,0.0,0.0
2015-07-13 00:00:00-04:00,51.01771520056701,51.32838207927445,50.99286128142237,51.2103271484375,8026700,0.0,0.0
2015-07-14 00:00:00-04:00,51.18547757750622,51.769532876019895,51.11092055413904,51.63905334472656,9310200,0.0,0.0
2015-07-15 00:00:00-04:00,51.32838787548813,51.831666758898386,51.197908340544764,51.42158889770508,9289200,0.0,0.0
2015-07-16 00:00:00-04:00,51.68253997362621,51.868941989228496,51.44643486221014,51.5147819519043,8267600,0.0,0.0
2015-07-17 00:00:00-04:00,51.266255779023766,51.471292340772635,50.81889466175181,51.32838821411133,12156000,0.0,0.0
2015-07-20 00:00:00-04:00,51.04257080122266,51.20411891078456,50.700835327226436,50.80025100708008,12957100,0.0,0.0
2015-07-21 00:00:00-04:00,50.90587907508542,51.21654597906119,50.59521217110966,50.738121032714844,8677100,0.0,0.0
2015-07-22 00:00:00-04:00,51.16684653464395,51.24140831038009,50.68842150977463,50.81890106201172,13181500,0.0,0.0
2015-07-23 00:00:00-04:00,50.78161320818115,50.93073199183651,50.30939819613842,50.41502380371094,10496100,0.0,0.0
2015-07-24 00:00:00-04:00,50.42744234732994,50.42744234732994,49.53272035598619,49.66941452026367,14888500,0.0,0.0
2015-07-27 00:00:00-04:00,49.22826702953669,49.78746352056156,49.066718953703074,49.24690628051758,14996100,0.0,0.0
2015-07-28 00:00:00-04:00,49.52029643183895,51.365658370154385,49.43952475340635,51.24760818481445,19777300,0.0,0.0
2015-07-29 00:00:00-04:00,51.06121961537244,51.69497810168478,50.89346154971374,51.65769958496094,13913800,0.0,0.0
2015-07-30 00:00:00-04:00,51.68254516292417,51.76953151483258,51.21033015227808,51.57691955566406,11139900,0.0,0.0
2015-07-31 00:00:00-04:00,50.74431964391393,50.74431964391393,49.04186671701242,49.21583938598633,26232700,0.0,0.0
2015-08-03 00:00:00-04:00,48.8989770247775,49.04188591045019,48.23414992792083,48.50132369995117,15767700,0.0,0.0
2015-08-04 00:00:00-04:00,48.389468670899916,48.84304437474908,47.79920352984153,47.94832229614258,18874400,0.0,0.0
2015-08-05 00:00:00-04:00,48.38325874675412,48.606939266405746,47.78056427660391,47.94832229614258,16544400,0.0,0.0
2015-08-06 00:00:00-04:00,47.80543587169614,48.625596500227886,47.786796611566174,48.51996612548828,13005200,0.0,0.0
2015-08-07 00:00:00-04:00,48.18442918812115,48.44538819823465,47.606588671212776,47.73706817626953,12187600,0.0,0.0
2015-08-10 00:00:00-04:00,47.898622032875814,48.93003845214843,47.898622032875814,48.93003845214844,14876000,0.0,0.0
2015-08-11 00:00:00-04:00,48.29662435193148,48.9613990887352,47.870163913192926,48.597652435302734,14486400,0.73,0.0
2015-08-12 00:00:00-04:00,48.56628925215375,49.46311009748344,48.26525643784721,49.41293716430664,16492400,0.0,0.0
2015-08-13 00:00:00-04:00,49.118182125041386,49.7265158431933,49.08682284244922,49.32514190673828,13154100,0.0,0.0
2015-08-14 00:00:00-04:00,49.31886525594971,49.72023916117531,49.07427818197644,49.14326477050781,9129300,0.0,0.0
2015-08-17 00:00:00-04:00,48.87360051270232,49.657534817869006,48.57256763422598,49.4004020690918,9365400,0.0,0.0
2015-08-18 00:00:00-04:00,49.24989092446161,49.33769118903381,48.65410273132804,48.85478973388672,9815300,0.0,0.0
2015-08-19 00:00:00-04:00,48.61020502043642,48.654105154909296,47.6193108026135,47.807456970214844,17010100,0.0,0.0
2015-08-20 00:00:00-04:00,47.66320514988737,47.776091879790464,46.76638412475585,46.76638412475586,17811200,0.0,0.0
2015-08-21 00:00:00-04:00,46.471618455876545,46.967065444839726,45.198510079628385,45.23613739013672,25488800,0.0,0.0
2015-08-24 00:00:00-04:00,42.639752595646065,44.76578200902582,41.7366635464859,43.097572326660156,35531200,0.0,0.0
2015-08-25 00:00:00-04:00,44.72187150968934,44.80340371925078,42.77144306412791,43.09128952026367,30409700,0.0,0.0
2015-08-26 00:00:00-04:00,44.29541809202557,45.624972271097114,43.36724264143709,45.46818542480469,34436000,0.0,0.0
2015-08-27 00:00:00-04:00,46.28347284305391,46.9670611061656,45.7880258998586,46.94197463989258,24571000,0.0,0.0
2015-08-28 00:00:00-04:00,46.85418260345647,47.65066249662009,46.66604125060065,47.0799560546875,18997300,0.0,0.0
2015-08-31 00:00:00-04:00,46.58449698369696,47.380976670988346,45.96989535790502,47.18655776977539,19570100,0.0,0.0
2015-09-01 00:00:00-04:00,45.96991272259899,46.001267226103536,44.84731814641512,45.20479202270508,24092900,0.0,0.0
2015-09-02 00:00:00-04:00,45.819380010787256,45.932266715694304,45.1546054067536,45.92599868774414,16936900,0.0,0.0
2015-09-03 00:00:00-04:00,46.18314858334296,46.97962870966937,45.9950023906539,46.2772216796875,13451900,0.0,0.0
2015-09-04 00:00:00-04:00,45.737871537117115,45.869571949955876,45.31141100683897,45.443111419677734,14902500,0.0,0.0
2015-09-08 00:00:00-04:00,46.233306290529555,46.233306290529555,45.762945748699295,46.095333099365234,13626900,0.0,0.0
2015-09-09 00:00:00-04:00,46.64095851852228,46.835372700816755,45.06054423322429,45.15461730957031,17246200,0.0,0.0
2015-09-10 00:00:00-04:00,45.662609132714394,45.76922784690457,45.02919358624739,45.480735778808594,12353900,0.0,0.0
2015-09-11 00:00:00-04:00,45.405468007287894,45.60615496308152,45.16088092943798,45.58734130859375,12172300,0.0,0.0
2015-09-14 00:00:00-04:00,45.34902733817558,45.5183598170397,45.00409913617401,45.4619140625,10738500,0.0,0.0
2015-09-15 00:00:00-04:00,45.43056891052858,45.97618420306228,45.411755250062726,45.6939697265625,11979800,0.0,0.0
2015-09-16 00:00:00-04:00,46.10160650985249,46.8479086589187,46.01380625702117,46.59705352783203,15214200,0.0,0.0
2015-09-17 00:00:00-04:00,46.66604082522771,47.33081554515111,46.31483502387243,46.69739532470703,15603000,0.0,0.0
2015-09-18 00:00:00-04:00,45.94481271533893,46.132954035213714,45.229865173355506,45.5810661315918,23180200,0.0,0.0
2015-09-21 00:00:00-04:00,45.844467191392276,46.16431365773981,45.61242575001136,46.02634048461914,10853000,0.0,0.0
2015-09-22 00:00:00-04:00,45.37410344136278,46.1078645894424,45.16714369659554,45.618690490722656,14245200,0.0,0.0
2015-09-23 00:00:00-04:00,45.70023584413858,45.90719086368913,45.33648917925356,45.3427619934082,13784800,0.0,0.0
2015-09-24 00:00:00-04:00,45.15460710822883,45.875827484269465,44.979006623924185,45.6124267578125,14584200,0.0,0.0
2015-09-25 00:00:00-04:00,45.96362599446177,46.11414000608645,45.631238692444946,45.92599868774414,15175300,0.0,0.0
2015-09-28 00:00:00-04:00,45.54344085922562,46.070242320114964,45.405467680967625,45.5308952331543,14571900,0.0,0.0
2015-09-29 00:00:00-04:00,45.56225250760931,45.90091262530845,45.242406043434414,45.762939453125,13754400,0.0,0.0
2015-09-30 00:00:00-04:00,46.032614664433424,46.628402709960945,45.98871454302355,46.62840270996094,18176500,0.0,0.0
2015-10-01 00:00:00-04:00,47.16147308319335,47.39979210951696,45.96989709059121,46.44652557373047,14397800,0.0,0.0
2015-10-02 00:00:00-04:00,46.02636306839652,47.60050492131074,45.80058954428306,47.58795928955078,18811300,0.0,0.0
2015-10-05 00:00:00-04:00,48.070835842286314,48.38440945536743,47.5314888450065,48.17117691040039,18486700,0.0,0.0
2015-10-06 00:00:00-04:00,48.26525969798794,49.268694505530966,47.82625846492368,48.848506927490234,18757900,0.0,0.0
2015-10-07 00:00:00-04:00,49.52581041196692,49.72649730537926,48.62271699923492,49.67005157470703,18666300,0.0,0.0
2015-10-08 00:00:00-04:00,49.739043152936354,50.24076282938023,49.25614191178071,50.190589904785156,14344700,0.0,0.0
2015-10-09 00:00:00-04:00,50.203134229795985,50.278388829988685,49.30631356105758,49.70768737792969,17384700,0.0,0.0
2015-10-12 00:00:00-04:00,49.91465661166977,49.91465661166977,49.36904146496358,49.7327880859375,9931800,0.0,0.0
2015-10-13 00:00:00-04:00,49.36903884121084,49.88957227617271,49.22479284926493,49.64498519897461,12326600,0.0,0.0
2015-10-14 00:00:00-04:00,49.52581097847921,50.47280451045403,49.40665148939377,50.272117614746094,14486000,0.0,0.0
2015-10-15 00:00:00-04:00,50.290932287252204,51.13130718489938,50.10905903669727,51.099952697753906,13640900,0.0,0.0
2015-10-16 00:00:00-04:00,51.58915005732633,51.739664104079445,51.08115737430723,51.72712326049805,14304400,0.0,0.0
2015-10-19 00:00:00-04:00,51.432360426487485,51.53270152400055,50.64842616409942,50.792667388916016,14155800,0.0,0.0
2015-10-20 00:00:00-04:00,50.51671368080057,50.83655533821253,50.29720831211088,50.69231414794922,12340100,0.0,0.0
2015-10-21 00:00:00-04:00,50.71112873895063,50.89300202179399,50.240768285486276,50.30348205566406,10274900,0.0,0.0
2015-10-22 00:00:00-04:00,50.59823904289244,52.02813397120177,50.58569820350098,51.98423385620117,14823500,0.0,0.0
2015-10-23 00:00:00-04:00,51.68322135122784,52.05323603357927,51.357102012277494,52.04069519042969,13215700,0.0,0.0
2015-10-26 00:00:00-04:00,51.75220516061151,51.883910334912116,50.90555706510292,50.93691635131836,12576400,0.0,0.0
2015-10-27 00:00:00-04:00,50.52925888466367,50.89927828790125,50.002457437720494,50.85537338256836,13579400,0.0,0.0
2015-10-28 00:00:00-04:00,50.99336593791075,51.789846008662714,50.755051590588586,51.60169982910156,12473000,0.0,0.0
2015-10-29 00:00:00-04:00,51.29439278153728,52.19121386614837,51.29439278153728,51.57033920288086,10341200,0.0,0.0
2015-10-30 00:00:00-04:00,51.720839567441416,52.605114788968464,50.961991894367166,51.890167236328125,18758600,0.0,0.0
2015-11-02 00:00:00-05:00,51.614234769682504,53.8907781901413,51.482529600413756,53.483131408691406,21266500,0.0,0.0
2015-11-03 00:00:00-05:00,53.72145592432588,54.83777768336462,53.671282977126126,54.46775817871094,20115900,0.0,0.0
2015-11-04 00:00:00-05:00,54.41756507494969,54.61198397714602,53.74651770516826,53.922122955322266,14245400,0.0,0.0
2015-11-05 00:00:00-05:00,53.65246227451391,54.07892270021405,52.993955587045086,53.18836975097656,12291100,0.0,0.0
2015-11-06 00:00:00-05:00,52.63649083163074,52.975151062011726,52.191216672636045,52.97515106201172,12491700,0.0,0.0
2015-11-09 00:00:00-05:00,52.86127572514767,52.8865808889429,51.74787747695647,51.84276580810547,13551200,0.73,0.0
2015-11-10 00:00:00-05:00,51.830101584332226,52.260279599263974,51.785818766315664,52.09579849243164,14238000,0.0,0.0
2015-11-11 00:00:00-05:00,52.140099147337835,52.228664813668885,51.494834317430666,51.634010314941406,9598000,0.0,0.0
2015-11-12 00:00:00-05:00,50.96975026541599,51.41890598294505,50.17898213741433,50.23591995239258,16050600,0.0,0.0
2015-11-13 00:00:00-05:00,50.153669799881314,50.343456054024735,49.30596880469453,49.40718460083008,17527300,0.0,0.0
2015-11-16 00:00:00-05:00,49.305974285180355,51.235445559934504,49.28699662294958,51.17851257324219,14548100,0.0,0.0
2015-11-17 00:00:00-05:00,51.05832324969622,51.165866572212956,50.37509833053175,50.5838623046875,10011700,0.0,0.0
2015-11-18 00:00:00-05:00,50.53957958518127,51.17852167724789,50.349793276182055,51.077301025390625,10884600,0.0,0.0
2015-11-19 00:00:00-05:00,50.93179484670095,51.102598638392415,50.63446525888098,50.798946380615234,9453300,0.0,0.0
2015-11-20 00:00:00-05:00,50.969756963861236,51.20382609803872,50.38775270351677,50.476318359375,10144400,0.0,0.0
2015-11-23 00:00:00-05:00,50.35611117958559,51.05831363204472,50.01449878435152,50.78628921508789,11868400,0.0,0.0
2015-11-24 00:00:00-05:00,50.83058517870824,52.09581445422788,50.735692017750935,51.798484802246094,15055500,0.0,0.0
2015-11-25 00:00:00-05:00,51.431565519829206,51.981937096606075,51.30503971229092,51.399932861328125,8980400,0.0,0.0
2015-11-27 00:00:00-05:00,50.97607910778702,51.406257173836664,50.90016362796682,51.38727951049805,4156600,0.0,0.0
2015-11-30 00:00:00-05:00,51.507478411576734,52.285596475666644,51.39993509035497,51.65930938720703,17729200,0.0,0.0
2015-12-01 00:00:00-05:00,51.72256760062347,51.95663189808697,51.412582992225026,51.804805755615234,13917000,0.0,0.0
2015-12-02 00:00:00-05:00,51.43789163020083,51.646655606750286,50.24225042118683,50.324493408203125,16300000,0.0,0.0
2015-12-03 00:00:00-05:00,50.43202539802341,50.5142635400914,49.35657792281858,49.603302001953125,14870300,0.0,0.0
2015-12-04 00:00:00-05:00,48.932732138539166,49.96389689469441,48.73029568527296,49.88798141479492,20156400,0.0,0.0
2015-12-07 00:00:00-05:00,48.920070304703756,49.02761358906374,47.92053844350424,48.58478546142578,17676100,0.0,0.0
2015-12-08 00:00:00-05:00,47.61689763655488,48.30012254594991,46.68063075461318,47.2120246887207,24217600,0.0,0.0
2015-12-09 00:00:00-05:00,47.34486517867512,48.83151306194981,47.27528202649938,47.84463119506836,22036300,0.0,0.0
2015-12-10 00:00:00-05:00,47.95219068678067,49.027633622757754,47.77505453687942,47.88260269165039,20142400,0.0,0.0
2015-12-11 00:00:00-05:00,47.33222540734825,47.78770870340396,47.028568267822266,47.028568267822266,20473100,0.0,0.0
2015-12-14 00:00:00-05:00,47.00326995163229,48.21788890903274,46.870416629181165,48.09769058227539,21976500,0.0,0.0
2015-12-15 00:00:00-05:00,48.98333306230165,50.35610514850978,48.920072587753154,50.24856185913086,24366800,0.0,0.0
2015-12-16 00:00:00-05:00,50.00185366509002,50.36244375870865,49.34393396636261,50.071441650390625,17233900,0.0,0.0
2015-12-17 00:00:00-05:00,49.98920397012333,50.122057284481485,49.31230653574168,49.318634033203125,17362900,0.0,0.0
2015-12-18 00:00:00-05:00,49.07190941737231,49.83737242758175,48.74927465225399,48.888450622558594,28836000,0.0,0.0
2015-12-21 00:00:00-05:00,49.211078341229374,49.40718727505125,48.489898258793545,48.87579345703125,14460500,0.0,0.0
2015-12-22 00:00:00-05:00,49.15414827818785,49.280674083227716,48.8441685021556,49.122520446777344,13855800,0.0,0.0
2015-12-23 00:00:00-05:00,49.77412439111125,50.748351600498296,49.54638271481469,50.729373931884766,15184200,0.0,0.0
2015-12-24 00:00:00-05:00,50.77998016227218,50.77998016227218,50.052477113905546,50.185325622558594,5848300,0.0,0.0
2015-12-28 00:00:00-05:00,49.41985478689738,49.88798824419817,49.28700629873634,49.81207275390625,9715800,0.0,0.0
2015-12-29 00:00:00-05:00,50.60282893360292,50.659766744348126,49.87532134463485,50.077762603759766,8839000,0.0,0.0
2015-12-30 00:00:00-05:00,49.546373108690496,49.97022371377289,49.32495897368224,49.41352462768555,9314600,0.0,0.0
2015-12-31 00:00:00-05:00,49.03393555333609,49.62226704310206,48.98332525118193,49.31228256225586,10285500,0.0,0.0
2016-01-04 00:00:00-05:00,49.02762067883096,49.305972585863536,48.36970106086822,49.002315521240234,20400100,0.0,0.0
2016-01-05 00:00:00-05:00,48.83151391366837,49.43249574718035,48.660705298946084,49.41984558105469,11993500,0.0,0.0
2016-01-06 00:00:00-05:00,48.483561610418654,49.11617593709579,48.451928963499086,49.00863265991211,18826900,0.0,0.0
2016-01-07 00:00:00-05:00,48.11667591590995,49.33762256569403,48.01546006656627,48.22422409057617,21263800,0.0,0.0
2016-01-08 00:00:00-05:00,48.30011853958172,48.4899048297157,47.129782620997766,47.24998092651367,19033600,0.0,0.0
2016-01-11 00:00:00-05:00,47.45241778681746,47.52200577202679,45.902509274796785,46.617366790771484,21353000,0.0,0.0
2016-01-12 00:00:00-05:00,46.88938518908602,47.71178108553047,46.27574839488703,47.57260513305664,21864100,0.0,0.0
2016-01-13 00:00:00-05:00,47.98382080559951,48.7492839619908,47.40814397704303,47.8572998046875,26052700,0.0,0.0
2016-01-14 00:00:00-05:00,48.211549251462586,50.558548408170054,47.95217982275774,50.052459716796875,33806700,0.0,0.0
2016-01-15 00:00:00-05:00,48.28747498258637,49.451483563780926,48.268497316268316,49.078243255615234,28342100,0.0,0.0
2016-01-19 00:00:00-05:00,49.29966005238822,49.495769050154095,47.56629725630035,48.33176040649414,22684500,0.0,0.0
2016-01-20 00:00:00-05:00,47.49036829324679,47.901568665974246,45.263567472016184,46.29472732543945,33300800,0.0,0.0
2016-01-21 00:00:00-05:00,46.28208884392398,47.43976995362253,45.93414886536069,46.87674331665039,22265600,0.0,0.0
2016-01-22 00:00:00-05:00,48.34440357300866,48.56581770397266,47.26896075034578,48.43929672241211,22530300,0.0,0.0
2016-01-25 00:00:00-05:00,47.92054876206944,48.293789003380724,46.75021289290938,46.80082321166992,17086600,0.0,0.0
2016-01-26 00:00:00-05:00,47.30058769372894,48.56581679142518,46.97163025197295,48.52153396606445,18724700,0.0,0.0
2016-01-27 00:00:00-05:00,48.078710544179806,49.00865479667687,47.26896461251247,47.629554748535156,18106100,0.0,0.0
2016-01-28 00:00:00-05:00,48.93272433447959,49.12883808632619,47.838304092650894,48.70498275756836,16157700,0.0,0.0
2016-01-29 00:00:00-05:00,48.54052105282515,49.249046325683594,48.236863916981214,49.249046325683594,25161900,0.0,0.0
2016-02-01 00:00:00-05:00,48.4962341928917,48.578472347666356,47.72444366212662,48.26216506958008,16754200,0.0,0.0
2016-02-02 00:00:00-05:00,46.933664640045386,47.8383034397447,46.52879180361009,47.18670654296875,21404200,0.0,0.0
2016-02-03 00:00:00-05:00,47.78136385642423,49.67920701657219,46.97794570893941,49.647579193115234,25873700,0.0,0.0
2016-02-04 00:00:00-05:00,49.71082676528614,50.609137802937035,49.06555755547914,50.50159454345703,23658700,0.0,0.0
2016-02-05 00:00:00-05:00,50.22959668932636,50.672424947742755,49.704525449728315,50.65977478027344,26719900,0.0,0.0
2016-02-08 00:00:00-05:00,50.16633507133609,51.73521643142891,49.91961578626935,51.34299850463867,26601200,0.0,0.0
2016-02-09 00:00:00-05:00,51.055740842260484,51.496203393222864,50.232260601386834,51.11957550048828,18418100,0.73,0.0
2016-02-10 00:00:00-05:00,50.92166138866104,51.9940997774427,50.608868279095226,50.6535530090332,16610900,0.0,0.0
2016-02-11 00:00:00-05:00,50.008825895553876,51.164254010788234,49.52367865594961,50.81315612792969,19331600,0.0,0.0
2016-02-12 00:00:00-05:00,51.11957661183727,51.75154802149445,50.94721767357563,51.72601318359375,16767200,0.0,0.0
2016-02-16 00:00:00-05:00,52.15371746621033,52.24947190308191,51.24725252040835,51.84730911254883,15912200,0.0,0.0
2016-02-17 00:00:00-05:00,52.121783523470384,52.84312425983399,51.80899035623126,52.34520721435547,17006700,0.0,0.0
2016-02-18 00:00:00-05:00,52.919724731665745,53.021859181045514,52.25583376474933,52.63246154785156,14873700,0.0,0.0
2016-02-19 00:00:00-05:00,52.466509285907854,52.69631795855521,51.64941394772719,52.664398193359375,13615900,0.0,0.0
2016-02-22 00:00:00-05:00,52.664412110652236,53.26446878894603,52.472903209413126,52.59419250488281,14595200,0.0,0.0
2016-02-23 00:00:00-05:00,52.338819193310314,52.581397646442426,51.63024347964602,51.85367202758789,11041600,0.0,0.0
2016-02-24 00:00:00-05:00,51.01103898736987,52.198376868982585,50.85783001467676,52.038787841796875,13777500,0.0,0.0
2016-02-25 00:00:00-05:00,52.06432221957535,52.389885195889796,51.08125323619468,52.351585388183594,13706400,0.0,0.0
2016-02-26 00:00:00-05:00,52.91336437215066,53.03465365297774,52.147338600219754,52.185638427734375,14343300,0.0,0.0
2016-02-29 00:00:00-05:00,52.26861848571939,52.60056652968528,51.10043001519937,51.16426467895508,18903600,0.0,0.0
2016-03-01 00:00:00-05:00,51.425964808348425,52.19837508915766,51.272760711149765,51.885581970214844,15730600,0.0,0.0
2016-03-02 00:00:00-05:00,51.67494112894878,52.804834520246715,51.26639348188967,52.79206466674805,14094400,0.0,0.0
2016-03-03 00:00:00-05:00,52.76653323358349,52.80483305247065,52.051572435967216,52.60055923461914,13216200,0.0,0.0
2016-03-04 00:00:00-05:00,52.76652802980188,52.96441690156593,52.192006451793254,52.53033447265625,18402700,0.0,0.0
2016-03-07 00:00:00-05:00,52.5431135208043,53.91558074951172,52.47927885510756,53.91558074951172,18945600,0.0,0.0
2016-03-08 00:00:00-05:00,53.62193306501033,53.75598731324016,52.65163356199191,52.74738311767578,14003900,0.0,0.0
2016-03-09 00:00:00-05:00,53.124011197255626,53.52617390638679,52.49841989055739,52.60055923461914,14139300,0.0,0.0
2016-03-10 00:00:00-05:00,52.61332147793123,52.76653048604631,51.66217201967421,52.46011734008789,15898300,0.0,0.0
2016-03-11 00:00:00-05:00,53.124001594072716,53.32189044958016,52.3515912077537,52.466495513916016,15370200,0.0,0.0
2016-03-14 00:00:00-04:00,52.01327348383781,52.75376425953719,51.71962529990288,52.6069450378418,13344600,0.0,0.0
2016-03-15 00:00:00-04:00,52.0898608760528,52.88780606370763,52.03879121517787,52.868656158447266,9213000,0.0,0.0
2016-03-16 00:00:00-04:00,52.9963347176238,53.08570907493579,52.3069136562095,52.90058517456055,11492100,0.0,0.0
2016-03-17 00:00:00-04:00,53.417636855095466,54.05599293373175,52.804815604037074,53.68574523925781,13673900,0.0,0.0
2016-03-18 00:00:00-04:00,53.99853503434435,54.00491995841388,53.143140279290215,53.749576568603516,19637000,0.0,0.0
2016-03-21 00:00:00-04:00,53.51977920721948,53.711288007230166,53.302740446127046,53.37934494018555,8385400,0.0,0.0
2016-03-22 00:00:00-04:00,53.034648522970265,54.17092208520843,52.98996377176784,53.69853973388672,13005100,0.0,0.0
2016-03-23 00:00:00-04:00,53.53254561393952,53.81342387047888,53.31550199653981,53.46232604980469,12748900,0.0,0.0
2016-03-24 00:00:00-04:00,52.94527781060316,53.64108390203568,52.93889288335655,53.609169006347656,9368300,0.0,0.0
2016-03-28 00:00:00-04:00,53.641066577293785,53.8517252759417,53.43040787864586,53.76235580444336,7490400,0.0,0.0
2016-03-29 00:00:00-04:00,53.41125278437637,54.0113090663725,53.08569468566271,53.96023941040039,9977900,0.0,0.0
2016-03-30 00:00:00-04:00,54.279424246291,54.292194097017024,53.62191817176158,53.953861236572266,10807000,0.0,0.0
2016-03-31 00:00:00-04:00,53.66661980437131,54.32412608590035,53.360206604003906,53.360206604003906,13896900,0.0,0.0
2016-04-01 00:00:00-04:00,52.60056035876619,53.2325317352704,52.594175432057874,52.958038330078125,12235300,0.0,0.0
2016-04-04 00:00:00-04:00,53.02187290641864,53.558094732850336,52.843133921032106,53.08571243286133,8050200,0.0,0.0
2016-04-05 00:00:00-04:00,52.73461059632441,53.06655370588622,52.33882796506804,52.47926712036133,10446800,0.0,0.0
2016-04-06 00:00:00-04:00,52.785675976011696,53.27720810932274,52.53671744650371,53.181453704833984,9320200,0.0,0.0
2016-04-07 00:00:00-04:00,52.830348854473755,53.092072306360826,52.37711663660475,52.581390380859375,8267100,0.0,0.0
2016-04-08 00:00:00-04:00,53.17507696987777,53.27082651007422,52.88781373847355,53.11762237548828,9376200,0.0,0.0
2016-04-11 00:00:00-04:00,53.19421680355652,53.77511834190942,53.16229704935518,53.18783187866211,9925000,0.0,0.0
2016-04-12 00:00:00-04:00,53.42403576847555,54.02408732773144,53.219761964634294,53.8453483581543,9986100,0.0,0.0
2016-04-13 00:00:00-04:00,53.94110137678056,54.20282976852841,53.64745809573008,54.15176010131836,9235700,0.0,0.0
2016-04-14 00:00:00-04:00,54.26028898821083,54.83481066919931,54.10708483003803,54.53478240966797,10625800,0.0,0.0
2016-04-15 00:00:00-04:00,54.451797217255866,54.6816058870288,54.11984919635171,54.24113845825195,11280200,0.0,0.0
2016-04-18 00:00:00-04:00,54.241149679091784,54.80928654404053,53.53257361242118,54.758216857910156,9097000,0.0,0.0
2016-04-19 00:00:00-04:00,54.802890912529946,55.09653424502014,54.40072817091189,55.03269958496094,10354500,0.0,0.0
2016-04-20 00:00:00-04:00,55.045473145948016,55.81788378630555,54.87949912239937,55.40933609008789,15247100,0.0,0.0
2016-04-21 00:00:00-04:00,55.27527608989481,56.07322155743763,55.262511105334085,55.402950286865234,12075300,0.0,0.0
2016-04-22 00:00:00-04:00,55.69019654210612,55.94554000999713,55.42208809244278,55.87532043457031,9150800,0.0,0.0
2016-04-25 00:00:00-04:00,55.59444114630563,55.792334887301976,55.1220589047665,55.747650146484375,8076400,0.0,0.0
2016-04-26 00:00:00-04:00,56.015760080739426,56.13704932487125,55.575292716489436,55.93915557861328,9425900,0.0,0.0
2016-04-27 00:00:00-04:00,56.14341970643536,56.634956654071225,55.7476420226603,56.4689826965332,10463500,0.0,0.0
2016-04-28 00:00:00-04:00,56.08597676839884,56.67326331030625,55.856168144127004,56.194496154785156,11276200,0.0,0.0
2016-04-29 00:00:00-04:00,56.60942972755792,57.31162059479842,56.00937332287369,56.43069076538086,17885900,0.0,0.0
2016-05-02 00:00:00-04:00,56.328572583202934,57.120138099026015,56.22643808229648,56.89670944213867,10273700,0.0,0.0
2016-05-03 00:00:00-04:00,56.430687384034044,56.57750657833712,55.7667963712488,56.24556350708008,10137400,0.0,0.0
2016-05-04 00:00:00-04:00,56.36684011853867,56.64771346354992,55.91998796965748,56.13703155517578,10601100,0.0,0.0
2016-05-05 00:00:00-04:00,56.66051075141044,56.79456499991403,55.93278490509243,56.20089340209961,8721100,0.0,0.0
2016-05-06 00:00:00-04:00,55.83062817903067,56.609423459662366,55.83062817903067,56.50090408325195,7968400,0.0,0.0
2016-05-09 00:00:00-04:00,56.558372628877756,56.66051198440168,55.68382753099871,56.539222717285156,11159500,0.0,0.0
2016-05-10 00:00:00-04:00,56.749865185410584,57.45205600699744,56.69879552231707,57.44567108154297,12509100,0.0,0.0
2016-05-11 00:00:00-04:00,57.39419447998697,57.72892740097469,57.110955531394694,57.168888092041016,11660200,0.75,0.0
2016-05-12 00:00:00-04:00,57.806163855692965,57.889845840954564,57.387744106979255,57.722476959228516,10720500,0.0,0.0
2016-05-13 00:00:00-04:00,57.47143067994268,57.71604789073125,56.97576749332936,57.07232666015625,9721100,0.0,0.0
2016-05-16 00:00:00-04:00,57.419921547367615,57.72247125749372,57.291179288727825,57.65810012817383,8638700,0.0,0.0
2016-05-17 00:00:00-04:00,57.46499727025312,57.87698341324917,57.394192446817144,57.63236618041992,9835600,0.0,0.0
2016-05-18 00:00:00-04:00,57.806156934862884,57.93489919080599,57.06587668518436,57.5164794921875,9680300,0.0,0.0
2016-05-19 00:00:00-04:00,57.040140173969654,58.037910072777414,56.937142416919635,58.00572204589844,14397900,0.0,0.0
2016-05-20 00:00:00-04:00,58.185952061878986,58.192390648261906,57.53579235087194,57.76753234863281,13191900,0.0,0.0
2016-05-23 00:00:00-04:00,57.29117844430341,57.87052842204807,57.175308448754485,57.67741012573242,11766100,0.0,0.0
2016-05-24 00:00:00-04:00,57.86409640444265,58.19239558096606,57.645233560895605,57.722476959228516,10056600,0.0,0.0
2016-05-25 00:00:00-04:00,57.8383364116224,58.17307411398017,57.670967560443515,58.102264404296875,9578400,0.0,0.0
2016-05-26 00:00:00-04:00,58.09584785509521,58.23102873998421,57.46499881440937,57.806175231933594,7867900,0.0,0.0
2016-05-27 00:00:00-04:00,57.54867489924758,57.96709465157825,57.497176025778565,57.94134521484375,7505900,0.0,0.0
2016-05-31 00:00:00-04:00,57.934899287617476,58.06364154377572,57.11737564748787,57.30405044555664,13178800,0.0,0.0
2016-06-01 00:00:00-04:00,56.92425476850649,57.580848103037276,56.731136481831655,57.4456672668457,7994800,0.0,0.0
2016-06-02 00:00:00-04:00,56.782649233937704,56.98863983154297,56.39641747732823,56.98863983154297,9837500,0.0,0.0
2016-06-03 00:00:00-04:00,56.930703291967156,57.18175416174561,56.66677524818817,56.885643005371094,9367100,0.0,0.0
2016-06-06 00:00:00-04:00,57.207503083151465,57.61304565886238,57.09163307420508,57.510047912597656,8573000,0.0,0.0
2016-06-07 00:00:00-04:00,57.773969396715984,58.527121913784065,57.74821996307234,58.39194107055664,12889100,0.0,0.0
2016-06-08 00:00:00-04:00,58.59793117310151,58.77173862104479,58.27607062186074,58.44343948364258,9983000,0.0,0.0
2016-06-09 00:00:00-04:00,58.050781277501464,58.597943346035876,58.00572098741518,58.36620330810547,8974300,0.0,0.0
2016-06-10 00:00:00-04:00,58.1923969401709,58.52712980023855,57.793288031718404,57.922035217285156,10353800,0.0,0.0
2016-06-13 00:00:00-04:00,57.88340148256294,58.855421741357176,57.74178205146946,58.314693450927734,11370000,0.0,0.0
2016-06-14 00:00:00-04:00,58.22457651632366,58.49494313398901,57.83834480549086,58.21170425415039,10161000,0.0,0.0
2016-06-15 00:00:00-04:00,58.08297457029504,58.514266658970385,57.9349165116135,58.03791427612305,10655800,0.0,0.0
2016-06-16 00:00:00-04:00,57.74179394411579,58.82968442412372,57.362000765416795,58.720252990722656,12824800,0.0,0.0
2016-06-17 00:00:00-04:00,58.89406645911051,58.958437613534045,58.057231629196046,58.39840316772461,17483200,0.0,0.0
2016-06-20 00:00:00-04:00,58.76530758245621,58.958420991282,58.623688135928894,58.65587615966797,9388500,0.0,0.0
2016-06-21 00:00:00-04:00,58.39839855457187,58.990620986412885,58.09584875035634,58.9198112487793,8557500,0.0,0.0
2016-06-22 00:00:00-04:00,59.1193451013407,59.1772825557679,58.58506030608081,58.688053131103516,8785400,0.0,0.0
2016-06-23 00:00:00-04:00,59.177287025105045,59.267407595507116,58.700934737093704,59.093605041503906,9464500,0.0,0.0
2016-06-24 00:00:00-04:00,57.85765833360459,58.44988555625571,57.38774461887826,57.542236328125,20010500,0.0,0.0
2016-06-27 00:00:00-04:00,57.22680305105467,57.35554529820228,56.71826282577834,57.201053619384766,14169400,0.0,0.0
2016-06-28 00:00:00-04:00,57.76112237101146,58.53358607299684,57.6259365575198,58.520713806152344,13254300,0.0,0.0
2016-06-29 00:00:00-04:00,58.84254748950395,59.67294337791234,58.65586778312308,59.51845169067383,13920600,0.0,0.0
2016-06-30 00:00:00-04:00,59.434778168649125,60.40035994580651,59.41546731889844,60.34242248535156,14073700,0.0,0.0
2016-07-01 00:00:00-04:00,60.09780068812058,60.49690952752265,59.91112098474874,60.40678405761719,9946300,0.0,0.0
2016-07-05 00:00:00-04:00,59.94330899011368,60.25229235954195,59.38326988012204,59.87893295288086,10744100,0.0,0.0
2016-07-06 00:00:00-04:00,60.09137760091527,60.58704571282848,59.5055938182582,60.56772994995117,13144400,0.0,0.0
2016-07-07 00:00:00-04:00,60.72865018041007,60.82520933395298,59.44764648293499,59.84031677246094,12240700,0.0,0.0
2016-07-08 00:00:00-04:00,60.11712872445032,60.36817962565153,59.814578943206925,60.213687896728516,9807600,0.0,0.0
2016-07-11 00:00:00-04:00,60.34887095889521,60.773729367823606,60.284499812113125,60.43899154663086,8335700,0.0,0.0
2016-07-12 00:00:00-04:00,60.94110431217708,61.12134552001953,60.567744718100826,61.12134552001953,9870800,0.0,0.0
2016-07-13 00:00:00-04:00,60.92821030748702,61.10201286412583,60.58060028300657,61.076263427734375,9458200,0.0,0.0
2016-07-14 00:00:00-04:00,61.18572158956719,61.49470511409579,60.908921188607835,61.12134552001953,9293500,0.0,0.0
2016-07-15 00:00:00-04:00,61.43675689734263,61.50756662684654,60.92177793935118,61.23076629638672,10334500,0.0,0.0
2016-07-18 00:00:00-04:00,61.10200311363045,61.250061121453925,60.76727031636291,61.03763198852539,9865900,0.0,0.0
2016-07-19 00:00:00-04:00,60.999023337972424,61.114893352416644,60.63853612014424,60.81234359741211,5901800,0.0,0.0
2016-07-20 00:00:00-04:00,60.670735196493254,60.78016664362291,60.38106256321971,60.464744567871094,7383800,0.0,0.0
2016-07-21 00:00:00-04:00,60.43898414849503,60.677162764758144,60.16218383113096,60.41323471069336,6854600,0.0,0.0
2016-07-22 00:00:00-04:00,60.58059503727398,60.69646503540084,60.32954419319953,60.5162239074707,7139700,0.0,0.0
2016-07-25 00:00:00-04:00,60.16859877154921,60.26515789755604,59.06783652195418,59.351070404052734,10845900,0.0,0.0
2016-07-26 00:00:00-04:00,58.984182398117866,59.24167190667601,58.649449474834995,58.9198112487793,12143500,0.0,0.0
2016-07-27 00:00:00-04:00,58.90694565714503,59.10005912703915,58.340467691898276,58.520713806152344,10037900,0.0,0.0
2016-07-28 00:00:00-04:00,58.28250066166273,58.404809224784,57.68383992769251,58.06363296508789,12439200,0.0,0.0
2016-07-29 00:00:00-04:00,56.39641481879093,57.297625482531956,55.43727160433089,57.25899887084961,23928100,0.0,0.0
2016-08-01 00:00:00-04:00,56.698982657192175,56.74404295919421,55.096112819109976,55.269920349121094,22908400,0.0,0.0
2016-08-02 00:00:00-04:00,55.649697167929325,56.20973639397514,55.08966285308663,56.02949523925781,18919200,0.0,0.0
2016-08-03 00:00:00-04:00,56.010207418500556,56.319190979003906,55.746279253999006,56.319190979003906,14632900,0.0,0.0
2016-08-04 00:00:00-04:00,56.32560495959465,56.42216412176599,56.02305521001921,56.3127326965332,13451400,0.0,0.0
2016-08-05 00:00:00-04:00,56.473655988382745,56.538027118107905,56.10029656029347,56.364219665527344,9617300,0.0,0.0
2016-08-08 00:00:00-04:00,56.67967365118531,57.220397292862465,56.66679647236172,57.027278900146484,10492700,0.0,0.0
2016-08-09 00:00:00-04:00,57.04656284026288,57.13668339692791,56.7633239986288,57.09805679321289,9654600,0.0,0.0
2016-08-10 00:00:00-04:00,56.9876970781985,57.07858615224004,55.83859666891157,56.09828186035156,12714800,0.75,0.0
2016-08-11 00:00:00-04:00,56.2800735755199,56.656611993140444,56.00091279421589,56.2995491027832,11616000,0.0,0.0
2016-08-12 00:00:00-04:00,56.455348910500945,57.117546446129325,56.4163978624346,57.033145904541016,9986900,0.0,0.0
2016-08-15 00:00:00-04:00,57.4031981090185,57.45513614399043,56.89681465075129,57.007179260253906,6432600,0.0,0.0
2016-08-16 00:00:00-04:00,57.0201523886426,57.24737504507115,56.721516189753295,57.07857894897461,6817900,0.0,0.0
2016-08-17 00:00:00-04:00,57.07860607919522,57.24740225552283,56.9098148559524,57.20195770263672,7104600,0.0,0.0
2016-08-18 00:00:00-04:00,57.37723530183813,57.74079663290856,57.20844409953546,57.72132110595703,10342700,0.0,0.0
2016-08-19 00:00:00-04:00,57.53952762229605,57.61094117700593,56.99419315332966,57.00068664550781,8615300,0.0,0.0
2016-08-22 00:00:00-04:00,56.682571509669735,57.19544843830591,56.383935251175906,57.1240348815918,8235400,0.0,0.0
2016-08-23 00:00:00-04:00,57.02665927714154,57.14351738849158,56.84488109350458,56.94875717163086,6514800,0.0,0.0
2016-08-24 00:00:00-04:00,56.80591023698884,57.234391480255915,56.70852768596611,57.143497467041016,7985400,0.0,0.0
2016-08-25 00:00:00-04:00,57.143513157985694,57.15000665065886,56.63712969731926,56.77995681762695,6935300,0.0,0.0
2016-08-26 00:00:00-04:00,56.89031713993104,57.20194037466895,56.481316287853126,56.65660095214844,6474400,0.0,0.0
2016-08-29 00:00:00-04:00,56.50728025303442,57.07858368706184,56.50728025303442,57.02664566040039,7027200,0.0,0.0
2016-08-30 00:00:00-04:00,57.04614402041472,57.29284229477761,56.721538681634115,56.81891632080078,6441100,0.0,0.0
2016-08-31 00:00:00-04:00,56.57222366333008,56.61766821714805,55.97495096941254,56.57222366333008,12491400,0.0,0.0
2016-09-01 00:00:00-04:00,56.29954312017222,56.377445220947266,55.890537278768306,56.377445220947266,8434700,0.0,0.0
2016-09-02 00:00:00-04:00,56.75398254394531,56.857858604761205,56.43587077559223,56.75398254394531,7099600,0.0,0.0
2016-09-06 00:00:00-04:00,57.02665393978693,57.54602437564027,56.909800792457666,57.500579833984375,9851200,0.0,0.0
2016-09-07 00:00:00-04:00,57.552536677102175,57.565518713353605,57.11107314827589,57.28635787963867,7470400,0.0,0.0
2016-09-08 00:00:00-04:00,57.487608552862454,58.019961120280975,57.15650971425932,57.81221389770508,9579500,0.0,0.0
2016-09-09 00:00:00-04:00,57.55901324892857,57.55901324892857,56.351481156078066,56.377445220947266,12820200,0.0,0.0
2016-09-12 00:00:00-04:00,56.338472264050004,56.94223807570848,56.24108972286345,56.66957092285156,10889000,0.0,0.0
2016-09-13 00:00:00-04:00,56.13073455389561,56.137228045217256,55.234825921731165,55.31922149658203,13214300,0.0,0.0
2016-09-14 00:00:00-04:00,55.20887203284735,55.72174901993141,54.70897707888011,54.9232177734375,13957000,0.0,0.0
2016-09-15 00:00:00-04:00,54.96867684830639,55.60490560704629,54.87129423839611,55.23485565185547,9062600,0.0,0.0
2016-09-16 00:00:00-04:00,54.8647925368384,55.21536687657574,54.248039457397404,54.55316925048828,21538400,0.0,0.0
2016-09-19 00:00:00-04:00,54.910232524209,54.93620154200561,54.41033759952079,54.42332458496094,7929100,0.0,0.0
2016-09-20 00:00:00-04:00,54.35840818127051,54.501230359153844,53.58584594726562,53.585845947265625,17522000,0.0,0.0
2016-09-21 00:00:00-04:00,53.76762324465133,54.28699372086462,53.43652444223826,54.079246520996094,15055900,0.0,0.0
2016-09-22 00:00:00-04:00,54.71546077536827,54.89075038610623,54.13117032804691,54.23504638671875,10738500,0.0,0.0
2016-09-23 00:00:00-04:00,53.676738079179415,54.73494968196797,53.61830654361797,54.17662811279297,12667100,0.0,0.0
2016-09-26 00:00:00-04:00,54.222063845311574,54.8582923740957,53.83903199201395,53.92342758178711,10860300,0.0,0.0
2016-09-27 00:00:00-04:00,53.618287797621576,54.10519562703586,53.423527637705405,54.04027557373047,9595000,0.0,0.0
2016-09-28 00:00:00-04:00,54.18311124508927,56.63063776234293,54.105204196933315,56.41639709472656,28117900,0.0,0.0
2016-09-29 00:00:00-04:00,56.46185138395686,56.6111670606843,55.6243690457327,56.13075256347656,19082900,0.0,0.0
2016-09-30 00:00:00-04:00,56.37743176129914,57.00716667533329,56.25408514682539,56.6630859375,15961500,0.0,0.0
2016-10-03 00:00:00-04:00,56.442380371397164,56.61117158875649,56.18269509834909,56.5137939453125,7111200,0.0,0.0
2016-10-04 00:00:00-04:00,56.72802149162938,56.80592854817708,55.87755717492352,55.994415283203125,8222000,0.0,0.0
2016-10-05 00:00:00-04:00,56.37094339791781,56.591672568879055,56.286542871188175,56.48130798339844,8796200,0.0,0.0
2016-10-06 00:00:00-04:00,56.64362351489112,56.786450636018046,56.11776452627261,56.50728988647461,7718300,0.0,0.0
2016-10-07 00:00:00-04:00,56.448871807872315,56.74101961244431,56.1047909084944,56.312538146972656,6614900,0.0,0.0
2016-10-10 00:00:00-04:00,56.83189675334442,57.56550295126738,56.812421227757305,57.41618728637695,10060000,0.0,0.0
2016-10-11 00:00:00-04:00,57.18246894402589,57.25388250390884,56.67608548528037,56.961734771728516,9309000,0.0,0.0
2016-10-12 00:00:00-04:00,56.62416641051622,56.948771808464066,56.26709849153947,56.56573486328125,8172600,0.0,0.0
2016-10-13 00:00:00-04:00,56.0593374423182,56.39692974685161,55.46206484578565,56.19567108154297,9890300,0.0,0.0
2016-10-14 00:00:00-04:00,56.60466988881998,56.83189259250701,56.143730989031006,56.182682037353516,7991700,0.0,0.0
2016-10-17 00:00:00-04:00,56.143730989031006,56.344984676141884,55.877552283938016,56.182682037353516,7263100,0.0,0.0
2016-10-18 00:00:00-04:00,56.591689791401855,56.69556587034857,56.07881279604161,56.33200454711914,5429300,0.0,0.0
2016-10-19 00:00:00-04:00,56.60466560323131,57.0331419615889,56.40340697827444,56.591678619384766,9373400,0.0,0.0
2016-10-20 00:00:00-04:00,56.344974254980734,56.80591306951778,56.22162268732909,56.61764144897461,6866900,0.0,0.0
2016-10-21 00:00:00-04:00,56.10476264222378,56.36444779776025,55.63733035287463,56.2346076965332,10736200,0.0,0.0
2016-10-24 00:00:00-04:00,56.312523961932726,56.6890672846629,55.87755406485663,56.42289352416992,8354900,0.0,0.0
2016-10-25 00:00:00-04:00,56.267086588621524,56.903315213367016,56.221642040645726,56.2995491027832,6835900,0.0,0.0
2016-10-26 00:00:00-04:00,55.994429727044796,56.773480681143525,55.799664511977525,56.539764404296875,8488100,0.0,0.0
2016-10-27 00:00:00-04:00,56.663094698351834,56.90979787160793,56.35147641530023,56.429378509521484,9071100,0.0,0.0
2016-10-28 00:00:00-04:00,55.364667180355546,56.065815665186825,54.624567652950105,55.040061950683594,19072200,0.0,0.0
2016-10-31 00:00:00-04:00,54.45579581414292,54.79338817717153,53.877998644086,54.09223937988281,16663800,0.0,0.0
2016-11-01 00:00:00-04:00,54.20909780427579,54.48176513143715,54.0597771519246,54.306480407714844,13050600,0.0,0.0
2016-11-02 00:00:00-04:00,54.079250475331065,54.455788897380465,53.84553423925389,54.17662811279297,11226100,0.0,0.0
2016-11-03 00:00:00-04:00,54.325939795499984,54.455779926115,53.916938926287536,54.312957763671875,8836500,0.0,0.0
2016-11-04 00:00:00-04:00,54.29347909552006,54.74792947398321,53.72866906013179,54.2545280456543,13877100,0.0,0.0
2016-11-07 00:00:00-05:00,54.85177248894664,55.48800071160086,54.79334594408183,55.475013732910156,13576200,0.0,0.0
2016-11-08 00:00:00-05:00,55.49470397034504,56.21515820462646,55.33751013974541,55.874576568603516,9735200,0.75,0.0
2016-11-09 00:00:00-05:00,55.049329765085,56.79151886040919,54.79389604433049,56.490238189697266,15901300,0.0,0.0
2016-11-10 00:00:00-05:00,56.26755277137803,57.629864242884715,56.103812955370444,57.01420593261719,14106100,0.0,0.0
2016-11-11 00:00:00-05:00,56.67361300216854,56.804607826987116,55.59948042336436,56.110347747802734,13812200,0.0,0.0
2016-11-14 00:00:00-05:00,55.868029046985086,56.09726379750125,55.23271774059544,55.85492706298828,12607500,0.0,0.0
2016-11-15 00:00:00-05:00,56.17583546352442,57.02073323681025,56.17583546352442,56.86354446411133,12883500,0.0,0.0
2016-11-16 00:00:00-05:00,56.81116229839081,56.83736126726417,56.05141218883289,56.16275405883789,8201200,0.0,0.0
2016-11-17 00:00:00-05:00,56.61467022523895,56.90284885179261,55.68462443948794,55.82217025756836,8200500,0.0,0.0
2016-11-18 00:00:00-05:00,55.80908011288505,56.09726379750125,55.56019738331647,55.85492706298828,8457800,0.0,0.0
2016-11-21 00:00:00-05:00,56.61467782696908,56.77841763558762,56.41818805784986,56.647422790527344,8861500,0.0,0.0
2016-11-22 00:00:00-05:00,56.77842828153528,57.138652929872705,56.306856744783495,56.77187728881836,9390200,0.0,0.0
2016-11-23 00:00:00-05:00,56.680186747384035,57.03386542096903,56.52954388760123,56.92906951904297,5996300,0.0,0.0
2016-11-25 00:00:00-05:00,56.79150388635804,57.07313650382279,56.68016203681049,57.06003952026367,5042300,0.0,0.0
2016-11-28 00:00:00-05:00,56.94869306773068,57.06658590834407,56.5688205785911,56.634315490722656,7449600,0.0,0.0
2016-11-29 00:00:00-05:00,55.946599975696444,56.37887534045935,55.723916300715004,56.260982513427734,9181100,0.0,0.0
2016-11-30 00:00:00-05:00,57.374413647790306,57.76084209827545,57.11242901987614,57.17792892456055,22696200,0.0,0.0
2016-12-01 00:00:00-05:00,57.623303240279945,57.963879770219144,57.13862991333008,57.13862991333008,13005600,0.0,0.0
2016-12-02 00:00:00-05:00,57.10590480966976,57.629869268420066,56.719476211783714,57.007659912109375,9706600,0.0,0.0
2016-12-05 00:00:00-05:00,57.236880849874545,57.51851348981791,56.92904924378042,57.29582977294922,11741100,0.0,0.0
2016-12-06 00:00:00-05:00,57.158289678671395,57.551269213367426,56.784963118264045,57.348228454589844,11293600,0.0,0.0
2016-12-07 00:00:00-05:00,57.394082539912176,57.73466417942108,57.112449836717225,57.68226623535156,11182600,0.0,0.0
2016-12-08 00:00:00-05:00,57.66916767584832,58.19313211143227,57.40718295958493,57.846004486083984,9086700,0.0,0.0
2016-12-09 00:00:00-05:00,58.05559227218541,58.29137802124024,57.75431159215822,58.291378021240234,8021700,0.0,0.0
2016-12-12 00:00:00-05:00,59.0380160843652,59.928760908553684,59.0380160843652,59.58818435668945,15545400,0.0,0.0
2016-12-13 00:00:00-05:00,60.18421157107584,61.05530866675316,59.712640060725924,60.63613510131836,18829300,0.0,0.0
2016-12-14 00:00:00-05:00,60.426549531963936,60.43309552750247,59.05768192599233,59.32621765136719,16325400,0.0,0.0
2016-12-15 00:00:00-05:00,59.011825082648386,59.58819239780793,58.789141345022074,59.52924346923828,11155100,0.0,0.0
2016-12-16 00:00:00-05:00,59.94186479400595,60.04010967504758,59.36550248720649,59.719181060791016,20560400,0.0,0.0
2016-12-19 00:00:00-05:00,59.85014979165557,59.95494562698376,59.077297995401786,59.22138977050781,9674400,0.0,0.0
2016-12-20 00:00:00-05:00,59.2803757030769,59.503059496824804,59.13628383797246,59.22797775268555,7221000,0.0,0.0
2016-12-21 00:00:00-05:00,59.391718799611716,59.53581066762669,59.064239098466295,59.12973403930664,7308000,0.0,0.0
2016-12-22 00:00:00-05:00,58.95943204401804,59.53579940706419,58.95943204401804,59.516151428222656,8003100,0.0,0.0
2016-12-23 00:00:00-05:00,59.529246931996084,59.57509388046498,59.28691020612185,59.411354064941406,4266500,0.0,0.0
2016-12-27 00:00:00-05:00,59.48997043662309,59.67335829049151,59.32623056753425,59.43757247924805,4960600,0.0,0.0
2016-12-28 00:00:00-05:00,59.39170498169139,59.673337659030274,59.11662329599551,59.142822265625,6745900,0.0,0.0
2016-12-29 00:00:00-05:00,59.011827813377195,59.339307440529055,58.96598086545364,59.175567626953125,6684700,0.0,0.0
2016-12-30 00:00:00-05:00,58.96596487971049,59.404786261862775,58.952867896829744,59.116607666015625,9117800,0.0,0.0
2017-01-03 00:00:00-05:00,59.56199342921501,59.82397312125954,59.04457504262511,59.52924346923828,10360600,0.0,0.0
2017-01-04 00:00:00-05:00,59.67988486181297,59.69953283855208,58.78258894750342,58.87428283691406,9434200,0.0,0.0
2017-01-05 00:00:00-05:00,59.07077194167477,59.14281785354559,57.92459333983817,57.996639251708984,14443200,0.0,0.0
2017-01-06 00:00:00-05:00,58.15382501898869,58.27826885970035,57.51851382769091,57.96388626098633,16518100,0.0,0.0
2017-01-09 00:00:00-05:00,57.7805121109384,57.7805121109384,56.68673124389229,57.007659912109375,13762300,0.0,0.0
2017-01-10 00:00:00-05:00,57.09279920004061,57.18449309942369,56.26755410559289,56.2806510925293,13283100,0.0,0.0
2017-01-11 00:00:00-05:00,56.26099957914866,56.94870378131787,56.23480060997901,56.85700988769531,11183700,0.0,0.0
2017-01-12 00:00:00-05:00,57.15829908927593,57.23034501603576,56.37234988436904,56.54918670654297,10407000,0.0,0.0
2017-01-13 00:00:00-05:00,56.50333097431561,56.7718666590531,56.43783605023942,56.555728912353516,8415600,0.0,0.0
2017-01-17 00:00:00-05:00,56.70638331612646,57.236898805515935,56.49024552528503,57.21725082397461,13237300,0.0,0.0
2017-01-18 00:00:00-05:00,57.020751301439354,57.249991038887295,56.35924604982995,56.509883880615234,11831700,0.0,0.0
2017-01-19 00:00:00-05:00,56.30684948466266,56.39199239123113,55.40300249011464,55.49470138549805,16382900,0.0,0.0
2017-01-20 00:00:00-05:00,55.95971828191109,56.30029488329276,55.70428458163924,56.25444793701172,18739700,0.0,0.0
2017-01-23 00:00:00-05:00,56.116894895378884,56.24788471428561,55.507782743274156,55.65187454223633,11433900,0.0,0.0
2017-01-24 00:00:00-05:00,55.65841641516902,55.979344916779894,55.560171568611274,55.7304573059082,11858100,0.0,0.0
2017-01-25 00:00:00-05:00,55.894222259521484,56.24790086847438,55.835278323167365,55.894222259521484,9578500,0.0,0.0
2017-01-26 00:00:00-05:00,56.12344400105764,56.21513787060198,55.75011753307251,56.06449508666992,8779400,0.0,0.0
2017-01-27 00:00:00-05:00,55.868032414105905,56.162762111540836,55.6977415904837,56.00557327270508,10947900,0.0,0.0
2017-01-30 00:00:00-05:00,55.94660567024588,55.966253643927544,55.13445777744152,55.579830169677734,12789200,0.0,0.0
2017-01-31 00:00:00-05:00,55.69773074879231,55.71737872520437,54.44675628317526,54.94452667236328,19128100,0.0,0.0
2017-02-01 00:00:00-05:00,55.01657806487506,55.12137394543585,54.06033814099963,54.322322845458984,15111800,0.0,0.0
2017-02-02 00:00:00-05:00,54.49914894500779,54.70873566802743,54.06687851494174,54.65633773803711,12200100,0.0,0.0
2017-02-03 00:00:00-05:00,54.8200732951456,54.83317527510388,54.29610902646282,54.71528244018555,12746300,0.0,0.0
2017-02-06 00:00:00-05:00,54.72184147552358,54.787336394120516,54.31576498511539,54.56464767456055,9938200,0.0,0.0
2017-02-07 00:00:00-05:00,54.512249795606905,54.76768345283598,54.001377484207225,54.21096420288086,11705200,0.0,0.0
2017-02-08 00:00:00-05:00,54.19114491390684,54.27707141259651,53.64916755752964,53.85406494140625,14006300,0.75,0.0
2017-02-09 00:00:00-05:00,53.854066135637034,54.23080643997754,53.854066135637034,54.092002868652344,9603000,0.0,0.0
2017-02-10 00:00:00-05:00,54.36959236561276,54.70667226745194,54.28366588493569,54.54143524169922,8739800,0.0,0.0
2017-02-13 00:00:00-05:00,54.70667949604559,54.977670674551355,54.429082466333234,54.858699798583984,9071600,0.0,0.0
2017-02-14 00:00:00-05:00,54.79921115865438,54.92478787271304,54.23740122142982,54.739723205566406,11370500,0.0,0.0
2017-02-15 00:00:00-05:00,54.620773926888674,54.977686658558255,54.50180301633215,54.96446990966797,11768500,0.0,0.0
2017-02-16 00:00:00-05:00,54.93802692764366,55.13630840078331,54.31012298944586,54.39604949951172,10615000,0.0,0.0
2017-02-17 00:00:00-05:00,54.25724025800874,54.32333911813514,53.82762792299742,54.03913116455078,15646000,0.0,0.0
2017-02-21 00:00:00-05:00,54.27706225032717,54.29688988740549,53.73508498543873,54.12504196166992,16419600,0.0,0.0
2017-02-22 00:00:00-05:00,53.96642692378804,53.999471311504756,53.450888083164415,53.490543365478516,12917400,0.0,0.0
2017-02-23 00:00:00-05:00,53.814399712497206,54.34316027460359,53.55663032519482,54.05234146118164,13847000,0.0,0.0
2017-02-24 00:00:00-05:00,53.93337439249144,54.065567063663046,53.37818030147507,53.589683532714844,11338700,0.0,0.0
2017-02-27 00:00:00-05:00,53.62273891408072,54.00609017513384,53.41123563947138,53.89373016357422,13465900,0.0,0.0
2017-02-28 00:00:00-05:00,53.887116261978434,54.19115188710439,53.569863889079855,53.74831771850586,16834200,0.0,0.0
2017-03-01 00:00:00-05:00,53.999470050327304,55.07681892595923,53.999470050327304,54.87192153930664,17482100,0.0,0.0
2017-03-02 00:00:00-05:00,54.726506074737294,55.68487882680982,54.719895181633404,55.05698013305664,14170300,0.0,0.0
2017-03-03 00:00:00-05:00,55.05700362888665,55.255285122915424,54.36961668912079,54.50180435180664,12190400,0.0,0.0
2017-03-06 00:00:00-05:00,54.4885685088691,54.792604060616206,54.41586380707802,54.746337890625,9617200,0.0,0.0
2017-03-07 00:00:00-05:00,54.93139724464524,55.050368104892556,54.29027677790327,54.54143524169922,12711500,0.0,0.0
2017-03-08 00:00:00-05:00,54.42907668305923,54.44890431984129,53.543408622567554,53.55662536621094,16817700,0.0,0.0
2017-03-09 00:00:00-05:00,53.298865087754265,54.01269038938616,53.08075096070538,53.97964096069336,14721800,0.0,0.0
2017-03-10 00:00:00-05:00,54.48857544133312,54.508403082047074,53.642562486637935,53.93998718261719,11355200,0.0,0.0
2017-03-13 00:00:00-04:00,53.86728823931899,54.15810711462248,53.569863511493516,53.81441116333008,9571400,0.0,0.0
2017-03-14 00:00:00-04:00,53.536792777292796,53.68881304961669,53.16666347790732,53.530181884765625,11335700,0.0,0.0
2017-03-15 00:00:00-04:00,53.768140340242006,54.23741300319742,53.56985888635617,54.197757720947266,11970300,0.0,0.0
2017-03-16 00:00:00-04:00,54.217583834417916,54.32994382605084,53.97964206235119,54.244022369384766,9923800,0.0,0.0
2017-03-17 00:00:00-04:00,54.21758536207234,54.36960568175638,54.078786831561736,54.197757720947266,18834100,0.0,0.0
2017-03-20 00:00:00-04:00,54.01269301359979,54.224196256659056,53.827628306252315,54.197757720947266,7700300,0.0,0.0
2017-03-21 00:00:00-04:00,54.30352526324322,54.429102035566586,53.93339071458213,54.085411071777344,13387700,0.0,0.0
2017-03-22 00:00:00-04:00,54.17131879953349,54.25724025800874,53.821017028457774,54.03913116455078,11168400,0.0,0.0
2017-03-23 00:00:00-04:00,53.95321189977854,54.34317404775979,53.84085189070973,54.10523223876953,8928000,0.0,0.0
2017-03-24 00:00:00-04:00,54.217583078710646,54.217583078710646,53.635950445451755,53.68882751464844,9128500,0.0,0.0
2017-03-27 00:00:00-04:00,53.41782990177269,53.82100868136658,53.39800226386386,53.7020378112793,8481200,0.0,0.0
2017-03-28 00:00:00-04:00,53.74831199417689,54.21097375647751,53.51037021852657,54.092002868652344,11028600,0.0,0.0
2017-03-29 00:00:00-04:00,53.99285514916793,54.38281213115134,53.900322813014775,54.21096420288086,8495500,0.0,0.0
2017-03-30 00:00:00-04:00,54.21759422790978,55.4337418563453,54.1581112948077,55.32137680053711,44704900,0.0,0.0
2017-03-31 00:00:00-04:00,55.030561667733444,55.06360606003319,54.105232958532326,54.204376220703125,21750400,0.0,0.0
2017-04-03 00:00:00-04:00,54.21097294001747,54.40264853655094,53.76813882525131,54.244022369384766,11438700,0.0,0.0
2017-04-04 00:00:00-04:00,54.263847675863346,54.47535090386569,53.75491976688839,54.44230651855469,9270900,0.0,0.0
2017-04-05 00:00:00-04:00,54.759568450672404,55.222235309946456,54.50840989915947,54.548065185546875,13809100,0.0,0.0
2017-04-06 00:00:00-04:00,54.69346653034061,54.997502113791874,54.50179093677973,54.86531448364258,9554900,0.0,0.0
2017-04-07 00:00:00-04:00,55.0173025264105,55.09661809082832,54.64717331105868,54.700050354003906,8909600,0.0,0.0
2017-04-10 00:00:00-04:00,54.93802381697039,55.169354710519464,54.80583113306001,54.94462966918945,8885300,0.0,0.0
2017-04-11 00:00:00-04:00,54.911576140578575,54.971059056461314,54.475347920234064,54.75294494628906,8576500,0.0,0.0
2017-04-12 00:00:00-04:00,54.766166299383215,55.09002949387844,54.66041217069573,54.838871002197266,9516100,0.0,0.0
2017-04-13 00:00:00-04:00,54.673650162138394,54.680261057799285,53.91355852548484,53.99287414550781,8667900,0.0,0.0
2017-04-17 00:00:00-04:00,54.098612191466216,54.17792779525703,53.82762603645862,53.92015838623047,9577200,0.0,0.0
2017-04-18 00:00:00-04:00,53.74831236266908,54.07878649304522,53.55663676193472,53.56985855102539,8821400,0.0,0.0
2017-04-19 00:00:00-04:00,53.6491749876483,53.87390004307346,53.07415316513644,53.199729919433594,10764400,0.0,0.0
2017-04-20 00:00:00-04:00,53.503769996093276,54.02591982777398,53.33853289907923,53.54343032836914,11649100,0.0,0.0
2017-04-21 00:00:00-04:00,53.49054297982987,53.536809156407784,53.186507384798574,53.33191680908203,9816700,0.0,0.0
2017-04-24 00:00:00-04:00,53.72186849735248,53.80118409612244,53.41122203879669,53.6095085144043,8729700,0.0,0.0
2017-04-25 00:00:00-04:00,53.82102347868567,54.15149764838345,53.7218802192492,54.019309997558594,10733800,0.0,0.0
2017-04-26 00:00:00-04:00,53.88049998659482,54.415871506684994,53.794578528063454,53.80118942260742,9445900,0.0,0.0
2017-04-27 00:00:00-04:00,53.58307072387084,53.73509102962751,53.49714927265553,53.70865249633789,12385300,0.0,0.0
2017-04-28 00:00:00-04:00,54.50179333040761,54.52162097153731,53.906938883341034,53.966426849365234,12072200,0.0,0.0
2017-05-01 00:00:00-04:00,53.87388541073712,54.336547101193666,53.85405777295101,54.237403869628906,8664100,0.0,0.0
2017-05-02 00:00:00-04:00,54.29028354488305,54.58770821125673,54.131657392326055,54.23080062866211,9102900,0.0,0.0
2017-05-03 00:00:00-04:00,54.17793383586484,54.9049759691207,54.13827855086547,54.660423278808594,10289000,0.0,0.0
2017-05-04 00:00:00-04:00,54.38942182479499,54.43568799185105,53.80117839681047,53.95980453491211,16164500,0.0,0.0
2017-05-05 00:00:00-04:00,53.9531948317922,54.356373600445565,53.93997808775638,54.21096420288086,10213000,0.0,0.0
2017-05-08 00:00:00-04:00,54.1977519932242,54.81904491020422,54.1977519932242,54.78599548339844,8097100,0.0,0.0
2017-05-09 00:00:00-04:00,54.83225860781139,54.858697139259675,54.30350310674848,54.40264129638672,8647100,0.0,0.0
2017-05-10 00:00:00-04:00,54.78964924848319,54.95644676253577,54.47606910762335,54.649539947509766,9520300,0.77,0.0
2017-05-11 00:00:00-04:00,55.10318854376028,55.183253131045475,54.776267053621595,55.11653518676758,10047300,0.0,0.0
2017-05-12 00:00:00-04:00,54.969766203093876,55.183266731554355,54.8763600400333,55.07651901245117,7480200,0.0,0.0
2017-05-15 00:00:00-04:00,55.376744924471765,55.49683927370124,55.14322954826263,55.243309020996094,10881500,0.0,0.0
2017-05-16 00:00:00-04:00,55.31003442010262,55.53020827171146,55.0097959614758,55.07651901245117,9574200,0.0,0.0
2017-05-17 00:00:00-04:00,55.07651054442578,55.403432064873556,54.68286598326132,54.702880859375,11151100,0.0,0.0
2017-05-18 00:00:00-04:00,54.55608904928422,54.80962434434332,54.32257371719226,54.542747497558594,9905800,0.0,0.0
2017-05-19 00:00:00-04:00,54.70956395305255,54.76960859211801,54.5027367425992,54.66286087036133,13028500,0.0,0.0
2017-05-22 00:00:00-04:00,54.782936069145954,54.92971858917183,54.6628417427841,54.90303039550781,9218700,0.0,0.0
2017-05-23 00:00:00-04:00,54.923063956288935,55.30336193745941,54.869687550799064,55.096534729003906,6857200,0.0,0.0
2017-05-24 00:00:00-04:00,54.989763207226524,55.06982778821858,54.71621813011214,54.90303039550781,8136000,0.0,0.0
2017-05-25 00:00:00-04:00,54.92971867088382,55.18324887569045,54.38929165632533,54.542747497558594,12370900,0.0,0.0
2017-05-26 00:00:00-04:00,54.44935440100938,54.5761220788897,53.92894722482192,54.409324645996094,8227100,0.0,0.0
2017-05-30 00:00:00-04:00,54.22917178946629,54.26920153799968,54.069047705079896,54.10907745361328,8973600,0.0,0.0
2017-05-31 00:00:00-04:00,54.002328177202514,54.00899640826063,53.68874824887882,53.708763122558594,13572300,0.0,0.0
2017-06-01 00:00:00-04:00,53.62205531766935,53.97566515828818,53.5019609293219,53.84222412109375,9884100,0.0,0.0
2017-06-02 00:00:00-04:00,53.76882611784891,53.82887584966155,52.881467509877496,53.04159164428711,21687300,0.0,0.0
2017-06-05 00:00:00-04:00,53.001556726448854,53.63538496908203,52.97486852493481,53.45524597167969,11527100,0.0,0.0
2017-06-06 00:00:00-04:00,53.5753285072069,54.25585967970646,53.52195211596106,54.18246841430664,12208600,0.0,0.0
2017-06-07 00:00:00-04:00,54.0757326677562,54.30924806822582,53.602023453619886,53.98232650756836,13096500,0.0,0.0
2017-06-08 00:00:00-04:00,53.982311578579264,54.09573258597555,53.7020880852585,53.78882598876953,11720700,0.0,0.0
2017-06-09 00:00:00-04:00,54.14243318188078,54.802949413322295,53.83552659868319,54.7962760925293,13553900,0.0,0.0
2017-06-12 00:00:00-04:00,54.796301313260486,55.83712095516907,54.796301313260486,55.330055236816406,18172900,0.0,0.0
2017-06-13 00:00:00-04:00,55.276660612320505,55.556879039238616,55.08984832770843,55.35005187988281,12175500,0.0,0.0
2017-06-14 00:00:00-04:00,55.24997118576514,55.256644507282125,54.415984154992195,54.75625228881836,13714000,0.0,0.0
2017-06-15 00:00:00-04:00,54.56278420478997,54.976443737354025,54.42934827312648,54.88303756713867,11862600,0.0,0.0
2017-06-16 00:00:00-04:00,55.11654535736789,55.73703202513054,54.842995118021854,55.703670501708984,39726100,0.0,0.0
2017-06-19 00:00:00-04:00,55.703651639545434,55.703651639545434,55.076496951666314,55.21660614013672,10445700,0.0,0.0
2017-06-20 00:00:00-04:00,54.75625773537251,55.02313462981642,54.315915186255424,54.9163818359375,13232600,0.0,0.0
2017-06-21 00:00:00-04:00,54.73623882292902,55.12987826826114,54.13576712727129,54.3359260559082,11422300,0.0,0.0
2017-06-22 00:00:00-04:00,54.34258670312755,54.42932460221621,53.97563550551005,54.09572982788086,8139900,0.0,0.0
2017-06-23 00:00:00-04:00,53.94228666303407,54.50272866249664,53.88224203287031,54.4493522644043,10611200,0.0,0.0
2017-06-26 00:00:00-04:00,54.42266942105912,54.54276378345855,53.98232681909722,54.20249557495117,7718700,0.0,0.0
2017-06-27 00:00:00-04:00,54.34261053532676,54.52942796669612,54.11576843261719,54.11576843261719,9221600,0.0,0.0
2017-06-28 00:00:00-04:00,54.315913702597456,54.54942907001231,54.169131160150044,54.395973205566406,9189700,0.0,0.0
2017-06-29 00:00:00-04:00,54.28924523287623,54.60282021720919,53.64874352510824,53.84222412109375,20525100,0.0,0.0
2017-06-30 00:00:00-04:00,54.09575144022764,54.20249916373163,53.84221605267879,53.86223602294922,14000600,0.0,0.0
2017-07-03 00:00:00-04:00,53.90224370490387,55.036463890116565,53.855540640577516,54.77626037597656,8422300,0.0,0.0
2017-07-05 00:00:00-04:00,54.49605998409309,54.49605998409309,53.72211741656258,53.942291259765625,9830800,0.0,0.0
2017-07-06 00:00:00-04:00,53.9489649740546,54.09574753725486,53.43522600285368,53.45524597167969,9822400,0.0,0.0
2017-07-07 00:00:00-04:00,53.50861075320603,53.77548764551758,53.24840718302193,53.52195739746094,10777800,0.0,0.0
2017-07-10 00:00:00-04:00,53.37516936760164,53.648719553931954,53.3484811720875,53.4819221496582,6338300,0.0,0.0
2017-07-11 00:00:00-04:00,53.59534322063591,53.87556163845699,53.401857620639596,53.775482177734375,9681100,0.0,0.0
2017-07-12 00:00:00-04:00,54.1691419301124,54.389310697304445,53.87557678685068,54.01568603515625,7974000,0.0,0.0
2017-07-13 00:00:00-04:00,54.02234649658203,54.10240599640755,53.86222240667795,54.02234649658203,5582300,0.0,0.0
2017-07-14 00:00:00-04:00,54.0423746791205,54.31592494489243,53.88891878291234,54.22918701171875,7497200,0.0,0.0
2017-07-17 00:00:00-04:00,54.04236550102175,54.32925727457558,53.92894447410018,53.94895935058594,7914700,0.0,0.0
2017-07-18 00:00:00-04:00,54.05570059555545,54.0957354339962,53.64871961172169,53.775482177734375,8046100,0.0,0.0
2017-07-19 00:00:00-04:00,53.66874610417565,53.955637905552805,53.555319976000376,53.942291259765625,9393200,0.0,0.0
2017-07-20 00:00:00-04:00,54.02235062453599,54.36928702754709,53.87556807663588,53.94895935058594,9681000,0.0,0.0
2017-07-21 00:00:00-04:00,53.808855733796335,53.9356183281706,53.37518136713755,53.45524597167969,12268600,0.0,0.0
2017-07-24 00:00:00-04:00,53.41522239896286,53.52197522755202,53.21506848074075,53.28845977783203,9403000,0.0,0.0
2017-07-25 00:00:00-04:00,53.88891178716892,54.07572918576923,53.55531692504882,53.55531692504883,11465300,0.0,0.0
2017-07-26 00:00:00-04:00,53.76216049971937,53.975661052735866,53.508625093462165,53.62205123901367,10465100,0.0,0.0
2017-07-27 00:00:00-04:00,53.53529907168269,53.96230006423872,53.30845702137314,53.9289436340332,11149700,0.0,0.0
2017-07-28 00:00:00-04:00,53.14167222784958,53.32181124647588,52.22094698302424,53.10831069946289,22800800,0.0,0.0
2017-07-31 00:00:00-04:00,53.26174626548532,53.63537080752446,53.10829041986061,53.40185546875,12820200,0.0,0.0
2017-08-01 00:00:00-04:00,53.481937266193896,53.7354675598587,53.355169574234374,53.48860549926758,10421200,0.0,0.0
2017-08-02 00:00:00-04:00,53.30845148136591,53.80217037327726,53.2417335376351,53.775482177734375,10410100,0.0,0.0
2017-08-03 00:00:00-04:00,53.60201175575096,53.922265013828586,53.5753286503096,53.702091217041016,10136700,0.0,0.0
2017-08-04 00:00:00-04:00,53.668733712145055,53.74879320736678,53.408530172168945,53.51527786254883,8292200,0.0,0.0
2017-08-07 00:00:00-04:00,53.48859038084712,53.48859038084712,53.28176322842857,53.4819221496582,7893800,0.0,0.0
2017-08-08 00:00:00-04:00,53.38852142472205,53.52196242854801,53.261758833904665,53.34849166870117,9028400,0.0,0.0
2017-08-09 00:00:00-04:00,53.541966057706986,53.60868400047601,53.22838612741456,53.51527786254883,8087100,0.0,0.0
2017-08-10 00:00:00-04:00,53.73085498060493,53.74432585196806,53.15824786521482,53.198665618896484,12580300,0.77,0.0
2017-08-11 00:00:00-04:00,53.36034413853029,53.38729102204331,52.679949463706045,52.68668746948242,10192400,0.0,0.0
2017-08-14 00:00:00-04:00,52.96290199237718,53.077422420336916,52.62607357631178,52.70017623901367,8862500,0.0,0.0
2017-08-15 00:00:00-04:00,52.62604875343142,52.713622250047635,52.329638242436054,52.5721549987793,10350900,0.0,0.0
2017-08-16 00:00:00-04:00,52.57216308276986,52.659736592852205,52.080391490234604,52.18817901611328,9117100,0.0,0.0
2017-08-17 00:00:00-04:00,52.04671111422024,52.06018198499625,51.33936961806642,51.37305450439453,13400400,0.0,0.0
2017-08-18 00:00:00-04:00,51.319162146850495,51.945663016721106,51.23158863542917,51.62904357910156,14324300,0.0,0.0
2017-08-21 00:00:00-04:00,51.51453116206469,51.61558069986899,51.251805447529314,51.45389938354492,10084900,0.0,0.0
2017-08-22 00:00:00-04:00,51.5684198611383,52.09387123851787,51.5549438496405,51.6964111328125,9503600,0.0,0.0
2017-08-23 00:00:00-04:00,51.66947903678811,51.87831615803161,51.514540837368756,51.60885238647461,7054300,0.0,0.0
2017-08-24 00:00:00-04:00,51.53473983195541,51.63578936934843,51.33264075716938,51.42021942138672,8678300,0.0,0.0
2017-08-25 00:00:00-04:00,51.57515009396128,51.95913416856332,51.48757658206686,51.68293762207031,6844900,0.0,0.0
2017-08-28 00:00:00-04:00,51.804202776962484,51.83114966250377,51.37306288748768,51.514530181884766,8229700,0.0,0.0
2017-08-29 00:00:00-04:00,51.33936147602449,51.527984474526754,51.25178798088879,51.50103759765625,7060400,0.0,0.0
2017-08-30 00:00:00-04:00,51.359585575062695,51.501052865879394,51.23832716299228,51.26527404785156,8218000,0.0,0.0
2017-08-31 00:00:00-04:00,51.37979652267373,51.52800182557109,51.231596359369334,51.42021942138672,15641700,0.0,0.0
2017-09-01 00:00:00-04:00,51.44715702568188,51.77050931949156,51.413472139430354,51.581886291503906,7361100,0.0,0.0
2017-09-05 00:00:00-04:00,51.62904931799303,52.11408296659347,51.608840439233475,51.99282455444336,12784800,0.0,0.0
2017-09-06 00:00:00-04:00,52.47110951951926,53.36707398588573,52.26227762870892,53.07066345214844,18574400,0.0,0.0
2017-09-07 00:00:00-04:00,53.23235577372263,53.44119286761967,52.95615917024927,53.23909378051758,9836400,0.0,0.0
2017-09-08 00:00:00-04:00,53.225610690089674,53.24581956624285,52.969617886570475,53.09761428833008,8436000,0.0,0.0
2017-09-11 00:00:00-04:00,53.49508995570284,53.50182282332146,53.15152354218978,53.38730239868164,12955800,0.0,0.0
2017-09-12 00:00:00-04:00,53.48834900393147,53.68371008558246,53.38056145284403,53.55571365356445,7644400,0.0,0.0
2017-09-13 00:00:00-04:00,53.55569434331588,53.737579345703125,53.47485370914851,53.737579345703125,8369700,0.0,0.0
2017-09-14 00:00:00-04:00,53.79148697652742,54.04747981429123,53.73759320651475,53.953163146972656,9072600,0.0,0.0
2017-09-15 00:00:00-04:00,53.97337834281867,54.03400498071087,53.58939421738938,53.939693450927734,16043700,0.0,0.0
2017-09-18 00:00:00-04:00,53.751069218814315,53.98684803812877,53.69043744265186,53.953163146972656,8594400,0.0,0.0
2017-09-19 00:00:00-04:00,53.93296104262688,54.15526901715863,53.88580527284076,54.040748596191406,9277100,0.0,0.0
2017-09-20 00:00:00-04:00,54.081156087452705,54.337148908751516,54.06768521561236,54.26304626464844,10606900,0.0,0.0
2017-09-21 00:00:00-04:00,54.222609461694915,54.24955633805613,53.730843101978394,53.818416595458984,11984200,0.0,0.0
2017-09-22 00:00:00-04:00,53.703924251927404,54.09464645368335,53.670239353999065,53.838653564453125,10205800,0.0,0.0
2017-09-25 00:00:00-04:00,53.912745969207165,54.56619380375989,53.87906621728154,54.5527229309082,10496600,0.0,0.0
2017-09-26 00:00:00-04:00,54.370837522563114,54.56619860345012,54.26978797871214,54.492095947265625,8755100,0.0,0.0
2017-09-27 00:00:00-04:00,54.4920826636913,54.86932871987388,54.42471803074328,54.855857849121094,9724500,0.0,0.0
2017-09-28 00:00:00-04:00,54.99059997333783,55.54299831602489,54.943444205288685,55.36785125732422,15581700,0.0,0.0
2017-09-29 00:00:00-04:00,55.199421070849205,55.28025657002819,54.95690429412872,55.22636795043945,9944000,0.0,0.0
2017-10-02 00:00:00-04:00,54.76830535526346,55.11860466476092,54.734620456068264,54.99060821533203,6777900,0.0,0.0
2017-10-03 00:00:00-04:00,54.84238437305931,55.219630411320665,54.76828173845914,55.078163146972656,6082000,0.0,0.0
2017-10-04 00:00:00-04:00,55.10511523327215,55.152270992510225,54.86933129748949,55.0983772277832,6357100,0.0,0.0
2017-10-05 00:00:00-04:00,55.05122486581176,55.40152407897016,54.96364620782771,55.253318786621094,7375900,0.0,0.0
2017-10-06 00:00:00-04:00,55.084900938359276,55.165741585041175,54.80870438981591,55.04448318481445,6070600,0.0,0.0
2017-10-09 00:00:00-04:00,55.13204771307699,55.36109360488774,55.0781590969963,55.26004409790039,7489900,0.0,0.0
2017-10-10 00:00:00-04:00,55.468881907975856,55.73834557555896,55.30046775818541,55.41499328613281,7218500,0.0,0.0
2017-10-11 00:00:00-04:00,55.34763371822418,55.73835067539716,55.334157706836436,55.644039154052734,7023700,0.0,0.0
2017-10-12 00:00:00-04:00,55.44867366966243,55.57667006964379,55.35436215586313,55.52951431274414,6647500,0.0,0.0
2017-10-13 00:00:00-04:00,55.73161835939615,55.96739716508446,55.48236354218709,55.516048431396484,7180000,0.0,0.0
2017-10-16 00:00:00-04:00,55.71141217653559,55.87982636708085,55.6036297671751,55.78551483154297,5734000,0.0,0.0
2017-10-17 00:00:00-04:00,55.6642543904506,55.89330035387571,55.603627751057296,55.88656234741211,6444100,0.0,0.0
2017-10-18 00:00:00-04:00,55.88655269373404,56.17622524651527,55.6036181462525,55.75182342529297,6367100,0.0,0.0
2017-10-19 00:00:00-04:00,55.47561284144352,55.94717548450072,55.46214197259792,55.738338470458984,7945500,0.0,0.0
2017-10-20 00:00:00-04:00,55.812446270416764,56.00106928928345,55.65750813617276,55.98759841918945,9574100,0.0,0.0
2017-10-23 00:00:00-04:00,56.014541988391635,56.4254728864608,55.9404393582748,56.07516860961914,9829900,0.0,0.0
2017-10-24 00:00:00-04:00,56.2840344700241,56.45918155859698,56.12235311805727,56.230140686035156,7551200,0.0,0.0
2017-10-25 00:00:00-04:00,56.21667259996784,56.405300870536394,55.879844111916285,56.02804946899414,9153300,0.0,0.0
2017-10-26 00:00:00-04:00,56.162776025846036,56.35139913021322,55.98762379767903,56.230140686035156,9154500,0.0,0.0
2017-10-27 00:00:00-04:00,55.91350051954801,56.74883330509158,55.246581892195856,56.39179611206055,14866200,0.0,0.0
2017-10-30 00:00:00-04:00,56.391799300689975,56.553475462609754,56.18970538318838,56.277278900146484,7811100,0.0,0.0
2017-10-31 00:00:00-04:00,56.35137576977987,56.37158464549961,56.02801833948798,56.14927673339844,9754200,0.0,0.0
2017-11-01 00:00:00-04:00,56.17624192111842,56.54675522869779,56.08866838459678,56.49959945678711,9430000,0.0,0.0
2017-11-02 00:00:00-04:00,56.31768263562335,56.39178526213741,55.85286314337023,56.27052688598633,7775500,0.0,0.0
2017-11-03 00:00:00-04:00,56.196443327408055,56.34464863072352,56.02129627766522,56.034767150878906,6903500,0.0,0.0
2017-11-06 00:00:00-05:00,56.115599703888144,56.49958377992978,55.95391841111844,56.41874313354492,9276700,0.0,0.0
2017-11-07 00:00:00-05:00,56.412015960643224,56.46590973524876,55.933720275103894,56.30423355102539,8471800,0.0,0.0
2017-11-08 00:00:00-05:00,56.15603801794889,56.25034957013248,55.819209577409175,56.230140686035156,8691600,0.0,0.0
2017-11-09 00:00:00-05:00,56.11560301352272,56.681472152814294,55.9673977228723,56.566951751708984,10528800,0.0,0.0
2017-11-10 00:00:00-05:00,56.437786129354045,56.485378319499105,56.036647509137374,56.390193939208984,8693700,0.77,0.0
2017-11-13 00:00:00-05:00,56.19302487466489,56.49217356141182,56.15902823002653,56.356197357177734,6720400,0.0,0.0
2017-11-14 00:00:00-05:00,56.036630040554364,56.26099537579269,55.812264705316046,55.914249420166016,9251700,0.0,0.0
2017-11-15 00:00:00-05:00,55.58110057751727,55.81226107479294,55.173166931811075,55.213958740234375,9663600,0.0,0.0
2017-11-16 00:00:00-05:00,54.690457684801935,54.96921041972957,54.493288585873145,54.77204132080078,10527200,0.0,0.0
2017-11-17 00:00:00-05:00,54.60887406029758,54.840039821005035,54.50009413955718,54.554481506347656,9536400,0.0,0.0
2017-11-20 00:00:00-05:00,54.547686131808135,54.82643889227257,54.398109202562104,54.76525115966797,8468600,0.0,0.0
2017-11-21 00:00:00-05:00,54.86041130232387,55.241148636110154,54.82641467445417,54.982791900634766,8838400,0.0,0.0
2017-11-22 00:00:00-05:00,55.17998386696384,55.34995670264991,55.10519540428922,55.13918685913086,7941600,0.0,0.0
2017-11-24 00:00:00-05:00,55.37035121960308,55.54711922951358,55.22077429801792,55.35675048828125,3851300,0.0,0.0
2017-11-27 00:00:00-05:00,55.288742079638936,55.34313461062369,55.084772682024706,55.145965576171875,9127500,0.0,0.0
2017-11-28 00:00:00-05:00,55.34995775133501,55.751091161317746,55.28196446604492,55.52672576904297,9794600,0.0,0.0
2017-11-29 00:00:00-05:00,55.5131211691948,55.961846693390584,55.39754090250967,55.93465042114258,9725000,0.0,0.0
2017-11-30 00:00:00-05:00,56.057043287102765,56.70294322285361,56.029852196078856,56.62815475463867,18592700,0.0,0.0
2017-12-01 00:00:00-05:00,56.7301102110192,57.19923150278743,56.02982326762224,56.74370574951172,13779300,0.0,0.0
2017-12-04 00:00:00-05:00,56.573754494425316,57.23324988588232,56.430977943773634,56.81851577758789,12597700,0.0,0.0
2017-12-05 00:00:00-05:00,56.70974378764186,56.95449991783128,56.23381669850318,56.356197357177734,9357200,0.0,0.0
2017-12-06 00:00:00-05:00,56.32899751921425,56.56695845516591,55.89386746857138,55.94145965576172,13398900,0.0,0.0
2017-12-07 00:00:00-05:00,56.02304578218861,56.17262270247201,55.866668496303475,56.125030517578125,11359600,0.0,0.0
2017-12-08 00:00:00-05:00,56.084228386741444,56.36298629219221,55.92785630230306,56.19981384277344,11988600,0.0,0.0
2017-12-11 00:00:00-05:00,56.45818586485949,56.60096244496416,56.254216357761365,56.451385498046875,8760700,0.0,0.0
2017-12-12 00:00:00-05:00,56.35618336954063,56.68932861823908,56.22700237656926,56.267799377441406,11307000,0.0,0.0
2017-12-13 00:00:00-05:00,56.16582718678531,56.63495389779065,56.07744317496731,56.5125732421875,10172700,0.0,0.0
2017-12-14 00:00:00-05:00,56.451363874985354,56.655333303955274,56.3561795247082,56.362979888916016,9492400,0.0,0.0
2017-12-15 00:00:00-05:00,56.539774705130746,56.62135835824196,56.342605564845236,56.451385498046875,26582300,0.0,0.0
2017-12-18 00:00:00-05:00,56.55336642154066,56.88651175255608,56.369798027312484,56.390193939208984,9363500,0.0,0.0
2017-12-19 00:00:00-05:00,56.45138830192479,56.54657269338893,55.97546634460404,56.050254821777344,10285100,0.0,0.0
2017-12-20 00:00:00-05:00,56.15901298557363,56.52615486193605,56.104620443781066,56.342586517333984,10620300,0.0,0.0
2017-12-21 00:00:00-05:00,56.66893119625583,57.294429863215385,56.40377403988911,57.00887680053711,13578100,0.0,0.0
2017-12-22 00:00:00-05:00,57.029276450241944,57.124460810715924,56.83890772929398,57.09046936035156,10161400,0.0,0.0
2017-12-26 00:00:00-05:00,57.08365498025372,57.35561245219073,57.04286317496824,57.09725570678711,4777200,0.0,0.0
2017-12-27 00:00:00-05:00,57.10407637660247,57.17886484445286,56.934103529153354,57.04288864135742,7000600,0.0,0.0
2017-12-28 00:00:00-05:00,57.09726341586767,57.14485559084558,56.97488279633047,57.124454498291016,7495300,0.0,0.0
2017-12-29 00:00:00-05:00,57.11086539263196,57.246841568703346,56.86610412597656,56.86610412597656,8523400,0.0,0.0
2018-01-02 00:00:00-05:00,56.98848936438823,57.926737504278776,56.879709452172634,57.8111572265625,11469300,0.0,0.0
2018-01-03 00:00:00-05:00,57.89955084726391,59.130152551944796,57.668385086982745,58.94657897949219,13957700,0.0,0.0
2018-01-04 00:00:00-05:00,59.00774893346014,59.30010231266819,58.762987723557714,59.02814483642578,10863000,0.0,0.0
2018-01-05 00:00:00-05:00,58.98056793212891,59.06895193024083,58.2734803857573,58.980567932128906,11047600,0.0,0.0
2018-01-08 00:00:00-05:00,58.94655472963073,59.25250882879965,58.878566658867854,59.24570846557617,10927100,0.0,0.0
2018-01-09 00:00:00-05:00,59.109737505393525,59.252514022658026,58.91256845188794,58.9941520690918,8131600,0.0,0.0
2018-01-10 00:00:00-05:00,59.150526807554016,59.27970777886323,58.45704015491822,58.525028228759766,10822300,0.0,0.0
2018-01-11 00:00:00-05:00,58.71541700510119,59.402108716375984,58.42306351908592,59.10295486450195,14366000,0.0,0.0
2018-01-12 00:00:00-05:00,59.286512926198846,59.823627618048214,59.272917384007016,59.50407791137695,9834500,0.0,0.0
2018-01-16 00:00:00-05:00,59.653667731894906,59.667268464190975,58.87859198012386,59.13015365600586,10882800,0.0,0.0
2018-01-17 00:00:00-05:00,59.286514010674594,59.97320561498716,59.102945658355814,59.83042907714844,10546000,0.0,0.0
2018-01-18 00:00:00-05:00,59.674066012641916,59.95962434344315,59.38171250258237,59.44290542602539,9223700,0.0,0.0
2018-01-19 00:00:00-05:00,59.53809375093493,59.66727478563602,58.88539858488112,59.252540588378906,13090000,0.0,0.0
2018-01-22 00:00:00-05:00,59.266128080105545,60.02760826392237,59.18454443741189,60.00041198730469,10270400,0.0,0.0
2018-01-23 00:00:00-05:00,60.00040048919711,60.14317702370956,59.653654512719214,60.03439712524414,10281800,0.0,0.0
2018-01-24 00:00:00-05:00,60.163569111179896,60.455922526286756,59.83722424934223,60.190765380859375,10316100,0.0,0.0
2018-01-25 00:00:00-05:00,60.20437756098173,60.4219425726434,59.96641145281134,60.08199691772461,11271900,0.0,0.0
2018-01-26 00:00:00-05:00,60.265557501218524,60.51031875610352,60.149977238400155,60.510318756103516,10514400,0.0,0.0
2018-01-29 00:00:00-05:00,60.23155214771523,60.71427941015252,59.79642224359954,59.83721923828125,9315700,0.0,0.0
2018-01-30 00:00:00-05:00,59.5176724051631,60.08877848623744,59.000953674316406,59.000953674316406,12408000,0.0,0.0
2018-01-31 00:00:00-05:00,58.85139175764597,59.47009535665473,58.695019656840124,59.354515075683594,14404700,0.0,0.0
2018-02-01 00:00:00-05:00,59.49049315080462,60.680303013820705,59.38850841082851,60.55792236328125,17971000,0.0,0.0
2018-02-02 00:00:00-05:00,57.87913653677353,58.477444118221115,56.43097013443547,57.4712028503418,29822100,0.0,0.0
2018-02-05 00:00:00-05:00,56.62134275119972,57.104064918637576,53.1199017588821,54.200931549072266,30452700,0.0,0.0
2018-02-06 00:00:00-05:00,53.378255287964286,54.62925250590374,52.283630128688365,53.26947021484375,36262800,0.0,0.0
2018-02-07 00:00:00-05:00,53.33066982387806,53.99016514794717,52.29723224786509,52.31083297729492,21994500,0.0,0.0
2018-02-08 00:00:00-05:00,52.650774994860726,52.74595934573126,51.69212593474711,51.719322204589844,25650800,0.0,0.0
2018-02-09 00:00:00-05:00,52.3718209093739,52.52979723223136,50.75773960807591,52.04900360107422,29491600,0.77,0.0
2018-02-12 00:00:00-05:00,52.92132432249874,53.3128251339037,52.09023859633789,52.488609313964844,19340400,0.0,0.0
2018-02-13 00:00:00-05:00,52.2688018290113,52.71525125905003,52.01467302683331,52.40617370605469,11926600,0.0,0.0
2018-02-14 00:00:00-05:00,52.055883493768626,52.65343938594773,51.630038522769574,52.51606750488281,17188400,0.0,0.0
2018-02-15 00:00:00-05:00,52.62595729220517,52.68090079637229,51.82234631637795,52.3443489074707,14432400,0.0,0.0
2018-02-16 00:00:00-05:00,52.30315338643385,52.96939267224952,52.097098162296334,52.571022033691406,13722400,0.0,0.0
2018-02-20 00:00:00-05:00,52.52294788469342,53.209791706404694,51.82923415750834,52.028419494628906,13387300,0.0,0.0
2018-02-21 00:00:00-05:00,52.07647447932276,52.50231934003823,51.42397524390076,51.43770980834961,11715000,0.0,0.0
2018-02-22 00:00:00-05:00,51.71933494747287,52.77706967993518,51.64378171798245,52.103965759277344,14020200,0.0,0.0
2018-02-23 00:00:00-05:00,52.26192771761415,53.3128028416375,52.16577003152588,53.25098419189453,13378800,0.0,0.0
2018-02-26 00:00:00-05:00,53.39523730841703,54.21258313427915,53.2716052107253,54.15076446533203,16940400,0.0,0.0
2018-02-27 00:00:00-05:00,54.26065033943423,54.85820622331568,53.230384826660156,53.230384826660156,14629500,0.0,0.0
2018-02-28 00:00:00-05:00,53.6836994979786,53.74551290807164,51.9940595926228,52.02153396606445,17087800,0.0,0.0
2018-03-01 00:00:00-05:00,51.877286740243626,52.66715778319259,51.41710287042286,51.65062713623047,15696700,0.0,0.0
2018-03-02 00:00:00-05:00,51.43771390667573,52.110822902701436,51.15611077133676,51.89103317260742,15630300,0.0,0.0
2018-03-05 00:00:00-05:00,51.67125763723743,52.58475584252071,51.59570440549342,52.38557052612305,14891000,0.0,0.0
2018-03-06 00:00:00-05:00,52.66029378549884,52.87321884959651,52.103952186179995,52.3237419128418,10754300,0.0,0.0
2018-03-07 00:00:00-05:00,51.513279214564854,51.678120240794975,50.52422257678065,51.0050163269043,27255500,0.0,0.0
2018-03-08 00:00:00-05:00,51.16984264734628,51.35528809353446,50.61350106858149,50.908843994140625,19299800,0.0,0.0
2018-03-09 00:00:00-05:00,51.38965186604571,51.554492907451966,50.97067673731137,51.2110710144043,19714100,0.0,0.0
2018-03-12 00:00:00-04:00,51.4239832466766,51.91164158360306,51.300351186596586,51.6781120300293,14226700,0.0,0.0
2018-03-13 00:00:00-04:00,51.739937262044414,52.07648920833044,50.9981448072004,51.190460205078125,13739700,0.0,0.0
2018-03-14 00:00:00-04:00,51.26600713823839,51.36903472879758,50.50361030438172,50.55168914794922,14820700,0.0,0.0
2018-03-15 00:00:00-04:00,51.066827462193764,51.51327691012179,50.89511653916003,51.114906311035156,15640600,0.0,0.0
2018-03-16 00:00:00-04:00,51.073692868299375,51.59569549560547,51.073692868299375,51.59569549560547,32109700,0.0,0.0
2018-03-19 00:00:00-04:00,51.513270824774054,51.52014072814028,50.730269527453565,50.9294548034668,12744800,0.0,0.0
2018-03-20 00:00:00-04:00,50.977533525784615,51.307215523769145,50.79208281674254,50.819557189941406,13003200,0.0,0.0
2018-03-21 00:00:00-04:00,50.98441068498837,51.95285758711858,50.8126997582091,51.54075241088867,15418500,0.0,0.0
2018-03-22 00:00:00-04:00,51.1149158393782,51.307231270593306,50.407467543035835,50.4830207824707,17737000,0.0,0.0
2018-03-23 00:00:00-04:00,50.695924549328815,50.97066303796615,49.91292326284294,50.064029693603516,20157300,0.0,0.0
2018-03-26 00:00:00-04:00,50.586033242744804,50.92945504990505,49.967872941816175,50.8264274597168,15032700,0.0,0.0
2018-03-27 00:00:00-04:00,50.826427954599616,51.43771835808075,50.33189970904163,50.6203727722168,15821900,0.0,0.0
2018-03-28 00:00:00-04:00,50.64784371334704,50.8332944129633,49.988474510690516,50.00907897949219,18163900,0.0,0.0
2018-03-29 00:00:00-04:00,50.36625178657274,51.43772632442413,50.318172935264066,51.24541091918945,14882900,0.0,0.0
2018-04-02 00:00:00-04:00,51.01187017297505,51.10116319173949,49.56263504606708,50.290687561035156,17891100,0.0,0.0
2018-04-03 00:00:00-04:00,50.44866374120392,51.60943118069608,50.2082695129603,51.527008056640625,15999200,0.0,0.0
2018-04-04 00:00:00-04:00,50.86075786823573,51.554465956600374,50.44178295852666,51.42396926879883,13122200,0.0,0.0
2018-04-05 00:00:00-04:00,51.55447512097387,52.419899460136136,51.52700075018454,52.213844299316406,14200000,0.0,0.0
2018-04-06 00:00:00-04:00,51.95283640193023,52.28252355259619,50.977519993184295,51.42396926879883,14299600,0.0,0.0
2018-04-09 00:00:00-04:00,51.66436342022219,52.05586396402581,51.375890438514155,51.42396926879883,11103100,0.0,0.0
2018-04-10 00:00:00-04:00,52.25507331023674,53.41583567446088,52.241333500841286,52.9350471496582,19006100,0.0,0.0
2018-04-11 00:00:00-04:00,52.96251842140454,53.60128327557278,52.71525426881028,53.182308197021484,13734000,0.0,0.0
2018-04-12 00:00:00-04:00,53.477642529284054,53.669957896744805,52.89382652372084,53.038063049316406,13270400,0.0,0.0
2018-04-13 00:00:00-04:00,53.4364476390205,53.70431629129207,53.29907574029013,53.46391677856445,10925000,0.0,0.0
2018-04-16 00:00:00-04:00,53.656221477812934,54.31559067499612,53.37461309932606,53.94469451904297,10743600,0.0,0.0
2018-04-17 00:00:00-04:00,53.9447202931427,54.095826788898215,53.60129834468129,53.80048370361328,10478100,0.0,0.0
2018-04-18 00:00:00-04:00,54.28812634799236,54.78265464742917,54.219443026448694,54.41175842285156,12061400,0.0,0.0
2018-04-19 00:00:00-04:00,54.48044615897488,54.82386803472238,54.130154378455885,54.549129486083984,11291500,0.0,0.0
2018-04-20 00:00:00-04:00,54.48044423256151,54.535392988386604,53.8004704098817,54.26065444946289,12072200,0.0,0.0
2018-04-23 00:00:00-04:00,54.20570356196779,54.672757487710406,54.08894139058253,54.65215301513672,11729800,0.0,0.0
2018-04-24 00:00:00-04:00,54.810108410014955,54.899396170420445,53.55318366170915,53.81418228149414,14102000,0.0,0.0
2018-04-25 00:00:00-04:00,53.711173690543596,54.686495698889594,53.223515306471306,54.60407257080078,13867500,0.0,0.0
2018-04-26 00:00:00-04:00,54.672768052289136,55.565667131164496,54.62468919359293,55.53819274902344,14554400,0.0,0.0
2018-04-27 00:00:00-04:00,52.852602747776416,54.020239787082204,52.529790719698724,53.4295539855957,16346800,0.0,0.0
2018-04-30 00:00:00-04:00,53.512004765747804,53.95844905854015,53.395237333282765,53.40210723876953,15028800,0.0,0.0
2018-05-01 00:00:00-04:00,53.065536615516294,53.065536615516294,52.18637766893969,52.85261154174805,16231000,0.0,0.0
2018-05-02 00:00:00-04:00,52.509192369529245,53.044934792006664,52.40617001924602,52.74959182739258,13883700,0.0,0.0
2018-05-03 00:00:00-04:00,52.46799442162265,52.619100887296554,51.78802056629209,52.571022033691406,12243100,0.0,0.0
2018-05-04 00:00:00-04:00,52.289418035492986,53.03808052284334,52.15892127326685,52.81829071044922,9887200,0.0,0.0
2018-05-07 00:00:00-04:00,53.39523696899414,54.31561041044916,53.16171258606229,53.39523696899414,15071500,0.0,0.0
2018-05-08 00:00:00-04:00,53.436443863153684,53.68370802319433,52.45425712749273,53.635623931884766,17430400,0.0,0.0
2018-05-09 00:00:00-04:00,54.246914680283915,55.1123339206587,54.226304968673894,54.8994140625,17142100,0.0,0.0
2018-05-10 00:00:00-04:00,55.38706811948415,56.17693931657573,55.29091043359831,56.12886047363281,17710300,0.0,0.0
2018-05-11 00:00:00-04:00,56.32312997001374,56.87123694309094,56.13580481650635,56.39250946044922,14751000,0.82,0.0
2018-05-14 00:00:00-04:00,56.683914586991314,57.11407595839528,56.62147462468182,56.774112701416016,11852100,0.0,0.0
2018-05-15 00:00:00-04:00,56.787975968548324,56.91286116335851,56.47576562818067,56.7463493347168,12595700,0.0,0.0
2018-05-16 00:00:00-04:00,56.725536326240636,56.92674054637971,56.31618834918097,56.905921936035156,9570000,0.0,0.0
2018-05-17 00:00:00-04:00,57.030817320485376,57.086323038022776,56.50352888382979,56.808799743652344,11224100,0.0,0.0
2018-05-18 00:00:00-04:00,56.579857830279344,56.7533092579708,56.37865353895916,56.40640640258789,10030900,0.0,0.0
2018-05-21 00:00:00-04:00,56.70473288801165,57.13488896372416,56.5590290567941,57.08632278442383,8822400,0.0,0.0
2018-05-22 00:00:00-04:00,57.19732324368594,57.34302175362956,56.441072547332304,56.642276763916016,10753400,0.0,0.0
2018-05-23 00:00:00-04:00,56.16355447137308,57.05162997932167,55.899910280565294,56.996124267578125,15140900,0.0,0.0
2018-05-24 00:00:00-04:00,56.44109150166431,56.448031040653674,55.46976248252809,55.69178009033203,13360500,0.0,0.0
2018-05-25 00:00:00-04:00,55.00490884249741,55.039601240909796,54.179278458797235,54.609439849853516,14562000,0.0,0.0
2018-05-29 00:00:00-04:00,54.22090085733355,54.62330931753395,53.79073954194872,54.408226013183594,14644800,0.0,0.0
2018-05-30 00:00:00-04:00,54.984066056327585,56.656139249430595,54.96325274576016,56.545127868652344,16627500,0.0,0.0
2018-05-31 00:00:00-04:00,56.06642096005073,56.57984084305968,55.98316768747753,56.3647575378418,15803100,0.0,0.0
2018-06-01 00:00:00-04:00,56.80186556021465,57.134889279165115,56.57984798314215,56.774112701416016,9906100,0.0,0.0
2018-06-04 00:00:00-04:00,56.92673263867262,57.259756251506424,56.066410170003024,56.17742156982422,10954700,0.0,0.0
2018-06-05 00:00:00-04:00,55.913777749952075,56.64921511424324,55.78889785260034,55.97622299194336,12059300,0.0,0.0
2018-06-06 00:00:00-04:00,56.5312820814675,56.95449862360652,56.10806024601188,56.933685302734375,11603300,0.0,0.0
2018-06-07 00:00:00-04:00,57.39851979533725,57.787049103303126,57.280568861149185,57.502586364746094,13502500,0.0,0.0
2018-06-08 00:00:00-04:00,57.66218440932942,58.04377961042731,57.23896256568147,58.00214767456055,14350400,0.0,0.0
2018-06-11 00:00:00-04:00,58.08540813036767,58.133974312684686,57.53730104803736,57.65524673461914,10831600,0.0,0.0
2018-06-12 00:00:00-04:00,57.662172440026644,58.106207512778454,57.11406548918585,57.18344497680664,12351800,0.0,0.0
2018-06-13 00:00:00-04:00,57.1973290396191,57.308335170832265,56.5243368350298,56.55208969116211,12049300,0.0,0.0
2018-06-14 00:00:00-04:00,56.85040435521394,57.10017467077191,56.545128348795544,56.815711975097656,11477300,0.0,0.0
2018-06-15 00:00:00-04:00,56.69778487018835,56.76716435976707,55.858280871659595,55.96235275268555,23797500,0.0,0.0
2018-06-18 00:00:00-04:00,55.78197099250509,56.461897512515996,55.712591491549205,56.073368072509766,9192600,0.0,0.0
2018-06-19 00:00:00-04:00,55.42811255539277,56.170484115939274,55.30322737262256,55.99009323120117,8759700,0.0,0.0
2018-06-20 00:00:00-04:00,56.09418898410856,56.2884537303995,55.691780413467406,55.81666564941406,8917700,0.0,0.0
2018-06-21 00:00:00-04:00,55.51832715239822,55.768097616020114,55.03960484155389,55.28937530517578,10990700,0.0,0.0
2018-06-22 00:00:00-04:00,56.30926601544417,56.850433545918975,56.14274885736212,56.46189880371094,16012200,0.0,0.0
2018-06-25 00:00:00-04:00,56.04558223104552,56.36473198227856,55.01875351721983,55.32402420043945,10557200,0.0,0.0
2018-06-26 00:00:00-04:00,55.60850408941732,56.2051771592512,55.48361890518895,55.94846725463867,10382800,0.0,0.0
2018-06-27 00:00:00-04:00,56.239863297320696,57.22507097540271,56.239863297320696,56.69083786010742,12725900,0.0,0.0
2018-06-28 00:00:00-04:00,56.704719260562264,56.94061056238333,56.21905229095934,56.87123107910156,9390700,0.0,0.0
2018-06-29 00:00:00-04:00,57.20425907410421,57.960509791439264,57.09325295105978,57.398529052734375,17323200,0.0,0.0
2018-07-02 00:00:00-04:00,56.81572533060233,56.98223714901108,56.42025645355953,56.72553253173828,9998300,0.0,0.0
2018-07-03 00:00:00-04:00,57.294456026108996,57.898063387206,56.94755329690269,57.05855941772461,7197300,0.0,0.0
2018-07-05 00:00:00-04:00,57.301400488775755,57.42628570529498,56.9267501325346,57.10713577270508,9035700,0.0,0.0
2018-07-06 00:00:00-04:00,56.864303675794424,57.37771831360402,56.65616518153905,57.12101364135742,7637100,0.0,0.0
2018-07-09 00:00:00-04:00,57.454034241966895,57.67605179982083,57.28058285947738,57.5164794921875,7158600,0.0,0.0
2018-07-10 00:00:00-04:00,58.07151358138807,58.36291589096804,57.93969414640106,58.043766021728516,8806200,0.0,0.0
2018-07-11 00:00:00-04:00,57.60665619916085,57.95355886714887,56.9128508631848,57.3013801574707,10405300,0.0,0.0
2018-07-12 00:00:00-04:00,57.592775525837915,57.75234776975041,57.10710867281546,57.370758056640625,9762200,0.0,0.0
2018-07-13 00:00:00-04:00,57.363845855275905,58.10621761788518,57.2805872796623,57.800941467285156,8720000,0.0,0.0
2018-07-16 00:00:00-04:00,57.252815572022776,57.440145982150256,56.892039116440436,57.23200225830078,8306900,0.0,0.0
2018-07-17 00:00:00-04:00,57.07244866958761,57.41241192271129,56.9198105945845,57.10713577270508,7373300,0.0,0.0
2018-07-18 00:00:00-04:00,56.753299728663656,57.11407630862507,56.53821639498447,57.04469680786133,8711900,0.0,0.0
2018-07-19 00:00:00-04:00,57.03081007686643,57.32221241026779,56.6977864005733,56.898990631103516,8659100,0.0,0.0
2018-07-20 00:00:00-04:00,56.69777893296657,56.8434774338195,56.37168954344636,56.47576141357422,9196300,0.0,0.0
2018-07-23 00:00:00-04:00,56.857351212956125,56.89204360077048,56.32312337649538,56.47576141357422,8425900,0.0,0.0
2018-07-24 00:00:00-04:00,56.559018568092114,57.59972675437433,56.53127100790895,57.59279251098633,11121000,0.0,0.0
2018-07-25 00:00:00-04:00,57.59280550698816,58.09928064100986,57.245902699947685,57.995208740234375,9523600,0.0,0.0
2018-07-26 00:00:00-04:00,58.16170952302971,58.55717839997658,57.842559665609,58.4461669921875,13210100,0.0,0.0
2018-07-27 00:00:00-04:00,56.17744979601708,57.15571310522114,56.06643834041851,56.83656311035156,18220800,0.0,0.0
2018-07-30 00:00:00-04:00,56.982226860043774,56.982226860043774,55.99702461348798,56.71164321899414,11282800,0.0,0.0
2018-07-31 00:00:00-04:00,56.64228250360506,56.99612480264691,56.503523516259584,56.55208969116211,11716800,0.0,0.0
2018-08-01 00:00:00-04:00,56.12192332994634,56.1496761835907,55.6570749413634,55.775020599365234,8936300,0.0,0.0
2018-08-02 00:00:00-04:00,55.42811464070723,55.68482455198034,55.122838561713834,55.441993713378906,8364300,0.0,0.0
2018-08-03 00:00:00-04:00,55.48361240219102,55.71256942866049,55.24771584037913,55.643184661865234,7811100,0.0,0.0
2018-08-06 00:00:00-04:00,55.677895858574736,55.802781070364006,55.32405354295242,55.629329681396484,10041800,0.0,0.0
2018-08-07 00:00:00-04:00,56.13580161874899,56.607584244161664,55.71951411321814,56.38556671142578,10698100,0.0,0.0
2018-08-08 00:00:00-04:00,56.21212041922775,56.35782423529621,55.747271995210454,56.010921478271484,7275000,0.0,0.0
2018-08-09 00:00:00-04:00,56.0109261431144,56.135811357776944,55.5807647829842,55.726463317871094,9828500,0.0,0.0
2018-08-10 00:00:00-04:00,55.73347279467623,55.740478561999474,55.277846566708085,55.67038345336914,12954300,0.82,0.0
2018-08-13 00:00:00-04:00,55.69140230023739,55.901692939488484,54.97642375302727,55.06754684448242,10308500,0.0,0.0
2018-08-14 00:00:00-04:00,55.36896143635208,55.42503965407965,54.73108909041887,54.89230728149414,8005900,0.0,0.0
2018-08-15 00:00:00-04:00,54.520796801770736,54.60491412582237,53.63057785085473,53.93199157714844,16307800,0.0,0.0
2018-08-16 00:00:00-04:00,54.17030986022944,54.74509813993399,54.11423165052353,54.67500305175781,11519900,0.0,0.0
2018-08-17 00:00:00-04:00,54.9133307081675,55.01847602068182,54.534816139776346,54.85725784301758,10178400,0.0,0.0
2018-08-20 00:00:00-04:00,54.85725691727718,55.375967009571546,54.79416759166815,55.24278259277344,8152100,0.0,0.0
2018-08-21 00:00:00-04:00,55.41102548164727,55.78253433340067,55.14465660837997,55.256813049316406,9192200,0.0,0.0
2018-08-22 00:00:00-04:00,55.45308418934983,56.11198994234352,55.38999485125436,56.04890060424805,10098200,0.0,0.0
2018-08-23 00:00:00-04:00,55.76850355833348,55.81757065674574,55.30587168014826,55.432044982910156,7203900,0.0,0.0
2018-08-24 00:00:00-04:00,55.740469318264395,56.111983493431595,55.6703742212583,55.810569763183594,6545200,0.0,0.0
2018-08-27 00:00:00-04:00,56.013860534435146,56.40639743481284,55.97881030493821,56.357330322265625,6671900,0.0,0.0
2018-08-28 00:00:00-04:00,56.48348013825336,56.6517094043667,56.21711134000264,56.273189544677734,8823400,0.0,0.0
2018-08-29 00:00:00-04:00,56.385364956748106,56.80594093772788,56.147035180514195,56.67976760864258,8004800,0.0,0.0
2018-08-30 00:00:00-04:00,56.39236020551428,56.62367882367765,56.161046935263656,56.43442153930664,7450900,0.0,0.0
2018-08-31 00:00:00-04:00,56.245176886910926,56.39938934831692,55.91572396443711,56.196109771728516,10700000,0.0,0.0
2018-09-04 00:00:00-04:00,56.364337367708366,56.560605803724776,55.94375603577174,56.28022003173828,8855000,0.0,0.0
2018-09-05 00:00:00-04:00,56.0068469976373,57.07931765974232,55.796556325575395,57.030250549316406,13878400,0.0,0.0
2018-09-06 00:00:00-04:00,56.8549905388252,57.22649929675593,56.31524716197662,56.39936447143555,13320600,0.0,0.0
2018-09-07 00:00:00-04:00,56.18208707354601,57.42979817155482,55.95076840537658,57.359703063964844,16417800,0.0,0.0
2018-09-10 00:00:00-04:00,57.64708253601034,57.997563348470365,57.24052885797042,57.27557373046875,10817900,0.0,0.0
2018-09-11 00:00:00-04:00,57.4508326361847,58.31301806554648,57.21951394197611,58.08169937133789,11891900,0.0,0.0
2018-09-12 00:00:00-04:00,58.35506001506055,58.72656885078161,58.08869650120153,58.27094268798828,11556300,0.0,0.0
2018-09-13 00:00:00-04:00,58.2849664564876,58.3550615569433,57.48587054588325,57.70316696166992,11162700,0.0,0.0
2018-09-14 00:00:00-04:00,57.773271685422664,58.284976165019295,57.668126343268376,58.12375259399414,9442600,0.0,0.0
2018-09-17 00:00:00-04:00,58.17983481872208,58.60742198437959,58.172823702653126,58.46723175048828,8403300,0.0,0.0
2018-09-18 00:00:00-04:00,58.81069593840203,58.97191415715568,58.49525992046442,58.62143325805664,9219900,0.0,0.0
2018-09-19 00:00:00-04:00,58.62844086869343,59.42052572805799,58.62844086869343,59.322391510009766,10413600,0.0,0.0
2018-09-20 00:00:00-04:00,59.48360933024454,59.820067945985315,59.2593018037796,59.455570220947266,11198200,0.0,0.0
2018-09-21 00:00:00-04:00,59.588772796255,59.883175511643934,59.24529761371967,59.700923919677734,26639400,0.0,0.0
2018-09-24 00:00:00-04:00,60.135496585880496,61.04674346137783,60.08642948756843,60.70327377319336,13549500,0.0,0.0
2018-09-25 00:00:00-04:00,61.00469901938815,61.236017675733194,60.542067054611685,60.6331901550293,12200700,0.0,0.0
2018-09-26 00:00:00-04:00,60.29672357465711,60.63318754649412,60.06541027617716,60.12849426269531,10275500,0.0,0.0
2018-09-27 00:00:00-04:00,60.34577889313676,60.54905838984546,59.99529810872432,60.1214714050293,7895400,0.0,0.0
2018-09-28 00:00:00-04:00,59.756995361790985,60.23364961495703,59.574743790544304,59.59577178955078,9884900,0.0,0.0
2018-10-01 00:00:00-04:00,59.827079138552854,60.30373330140356,59.76399515348641,60.14952087402344,8566900,0.0,0.0
2018-10-02 00:00:00-04:00,60.14251258590308,60.75234580762872,60.016339273147246,60.60514450073242,8453100,0.0,0.0
2018-10-03 00:00:00-04:00,60.64019835571703,60.90656187730852,60.26868950921117,60.38785171508789,10206700,0.0,0.0
2018-10-04 00:00:00-04:00,59.93222972928398,60.338788828490706,59.75698929147906,59.98830795288086,10204600,0.0,0.0
2018-10-05 00:00:00-04:00,59.79905180430401,60.07242648924895,59.532688235051445,59.8200798034668,9217400,0.0,0.0
2018-10-08 00:00:00-04:00,59.4345502939802,60.50000985234267,59.336416072075,60.373836517333984,13242400,0.0,0.0
2018-10-09 00:00:00-04:00,60.54904645707075,60.899527172411794,60.10043156926712,60.640174865722656,10177900,0.0,0.0
2018-10-10 00:00:00-04:00,60.794415215093544,60.85749920589018,59.23126815219614,59.24528503417969,16573400,0.0,0.0
2018-10-11 00:00:00-04:00,58.838732002413465,58.99995021281104,56.89706492721128,57.19847869873047,20320100,0.0,0.0
2018-10-12 00:00:00-04:00,57.569990913638584,57.64709713974613,56.26620153316536,57.04426956176758,15216300,0.0,0.0
2018-10-15 00:00:00-04:00,57.04427414272203,57.29662083971801,56.651737213134766,56.651737213134766,10558800,0.0,0.0
2018-10-16 00:00:00-04:00,56.434419512239465,56.967146473955395,56.083938714730934,56.9180793762207,9781800,0.0,0.0
2018-10-17 00:00:00-04:00,56.73582402994125,57.14237762484135,56.31524286266742,57.128360748291016,12247700,0.0,0.0
2018-10-18 00:00:00-04:00,56.91809205389109,57.80831647267823,56.91809205389109,57.37371826171875,17448600,0.0,0.0
2018-10-19 00:00:00-04:00,57.24053591723428,57.801302077579884,57.135390590946535,57.45783233642578,12098700,0.0,0.0
2018-10-22 00:00:00-04:00,57.47885774004646,57.605031056319184,56.52554942774434,56.88304138183594,9474100,0.0,0.0
2018-10-23 00:00:00-04:00,56.119006628826675,56.39939245154557,55.17972027282035,55.96479415893555,15465100,0.0,0.0
2018-10-24 00:00:00-04:00,56.16805947289616,56.2591879171726,54.35958233916715,54.40864944458008,16085700,0.0,0.0
2018-10-25 00:00:00-04:00,55.01848059742457,55.41102277360435,54.492759339033306,54.89230728149414,12315500,0.0,0.0
2018-10-26 00:00:00-04:00,54.58388791849498,54.96240786724794,53.94601022302798,54.345558166503906,18160100,0.0,0.0
2018-10-29 00:00:00-04:00,54.724076593239914,54.97642321872348,53.427298591562895,54.009098052978516,15707000,0.0,0.0
2018-10-30 00:00:00-04:00,54.40863951854343,55.396992560954736,54.268443994430626,55.22175216674805,17758200,0.0,0.0
2018-10-31 00:00:00-04:00,55.614300847165104,56.32227368877431,55.30588132389969,55.852630615234375,16629100,0.0,0.0
2018-11-01 00:00:00-04:00,55.9577835342191,56.60266712696497,55.586274624222334,56.54658889770508,14159300,0.0,0.0
2018-11-02 00:00:00-04:00,57.310622810379,57.79428268536815,56.238152401259875,57.44380187988281,19350400,0.0,0.0
2018-11-05 00:00:00-05:00,57.82934040033576,58.088698155258804,57.08632270773645,57.22651290893555,15815000,0.0,0.0
2018-11-06 00:00:00-05:00,57.29661091453651,57.54895756781984,57.0232362647985,57.47185134887695,9063200,0.0,0.0
2018-11-07 00:00:00-05:00,57.626059260162656,58.277953838618515,57.2405335436454,58.20084762573242,12699800,0.0,0.0
2018-11-08 00:00:00-05:00,58.270937954356164,58.70553608705521,57.15641153773141,57.27557373046875,16865500,0.0,0.0
2018-11-09 00:00:00-05:00,56.82949202057019,57.63668843837636,56.42589381166711,57.26141357421875,15070100,0.82,0.0
2018-11-12 00:00:00-05:00,57.82080081804704,57.87036533225528,56.454230181017806,56.5250358581543,11906600,0.0,0.0
2018-11-13 00:00:00-05:00,56.50379083014335,56.539190965226645,54.974362378404926,55.22926712036133,15530200,0.0,0.0
2018-11-14 00:00:00-05:00,55.83819265111422,56.00104511933464,54.34417008374293,54.797332763671875,18552100,0.0,0.0
2018-11-15 00:00:00-05:00,54.28754189509179,55.363807678222656,53.74941440565347,55.363807678222656,18976000,0.0,0.0
2018-11-16 00:00:00-05:00,55.49125080255443,56.07186592477979,55.30006955621277,55.90900802612305,13704900,0.0,0.0
2018-11-19 00:00:00-05:00,55.55497630947132,56.19223815030896,55.533735148464466,56.093109130859375,9430800,0.0,0.0
2018-11-20 00:00:00-05:00,55.526657671046245,55.866532482366495,54.075122390472174,54.499961853027344,15533700,0.0,0.0
2018-11-21 00:00:00-05:00,54.825670144032735,55.49833214993334,54.70529995807185,54.91771697998047,9685300,0.0,0.0
2018-11-23 00:00:00-05:00,53.84854793191359,53.95475375966138,52.8926522651631,53.4520263671875,10875400,0.0,0.0
2018-11-26 00:00:00-05:00,53.98306805889681,54.747782303167064,53.898103410951215,54.507041931152344,13741100,0.0,0.0
2018-11-27 00:00:00-05:00,54.21673907736468,54.839836656932576,54.09636887485623,54.55661392211914,10344500,0.0,0.0
2018-11-28 00:00:00-05:00,54.54952115270355,55.54789352416992,54.40790441063738,55.54789352416992,11482100,0.0,0.0
2018-11-29 00:00:00-05:00,55.385038538457515,56.31260519833627,55.36379737863221,55.97981262207031,10255200,0.0,0.0
2018-11-30 00:00:00-05:00,55.54789353697707,56.36217224713467,55.455846706207595,56.29136657714844,14040100,0.0,0.0
2018-12-03 00:00:00-05:00,56.815323180979824,57.67916622037172,56.744517525744875,57.50923156738281,19415100,0.0,0.0
2018-12-04 00:00:00-05:00,57.622527783026726,58.02612601797193,56.18515170773285,56.241798400878906,18540700,0.0,0.0
2018-12-06 00:00:00-05:00,55.229278538986996,55.54083004404161,54.46456415501347,55.50542449951172,23218100,0.0,0.0
2018-12-07 00:00:00-05:00,56.21348347132057,56.90030987271069,54.75486601822522,54.974365234375,16224700,0.0,0.0
2018-12-10 00:00:00-05:00,55.130140755613006,55.130140755613006,52.96345574669102,54.195491790771484,17946200,0.0,0.0
2018-12-11 00:00:00-05:00,55.016854776361015,55.08766586374798,53.586560486460975,54.29462814331055,15742400,0.0,0.0
2018-12-12 00:00:00-05:00,55.25758897265157,55.37087696482601,53.82728958129882,53.82728958129883,14559800,0.0,0.0
2018-12-13 00:00:00-05:00,53.83437452286537,54.676976629170184,53.777727822817205,54.507041931152344,13749700,0.0,0.0
2018-12-14 00:00:00-05:00,54.3229359058718,54.429147104339606,53.16878249911472,53.51573944091797,12669300,0.0,0.0
2018-12-17 00:00:00-05:00,53.28915903022281,53.52989937576188,52.02879980445699,52.425315856933594,15464100,0.0,0.0
2018-12-18 00:00:00-05:00,52.13500197960457,52.297859862483165,50.71179036067406,50.98085403442383,18681200,0.0,0.0
2018-12-19 00:00:00-05:00,51.29948724476815,51.8801023677115,49.77714647023613,50.11701583862305,21679600,0.0,0.0
2018-12-20 00:00:00-05:00,49.628458904992655,50.03206265079913,48.184005655498446,48.59468078613281,28723700,0.0,0.0
2018-12-21 00:00:00-05:00,48.24772907489276,49.82672230596371,47.91493641618314,48.23357009887695,47287300,0.0,0.0
2018-12-24 00:00:00-05:00,47.348477954914955,47.81579971836333,46.335941164962485,46.38550567626953,14262800,0.0,0.0
2018-12-26 00:00:00-05:00,46.85990781638036,48.615917610190124,45.77656539531031,48.60175323486328,24887700,0.0,0.0
2018-12-27 00:00:00-05:00,47.964482923396325,48.81416702270508,46.78909387888852,48.81416702270508,22077000,0.0,0.0
2018-12-28 00:00:00-05:00,48.98410484500232,49.26733289639549,48.02113271154103,48.26895523071289,19710600,0.0,0.0
2018-12-31 00:00:00-05:00,48.37517748760039,48.962874883262785,47.907855687742256,48.28313064575195,15807000,0.0,0.0
2019-01-02 00:00:00-05:00,47.68834551247927,49.472678655177376,47.624622029874665,49.3452262878418,16727200,0.0,0.0
2019-01-03 00:00:00-05:00,49.56471648661837,49.74173333121344,48.403486418244775,48.58758544921875,13866100,0.0,0.0
2019-01-04 00:00:00-05:00,49.309821957888055,50.463970077680166,49.111563915433116,50.379005432128906,16043600,0.0,0.0
2019-01-07 00:00:00-05:00,50.44981534026813,51.05167170600734,50.08869935997382,50.6409912109375,10844200,0.0,0.0
2019-01-08 00:00:00-05:00,51.36320419327578,51.398604318105725,50.9383648804417,51.00917053222656,11439000,0.0,0.0
2019-01-09 00:00:00-05:00,51.40570020127511,51.40570020127511,50.7330382268968,51.27824783325195,13473500,0.0,0.0
2019-01-10 00:00:00-05:00,51.030413395029576,51.03749558108252,50.35775157737874,51.01625442504883,13151100,0.0,0.0
2019-01-11 00:00:00-05:00,50.87465869507119,50.90298204883823,50.322366801932276,50.78261184692383,9790100,0.0,0.0
2019-01-14 00:00:00-05:00,50.421488815074454,50.82508709630856,50.357765329571144,50.718875885009766,11012400,0.0,0.0
2019-01-15 00:00:00-05:00,50.94545040266673,51.235760647543195,50.49936985799472,50.7471923828125,10298300,0.0,0.0
2019-01-16 00:00:00-05:00,50.57018404964194,51.24992826182226,50.492296185546884,50.72595977783203,12595600,0.0,0.0
2019-01-17 00:00:00-05:00,50.40732295698218,51.221596194103604,50.201982750415404,51.07290267944336,10141700,0.0,0.0
2019-01-18 00:00:00-05:00,51.88010465932307,51.8942690348718,51.072908121091444,51.681846618652344,15759200,0.0,0.0
2019-01-22 00:00:00-05:00,51.25700693222798,51.48358832073759,50.754279645288754,50.90297317504883,15035600,0.0,0.0
2019-01-23 00:00:00-05:00,50.987953061448316,51.19329332849499,50.22323870185258,50.485225677490234,13187200,0.0,0.0
2019-01-24 00:00:00-05:00,50.34359642585273,50.959617074281454,50.01788603538933,50.5560188293457,11272500,0.0,0.0
2019-01-25 00:00:00-05:00,51.03043443972624,51.17204580643409,50.65515945603582,50.78261184692383,8996200,0.0,0.0
2019-01-28 00:00:00-05:00,50.28694281832925,50.47104184923988,49.826703344240734,50.442718505859375,13678400,0.0,0.0
2019-01-29 00:00:00-05:00,50.768432641862475,51.115389572583126,50.612662344828095,50.63390350341797,10513200,0.0,0.0
2019-01-30 00:00:00-05:00,50.81799728322996,51.38445339041067,50.63390364020316,51.186195373535156,11524700,0.0,0.0
2019-01-31 00:00:00-05:00,51.186195086313944,52.03587384019141,50.995013855309764,51.88718032836914,19876700,0.0,0.0
2019-02-01 00:00:00-05:00,53.04842499210046,54.16009094356901,52.623585498938525,53.756492614746094,22968700,0.0,0.0
2019-02-04 00:00:00-05:00,53.6431967381158,53.6431967381158,52.68022448035556,52.97761154174805,15483800,0.0,0.0
2019-02-05 00:00:00-05:00,53.23252224231672,53.55823268919404,53.11215204714779,53.5228271484375,12786700,0.0,0.0
2019-02-06 00:00:00-05:00,53.515743066552105,53.65027221840798,53.19710944956159,53.289161682128906,10866900,0.0,0.0
2019-02-07 00:00:00-05:00,53.06966250131204,53.23960260857413,52.326194790016174,52.87848663330078,14418900,0.0,0.0
2019-02-08 00:00:00-05:00,52.806888469459814,53.028824559865974,52.0694829775029,52.964393615722656,11959500,0.82,0.0
2019-02-11 00:00:00-05:00,52.892799258053245,53.13621780511774,52.5491566131522,53.0503044128418,10434800,0.0,0.0
2019-02-12 00:00:00-05:00,53.751932526146824,54.0168226711793,53.56578951945428,53.98102951049805,12599200,0.0,0.0
2019-02-13 00:00:00-05:00,54.10987921757852,54.797169945963475,54.05976443932445,54.58955001831055,13214600,0.0,0.0
2019-02-14 00:00:00-05:00,54.59672648135118,54.87593824909403,54.2029634949945,54.6038818359375,12772900,0.0,0.0
2019-02-15 00:00:00-05:00,55.08354877723411,55.670610016562314,54.94752059401479,55.63481140136719,14330300,0.0,0.0
2019-02-19 00:00:00-05:00,55.52741903608748,56.186077482298145,55.44866645515035,56.00709533691406,13551500,0.0,0.0
2019-02-20 00:00:00-05:00,56.05721371153191,56.422333378800786,55.84243293846626,56.22187423706055,12633100,0.0,0.0
2019-02-21 00:00:00-05:00,55.99277372162519,56.31494486066451,55.56321766500771,55.71356201171875,10266000,0.0,0.0
2019-02-22 00:00:00-05:00,56.35073593380951,56.52255725769799,55.570376430319044,56.14311599731445,9519300,0.0,0.0
2019-02-25 00:00:00-05:00,56.15027127191973,56.45095992458103,55.985605317118996,56.20038604736328,9274400,0.0,0.0
2019-02-26 00:00:00-05:00,56.329265205015766,56.651430905837636,56.1216452454698,56.31494903564453,10990600,0.0,0.0
2019-02-27 00:00:00-05:00,56.47244714701304,57.09530700800247,56.31494743998412,56.89484786987305,12398200,0.0,0.0
2019-02-28 00:00:00-05:00,56.880518837747495,57.095299578997974,56.35073326132442,56.579830169677734,14597900,0.0,0.0
2019-03-01 00:00:00-05:00,56.83041047775805,57.274288177490234,56.57983655940188,57.274288177490234,15419400,0.0,0.0
2019-03-04 00:00:00-05:00,57.446120100890624,57.66806172271505,56.565530816631735,57.49623489379883,18089900,0.0,0.0
2019-03-05 00:00:00-05:00,57.360194060785425,57.56065316920622,57.09529854631448,57.410308837890625,13745500,0.0,0.0
2019-03-06 00:00:00-05:00,56.45097005792066,56.830411348977144,55.74220226024719,56.758819580078125,18633600,0.0,0.0
2019-03-07 00:00:00-05:00,56.952111477720315,57.46042003154472,56.78744552772897,57.38882827758789,16541700,0.0,0.0
2019-03-08 00:00:00-05:00,56.479592604707626,56.787442043725555,56.021398852974016,56.56550598144531,16211300,0.0,0.0
2019-03-11 00:00:00-04:00,57.259960667341524,57.48189674219805,57.0237029645003,57.11677169799805,11060900,0.0,0.0
2019-03-12 00:00:00-04:00,57.35304076070243,57.689528077681466,57.19553559427805,57.274288177490234,11320000,0.0,0.0
2019-03-13 00:00:00-04:00,57.69668699889636,57.818399019997415,57.41747526373306,57.78260040283203,10260200,0.0,0.0
2019-03-14 00:00:00-04:00,57.84702531734603,57.92577788976678,57.524854213233596,57.589290618896484,9976700,0.0,0.0
2019-03-15 00:00:00-04:00,57.403152703282146,57.66804823934903,57.345877107035015,57.381675720214844,25316400,0.0,0.0
2019-03-18 00:00:00-04:00,57.589291538579666,58.169191888301455,57.589291538579666,58.0474853515625,9840600,0.0,0.0
2019-03-19 00:00:00-04:00,58.405456785365104,58.70614548793547,57.732482150191814,57.89714813232422,13936500,0.0,0.0
2019-03-20 00:00:00-04:00,57.81124306029539,58.64887833614676,57.67521485816305,58.219322204589844,13133600,0.0,0.0
2019-03-21 00:00:00-04:00,57.85417764681148,58.62738170176043,57.84702229485692,58.555789947509766,10117000,0.0,0.0
2019-03-22 00:00:00-04:00,58.154885472051525,58.30522983007254,57.4890716224716,57.61793899536133,12497700,0.0,0.0
2019-03-25 00:00:00-04:00,57.274293732078036,57.589304095477196,56.980760354892034,57.217018127441406,11320400,0.0,0.0
2019-03-26 00:00:00-04:00,57.51055667589289,58.183525973527665,57.40316627306839,57.96158981323242,9472800,0.0,0.0
2019-03-27 00:00:00-04:00,57.96874254655722,58.21215566105418,57.14542352251382,57.517704010009766,7258700,0.0,0.0
2019-03-28 00:00:00-04:00,57.295753342381715,57.83986049721537,57.2885925284482,57.80406188964844,7412300,0.0,0.0
2019-03-29 00:00:00-04:00,58.226471907804374,58.33386228572247,57.61793371573722,57.84703063964844,10889200,0.0,0.0
2019-04-01 00:00:00-04:00,58.15486842871598,58.54862578562987,58.04747807243022,58.51283264160156,10816400,0.0,0.0
2019-04-02 00:00:00-04:00,58.527178945495386,58.67036251954216,58.06898495402184,58.26228332519531,7646000,0.0,0.0
2019-04-03 00:00:00-04:00,58.541471553233265,58.541471553233265,57.710997326268775,57.918617248535156,8562900,0.0,0.0
2019-04-04 00:00:00-04:00,58.07612577659407,58.76341652718022,57.82554641512819,58.741939544677734,9360600,0.0,0.0
2019-04-05 00:00:00-04:00,58.813528911501926,59.08557978228796,58.67033993048207,59.056941986083984,10059100,0.0,0.0
2019-04-08 00:00:00-04:00,59.185823216146495,59.56526454614548,59.128547610308274,59.422080993652344,9108200,0.0,0.0
2019-04-09 00:00:00-04:00,59.07840477689267,59.1213641919302,58.51998154030308,58.656009674072266,8561600,0.0,0.0
2019-04-10 00:00:00-04:00,58.64887090814562,58.76342210850734,58.283751246721806,58.391136169433594,10324300,0.0,0.0
2019-04-11 00:00:00-04:00,58.376809835862396,58.756251062314,58.0045239616111,58.67033767700195,9115100,0.0,0.0
2019-04-12 00:00:00-04:00,59.28603825638549,59.28603825638549,57.689520735407285,57.93293380737305,16638700,0.0,0.0
2019-04-15 00:00:00-04:00,57.911472084866865,58.03317865291778,57.64657649960677,57.73965072631836,8536100,0.0,0.0
2019-04-16 00:00:00-04:00,57.85419204354757,58.24079416722611,57.76828410190929,58.13340377807617,7005700,0.0,0.0
2019-04-17 00:00:00-04:00,58.383986223169494,58.49137115582664,58.04749886857077,58.298072814941406,8311400,0.0,0.0
2019-04-18 00:00:00-04:00,58.39112813700212,58.58443189549571,58.040324692830005,58.08327865600586,9493900,0.0,0.0
2019-04-22 00:00:00-04:00,58.61307734532542,59.57957987769568,58.44841136148074,59.35048294067383,10770600,0.0,0.0
2019-04-23 00:00:00-04:00,59.55810340612677,59.77287871400179,59.19297828200679,59.69412612915039,10595100,0.0,0.0
2019-04-24 00:00:00-04:00,59.42923153491169,59.47934631582995,58.512843848348346,58.53432083129883,11684000,0.0,0.0
2019-04-25 00:00:00-04:00,58.45556082105794,59.307511988361306,58.27657870308905,58.86363983154297,11135000,0.0,0.0
2019-04-26 00:00:00-04:00,57.467571169529286,57.725305834555456,56.959262652977756,57.62507629394531,18053500,0.0,0.0
2019-04-29 00:00:00-04:00,57.36021328064306,57.54635082248858,57.03088671187459,57.25282287597656,10023700,0.0,0.0
2019-04-30 00:00:00-04:00,57.53917929893841,57.653725026185995,57.22416899033018,57.4747428894043,13721500,0.0,0.0
2019-05-01 00:00:00-04:00,57.23133784913657,57.460434797933004,56.28631225258853,56.322105407714844,13909800,0.0,0.0
2019-05-02 00:00:00-04:00,56.04287402877167,56.20037915000709,55.29830784063166,55.3341064453125,15360400,0.0,0.0
2019-05-03 00:00:00-04:00,55.692098233210714,55.99278699792832,55.44152426261272,55.4630012512207,12180700,0.0,0.0
2019-05-06 00:00:00-04:00,55.06923722445332,55.599028423368125,54.91889284490273,55.219581604003906,13367100,0.0,0.0
2019-05-07 00:00:00-04:00,54.76851647161591,54.97613633983608,54.245886394772086,54.926021575927734,13498800,0.0,0.0
2019-05-08 00:00:00-04:00,54.797168542451296,55.334114922321284,54.71125515531572,55.01194381713867,11352900,0.0,0.0
2019-05-09 00:00:00-04:00,54.661141471324775,55.04058271341721,54.38192978517747,54.961830139160156,13221600,0.0,0.0
2019-05-10 00:00:00-04:00,55.16459286252884,55.6063155611523,54.43321512017862,55.439762115478516,11056000,0.87,0.0
2019-05-13 00:00:00-04:00,54.78079532079064,55.20079480462173,54.570795578875085,54.824241638183594,12176100,0.0,0.0
2019-05-14 00:00:00-04:00,55.12839426874534,55.61356890615236,54.86046786084169,54.896671295166016,10548400,0.0,0.0
2019-05-15 00:00:00-04:00,54.72287492078273,55.432529563365684,54.46218591123887,55.30218505859375,8918000,0.0,0.0
2019-05-16 00:00:00-04:00,55.32389937382081,55.72217019574718,55.19355488989526,55.2949333190918,8105200,0.0,0.0
2019-05-17 00:00:00-04:00,54.7808052612785,55.25149404238216,54.73735341129105,54.96908187866211,9279400,0.0,0.0
2019-05-20 00:00:00-04:00,55.070443815112235,55.29492379470856,54.79526910493962,54.961822509765625,7154300,0.0,0.0
2019-05-21 00:00:00-04:00,55.229762706346435,55.36735009607195,54.98355950863811,55.21528244018555,8489900,0.0,0.0
2019-05-22 00:00:00-04:00,55.04873479625208,55.193565096680196,54.59253178050338,54.715633392333984,7858300,0.0,0.0
2019-05-23 00:00:00-04:00,54.143578744218736,54.16530743787604,52.8908281208862,53.433929443359375,14657200,0.0,0.0
2019-05-24 00:00:00-04:00,53.687359918221176,53.767015197527705,53.18046770873484,53.65839385986328,7056400,0.0,0.0
2019-05-28 00:00:00-04:00,53.75977909301688,53.767021989699,52.492542884505454,52.57944107055664,14912900,0.0,0.0
2019-05-29 00:00:00-04:00,52.05805106404614,52.449084524524956,51.862537096161816,52.253570556640625,13645200,0.0,0.0
2019-05-30 00:00:00-04:00,52.1521931152655,52.23184839631589,51.797368560857024,52.115989685058594,9362100,0.0,0.0
2019-05-31 00:00:00-04:00,51.55117306814442,51.81186211340953,51.145653706225545,51.247032165527344,13983300,0.0,0.0
2019-06-03 00:00:00-04:00,51.47874456499664,52.14495283522846,51.391851917578535,52.050811767578125,11831000,0.0,0.0
2019-06-04 00:00:00-04:00,52.46356076574807,53.339768680639835,52.260803918394835,53.2890739440918,10423000,0.0,0.0
2019-06-05 00:00:00-04:00,53.32529248421152,53.32529248421152,52.557711274093975,52.84736633300781,10617800,0.0,0.0
2019-06-06 00:00:00-04:00,53.37597176248627,54.03493703688337,53.289073603585976,53.81045150756836,11738900,0.0,0.0
2019-06-07 00:00:00-04:00,53.95529222397918,54.28115071473474,53.897360106823726,54.0059814453125,9095500,0.0,0.0
2019-06-10 00:00:00-04:00,54.4477062338377,54.5490846803464,53.91184241690777,54.24494934082031,7760400,0.0,0.0
2019-06-11 00:00:00-04:00,54.679422735901575,54.89665987077336,54.17976793368891,54.19424819946289,9415100,0.0,0.0
2019-06-12 00:00:00-04:00,53.93357968635231,54.02771525174192,53.44840501548253,53.60771560668945,7920800,0.0,0.0
2019-06-13 00:00:00-04:00,54.09286847954123,54.43321272660102,53.86114555969141,54.07838821411133,8986400,0.0,0.0
2019-06-14 00:00:00-04:00,54.07839761917502,54.172533172616504,53.75253910558354,53.83943176269531,8575900,0.0,0.0
2019-06-17 00:00:00-04:00,53.701842192548845,54.447700191104744,53.614944023166565,54.375282287597656,9355700,0.0,0.0
2019-06-18 00:00:00-04:00,54.61425102914393,55.193561139904084,54.563561808805716,54.84597396850586,10091500,0.0,0.0
2019-06-19 00:00:00-04:00,54.59977553538898,54.92563404823265,54.43322206845503,54.54184341430664,9757400,0.0,0.0
2019-06-20 00:00:00-04:00,55.2080431351809,55.73666404215457,55.0921844242276,55.475975036621094,16229700,0.0,0.0
2019-06-21 00:00:00-04:00,55.85974983161693,56.30871533061894,55.6642358951845,56.258026123046875,23108100,0.0,0.0
2019-06-24 00:00:00-04:00,56.142171301920044,56.308724740180004,55.620793351362146,55.722171783447266,10011800,0.0,0.0
2019-06-25 00:00:00-04:00,55.81633144195431,55.917709907816516,55.171851684096545,55.22977828979492,9740000,0.0,0.0
2019-06-26 00:00:00-04:00,55.52665922439625,55.85251768941474,55.37459157240693,55.468727111816406,11365500,0.0,0.0
2019-06-27 00:00:00-04:00,55.461481509900445,55.57734572940564,54.86045382652496,54.903900146484375,8147800,0.0,0.0
2019-06-28 00:00:00-04:00,55.171840026927974,55.56287353750938,54.990806301179774,55.490455627441406,14781300,0.0,0.0
2019-07-01 00:00:00-04:00,55.85251875725826,56.431828844711774,55.24424813767146,55.439762115478516,11437900,0.0,0.0
2019-07-02 00:00:00-04:00,55.13564404134214,55.22977961197861,54.607028531650315,54.83150863647461,10475400,0.0,0.0
2019-07-03 00:00:00-04:00,54.90392047024023,55.396332535993096,54.76633303982466,55.35288619995117,5246100,0.0,0.0
2019-07-05 00:00:00-04:00,55.171827848471615,55.28768653452652,54.73734258281416,55.12837600708008,6880800,0.0,0.0
2019-07-08 00:00:00-04:00,55.13561961937959,55.54113331291666,54.97630908985868,55.38182830810547,7876100,0.0,0.0
2019-07-09 00:00:00-04:00,55.36011472857914,55.591837691636584,54.83874220523332,55.34563446044922,7863000,0.0,0.0
2019-07-10 00:00:00-04:00,55.61356566068579,56.2145934627408,55.57011380743627,56.12770080566406,8077400,0.0,0.0
2019-07-11 00:00:00-04:00,56.0552914835078,56.20011626970033,55.79460244859209,56.17115020751953,6404000,0.0,0.0
2019-07-12 00:00:00-04:00,56.301486338882135,56.39562188341466,56.120452620750676,56.2145881652832,6139000,0.0,0.0
2019-07-15 00:00:00-04:00,56.21458938567196,56.29424466535592,55.678731115288635,55.81631851196289,7116400,0.0,0.0
2019-07-16 00:00:00-04:00,55.700450599891255,55.80907193089772,54.88218021910188,54.983558654785156,10197400,0.0,0.0
2019-07-17 00:00:00-04:00,54.8459744914463,55.005285049659854,54.56356232905343,54.6577033996582,7419300,0.0,0.0
2019-07-18 00:00:00-04:00,54.33183558551226,54.50562639835175,53.716322082976696,54.19424819946289,11424500,0.0,0.0
2019-07-19 00:00:00-04:00,54.237694598204655,54.49114065911907,53.97700564277561,54.30286407470703,11243100,0.0,0.0
2019-07-22 00:00:00-04:00,54.48390711580271,54.52735896563848,53.948048848654544,54.36080551147461,8368800,0.0,0.0
2019-07-23 00:00:00-04:00,54.418726735445006,54.86768673776674,54.12907173493154,54.57803726196289,8551200,0.0,0.0
2019-07-24 00:00:00-04:00,54.59251630958582,55.07044787849149,54.201482896311035,54.57079315185547,8260200,0.0,0.0
2019-07-25 00:00:00-04:00,54.87493965248651,54.87493965248651,54.165290572588496,54.25942611694336,9083900,0.0,0.0
2019-07-26 00:00:00-04:00,54.21597152628557,54.368039163078,54.02045204704546,54.17251968383789,7677300,0.0,0.0
2019-07-29 00:00:00-04:00,54.223222593998656,54.585290065839565,54.09287808314748,54.55632400512695,7091900,0.0,0.0
2019-07-30 00:00:00-04:00,54.35357211394549,54.71563961915368,54.23047048810551,54.56357192993164,6961200,0.0,0.0
2019-07-31 00:00:00-04:00,54.33907246648384,54.78803800173038,53.77424824373771,53.84666061401367,13104600,0.0,0.0
2019-08-01 00:00:00-04:00,53.3977055314977,53.781496141327004,52.3332263534665,52.4708137512207,17132800,0.0,0.0
2019-08-02 00:00:00-04:00,52.57942904764462,53.05011777954829,51.54391604734062,51.95667266845703,21376700,0.0,0.0
2019-08-05 00:00:00-04:00,51.254279449620384,51.35565791759962,50.407042742345844,50.8922119140625,19080900,0.0,0.0
2019-08-06 00:00:00-04:00,50.899447747425974,51.4208258102219,50.892204850800645,51.38461685180664,12282400,0.0,0.0
2019-08-07 00:00:00-04:00,50.58806018846882,51.3266752918279,50.25495882619235,51.05150604248047,15231100,0.0,0.0
2019-08-08 00:00:00-04:00,51.3049582098711,52.43461244700077,51.13841027135349,52.41288375854492,14304100,0.0,0.0
2019-08-09 00:00:00-04:00,52.23184504356684,52.31874321496498,51.02978405846693,51.29771041870117,13686600,0.0,0.0
2019-08-12 00:00:00-04:00,51.36369268785545,51.43701102851897,50.82850459879785,51.04844284057617,9542600,0.87,0.0
2019-08-13 00:00:00-04:00,50.78450980692365,51.774251419828126,50.52791240829811,51.67893981933594,12403300,0.0,0.0
2019-08-14 00:00:00-04:00,50.637883952358614,50.65254426357198,49.59682846069336,49.59682846069336,18114400,0.0,0.0
2019-08-15 00:00:00-04:00,49.45753587841283,49.530848629506075,48.77571666577734,49.3035774230957,12874400,0.0,0.0
2019-08-16 00:00:00-04:00,49.69214044365987,50.19067498593029,49.318238138605956,50.0733757019043,12649000,0.0,0.0
2019-08-19 00:00:00-04:00,50.56457757063775,51.06311211566538,50.48393186530943,50.916481018066406,10032800,0.0,0.0
2019-08-20 00:00:00-04:00,50.80652070573592,50.80652070573592,50.37396590832918,50.60857009887695,9743500,0.0,0.0
2019-08-21 00:00:00-04:00,51.29038119026743,51.3050470961191,50.85783205551497,51.11442947387695,10134200,0.0,0.0
2019-08-22 00:00:00-04:00,51.25372944887527,51.2903830280093,50.7698552197089,51.004459381103516,8972000,0.0,0.0
2019-08-23 00:00:00-04:00,50.45460227846567,50.97513005504217,49.14228340791191,49.47952651977539,15371900,0.0,0.0
2019-08-26 00:00:00-04:00,49.94140453812852,50.04404349690154,49.508849846096204,49.74345397949219,7343900,0.0,0.0
2019-08-27 00:00:00-04:00,49.94874444703467,50.17602127862598,49.09830634732169,49.25959777832031,9490900,0.0,0.0
2019-08-28 00:00:00-04:00,49.50885208905832,49.83876783726422,49.23759436861356,49.61882400512695,9647400,0.0,0.0
2019-08-29 00:00:00-04:00,50.073372272360054,50.34462999438161,49.91940823292659,50.168678283691406,9004100,0.0,0.0
2019-08-30 00:00:00-04:00,50.3006435358796,50.64521959846091,49.897415038517636,50.20533752441406,9180800,0.0,0.0
2019-09-03 00:00:00-04:00,49.77279067581133,50.35197097564555,49.58217302935078,50.26399230957031,9849700,0.0,0.0
2019-09-04 00:00:00-04:00,50.95314135278225,51.03378705994967,50.65255179090286,50.7991828918457,6959200,0.0,0.0
2019-09-05 00:00:00-04:00,51.202396968863184,51.72293029532704,51.09975801267686,51.51764678955078,9901500,0.0,0.0
2019-09-06 00:00:00-04:00,51.57630410958952,52.0161861911498,51.407685348470075,52.00152587890625,10418500,0.0,0.0
2019-09-09 00:00:00-04:00,52.17014736159413,52.83730060333122,52.03818218504998,52.412078857421875,12840200,0.0,0.0
2019-09-10 00:00:00-04:00,52.88861500743475,53.409142711233066,52.50738541923152,52.83729553222656,13810800,0.0,0.0
2019-09-11 00:00:00-04:00,53.35783938925518,53.4018259260632,52.456081824260984,52.73467254638672,10525700,0.0,0.0
2019-09-12 00:00:00-04:00,52.038189246219915,52.90329316686289,51.83290570442625,52.77132797241211,9100700,0.0,0.0
2019-09-13 00:00:00-04:00,52.97660871534983,53.31385187597947,52.82997760633376,53.25519943237305,7337200,0.0,0.0
2019-09-16 00:00:00-04:00,55.01473124018255,55.11737021541349,53.959009673916164,54.0543212890625,19830200,0.0,0.0
2019-09-17 00:00:00-04:00,54.12029428737469,54.31091190030222,53.24785751417166,53.64375305175781,14452200,0.0,0.0
2019-09-18 00:00:00-04:00,53.26252140357713,53.49712553622319,53.027917270931084,53.38715362548828,7292200,0.0,0.0
2019-09-19 00:00:00-04:00,53.49714345048927,53.65843489445732,52.925296035261155,53.02793502807617,8050200,0.0,0.0
2019-09-20 00:00:00-04:00,53.14522661920876,53.1525595728894,52.6833512186149,52.844642639160156,19736600,0.0,0.0
2019-09-23 00:00:00-04:00,52.43407161564032,53.04991096470888,52.39008508835106,52.88128662109375,7495200,0.0,0.0
2019-09-24 00:00:00-04:00,52.64667324830634,52.69066536127981,51.92086770837622,52.15547180175781,13307100,0.0,0.0
2019-09-25 00:00:00-04:00,52.038182896977276,52.3974192628273,51.92087803026484,52.30944061279297,8035200,0.0,0.0
2019-09-26 00:00:00-04:00,52.2141494267944,52.3094554630019,51.818253779354364,52.03086471557617,8420200,0.0,0.0
2019-09-27 00:00:00-04:00,51.832898004040295,52.54404335774246,51.78157852456714,52.40475082397461,8224000,0.0,0.0
2019-09-30 00:00:00-04:00,52.22878579988977,52.382744215526856,51.74491729265935,51.766910552978516,9768900,0.0,0.0
2019-10-01 00:00:00-04:00,51.92821192621892,51.986864360640745,50.52058706051927,50.54990768432617,10279100,0.0,0.0
2019-10-02 00:00:00-04:00,50.05137448608779,50.28597863649985,49.12762379013014,49.230262756347656,14503700,0.0,0.0
2019-10-03 00:00:00-04:00,49.12028966558271,49.853428317307824,48.61442220600309,49.838768005371094,10788400,0.0,0.0
2019-10-04 00:00:00-04:00,49.93406418737327,50.63787648328142,49.72145334901514,50.5645637512207,10534800,0.0,0.0
2019-10-07 00:00:00-04:00,50.36662997252563,50.608567102850536,49.86809539794921,49.86809539794922,10993000,0.0,0.0
2019-10-08 00:00:00-04:00,49.516195800474826,49.79478653409682,48.85636975410146,48.90035629272461,9748700,0.0,0.0
2019-10-09 00:00:00-04:00,49.34024355315654,49.6334945988829,49.26692519831979,49.4428825378418,8580900,0.0,0.0
2019-10-10 00:00:00-04:00,49.43554294868091,50.11736216595407,49.39888377618275,50.03671646118164,7100100,0.0,0.0
2019-10-11 00:00:00-04:00,50.57191848754883,50.94581526014463,50.5059330848873,50.57191848754883,10101900,0.0,0.0
2019-10-14 00:00:00-04:00,50.29331458109769,50.85783452227927,50.285981627816184,50.718536376953125,6234600,0.0,0.0
2019-10-15 00:00:00-04:00,50.63055510317318,51.31970724752935,50.593901525467466,50.89448547363281,6645700,0.0,0.0
2019-10-16 00:00:00-04:00,50.74052551266428,50.97512965793316,50.00738685952351,50.02205276489258,9765800,0.0,0.0
2019-10-17 00:00:00-04:00,50.205332342280954,50.49858329910715,49.9120757920513,49.95606231689453,9757200,0.0,0.0
2019-10-18 00:00:00-04:00,49.758111011051916,49.963388891991954,49.5674934387207,49.5674934387207,13472700,0.0,0.0
2019-10-21 00:00:00-04:00,49.72146785095375,50.41794739877264,49.72146785095375,50.39595413208008,10199300,0.0,0.0
2019-10-22 00:00:00-04:00,50.42528613329486,51.14376462358295,50.32998010223229,50.652557373046875,9536000,0.0,0.0
2019-10-23 00:00:00-04:00,50.55724853774079,51.14376178680749,50.425283336371024,51.13642883300781,8641800,0.0,0.0
2019-10-24 00:00:00-04:00,51.29039014728002,51.356375548327335,50.601237880412384,50.652557373046875,9003600,0.0,0.0
2019-10-25 00:00:00-04:00,50.513250479464155,50.938472208372374,50.513250479464155,50.76984786987305,7607200,0.0,0.0
2019-10-28 00:00:00-04:00,50.923816830427015,51.07777529649664,50.27865674498219,50.3226432800293,11209600,0.0,0.0
2019-10-29 00:00:00-04:00,50.205336348539404,50.60855924305332,50.02937904831858,50.17601013183594,13894400,0.0,0.0
2019-10-30 00:00:00-04:00,50.12469264968175,50.12469264968175,49.31823564168855,49.64815139770508,12840600,0.0,0.0
2019-10-31 00:00:00-04:00,49.45753940964698,49.64815705082288,49.22293523335539,49.538185119628906,16169100,0.0,0.0
2019-11-01 00:00:00-04:00,50.13935772586199,51.03378787905309,50.08070528454347,51.02645492553711,14108700,0.0,0.0
2019-11-04 00:00:00-05:00,51.37103498889579,52.690687053327004,51.27572895945551,52.5440559387207,15858200,0.0,0.0
2019-11-05 00:00:00-05:00,52.81532112249637,53.60711238839213,52.6760229571799,53.585113525390625,14930400,0.0,0.0
2019-11-06 00:00:00-05:00,53.32117478179437,53.42381374206162,52.199467984467205,52.412078857421875,13996500,0.0,0.0
2019-11-07 00:00:00-05:00,52.80797658042074,53.54111523758256,52.78598331565054,53.52645492553711,13073800,0.0,0.0
2019-11-08 00:00:00-05:00,53.1332113301199,53.27418940282526,52.42833228831432,52.509944915771484,12106000,0.87,0.0
2019-11-11 00:00:00-05:00,52.094435865368304,52.39122911572681,51.91636217949736,52.19089126586914,8674000,0.0,0.0
2019-11-12 00:00:00-05:00,52.138950033647,52.2428324773494,51.18180048615154,51.47117233276367,13918600,0.0,0.0
2019-11-13 00:00:00-05:00,51.21147920632685,51.307940270897795,50.89984883046825,51.048248291015625,11773700,0.0,0.0
2019-11-14 00:00:00-05:00,51.09275878082628,51.17437705850011,50.588212001051616,50.825645446777344,11279800,0.0,0.0
2019-11-15 00:00:00-05:00,50.98146673968776,51.419238068973506,50.95178684779885,51.33761978149414,11252800,0.0,0.0
2019-11-18 00:00:00-05:00,50.97402981741793,51.06306946595027,50.677242310694446,50.84047317504883,10095600,0.0,0.0
2019-11-19 00:00:00-05:00,50.751452061451886,50.87016596208357,50.291422251961,50.321102142333984,12605500,0.0,0.0
2019-11-20 00:00:00-05:00,50.209803914636446,50.85532879261886,49.950111950227516,50.4769172668457,16930700,0.0,0.0
2019-11-21 00:00:00-05:00,50.46949143844869,51.75311969367219,50.39529454955444,51.69375991821289,14080900,0.0,0.0
2019-11-22 00:00:00-05:00,51.7234429022778,52.07217452790271,51.44149244325729,51.47117233276367,12143600,0.0,0.0
2019-11-25 00:00:00-05:00,51.47116246753791,51.52310084900429,50.981452875832936,51.129852294921875,10670000,0.0,0.0
2019-11-26 00:00:00-05:00,51.13727982210508,51.22631949410773,50.7811324558151,51.00372314453125,15457000,0.0,0.0
2019-11-27 00:00:00-05:00,51.01856746758646,51.26341666651398,50.758875492444844,50.97404479980469,8393900,0.0,0.0
2019-11-29 00:00:00-05:00,50.69951640322892,50.8479102022379,50.454661540089596,50.551116943359375,7980800,0.0,0.0
2019-12-02 00:00:00-05:00,50.8256447184227,51.107595162162816,50.72918932839945,50.76628494262695,11116900,0.0,0.0
2019-12-03 00:00:00-05:00,50.454659331447864,50.640154402519364,50.098506304212044,50.36561965942383,12245800,0.0,0.0
2019-12-04 00:00:00-05:00,50.64014983508172,51.01856133097803,50.55853155830292,50.93694305419922,11049700,0.0,0.0
2019-12-05 00:00:00-05:00,51.11501650388066,51.17437627962361,50.61046973178522,50.75886917114258,13109000,0.0,0.0
2019-12-06 00:00:00-05:00,51.01856514933231,51.842163705115084,51.01856514933231,51.575050354003906,13710800,0.0,0.0
2019-12-09 00:00:00-05:00,51.25599426631455,51.91635620035747,51.21147160432913,51.686344146728516,12397700,0.0,0.0
2019-12-10 00:00:00-05:00,51.686350238908055,52.04991899962698,50.974044171780584,51.24115753173828,14281800,0.0,0.0
2019-12-11 00:00:00-05:00,51.00371368785464,51.76053660740271,50.951775304031486,51.16695022583008,13748400,0.0,0.0
2019-12-12 00:00:00-05:00,51.166960496035735,52.220571156991035,51.12244348978311,52.19089126586914,17068500,0.0,0.0
2019-12-13 00:00:00-05:00,52.294777375161416,52.339294384529644,51.28568364983568,51.36730194091797,12274500,0.0,0.0
2019-12-16 00:00:00-05:00,51.71603276111585,52.124124254499165,51.71603276111585,51.938629150390625,15208700,0.0,0.0
2019-12-17 00:00:00-05:00,51.923775824183075,52.22056336942171,51.42664479810326,51.70117950439453,14450700,0.0,0.0
2019-12-18 00:00:00-05:00,51.664076143562774,52.1537857629693,51.40438422154082,51.84215545654297,13652300,0.0,0.0
2019-12-19 00:00:00-05:00,51.93119854379791,51.97572121026723,51.37471333024413,51.48601150512695,13273200,0.0,0.0
2019-12-20 00:00:00-05:00,51.83474041095404,52.10927513973814,51.48600878978128,51.894100189208984,35092000,0.0,0.0
2019-12-23 00:00:00-05:00,51.834741595623804,52.16121472262743,51.589886750371086,52.15379333496094,14172500,0.0,0.0
2019-12-24 00:00:00-05:00,52.19829639973754,52.309594541572196,51.87182902077686,51.95344161987305,3979400,0.0,0.0
2019-12-26 00:00:00-05:00,52.07959117259784,52.309603219249965,51.946034512412176,52.03506851196289,8840200,0.0,0.0
2019-12-27 00:00:00-05:00,52.087002842951456,52.16862111009088,51.84956942787109,51.856990814208984,10516100,0.0,0.0
2019-12-30 00:00:00-05:00,52.00538665530936,52.26508423978774,51.493424194706,51.55278396606445,12689400,0.0,0.0
2019-12-31 00:00:00-05:00,51.211468851868474,51.79021813969491,51.204053125985936,51.77537536621094,13151800,0.0,0.0
2020-01-02 00:00:00-05:00,52.11670120377692,52.69544500440699,52.11670120377692,52.60641098022461,12456400,0.0,0.0
2020-01-03 00:00:00-05:00,52.93286377739042,52.95512793810313,52.057332591916094,52.183467864990234,17386900,0.0,0.0
2020-01-06 00:00:00-05:00,52.176053173081336,52.947713345210175,52.10927766495361,52.584144592285156,20081900,0.0,0.0
2020-01-07 00:00:00-05:00,52.30960851079627,52.324445625269085,51.57504963589827,52.15379333496094,17387700,0.0,0.0
2020-01-08 00:00:00-05:00,52.02024260871547,52.153799297680955,51.32277927068893,51.36730194091797,15137700,0.0,0.0
2020-01-09 00:00:00-05:00,51.30052537272922,51.86443207242839,50.922113776535966,51.760555267333984,14811800,0.0,0.0
2020-01-10 00:00:00-05:00,51.88668315843923,51.90894166193879,51.28568092050914,51.30051803588867,11995600,0.0,0.0
2020-01-13 00:00:00-05:00,51.34502572066762,51.84215673896067,51.278250222292726,51.790218353271484,9953900,0.0,0.0
2020-01-14 00:00:00-05:00,51.47858841154329,51.62698786009009,51.1150196691089,51.34503173828125,16261000,0.0,0.0
2020-01-15 00:00:00-05:00,51.34503839705098,51.63441028316974,51.11502629804911,51.26342010498047,11390300,0.0,0.0
2020-01-16 00:00:00-05:00,51.41922899826564,51.6269825439783,51.0482389063903,51.06307601928711,13340300,0.0,0.0
2020-01-17 00:00:00-05:00,51.01114867015286,51.256003542376185,50.66983839108131,50.87017059326172,18144100,0.0,0.0
2020-01-21 00:00:00-05:00,50.73660136205942,50.76628124779715,50.09108224505661,50.14302062988281,17982600,0.0,0.0
2020-01-22 00:00:00-05:00,50.1281896848442,50.232066479007386,49.71268250819146,49.853660583496094,17033100,0.0,0.0
2020-01-23 00:00:00-05:00,49.4975056980459,49.66074227164473,49.00780163810994,49.542022705078125,19605900,0.0,0.0
2020-01-24 00:00:00-05:00,49.3713664433154,49.47524322529724,49.00037631884882,49.2081298828125,18238600,0.0,0.0
2020-01-27 00:00:00-05:00,48.54034003265174,48.770357728433034,48.00611341915354,48.03579330444336,21231000,0.0,0.0
2020-01-28 00:00:00-05:00,48.31033489648652,48.37711040227975,47.95418188300901,47.969024658203125,19664700,0.0,0.0
2020-01-29 00:00:00-05:00,48.25097218062442,48.3251690694987,47.41253658071156,47.56835174560547,14202800,0.0,0.0
2020-01-30 00:00:00-05:00,47.323493506458234,48.13967054696456,47.06380158368704,48.07289505004883,18544700,0.0,0.0
2020-01-31 00:00:00-05:00,46.893148277835586,46.893148277835586,45.89889471629965,46.0918083190918,34282900,0.0,0.0
2020-02-03 00:00:00-05:00,45.54274356427196,45.57242061990441,44.79334200856548,45.060455322265625,27389300,0.0,0.0
2020-02-04 00:00:00-05:00,45.5946935475267,45.9360038327712,44.43720317054005,44.49656295776367,31922100,0.0,0.0
2020-02-05 00:00:00-05:00,45.075297855614714,46.692814943369925,44.9639996917005,46.54441833496094,32099200,0.0,0.0
2020-02-06 00:00:00-05:00,46.69281694015907,46.752173887803096,45.83953852813988,45.91373825073242,16055400,0.0,0.0
2020-02-07 00:00:00-05:00,45.56499632031711,45.750491339180215,45.3053044260805,45.60951614379883,15112500,0.0,0.0
2020-02-10 00:00:00-05:00,45.5192111761126,45.54931716379296,44.871946796309814,45.12784194946289,20934500,0.87,0.0
2020-02-11 00:00:00-05:00,45.59447672456616,45.827790954390586,45.28589465351957,45.55684280395508,14908700,0.0,0.0
2020-02-12 00:00:00-05:00,46.1664764633773,46.30947560107235,45.57942404739596,46.113792419433594,17862100,0.0,0.0
2020-02-13 00:00:00-05:00,45.95573791876944,46.22668318605733,45.57942169796051,45.85789489746094,16949400,0.0,0.0
2020-02-14 00:00:00-05:00,46.02347580418181,46.031000865468535,45.36868350070256,45.647159576416016,10855300,0.0,0.0
2020-02-18 00:00:00-05:00,45.27083803680257,45.451468197139555,44.743994805534555,45.067626953125,18948500,0.0,0.0
2020-02-19 00:00:00-05:00,45.240739932174705,45.624581243038975,45.03000375139159,45.41384506225586,12804900,0.0,0.0
2020-02-20 00:00:00-05:00,45.33105500745543,45.56437211540572,44.947213696765736,45.052581787109375,14817200,0.0,0.0
2020-02-21 00:00:00-05:00,44.789153000363655,44.789153000363655,44.247259622998314,44.50315475463867,20315700,0.0,0.0
2020-02-24 00:00:00-05:00,43.366673305353906,43.50214735211066,42.418357849121094,42.418357849121094,32096600,0.0,0.0
2020-02-25 00:00:00-05:00,42.71188698713173,42.71188698713173,40.619569917780325,40.79267501831055,36414500,0.0,0.0
2020-02-26 00:00:00-05:00,41.056103729587406,41.25931485618721,39.83683984105384,39.89704895019531,29801000,0.0,0.0
2020-02-27 00:00:00-05:00,38.91862197857711,39.468043303888265,37.4810941627452,37.49614715576172,48141300,0.0,0.0
2020-02-28 00:00:00-05:00,36.70588487933383,38.71541213989258,36.13388261034303,38.71541213989258,62446700,0.0,0.0
2020-03-02 00:00:00-05:00,39.5809413545583,40.55936298250598,38.48209864734113,40.55183792114258,38127600,0.0,0.0
2020-03-03 00:00:00-05:00,40.60451562170663,40.75504266504834,38.3691966364033,38.61003875732422,50580700,0.0,0.0
2020-03-04 00:00:00-05:00,39.30998855340747,39.49814664692621,38.474566158813914,39.45298767089844,24079600,0.0,0.0
2020-03-05 00:00:00-05:00,37.94771923562676,38.158458232215644,36.90908872748653,37.71440505981445,40788200,0.0,0.0
2020-03-06 00:00:00-05:00,36.75857205660356,36.88651820572608,35.52425519442428,35.893043518066406,55640500,0.0,0.0
2020-03-09 00:00:00-04:00,31.392309101447502,33.544839074144335,30.707413462049956,31.505205154418945,72896300,0.0,0.0
2020-03-10 00:00:00-04:00,34.74902802616641,34.816765040432514,31.196605919833086,32.6717643737793,60445900,0.0,0.0
2020-03-11 00:00:00-04:00,31.9040858261204,32.72445522737924,31.42240156686102,31.59550666809082,51986100,0.0,0.0
2020-03-12 00:00:00-04:00,30.03003708742945,30.594511447185152,27.847401747948037,27.98287582397461,65725300,0.0,0.0
2020-03-13 00:00:00-04:00,30.11282251692642,30.210665537556043,26.342135273852143,28.69034767150879,79891500,0.0,0.0
2020-03-16 00:00:00-04:00,25.890554978513357,28.50971531214561,25.02502659448863,25.95829200744629,48924700,0.0,0.0
2020-03-17 00:00:00-04:00,26.50018557096712,28.133399338395318,25.740028125839594,27.70439910888672,41204400,0.0,0.0
2020-03-18 00:00:00-04:00,26.003449653718654,27.629135573386403,23.504710237767576,24.92718505859375,54036400,0.0,0.0
2020-03-19 00:00:00-04:00,25.3862866327186,26.26686789926761,24.347653275348907,25.913129806518555,49412400,0.0,0.0
2020-03-20 00:00:00-04:00,26.221718723258835,26.47761391062905,23.753083389142002,24.641191482543945,76534600,0.0,0.0
2020-03-23 00:00:00-04:00,24.48313348025759,24.61108249389477,22.661764269817436,23.670291900634766,56952500,0.0,0.0
2020-03-24 00:00:00-04:00,25.905601183161394,27.22270764690998,25.085234770533948,26.67328643798828,61835600,0.0,0.0
2020-03-25 00:00:00-04:00,27.478603435284693,29.04407996466892,26.477603990164308,28.065658569335938,56607700,0.0,0.0
2020-03-26 00:00:00-04:00,28.223711556999852,29.774135145447563,27.636659275354866,29.217185974121094,46722000,0.0,0.0
2020-03-27 00:00:00-04:00,27.945236993016536,28.35918416736321,27.24528875213074,27.809762954711914,51558600,0.0,0.0
2020-03-30 00:00:00-04:00,27.26787318452494,28.712928974353705,26.98939998329617,28.223716735839844,45835000,0.0,0.0
2020-03-31 00:00:00-04:00,28.85593257973374,29.69135518401889,28.125878074896196,28.57745933532715,41491600,0.0,0.0
2020-04-01 00:00:00-04:00,27.742033547728273,29.126877419558898,27.350664315356028,28.246295928955078,36045900,0.0,0.0
2020-04-02 00:00:00-04:00,29.156981380009597,31.580455833878226,28.524770028768902,30.40635108947754,62000200,0.0,0.0
2020-04-03 00:00:00-04:00,31.196613310729532,31.746034613913636,28.991400166255605,29.51071548461914,48425700,0.0,0.0
2020-04-06 00:00:00-04:00,30.014969460604114,30.729970541934975,29.5257574388873,30.459022521972656,41301900,0.0,0.0
2020-04-07 00:00:00-04:00,32.28793448169152,32.60403874460527,30.978352705605136,31.038564682006836,48921800,0.0,0.0
2020-04-08 00:00:00-04:00,31.572926196574024,33.14592785017071,31.211663029808946,33.002925872802734,33355600,0.0,0.0
2020-04-09 00:00:00-04:00,34.21467272713968,35.15546335121016,31.414881782230214,32.46104049682617,60107300,0.0,0.0
2020-04-13 00:00:00-04:00,33.454514518332694,33.635144706859954,31.58798630084888,32.18256378173828,29651900,0.0,0.0
2020-04-14 00:00:00-04:00,32.36319095872701,32.92766521963504,31.542821584698093,31.93419075012207,30769000,0.0,0.0
2020-04-15 00:00:00-04:00,30.857933434851276,30.90309241980283,29.63866955181151,30.466564178466797,33125000,0.0,0.0
2020-04-16 00:00:00-04:00,30.466558584309183,30.466558584309183,29.299978962383356,29.465559005737305,30934000,0.0,0.0
2020-04-17 00:00:00-04:00,30.01498185221436,32.6040363553965,30.00745392018326,32.52877426147461,40829100,0.0,0.0
2020-04-20 00:00:00-04:00,30.669770319191407,32.1675100593971,30.51171820414805,30.9934024810791,39260800,0.0,0.0
2020-04-21 00:00:00-04:00,30.406347553120117,31.70840115116963,29.826820309294984,30.82781982421875,44381600,0.0,0.0
2020-04-22 00:00:00-04:00,32.0621436820345,32.31051378770569,31.505197234090602,31.70840835571289,27074200,0.0,0.0
2020-04-23 00:00:00-04:00,32.461043034483886,33.61256992962649,32.2202008455791,32.70188522338867,35271000,0.0,0.0
2020-04-24 00:00:00-04:00,33.41688583788158,33.78567417372991,32.46104217002923,32.912620544433594,28653800,0.0,0.0
2020-04-27 00:00:00-04:00,32.80724707013849,33.356668388316976,31.783666526822206,33.0706672668457,28274400,0.0,0.0
2020-04-28 00:00:00-04:00,33.39430122019013,34.161986668719955,33.19861804518369,33.845882415771484,26545100,0.0,0.0
2020-04-29 00:00:00-04:00,34.816780550029065,35.825308283328646,34.74151844334647,35.719940185546875,29502500,0.0,0.0
2020-04-30 00:00:00-04:00,35.8855112825383,35.8855112825383,34.44798358465124,34.97482681274414,37076300,0.0,0.0
2020-05-01 00:00:00-04:00,34.3426191231818,34.914618515680395,32.36319499735253,32.468563079833984,35399300,0.0,0.0
2020-05-04 00:00:00-04:00,31.994403879840803,33.82330094551178,31.776142653440317,33.77814483642578,27465600,0.0,0.0
2020-05-05 00:00:00-04:00,34.81677456971053,35.48661983681683,33.612563843238796,33.74051284790039,29276200,0.0,0.0
2020-05-06 00:00:00-04:00,33.81577265035287,34.071667771272175,33.04056222715526,33.108299255371094,22659000,0.0,0.0
2020-05-07 00:00:00-04:00,33.83835258276722,34.071669664265706,33.0932481020603,33.29645919799805,22160300,0.0,0.0
2020-05-08 00:00:00-04:00,34.10177569798002,34.78667107959738,33.853405623350454,34.75656509399414,19977400,0.0,0.0
2020-05-11 00:00:00-04:00,34.703876749593206,34.77161377326511,34.25229563475905,34.4254035949707,22258000,0.0,0.0
2020-05-12 00:00:00-04:00,34.84736777772279,35.039174081017336,33.8499755859375,33.8499755859375,25439100,0.87,0.0
2020-05-13 00:00:00-04:00,33.55844866140777,33.65818588105901,31.91658343707153,32.169769287109375,30827900,0.0,0.0
2020-05-14 00:00:00-04:00,31.50993809943031,32.64543102150425,30.84245300826986,32.4536247253418,24856500,0.0,0.0
2020-05-15 00:00:00-04:00,32.51501911913302,32.99836910081337,32.10838759382438,32.223472595214844,22445600,0.0,0.0
2020-05-18 00:00:00-04:00,34.06481595637235,34.970142349229505,33.803959149502774,34.786006927490234,32026100,0.0,0.0
2020-05-19 00:00:00-04:00,34.9471208808168,35.77572582425361,33.704216392394585,33.71188735961914,21771600,0.0,0.0
2020-05-20 00:00:00-04:00,34.233594353262184,34.97013291477825,34.1952336710462,34.80901336669922,19352400,0.0,0.0
2020-05-21 00:00:00-04:00,34.86271331399327,35.13124389988866,34.057127409771056,34.187557220458984,19130700,0.0,0.0
2020-05-22 00:00:00-04:00,33.79628067485839,34.27195963701512,33.335946572994814,34.21825408935547,15406400,0.0,0.0
2020-05-26 00:00:00-04:00,35.09289308671168,35.52253746212502,34.88574186568048,35.22332000732422,20356500,0.0,0.0
2020-05-27 00:00:00-04:00,35.79873855629551,36.1670064126147,34.83970676586032,35.476505279541016,20788300,0.0,0.0
2020-05-28 00:00:00-04:00,35.6222786543526,35.64529448179994,34.471440454259536,34.55583572387695,19698000,0.0,0.0
2020-05-29 00:00:00-04:00,34.387040713577484,35.05452596335862,34.04178871309327,34.885738372802734,25874700,0.0,0.0
2020-06-01 00:00:00-04:00,34.770658755655646,35.6376243734301,34.371701152137604,35.50719451904297,19031000,0.0,0.0
2020-06-02 00:00:00-04:00,35.952187513739915,36.40485067726299,35.86779224019159,36.29743957519531,22319000,0.0,0.0
2020-06-03 00:00:00-04:00,36.82682212409681,37.90093894007611,36.78846143639745,37.77818298339844,23418000,0.0,0.0
2020-06-04 00:00:00-04:00,37.50198112756669,37.709132351998484,36.949577862415225,37.67076873779297,18731400,0.0,0.0
2020-06-05 00:00:00-04:00,39.62719449218468,41.00819967602854,39.58883087943208,40.724327087402344,41328900,0.0,0.0
2020-06-08 00:00:00-04:00,41.98257613030506,42.47359993329976,41.01587045726811,41.997920989990234,33579400,0.0,0.0
2020-06-09 00:00:00-04:00,40.57088487485622,41.407160778997294,40.24097767884524,41.06190872192383,27276900,0.0,0.0
2020-06-10 00:00:00-04:00,41.04656144780447,41.04656144780447,38.82160647900606,38.85997009277344,31156800,0.0,0.0
2020-06-11 00:00:00-04:00,36.46622264121523,37.47128897754209,35.36909007557629,35.43046951293945,39183000,0.0,0.0
2020-06-12 00:00:00-04:00,36.85751361998255,37.30250288684468,35.223322490039,36.190025329589844,30978100,0.0,0.0
2020-06-15 00:00:00-04:00,34.7936731807193,36.64268640845493,34.3333390788469,36.16700744628906,27929300,0.0,0.0
2020-06-16 00:00:00-04:00,38.031364598041215,38.16946541054966,36.24373085548837,36.98026657104492,26203400,0.0,0.0
2020-06-17 00:00:00-04:00,36.82682444662144,36.926564582316296,35.75270756290176,35.775726318359375,19279400,0.0,0.0
2020-06-18 00:00:00-04:00,35.37677151228488,36.312787644538716,35.11591470133217,35.99822235107422,21478700,0.0,0.0
2020-06-19 00:00:00-04:00,36.99561748928785,37.02630428741167,35.27703094482422,35.27703094482422,48899900,0.0,0.0
2020-06-22 00:00:00-04:00,35.05454197159358,35.62996125959781,34.832048737883,35.61461639404297,17565400,0.0,0.0
2020-06-23 00:00:00-04:00,35.98287913509896,36.22839107470465,35.67598774722526,35.82943344116211,18916600,0.0,0.0
2020-06-24 00:00:00-04:00,35.22332461276438,35.261685304622965,33.949730326620376,34.141536712646484,27626900,0.0,0.0
2020-06-25 00:00:00-04:00,33.79628676904539,34.709287097358526,33.52008508742909,34.65557861328125,19353600,0.0,0.0
2020-06-26 00:00:00-04:00,34.43308307833533,34.47911473765772,33.37431101292283,33.46637725830078,31518600,0.0,0.0
2020-06-29 00:00:00-04:00,33.61214951833731,34.20291349241286,33.404998286383574,34.00343322753906,17052100,0.0,0.0
2020-06-30 00:00:00-04:00,33.32060031108085,34.50212816335835,33.11344909593615,34.31032180786133,22153600,0.0,0.0
2020-07-01 00:00:00-04:00,34.13386111216591,34.81669128546473,33.5047335587938,33.535423278808594,17290100,0.0,0.0
2020-07-02 00:00:00-04:00,34.233605014301176,34.67092336656453,33.70422041070168,33.819305419921875,18216600,0.0,0.0
2020-07-06 00:00:00-04:00,34.271962559297755,34.58652783203055,33.63516689986412,34.0571403503418,22692000,0.0,0.0
2020-07-07 00:00:00-04:00,33.681207841261276,33.75792923701558,33.075098863907876,33.17483901977539,17407600,0.0,0.0
2020-07-08 00:00:00-04:00,33.105780277965565,33.70421520939881,32.867939328090166,33.098106384277344,18291400,0.0,0.0
2020-07-09 00:00:00-04:00,32.91396671169186,33.06740943110324,31.678733503997258,31.732439041137695,25882000,0.0,0.0
2020-07-10 00:00:00-04:00,31.548307313592254,32.76819580448435,31.532962454537515,32.722164154052734,18951000,0.0,0.0
2020-07-13 00:00:00-04:00,32.975347404590295,33.2131883326742,32.399928353477016,32.729835510253906,20028300,0.0,0.0
2020-07-14 00:00:00-04:00,32.630102182321785,33.90369649688506,32.42295092958319,33.81163024902344,21444100,0.0,0.0
2020-07-15 00:00:00-04:00,34.54816423940569,34.594198824243406,33.91903954695567,34.241275787353516,17332400,0.0,0.0
2020-07-16 00:00:00-04:00,33.99576656035158,34.37937935099396,33.59680890687551,33.972747802734375,14673700,0.0,0.0
2020-07-17 00:00:00-04:00,34.01110592622094,34.287304632387496,33.289912123265175,33.389652252197266,17958900,0.0,0.0
2020-07-20 00:00:00-04:00,33.15180786799721,33.381974895960674,32.59173369348419,32.607078552246094,18553900,0.0,0.0
2020-07-21 00:00:00-04:00,33.10578029161265,34.6709180303704,33.07509057031294,34.25661849975586,28821800,0.0,0.0
2020-07-22 00:00:00-04:00,33.87300452965604,33.87300452965604,33.27456669304532,33.458702087402344,21345400,0.0,0.0
2020-07-23 00:00:00-04:00,33.297588667145874,33.6198219800216,33.00604215068706,33.52775573730469,17934400,0.0,0.0
2020-07-24 00:00:00-04:00,33.665862172500454,34.08016179710336,33.1364746035482,33.32061004638672,16415300,0.0,0.0
2020-07-27 00:00:00-04:00,33.16716066052556,33.826975111455916,32.96768330236983,33.81163024902344,18547900,0.0,0.0
2020-07-28 00:00:00-04:00,33.68887563162524,33.94973245000535,33.34362352983783,33.41267395019531,19190500,0.0,0.0
2020-07-29 00:00:00-04:00,33.53543284751375,33.826979417376045,33.25156017321115,33.78094482421875,14143200,0.0,0.0
2020-07-30 00:00:00-04:00,33.09043151038813,33.12879219410132,32.09303910018227,32.12372589111328,29901100,0.0,0.0
2020-07-31 00:00:00-04:00,31.578998347261276,32.353894738045376,31.38719199118541,32.284847259521484,32116200,0.0,0.0
2020-08-03 00:00:00-04:00,32.2618223036317,32.60707426353319,31.8168331649948,32.41526794433594,23033600,0.0,0.0
2020-08-04 00:00:00-04:00,32.484322352357225,33.45102503286281,32.40760098588611,33.351287841796875,17724000,0.0,0.0
2020-08-05 00:00:00-04:00,33.87300751935883,33.99576348418728,33.39732559475717,33.64283752441406,17175100,0.0,0.0
2020-08-06 00:00:00-04:00,33.297583698050666,33.681196399978745,33.18249871677918,33.48171615600586,14434900,0.0,0.0
2020-08-07 00:00:00-04:00,33.167149532414875,33.38964557293496,32.844916309646976,33.32826614379883,18757900,0.0,0.0
2020-08-10 00:00:00-04:00,33.75025335689957,34.21825848567198,33.45103293283868,34.149208068847656,24367800,0.0,0.0
2020-08-11 00:00:00-04:00,34.90875328367639,35.61459919798729,34.31798941536013,34.50212478637695,28987500,0.0,0.0
2020-08-12 00:00:00-04:00,34.783777458865416,35.15931046834172,34.13441922929318,34.49430465698242,22503200,0.87,0.0
2020-08-13 00:00:00-04:00,34.0327113185824,34.322184119433395,33.57894040178853,33.64935302734375,17338700,0.0,0.0
2020-08-14 00:00:00-04:00,33.32858564368718,33.86059149393509,33.17993809135686,33.798004150390625,13595700,0.0,0.0
2020-08-17 00:00:00-04:00,33.77453285141973,33.77453285141973,33.226882378242124,33.35988235473633,15554600,0.0,0.0
2020-08-18 00:00:00-04:00,33.32074951903373,33.79016484649005,33.08604185530558,33.19557189941406,13014000,0.0,0.0
2020-08-19 00:00:00-04:00,33.13298590151624,33.37551887674122,32.75745299387354,32.82786560058594,14473100,0.0,0.0
2020-08-20 00:00:00-04:00,32.616644194746975,32.7731170644605,32.311523740265066,32.327171325683594,15678500,0.0,0.0
2020-08-21 00:00:00-04:00,32.31152218920217,32.342817358536955,31.849928887164786,32.08463668823242,25517700,0.0,0.0
2020-08-24 00:00:00-04:00,32.29586676840287,33.258170608421,32.14721922683728,33.031288146972656,18208900,0.0,0.0
2020-08-25 00:00:00-04:00,32.5931681153915,32.913936094338524,31.84210206485279,31.982927322387695,31285600,0.0,0.0
2020-08-26 00:00:00-04:00,31.795159290231418,31.951632130077165,31.294448590301975,31.302270889282227,26795000,0.0,0.0
2020-08-27 00:00:00-04:00,31.29444652479078,31.52915427683251,30.754618396647693,31.091033935546875,32034300,0.0,0.0
2020-08-28 00:00:00-04:00,31.16926850466871,32.014216999332994,31.106678179782712,31.834274291992188,33477100,0.0,0.0
2020-08-31 00:00:00-04:00,31.79516056451016,31.85775089674541,31.216214913690592,31.247507095336914,25259600,0.0,0.0
2020-09-01 00:00:00-04:00,31.098860387015208,31.098860387015208,30.551206902802424,30.8485050201416,22464100,0.0,0.0
2020-09-02 00:00:00-04:00,30.692031250023643,31.07538957282646,30.47297105669135,30.660736083984375,26413400,0.0,0.0
2020-09-03 00:00:00-04:00,30.668555241188013,31.3179133921909,30.418199931828987,30.598142623901367,28817200,0.0,0.0
2020-09-04 00:00:00-04:00,30.871977392558517,31.13015806423096,30.238266624765476,30.574682235717773,24632500,0.0,0.0
2020-09-08 00:00:00-04:00,29.925319021291365,30.261734611138106,29.22119267406064,29.870553970336914,38496400,0.0,0.0
2020-09-09 00:00:00-04:00,30.003545894100057,30.38690413224928,29.667130394643788,29.690603256225586,25886100,0.0,0.0
2020-09-10 00:00:00-04:00,29.940963903239872,30.01919883055175,28.869129879817027,28.947364807128906,34381200,0.0,0.0
2020-09-11 00:00:00-04:00,29.04907573542059,29.189901007357907,28.548364983853027,28.86913299560547,26838600,0.0,0.0
2020-09-14 00:00:00-04:00,28.87695245673326,28.95518738479824,28.548362177494905,28.68136215209961,26129900,0.0,0.0
2020-09-15 00:00:00-04:00,28.790888303283516,29.244659180451862,28.329295128168138,28.376237869262695,23724200,0.0,0.0
2020-09-16 00:00:00-04:00,28.524893699548965,29.847086272329957,28.376246119570222,29.581083297729492,30890900,0.0,0.0
2020-09-17 00:00:00-04:00,29.221194253642558,29.714082723347662,28.92389909938249,29.573257446289062,24696200,0.0,0.0
2020-09-18 00:00:00-04:00,29.362013119551296,29.58889857021358,28.712654914431077,29.096010208129883,46853800,0.0,0.0
2020-09-21 00:00:00-04:00,28.501419067382812,28.720479250754867,27.914648160946665,28.501419067382812,35351800,0.0,0.0
2020-09-22 00:00:00-04:00,28.524890827359798,28.82218894185381,27.750354851154253,27.79729461669922,27303200,0.0,0.0
2020-09-23 00:00:00-04:00,27.8911839462986,28.000714060237573,26.8741117809298,26.905406951904297,31251400,0.0,0.0
2020-09-24 00:00:00-04:00,26.91323159105739,27.241821924989257,26.412517820896166,26.85064125061035,26796000,0.0,0.0
2020-09-25 00:00:00-04:00,26.60028337122335,27.335701895900403,26.506400853800443,27.100994110107422,23486000,0.0,0.0
2020-09-28 00:00:00-04:00,27.492178212577375,28.086774528288824,27.460883041335343,27.625181198120117,23396500,0.0,0.0
2020-09-29 00:00:00-04:00,27.38264658764857,27.468706811582354,26.592462956429657,26.819345474243164,20770500,0.0,0.0
2020-09-30 00:00:00-04:00,27.100991441505034,27.320051622078367,26.70198854339345,26.858461380004883,22223700,0.0,0.0
2020-10-01 00:00:00-04:00,26.435988376251792,26.67851846307061,25.770979497348097,25.91963005065918,36890200,0.0,0.0
2020-10-02 00:00:00-04:00,25.23114946152968,26.091745613715847,25.199854296312054,25.80227279663086,32694300,0.0,0.0
2020-10-05 00:00:00-04:00,26.068278268951776,26.404693866602507,25.950922880200494,26.39687156677246,22965200,0.0,0.0
2020-10-06 00:00:00-04:00,26.69416449623243,26.928872269782644,26.060453806093967,26.1230411529541,26731800,0.0,0.0
2020-10-07 00:00:00-04:00,26.318630815937997,26.396868728182703,25.982215254463746,26.2091007232666,23779300,0.0,0.0
2020-10-08 00:00:00-04:00,26.506401235859858,27.648647998462252,26.412515732612277,27.586057662963867,34413700,0.0,0.0
2020-10-09 00:00:00-04:00,27.91464624002946,28.1258841099469,27.10881520567368,27.179227828979492,29228600,0.0,0.0
2020-10-12 00:00:00-04:00,27.022757536104496,27.171405095040768,26.780224480972567,27.093170166015625,17912800,0.0,0.0
2020-10-13 00:00:00-04:00,27.171408588877686,27.28093869738532,26.678520116121717,26.77240562438965,20995100,0.0,0.0
2020-10-14 00:00:00-04:00,26.647229188157734,27.249647797838264,26.62375631774769,26.717641830444336,17743000,0.0,0.0
2020-10-15 00:00:00-04:00,26.365572107739073,26.96016528561758,26.02915656483708,26.952342987060547,23251600,0.0,0.0
2020-10-16 00:00:00-04:00,26.889758120217152,27.100996037797586,26.506402739197263,26.67852020263672,22627200,0.0,0.0
2020-10-19 00:00:00-04:00,26.67851501102819,26.889752887501974,26.123039290192157,26.146509170532227,23645800,0.0,0.0
2020-10-20 00:00:00-04:00,26.3342730025252,26.54551084559673,26.076095406195943,26.365568161010742,23040600,0.0,0.0
2020-10-21 00:00:00-04:00,26.216921375366063,26.302981581193528,25.92744857942268,25.943096160888672,28619300,0.0,0.0
2020-10-22 00:00:00-04:00,25.958746131337755,27.35134818079135,25.833568452560705,27.273113250732422,31831500,0.0,0.0
2020-10-23 00:00:00-04:00,27.359175688937327,27.4452359096821,26.490754166107724,26.725461959838867,27429100,0.0,0.0
2020-10-26 00:00:00-04:00,26.295162886400206,26.42034057081253,25.778804565140444,26.091747283935547,30888700,0.0,0.0
2020-10-27 00:00:00-04:00,25.935279905546107,25.974397376090312,25.58321670170483,25.677099227905273,27100700,0.0,0.0
2020-10-28 00:00:00-04:00,25.113789051751628,25.332852179906638,24.660021184909585,24.699138641357422,42136400,0.0,0.0
2020-10-29 00:00:00-04:00,24.57396616422913,25.919628437560014,24.339258391652432,25.794450759887695,38622800,0.0,0.0
2020-10-30 00:00:00-04:00,25.356330903033708,25.927454322939724,25.04338517333128,25.520626068115234,47885700,0.0,0.0
2020-11-02 00:00:00-05:00,25.92744990869604,26.96016646262993,25.481504259700547,26.592458724975586,40130300,0.0,0.0
2020-11-03 00:00:00-05:00,26.983640617154673,26.983640617154673,25.91962884786128,26.138689041137695,36773000,0.0,0.0
2020-11-04 00:00:00-05:00,26.0291608451964,26.70981434148733,25.450212169226884,25.997865676879883,35410100,0.0,0.0
2020-11-05 00:00:00-05:00,26.10739294509163,26.53769101704393,25.927450223528712,25.95092010498047,30824100,0.0,0.0
2020-11-06 00:00:00-05:00,25.896156912501613,26.334280299283602,25.52062386003337,25.645801544189453,33985600,0.0,0.0
2020-11-09 00:00:00-05:00,28.493596987985157,29.7375515688864,28.211949428181434,28.892602920532227,76879400,0.0,0.0
2020-11-10 00:00:00-05:00,29.685828049913667,29.99029894327791,28.828504767643825,29.533594131469727,49055400,0.87,0.0
2020-11-11 00:00:00-05:00,29.71787328838356,29.741909414516837,28.99675893962681,29.22911834716797,34124500,0.0,0.0
2020-11-12 00:00:00-05:00,28.732351516335303,29.07688357741049,27.939125756621877,28.227571487426758,30933700,0.0,0.0
2020-11-13 00:00:00-05:00,28.363785262523756,29.04483535162668,28.347760159000913,28.908626556396484,29241500,0.0,0.0
2020-11-16 00:00:00-05:00,30.118484957187878,30.583200611881942,29.725877664769897,30.5751895904541,38596800,0.0,0.0
2020-11-17 00:00:00-05:00,30.29476646585771,31.015877798567537,29.95023437507736,30.983827590942383,26521100,0.0,0.0
2020-11-18 00:00:00-05:00,31.26426784441646,31.352404402713095,29.806016761171808,29.814027786254883,31068000,0.0,0.0
2020-11-19 00:00:00-05:00,29.53359789528704,30.046389113792824,29.293227393672048,29.966266632080078,26954400,0.0,0.0
2020-11-20 00:00:00-05:00,29.926201452675006,29.974276774171692,29.46949659612483,29.597694396972656,18351000,0.0,0.0
2020-11-23 00:00:00-05:00,30.046377501117465,31.592764641026356,29.87010444170539,31.536678314208984,29367600,0.0,0.0
2020-11-24 00:00:00-05:00,32.45810236984613,33.71604699449398,32.225746013990694,33.635921478271484,46979300,0.0,0.0
2020-11-25 00:00:00-05:00,33.38754375425165,33.41959396726018,32.570284717870194,32.698482513427734,28178200,0.0,0.0
2020-11-27 00:00:00-05:00,32.61034613897313,32.80264130515074,31.945317969457193,32.20171356201172,14971900,0.0,0.0
2020-11-30 00:00:00-05:00,31.88923080776304,31.953331232497998,30.422968741430388,30.551166534423828,45614300,0.0,0.0
2020-12-01 00:00:00-05:00,31.216186313041753,31.769041684539324,30.823581976084306,30.847618103027344,32472900,0.0,0.0
2020-12-02 00:00:00-05:00,30.759479770382402,32.385989470263254,30.719418542319104,32.00139617919922,29369500,0.0,0.0
2020-12-03 00:00:00-05:00,32.10556261260579,32.562267404987125,31.833141942020752,32.217735290527344,27038900,0.0,0.0
2020-12-04 00:00:00-05:00,32.66642441485546,33.45964712823754,32.57027685551614,33.39554977416992,28723600,0.0,0.0
2020-12-07 00:00:00-05:00,33.18722838751333,33.28337900880748,32.58630075856677,32.77058792114258,24899400,0.0,0.0
2020-12-08 00:00:00-05:00,32.474139554140805,34.12468912465167,32.40202809095157,33.84425735473633,32573800,0.0,0.0
2020-12-09 00:00:00-05:00,34.22083059684005,35.038092681177574,33.95642398346772,34.29294204711914,37824800,0.0,0.0
2020-12-10 00:00:00-05:00,34.61343595650805,35.63100722348012,34.260889751476775,35.26243591308594,38058700,0.0,0.0
2020-12-11 00:00:00-05:00,35.014047162969874,35.19833125172792,34.62143980415442,35.09416961669922,25478800,0.0,0.0
2020-12-14 00:00:00-05:00,35.526837606402104,35.62298516055954,33.79616634919002,33.828216552734375,30595000,0.0,0.0
2020-12-15 00:00:00-05:00,34.004496906258716,34.629463839637815,33.7000290493699,34.4852409362793,27138400,0.0,0.0
2020-12-16 00:00:00-05:00,35.05411457866408,35.342560353376136,34.421136690432185,35.01405334472656,34273000,0.0,0.0
2020-12-17 00:00:00-05:00,35.254419692681736,35.28646989868384,34.7736788285537,34.83777618408203,21204600,0.0,0.0
2020-12-18 00:00:00-05:00,34.66951937745908,35.07814883213464,33.988466211031735,34.23685073852539,46596800,0.0,0.0
2020-12-21 00:00:00-05:00,32.93884976084733,33.71605053930058,32.474130887325444,33.61188888549805,27869500,0.0,0.0
2020-12-22 00:00:00-05:00,33.315431376720404,33.57182693718249,33.03499663113763,33.04301071166992,21792900,0.0,0.0
2020-12-23 00:00:00-05:00,33.25934331446015,33.96443266220781,33.219282079622786,33.46766662597656,19085900,0.0,0.0
2020-12-24 00:00:00-05:00,33.37150806474509,33.53175295133991,33.155173800071736,33.331443786621094,8039000,0.0,0.0
2020-12-28 00:00:00-05:00,33.40356211739767,34.09262627559301,33.26735332432348,33.443626403808594,23877500,0.0,0.0
2020-12-29 00:00:00-05:00,33.68399989685356,33.74809725927147,33.010960780846375,33.067047119140625,20287700,0.0,0.0
2020-12-30 00:00:00-05:00,33.11511257842303,33.98845760238079,33.06703727855941,33.331443786621094,23807300,0.0,0.0
2020-12-31 00:00:00-05:00,33.227298226271,33.39555725693467,32.8266797400376,33.0269889831543,22786500,0.0,0.0
2021-01-04 00:00:00-05:00,33.21127009566583,33.852259003972435,32.85071287959455,33.2513313293457,27764700,0.0,0.0
2021-01-05 00:00:00-05:00,33.52374138791769,35.89540112631271,33.51573036630751,34.85379409790039,44035100,0.0,0.0
2021-01-06 00:00:00-05:00,35.58291993396694,36.135772128812505,35.014042639150816,35.743167877197266,36484800,0.0,0.0
2021-01-07 00:00:00-05:00,36.05565555183551,36.512360277640695,35.67907328244409,36.02360534667969,29528100,0.0,0.0
2021-01-08 00:00:00-05:00,36.21590841947554,36.71267444067707,36.01559919487278,36.42422866821289,28628200,0.0,0.0
2021-01-11 00:00:00-05:00,36.08770088401637,37.77029669330834,35.85534151272618,37.52992630004883,38246200,0.0,0.0
2021-01-12 00:00:00-05:00,38.02669915741459,38.59557657225034,37.58601951291474,38.36322021484375,36915100,0.0,0.0
2021-01-13 00:00:00-05:00,38.88401588963428,39.02823873947247,38.210976942547866,38.79587936401367,29000300,0.0,0.0
2021-01-14 00:00:00-05:00,38.859982985131325,40.927175299696124,38.859982985131325,40.31022262573242,35474800,0.0,0.0
2021-01-15 00:00:00-05:00,39.188489111835146,39.3247009479781,37.890486439551154,38.3712272644043,42411300,0.0,0.0
2021-01-19 00:00:00-05:00,38.81992625750328,39.613149032765165,38.73980073807337,39.132408142089844,24932600,0.0,0.0
2021-01-20 00:00:00-05:00,39.348738975627924,39.85351900567353,39.25259141730164,39.68525695800781,22342400,0.0,0.0
2021-01-21 00:00:00-05:00,39.52501433685498,39.573086590566135,38.20297234323112,38.54750442504883,29044500,0.0,0.0
2021-01-22 00:00:00-05:00,37.666145385473165,38.17092548910832,37.36968858780386,38.00266647338867,23264800,0.0,0.0
2021-01-25 00:00:00-05:00,37.577999114990234,37.6981827754305,36.98508266480265,37.577999114990234,26395800,0.0,0.0
2021-01-26 00:00:00-05:00,37.86644606085302,38.347189926973236,36.73670240736003,36.75272750854492,23976800,0.0,0.0
2021-01-27 00:00:00-05:00,36.05565462646668,37.38570754153954,35.67907236674024,36.33608627319336,32410300,0.0,0.0
2021-01-28 00:00:00-05:00,36.80881383989791,37.32961893081961,36.60850465977041,36.904964447021484,24967200,0.0,0.0
2021-01-29 00:00:00-05:00,36.49634100981666,36.888948444553044,35.66305388140052,35.92746353149414,38961100,0.0,0.0
2021-02-01 00:00:00-05:00,36.5203734629492,36.5203734629492,35.48677729555048,35.991554260253906,24412400,0.0,0.0
2021-02-02 00:00:00-05:00,36.7046667776125,37.65012664883203,36.280009104164634,36.56044387817383,31940400,0.0,0.0
2021-02-03 00:00:00-05:00,36.560436415904455,38.19495718179687,36.39217436325194,37.99464797973633,28459300,0.0,0.0
2021-02-04 00:00:00-05:00,38.363216804136,38.763835182877884,37.85843679110804,38.72377395629883,25280300,0.0,0.0
2021-02-05 00:00:00-05:00,39.404825414157536,40.157986893319155,39.292652753056416,40.02177810668945,34980100,0.0,0.0
2021-02-08 00:00:00-05:00,40.798978454989694,41.95276146156287,40.63071945202311,41.74443817138672,36998700,0.0,0.0
2021-02-09 00:00:00-05:00,41.28812269185354,41.52442807598085,40.554765335144,41.255531311035156,28977000,0.87,0.0
2021-02-10 00:00:00-05:00,41.255536381992854,41.89926052671718,41.05997253113681,41.654808044433594,25723800,0.0,0.0
2021-02-11 00:00:00-05:00,41.467390116559606,41.49998460642178,39.74806963110044,40.6118049621582,26972200,0.0,0.0
2021-02-12 00:00:00-05:00,40.277717757202055,41.320716528065596,40.26142051285962,41.165897369384766,19756700,0.0,0.0
2021-02-16 00:00:00-05:00,42.339268119330114,42.80372867230019,42.06222120103381,42.404457092285156,28060100,0.0,0.0
2021-02-17 00:00:00-05:00,42.657061836656354,43.40671957591089,42.208898471818756,43.064483642578125,25509700,0.0,0.0
2021-02-18 00:00:00-05:00,43.03188396615996,43.13781137724749,42.25778206243894,42.38815689086914,20627600,0.0,0.0
2021-02-19 00:00:00-05:00,42.46150853817976,42.82818884932804,42.30668623548257,42.67336654663086,22607200,0.0,0.0
2021-02-22 00:00:00-05:00,42.852624228627825,44.661577980707335,42.852624228627825,44.24600601196289,36435100,0.0,0.0
2021-02-23 00:00:00-05:00,44.800100784035905,45.028255997501674,43.78969646007463,44.857139587402344,33527900,0.0,0.0
2021-02-24 00:00:00-05:00,44.97121785772202,46.446085915458376,44.710468150375945,46.20163345336914,28728600,0.0,0.0
2021-02-25 00:00:00-05:00,46.42979063343463,46.64979879113225,45.101594618466834,45.4356803894043,29670900,0.0,0.0
2021-02-26 00:00:00-05:00,44.33564548880838,44.86529513592049,43.284496372259014,44.30305099487305,35291000,0.0,0.0
2021-03-01 00:00:00-05:00,46.01421500676814,46.943136131063,45.73716808299762,45.957176208496094,36998300,0.0,0.0
2021-03-02 00:00:00-05:00,46.16089280961285,46.41349234514774,45.64754045318045,45.68828201293945,30302600,0.0,0.0
2021-03-03 00:00:00-05:00,45.973472122548976,47.22833194985158,45.533458962907766,46.05495834350586,35358900,0.0,0.0
2021-03-04 00:00:00-05:00,46.54387209418939,48.4587566879767,46.527574846896236,47.839473724365234,52137500,0.0,0.0
2021-03-05 00:00:00-05:00,48.75209924431333,49.74620642791918,48.165410795483524,49.6484260559082,51429800,0.0,0.0
2021-03-08 00:00:00-05:00,50.1780705871152,50.202514900533956,48.74394410450263,49.59952926635742,38154600,0.0,0.0
2021-03-09 00:00:00-05:00,49.387666229800445,50.023243180528716,48.45874511461871,48.83357238769531,35645900,0.0,0.0
2021-03-10 00:00:00-05:00,49.314346269149404,50.4551257037664,48.915071446584925,50.33290100097656,31579100,0.0,0.0
2021-03-11 00:00:00-05:00,50.34103174482741,50.96846162915435,49.91731274079955,49.95805740356445,24802600,0.0,0.0
2021-03-12 00:00:00-05:00,50.15362889926608,50.821800481743736,50.11288733611637,50.49586486816406,20422700,0.0,0.0
2021-03-15 00:00:00-04:00,50.10473048248854,50.4062217209802,48.784681713863954,49.20840072631836,31243600,0.0,0.0
2021-03-16 00:00:00-04:00,48.51579595194857,48.613576328237656,47.619465992755195,48.16541290283203,30624800,0.0,0.0
2021-03-17 00:00:00-04:00,47.823168236517255,48.670606299444074,47.76612943501079,48.377262115478516,25575500,0.0,0.0
2021-03-18 00:00:00-04:00,47.92095069390456,48.05132553865588,46.05495820284128,46.291263580322266,38622800,0.0,0.0
2021-03-19 00:00:00-04:00,46.20977723172625,46.829060073867254,45.47641989767272,46.030513763427734,84439400,0.0,0.0
2021-03-22 00:00:00-04:00,46.03866496921394,46.33200917255355,45.54976003590242,45.55790710449219,29315100,0.0,0.0
2021-03-23 00:00:00-04:00,44.76750817248511,45.86754894438583,44.368236532166236,44.99566650390625,33493300,0.0,0.0
2021-03-24 00:00:00-04:00,45.696444275322634,46.67425440166861,45.696444275322634,45.908302307128906,29781800,0.0,0.0
2021-03-25 00:00:00-04:00,44.98751662892259,46.03866567078036,44.40897839039875,45.777915954589844,31495900,0.0,0.0
2021-03-26 00:00:00-04:00,46.6905419035065,47.081666494062404,46.054964832400884,47.024627685546875,34226500,0.0,0.0
2021-03-29 00:00:00-04:00,46.72313432471692,47.11425889792986,46.2342293852962,46.77202606201172,21144400,0.0,0.0
2021-03-30 00:00:00-04:00,46.33200264417651,46.73942440065589,46.03051141472854,46.193477630615234,20303400,0.0,0.0
2021-03-31 00:00:00-04:00,45.916433661502026,46.14459197348645,45.46827032226138,45.49271774291992,23686500,0.0,0.0
2021-04-01 00:00:00-04:00,45.89199538772518,46.812769608021114,45.745323278000804,46.763877868652344,23194500,0.0,0.0
2021-04-05 00:00:00-04:00,46.69054393209718,46.70684117929283,45.74532535342413,46.03866958618164,23264800,0.0,0.0
2021-04-06 00:00:00-04:00,46.31572422923392,46.88611554185747,45.84311330756846,45.908302307128906,18926300,0.0,0.0
2021-04-07 00:00:00-04:00,45.94903777224908,46.25867926225284,45.82681307688756,46.11200714111328,22385000,0.0,0.0
2021-04-08 00:00:00-04:00,45.57419823241227,45.69642600352381,45.077143188851295,45.6312370300293,21999300,0.0,0.0
2021-04-09 00:00:00-04:00,45.63124487700896,45.98977496773941,45.24826736282329,45.52531433105469,20020700,0.0,0.0
2021-04-12 00:00:00-04:00,46.25051739814834,46.274964817749286,45.06899676627589,45.22381591796875,20238800,0.0,0.0
2021-04-13 00:00:00-04:00,45.060861220545014,45.61495524955395,44.88974476968759,45.39494705200195,19370600,0.0,0.0
2021-04-14 00:00:00-04:00,45.96533287438015,47.26908154767235,45.834958007050936,46.70684051513672,28051100,0.0,0.0
2021-04-15 00:00:00-04:00,46.78832058143676,46.78832058143676,46.26682114622797,46.42979049682617,23250300,0.0,0.0
2021-04-16 00:00:00-04:00,46.739435713433366,47.000185452021334,45.9897778837064,46.169044494628906,22752000,0.0,0.0
2021-04-19 00:00:00-04:00,46.24237754521122,46.56016607417202,45.59865031002394,46.022369384765625,21123300,0.0,0.0
2021-04-20 00:00:00-04:00,46.014215667957274,46.014215667957274,44.63712809690669,45.05270004272461,21782100,0.0,0.0
2021-04-21 00:00:00-04:00,44.40897175243923,45.737167557767215,44.246002427084285,45.6312370300293,16625600,0.0,0.0
2021-04-22 00:00:00-04:00,45.623088145872586,45.623088145872586,44.83268896982179,45.036399841308594,21600100,0.0,0.0
2021-04-23 00:00:00-04:00,45.03640463604842,45.58234833773323,44.963068590170295,45.28085708618164,15337900,0.0,0.0
2021-04-26 00:00:00-04:00,45.199374621120484,45.86754611165456,45.174927199889126,45.37049102783203,16083800,0.0,0.0
2021-04-27 00:00:00-04:00,45.63938952706718,46.14459480660796,45.476423290706116,45.965328216552734,19278600,0.0,0.0
2021-04-28 00:00:00-04:00,46.37274635197686,47.6357532340483,46.27496599622707,47.35055923461914,24729800,0.0,0.0
2021-04-29 00:00:00-04:00,48.010592552919405,48.46690617474027,47.383165596941296,48.02688980102539,27318400,0.0,0.0
2021-04-30 00:00:00-04:00,47.529826954966694,47.98613736504102,46.57645836120997,46.64164733886719,30518400,0.0,0.0
2021-05-03 00:00:00-04:00,47.24463505231476,48.06762888993124,47.04907431453196,47.92910385131836,20509600,0.0,0.0
2021-05-04 00:00:00-04:00,48.07577926262461,48.48320112078245,47.676504473941804,48.23059844970703,23522200,0.0,0.0
2021-05-05 00:00:00-04:00,48.70320955756037,49.74620852533802,48.401718251258785,49.68102264404297,31526200,0.0,0.0
2021-05-06 00:00:00-04:00,49.591380723003795,50.226957720040666,48.91505906030532,50.153621673583984,26836800,0.0,0.0
2021-05-07 00:00:00-04:00,49.76250152913846,50.90328388414885,49.58323493119578,50.870689392089844,33610600,0.0,0.0
2021-05-10 00:00:00-04:00,51.5307127812765,52.1662867127255,50.952171438772766,50.992916107177734,31956600,0.0,0.0
2021-05-11 00:00:00-04:00,50.21881028501211,50.83809003293587,49.20840288658944,49.37137222290039,34563800,0.0,0.0
2021-05-12 00:00:00-04:00,49.61111409491202,50.991728346978945,49.39616980637933,49.63591766357422,34426500,0.87,0.0
2021-05-13 00:00:00-04:00,48.7761410174589,49.97487731726496,48.5694624538256,49.02415466308594,24268200,0.0,0.0
2021-05-14 00:00:00-04:00,49.544985558772424,50.33036473182397,49.544985558772424,50.23942565917969,20735400,0.0,0.0
2021-05-17 00:00:00-04:00,50.04928390844889,51.46296458845709,49.95834483189899,51.413360595703125,25282500,0.0,0.0
2021-05-18 00:00:00-04:00,51.25628074151705,51.50429437243667,49.933539274169476,49.95833969116211,25170800,0.0,0.0
2021-05-19 00:00:00-04:00,48.85880641084907,49.48711094899853,48.29664052036347,48.75960159301758,28889800,0.0,0.0
2021-05-20 00:00:00-04:00,48.734806566438166,48.90015005021844,48.1478401949996,48.64386749267578,20692500,0.0,0.0
2021-05-21 00:00:00-04:00,49.12335618391454,49.4623120329747,48.65212934284394,48.709999084472656,20792700,0.0,0.0
2021-05-24 00:00:00-04:00,48.84227614073002,49.43750821647215,48.51985495569191,49.280433654785156,18400300,0.0,0.0
2021-05-25 00:00:00-04:00,49.18949466652794,49.22256399125044,48.048628192916894,48.16436767578125,25616100,0.0,0.0
2021-05-26 00:00:00-04:00,48.156107881246285,48.87534843781988,47.86675913827552,48.726539611816406,21698700,0.0,0.0
2021-05-27 00:00:00-04:00,48.96627716761825,49.35483381492426,47.96595383483479,48.41238021850586,33556000,0.0,0.0
2021-05-28 00:00:00-04:00,48.55292769422314,48.61079743963279,48.040365740452856,48.25531005859375,19246800,0.0,0.0
2021-06-01 00:00:00-04:00,49.148162846982466,50.18155566061261,49.148162846982466,49.9831428527832,28474200,0.0,0.0
2021-06-02 00:00:00-04:00,50.22289596186054,50.68585712579953,49.74340013274534,50.37997055053711,22978300,0.0,0.0
2021-06-03 00:00:00-04:00,50.05755724909838,50.76853215131744,49.892213735194964,50.57838821411133,20272800,0.0,0.0
2021-06-04 00:00:00-04:00,50.80985572049192,51.008268522919934,50.24768979288778,50.80158996582031,20427800,0.0,0.0
2021-06-07 00:00:00-04:00,50.702383610712715,51.03306739988993,50.44610107232724,50.47090148925781,15477900,0.0,0.0
2021-06-08 00:00:00-04:00,50.84293099401258,51.65311065417658,50.156756590415554,51.36376190185547,28953400,0.0,0.0
2021-06-09 00:00:00-04:00,51.81017927548696,52.43021494792887,51.41335682356388,51.79364776611328,29133000,0.0,0.0
2021-06-10 00:00:00-04:00,52.58729078742468,52.893174158519855,51.46295897039285,51.87631607055664,27488700,0.0,0.0
2021-06-11 00:00:00-04:00,52.09125625313397,52.24006504971109,51.372015838787306,51.39681625366211,17631700,0.0,0.0
2021-06-14 00:00:00-04:00,51.50429565748736,51.901118107592495,50.90079465084843,51.314151763916016,16997200,0.0,0.0
2021-06-15 00:00:00-04:00,51.65310618805766,53.240399194923484,51.5456324520603,53.18252944946289,30717100,0.0,0.0
2021-06-16 00:00:00-04:00,53.17426402113195,53.571089664069106,52.54596253486692,52.99238586425781,24803200,0.0,0.0
2021-06-17 00:00:00-04:00,52.79397108003453,53.2899983551373,50.65278110436695,51.248016357421875,28491800,0.0,0.0
2021-06-18 00:00:00-04:00,50.42957146929883,50.884263696075955,49.80126999926103,49.93354415893555,39590700,0.0,0.0
2021-06-21 00:00:00-04:00,50.37169600925153,51.834980508646716,50.346895592645225,51.744041442871094,33145400,0.0,0.0
2021-06-22 00:00:00-04:00,51.95898212322266,52.91797354733911,51.44642024254924,52.7360954284668,25140400,0.0,0.0
2021-06-23 00:00:00-04:00,52.951055055217616,53.48841432076655,52.56249831317719,53.124664306640625,20701600,0.0,0.0
2021-06-24 00:00:00-04:00,53.03371558662433,53.37266511855648,52.75263264098354,53.339595794677734,19568400,0.0,0.0
2021-06-25 00:00:00-04:00,53.41400691936578,53.67855522074433,53.20732836180975,53.455345153808594,18438300,0.0,0.0
2021-06-28 00:00:00-04:00,53.37266925723778,53.37266925723778,51.87631850283208,52.09126281738281,20570000,0.0,0.0
2021-06-29 00:00:00-04:00,52.25660613015387,52.71956723789422,51.74404418657085,51.76884460449219,19579300,0.0,0.0
2021-06-30 00:00:00-04:00,51.8349946716294,52.27315230426953,51.62831606700063,52.149147033691406,17875500,0.0,0.0
2021-07-01 00:00:00-04:00,53.18252640260898,53.256927653654735,51.89285110552069,52.29793930053711,22530300,0.0,0.0
2021-07-02 00:00:00-04:00,52.0912709018266,52.34755349103787,51.60350929891806,52.22354507446289,14555300,0.0,0.0
2021-07-06 00:00:00-04:00,51.876321150523154,51.884586905723516,50.34690099161505,50.73545455932617,22110800,0.0,0.0
2021-07-07 00:00:00-04:00,50.57837326906575,51.09920408018209,49.28869802609435,49.941802978515625,21671400,0.0,0.0
2021-07-08 00:00:00-04:00,49.148158139546496,50.18981660830267,49.03241866009184,49.718589782714844,18935900,0.0,0.0
2021-07-09 00:00:00-04:00,50.181555289027806,50.80159097261465,49.80126749330737,50.619712829589844,20086000,0.0,0.0
2021-07-12 00:00:00-04:00,49.95007085136842,50.84292370829745,49.73512654525463,50.570106506347656,21809400,0.0,0.0
2021-07-13 00:00:00-04:00,50.42956523166672,50.85118807795851,50.02447389383283,50.330360412597656,17147300,0.0,0.0
2021-07-14 00:00:00-04:00,50.57010519267513,51.0330662716857,49.07375453587488,49.21429443359375,21573600,0.0,0.0
2021-07-15 00:00:00-04:00,48.91667722383064,49.35483789005509,48.58599343924988,48.73480224609375,15851100,0.0,0.0
2021-07-16 00:00:00-04:00,48.92495731964551,48.99109283021936,47.24672813539615,47.38726806640625,27049500,0.0,0.0
2021-07-19 00:00:00-04:00,45.998388219623024,46.46134941399274,45.13860449593574,45.75864028930664,37969100,0.0,0.0
2021-07-20 00:00:00-04:00,45.88264021637159,46.79202461685188,45.494083515276515,46.2629280090332,26756100,0.0,0.0
2021-07-21 00:00:00-04:00,47.0069775160814,48.19744502122198,46.98217709524459,47.75101852416992,20908700,0.0,0.0
2021-07-22 00:00:00-04:00,47.72620782854973,47.73447673615843,46.841623934272995,47.213645935058594,13493800,0.0,0.0
2021-07-23 00:00:00-04:00,47.36246318271399,47.36246318271399,46.684557706447485,47.155784606933594,14088200,0.0,0.0
2021-07-26 00:00:00-04:00,47.254993533745605,48.486799339714416,47.1227193599345,48.346256256103516,18387600,0.0,0.0
2021-07-27 00:00:00-04:00,47.95768166837785,47.95768166837785,47.296311045106286,47.808876037597656,16861400,0.0,0.0
2021-07-28 00:00:00-04:00,47.949423746155816,48.470254576769406,47.63527146617221,48.13130187988281,16855300,0.0,0.0
2021-07-29 00:00:00-04:00,48.77613909138353,49.04895629836547,48.41238596907208,48.71826934814453,18607800,0.0,0.0
2021-07-30 00:00:00-04:00,48.676937574423924,48.676937574423924,47.38726216535157,47.59394073486328,28652800,0.0,0.0
2021-08-02 00:00:00-04:00,47.577422675834136,48.82576343741985,47.453417383046904,47.60222625732422,20873800,0.0,0.0
2021-08-03 00:00:00-04:00,47.59393058541111,48.28837055702704,47.064834064877836,48.11476135253906,18208200,0.0,0.0
2021-08-04 00:00:00-04:00,47.27979294686639,47.850227871606606,46.9656437618096,46.99044418334961,20868300,0.0,0.0
2021-08-05 00:00:00-04:00,47.2301856750954,47.70141254220499,46.98217203245844,47.288055419921875,15180200,0.0,0.0
2021-08-06 00:00:00-04:00,47.668339546994666,48.00729223503449,47.56086582044613,47.833683013916016,14888500,0.0,0.0
2021-08-09 00:00:00-04:00,47.2301856750954,47.5526037258899,46.98217203245844,47.288055419921875,17828200,0.0,0.0
2021-08-10 00:00:00-04:00,47.469935242783045,48.24704873014895,47.370730406359804,48.09823989868164,16340200,0.0,0.0
2021-08-11 00:00:00-04:00,48.10649919724918,48.362781740079924,47.717945659384824,48.238773345947266,18278600,0.0,0.0
2021-08-12 00:00:00-04:00,48.17164455640173,48.498942665738674,47.72685194502269,48.12968063354492,19225500,0.87,0.0
2021-08-13 00:00:00-04:00,47.86111907871165,47.894688930058145,47.248483697925685,47.642921447753906,20063000,0.0,0.0
2021-08-16 00:00:00-04:00,47.01350506474135,47.07225070880163,46.38408470575474,46.94636535644531,16959500,0.0,0.0
2021-08-17 00:00:00-04:00,46.5770980782948,47.24847903193679,46.15748458209395,46.6274528503418,16243700,0.0,0.0
2021-08-18 00:00:00-04:00,46.50996798923502,46.83726927305177,45.57842852442566,45.645565032958984,21890500,0.0,0.0
2021-08-19 00:00:00-04:00,44.87347856052464,45.074891291936055,43.723735013243676,44.25244903564453,30923500,0.0,0.0
2021-08-20 00:00:00-04:00,43.8663998033558,44.59652646569221,43.73212359877212,44.26083755493164,16918300,0.0,0.0
2021-08-23 00:00:00-04:00,45.27631278741924,46.207855588490474,45.27631278741924,46.08197021484375,21632600,0.0,0.0
2021-08-24 00:00:00-04:00,46.4008757776035,46.87084099232233,46.16588996884617,46.45962142944336,17915600,0.0,0.0
2021-08-25 00:00:00-04:00,46.35890554360638,46.803694873821556,46.04838921742101,46.54353332519531,13270300,0.0,0.0
2021-08-26 00:00:00-04:00,46.325342460448674,46.61067983884621,45.84698320863484,45.914119720458984,11842600,0.0,0.0
2021-08-27 00:00:00-04:00,46.493182548582894,47.17295444963625,46.493182548582894,46.80369567871094,15822500,0.0,0.0
2021-08-30 00:00:00-04:00,47.198133933106945,47.282055363295676,46.25819726772689,46.29176712036133,14086100,0.0,0.0
2021-08-31 00:00:00-04:00,46.09874838400995,46.41765560278615,45.704310592402486,45.75466537475586,27104100,0.0,0.0
2021-09-01 00:00:00-04:00,45.72949257752353,45.956081109451226,44.98257766334795,45.125247955322266,21644100,0.0,0.0
2021-09-02 00:00:00-04:00,45.561649576291146,46.69460511818065,45.544864646605625,46.224639892578125,23293300,0.0,0.0
2021-09-03 00:00:00-04:00,46.258192374794184,46.42603841881519,45.82179394089838,46.04838562011719,13840000,0.0,0.0
2021-09-07 00:00:00-04:00,45.88055256577198,46.38409084039646,45.7127096756284,45.77984619140625,14354400,0.0,0.0
2021-09-08 00:00:00-04:00,45.98125902842554,46.30855712400324,45.32665963587243,45.3602294921875,18756700,0.0,0.0
2021-09-09 00:00:00-04:00,44.999364805989266,46.15749932172581,44.7308123387747,45.393802642822266,19110800,0.0,0.0
2021-09-10 00:00:00-04:00,46.31694728187737,46.3505171376811,45.2763073631429,45.301483154296875,15123700,0.0,0.0
2021-09-13 00:00:00-04:00,45.86376476643039,46.937974487855385,45.83858577512372,46.4680061340332,22052300,0.0,0.0
2021-09-14 00:00:00-04:00,46.736558825886334,46.8036985345498,45.662349098451,45.80501937866211,19940300,0.0,0.0
2021-09-15 00:00:00-04:00,46.46800946238492,47.44151289250456,46.417657878960036,47.34919738769531,23240900,0.0,0.0
2021-09-16 00:00:00-04:00,47.38276219053027,47.38276219053027,46.57710492768408,46.84565734863281,17907200,0.0,0.0
2021-09-17 00:00:00-04:00,46.44282825581893,47.62613834930525,46.24141234140968,46.29176712036133,30000400,0.0,0.0
2021-09-20 00:00:00-04:00,45.133643684061475,45.46094182256888,44.445477546328455,45.05811309814453,27555100,0.0,0.0
2021-09-21 00:00:00-04:00,45.62878310056938,45.74627439926305,44.68884950962222,45.01614761352539,19696800,0.0,0.0
2021-09-22 00:00:00-04:00,45.67914017901639,46.92119614402922,45.628785390735544,46.333736419677734,25690600,0.0,0.0
2021-09-23 00:00:00-04:00,46.50996746323428,48.037363832912426,46.39247617358155,47.9030876159668,23069400,0.0,0.0
2021-09-24 00:00:00-04:00,47.58418492135552,48.52411852928168,47.56739999246783,48.33109664916992,22328600,0.0,0.0
2021-09-27 00:00:00-04:00,49.388525206724026,50.18579178010337,49.36334941223142,49.766178131103516,32972200,0.0,0.0
2021-09-28 00:00:00-04:00,50.26971348099527,50.756463620546384,49.94241216480652,50.286495208740234,37619300,0.0,0.0
2021-09-29 00:00:00-04:00,50.21935601630668,50.513084257152805,49.55636575679947,50.252925872802734,23422800,0.0,0.0
2021-09-30 00:00:00-04:00,50.45434477277271,50.496305497820074,49.354959050100554,49.36334991455078,31289600,0.0,0.0
2021-10-01 00:00:00-04:00,49.85848387006236,51.18446427758025,49.85848387006236,51.13410949707031,24407300,0.0,0.0
2021-10-04 00:00:00-04:00,51.46141172080123,52.09083212169302,51.150898552752636,51.79710388183594,33946700,0.0,0.0
2021-10-05 00:00:00-04:00,52.46848632262506,52.619547478751635,51.20964548916879,51.71318054199219,29641600,0.0,0.0
2021-10-06 00:00:00-04:00,50.748069503085624,51.293565258964634,50.14382489827422,50.764854431152344,25284900,0.0,0.0
2021-10-07 00:00:00-04:00,50.865551952623925,51.259989690104966,50.47111421514289,50.90751266479492,19513600,0.0,0.0
2021-10-08 00:00:00-04:00,51.4026658801282,52.38456016516751,51.4026658801282,52.18314743041992,22186900,0.0,0.0
2021-10-11 00:00:00-04:00,52.8964805085704,52.92165949729249,51.612464132644384,51.662818908691406,22121500,0.0,0.0
2021-10-12 00:00:00-04:00,51.671218979405175,52.01530200688869,51.066974364742336,51.3942756652832,20198600,0.0,0.0
2021-10-13 00:00:00-04:00,51.00823312238406,51.52016227609454,50.52987382825415,51.251609802246094,14991700,0.0,0.0
2021-10-14 00:00:00-04:00,51.78871256380995,52.21672025189975,51.33552908279648,52.03208923339844,18594500,0.0,0.0
2021-10-15 00:00:00-04:00,52.64472060202447,52.93005797119795,52.40134395155935,52.52722930908203,16092600,0.0,0.0
2021-10-18 00:00:00-04:00,52.946833983664106,52.98879469530703,52.2586680682495,52.502044677734375,18282800,0.0,0.0
2021-10-19 00:00:00-04:00,52.76221007090538,53.3832395710711,52.594364000477015,53.290924072265625,18933200,0.0,0.0
2021-10-20 00:00:00-04:00,52.77900217055111,53.601444505879606,52.63633507220747,53.584659576416016,14305200,0.0,0.0
2021-10-21 00:00:00-04:00,53.26574818759692,53.40841526629929,52.32581147542626,52.611148834228516,16564600,0.0,0.0
2021-10-22 00:00:00-04:00,52.678287166851845,53.055940014431116,52.32581010864538,52.972015380859375,14266800,0.0,0.0
2021-10-25 00:00:00-04:00,53.47556159644682,54.063018112547574,53.35807029322667,54.0042724609375,17939800,0.0,0.0
2021-10-26 00:00:00-04:00,54.12175580648416,55.33863898633657,54.01265858461941,55.25471115112305,25585100,0.0,0.0
2021-10-27 00:00:00-04:00,54.68404668116873,54.75957405479912,53.69375514113569,53.819637298583984,21764500,0.0,0.0
2021-10-28 00:00:00-04:00,53.559483559748195,54.10498256014925,53.40003153260537,53.970703125,16626400,0.0,0.0
2021-10-29 00:00:00-04:00,54.591729949141,54.85188832284896,53.98748536252042,54.104976654052734,23966300,0.0,0.0
2021-11-01 00:00:00-04:00,54.60850322931153,55.4561243323794,54.566539316199524,55.078468322753906,19656400,0.0,0.0
2021-11-02 00:00:00-04:00,54.574941464959956,54.927415337262694,54.264431511986416,54.398704528808594,16300000,0.0,0.0
2021-11-03 00:00:00-04:00,53.74410993658107,54.088189754519455,53.425202708460596,53.65179443359375,17372800,0.0,0.0
2021-11-04 00:00:00-04:00,54.28121498926425,54.45745193110138,53.56787315722005,54.05462646484375,17720100,0.0,0.0
2021-11-05 00:00:00-04:00,54.59173340352805,54.82671600146161,54.18050745434873,54.566551208496094,18565100,0.0,0.0
2021-11-08 00:00:00-05:00,55.0113436901245,55.70789737681594,54.868670204748724,55.15401077270508,17696000,0.0,0.0
2021-11-09 00:00:00-05:00,55.19598030831029,55.69952184343071,54.80993649343547,55.69112777709961,18781300,0.0,0.0
2021-11-10 00:00:00-05:00,55.55503273974548,55.83570118147959,54.23674953760544,54.593963623046875,20177200,0.88,0.0
2021-11-11 00:00:00-05:00,54.59396169022662,55.13828480646468,54.44937079306699,54.69601821899414,13319300,0.0,0.0
2021-11-12 00:00:00-05:00,54.39834426674514,54.747054721424725,54.075154433916225,54.279273986816406,18158900,0.0,0.0
2021-11-15 00:00:00-05:00,54.22824280551775,55.08725214766152,53.76897218649392,54.74705505371094,18849200,0.0,0.0
2021-11-16 00:00:00-05:00,54.72154436179307,55.59757085533119,54.72154436179307,55.299888610839844,17028700,0.0,0.0
2021-11-17 00:00:00-05:00,54.75555335705632,55.48698876115936,54.5854548165482,54.69601821899414,15497000,0.0,0.0
2021-11-18 00:00:00-05:00,54.568450606636,54.88313357304091,53.675416996968345,54.100669860839844,16948200,0.0,0.0
2021-11-19 00:00:00-05:00,52.63779961841526,52.75686990265648,51.37905151520212,51.600181579589844,32035500,0.0,0.0
2021-11-22 00:00:00-05:00,51.30250506821596,53.19062881577526,51.30250506821596,52.314605712890625,21994400,0.0,0.0
2021-11-23 00:00:00-05:00,52.89294735426168,53.90505119530778,52.66331043010219,53.69242477416992,21185900,0.0,0.0
2021-11-24 00:00:00-05:00,53.224655206785506,54.30479473160477,53.224655206785506,53.990108489990234,15869700,0.0,0.0
2021-11-26 00:00:00-05:00,51.47260278639293,52.23805593156674,50.63910763128993,52.09347152709961,24979600,0.0,0.0
2021-11-29 00:00:00-05:00,53.21613982549438,53.700927800693364,52.127493599703214,52.38264465332031,18946400,0.0,0.0
2021-11-30 00:00:00-05:00,51.42158073209266,52.04244958693749,50.74117672982587,50.89426803588867,34979800,0.0,0.0
2021-12-01 00:00:00-05:00,51.795803733586034,52.756872937051604,50.817720780625244,50.851741790771484,30630600,0.0,0.0
2021-12-02 00:00:00-05:00,50.80921916807963,52.37415000831153,50.29891372888662,52.118995666503906,29216000,0.0,0.0
2021-12-03 00:00:00-05:00,52.66330457047619,52.92696247134283,51.32801105385671,51.78728485107422,22014700,0.0,0.0
2021-12-06 00:00:00-05:00,52.49320814665956,52.86742945319336,52.23805386394588,52.37413787841797,19210500,0.0,0.0
2021-12-07 00:00:00-05:00,53.02052986484258,53.60737767851884,52.81640705236882,52.960994720458984,19800400,0.0,0.0
2021-12-08 00:00:00-05:00,53.25015547155869,53.74344702631268,53.020518573089625,53.11407470703125,18214400,0.0,0.0
2021-12-09 00:00:00-05:00,52.773883437936405,53.38624864283175,52.569763865919356,53.25016784667969,16910300,0.0,0.0
2021-12-10 00:00:00-05:00,53.81149201652089,53.87953078034908,52.9269653758038,53.59035873413086,17942400,0.0,0.0
2021-12-13 00:00:00-05:00,53.13109673276941,53.343723176240495,52.17852793003508,52.41667175292969,17793700,0.0,0.0
2021-12-14 00:00:00-05:00,52.10198221500291,53.13109666586787,52.06796444985113,52.340126037597656,22551100,0.0,0.0
2021-12-15 00:00:00-05:00,52.042443062996135,52.30610100025757,51.0388460688033,52.1104850769043,19961900,0.0,0.0
2021-12-16 00:00:00-05:00,52.25507652981547,53.11408922681538,52.136006233856406,52.19554138183594,21187800,0.0,0.0
2021-12-17 00:00:00-05:00,51.83832558115651,52.11899078868631,50.766686530241465,51.05585861206055,44338100,0.0,0.0
2021-12-20 00:00:00-05:00,50.00123176264358,50.392463612875545,49.295310461883346,50.31591796875,21819300,0.0,0.0
2021-12-21 00:00:00-05:00,50.81771762311951,51.60868821555194,50.792203489306175,51.455596923828125,19798900,0.0,0.0
2021-12-22 00:00:00-05:00,51.319518732383074,52.19553864479254,51.00483250321826,51.87234878540039,14058300,0.0,0.0
2021-12-23 00:00:00-05:00,52.02543157304175,52.59527207324133,51.88084716286113,51.897857666015625,13543300,0.0,0.0
2021-12-27 00:00:00-05:00,51.82131359961617,52.68882982034123,51.38755386704272,52.63779830932617,12593700,0.0,0.0
2021-12-28 00:00:00-05:00,52.65481327005713,52.99501688344436,52.221056745189436,52.46770095825195,12781000,0.0,0.0
2021-12-29 00:00:00-05:00,52.28908803466361,52.391147806298406,51.81280369299848,52.0084228515625,12733600,0.0,0.0
2021-12-30 00:00:00-05:00,52.06796536794096,52.39115523132483,51.685237114542055,51.702247619628906,11940300,0.0,0.0
2021-12-31 00:00:00-05:00,51.659724927758454,52.28059378694862,51.62570391630146,52.042449951171875,14072000,0.0,0.0
2022-01-03 00:00:00-05:00,52.08497873928293,54.092169783656324,52.059461358037375,54.041141510009766,24282400,0.0,0.0
2022-01-04 00:00:00-05:00,54.54293565959251,56.2949820534645,54.517421523320365,56.073848724365234,38584000,0.0,0.0
2022-01-05 00:00:00-05:00,56.55863666891605,57.502698642196485,56.54162940771619,56.771263122558594,34033300,0.0,0.0
2022-01-06 00:00:00-05:00,57.834394342544854,58.24263998123078,57.043423689776866,58.1065559387207,30668500,0.0,0.0
2022-01-07 00:00:00-05:00,58.276653549330284,58.837990482231746,57.81738613548532,58.58283615112305,23985400,0.0,0.0
2022-01-10 00:00:00-05:00,58.65938374254397,58.82948230027395,57.791864227126595,58.234130859375,22760300,0.0,0.0
2022-01-11 00:00:00-05:00,58.59133899676223,60.72611018778324,58.327684297899445,60.6835823059082,32936100,0.0,0.0
2022-01-12 00:00:00-05:00,60.50497055053711,61.07480777050831,60.07971773166134,60.50497055053711,23045100,0.0,0.0
2022-01-13 00:00:00-05:00,60.48797673975864,60.879208641436676,59.79906260761635,60.071224212646484,21043200,0.0,0.0
2022-01-14 00:00:00-05:00,60.0882251228796,61.363983590504034,60.045697245088206,61.1258430480957,23012900,0.0,0.0
2022-01-18 00:00:00-05:00,61.93381972223512,62.83535361368089,61.244912238307165,62.15495300292969,32841200,0.0,0.0
2022-01-19 00:00:00-05:00,62.724792617906026,62.81834875990121,61.70418841830452,62.18046951293945,26431600,0.0,0.0
2022-01-20 00:00:00-05:00,61.66165333579073,63.252101075055805,61.45753381748608,62.3165397644043,26774600,0.0,0.0
2022-01-21 00:00:00-05:00,62.24003251296011,62.24003251296011,60.41995009926801,61.381019592285156,35995200,0.0,0.0
2022-01-24 00:00:00-05:00,60.28384466903081,62.154961195111284,59.373803784462595,61.9083137512207,41507000,0.0,0.0
2022-01-25 00:00:00-05:00,61.73820680519702,63.99204825019789,60.71760254161049,63.7283935546875,39278400,0.0,0.0
2022-01-26 00:00:00-05:00,64.15365903572358,64.6384471296421,62.50367554572076,63.0820198059082,35252400,0.0,0.0
2022-01-27 00:00:00-05:00,64.17916825314802,64.6469490486261,62.9289236623652,63.88999938964844,29174700,0.0,0.0
2022-01-28 00:00:00-05:00,63.76240734604594,64.31523729661018,62.89488798021457,64.02606201171875,30595700,0.0,0.0
2022-01-31 00:00:00-05:00,63.76241701920542,64.99564775930126,63.16705910180019,64.60441589355469,36085500,0.0,0.0
2022-02-01 00:00:00-05:00,65.02114977053793,69.3247124690509,64.86805850475932,68.74636840820312,61033100,0.0,0.0
2022-02-02 00:00:00-05:00,68.09149188331726,68.72937122968011,67.31753498392933,68.56777954101562,30299300,0.0,0.0
2022-02-03 00:00:00-05:00,68.11701459257769,68.30412692927696,67.20697353677716,67.768310546875,28529400,0.0,0.0
2022-02-04 00:00:00-05:00,68.78039595874345,70.19223199858946,68.78039595874345,69.23966979980469,32197500,0.0,0.0
2022-02-07 00:00:00-05:00,69.01004876868902,70.6600323045516,68.58479581522711,70.07318115234375,34949200,0.0,0.0
2022-02-08 00:00:00-05:00,69.97110082910022,70.166719994479,67.9724137391474,68.26158905029297,34356300,0.0,0.0
2022-02-09 00:00:00-05:00,68.4335779566082,68.82054579437155,67.68543270138339,67.934814453125,40106100,0.88,0.0
2022-02-10 00:00:00-05:00,67.6940443315229,68.51958065742203,66.89430499068634,67.2812728881836,28527700,0.0,0.0
2022-02-11 00:00:00-05:00,67.60804916361757,69.06993511171687,67.27267525127972,68.975341796875,42002100,0.0,0.0
2022-02-14 00:00:00-05:00,68.43358478265549,68.65716301483943,66.25795168414676,67.9176254272461,34652800,0.0,0.0
2022-02-15 00:00:00-05:00,66.12896632542841,67.23828265065593,65.71619486643081,67.06629180908203,25075100,0.0,0.0
2022-02-16 00:00:00-05:00,67.75423537496683,68.56257584873285,67.109284544395,67.37586212158203,21733800,0.0,0.0
2022-02-17 00:00:00-05:00,67.4876428643777,68.0380002598224,67.03187220057029,67.27265930175781,23738800,0.0,0.0
2022-02-18 00:00:00-05:00,66.35253663083435,67.22106558795106,66.12035068567292,66.52452087402344,23394800,0.0,0.0
2022-02-22 00:00:00-05:00,68.51097626913612,68.6141707653363,64.76166153065972,65.7505874633789,35947800,0.0,0.0
2022-02-23 00:00:00-05:00,65.75058095381657,66.61911650203677,65.46680103794583,66.01715850830078,25385000,0.0,0.0
2022-02-24 00:00:00-05:00,67.93482454104362,67.96062152595475,63.66094908664819,65.18303680419922,46199900,0.0,0.0
2022-02-25 00:00:00-05:00,65.94836712718111,67.06627784107333,65.57859509578499,66.93728637695312,28310300,0.0,0.0
2022-02-28 00:00:00-05:00,65.79358665532047,67.87462645127707,65.52700251429289,67.4360580444336,32204600,0.0,0.0
2022-03-01 00:00:00-05:00,67.73701863688174,69.35369924131983,67.3586520245735,68.08099365234375,40002300,0.0,0.0
2022-03-02 00:00:00-05:00,69.31071394667138,70.64361494134506,68.63996613905253,69.25051879882812,44321400,0.0,0.0
2022-03-03 00:00:00-05:00,68.67434898879227,70.31681997696387,68.47656122668445,69.68907165527344,30196600,0.0,0.0
2022-03-04 00:00:00-05:00,69.69770187046367,72.47528695108517,69.36232790172957,72.31189727783203,42802200,0.0,0.0
2022-03-07 00:00:00-05:00,73.02563589799915,75.01208904705503,72.14850559795414,74.91749572753906,55207900,0.0,0.0
2022-03-08 00:00:00-05:00,76.57715909295689,78.69259687851991,73.46419427833658,75.48503875732422,72082300,0.0,0.0
2022-03-09 00:00:00-05:00,72.26030977598859,74.44454464036563,70.1706682508359,71.1939926147461,65466700,0.0,0.0
2022-03-10 00:00:00-05:00,72.24310424322718,73.67919338424964,71.28857635649247,73.40401458740234,44644200,0.0,0.0
2022-03-11 00:00:00-05:00,72.29466910770542,74.15213015909688,72.2086769984619,73.0256118774414,35303400,0.0,0.0
2022-03-14 00:00:00-04:00,71.42616101101034,71.76153495777181,69.22473068133905,70.41143798828125,37462600,0.0,0.0
2022-03-15 00:00:00-04:00,67.78002262377609,68.08099832266045,65.67318617080738,66.40412902832031,47957900,0.0,0.0
2022-03-16 00:00:00-04:00,66.91149456005017,67.60804589574295,65.56999897554081,66.15475463867188,37812300,0.0,0.0
2022-03-17 00:00:00-04:00,67.22967524618079,68.06381270846924,66.27514748632278,67.9176254272461,34041900,0.0,0.0
2022-03-18 00:00:00-04:00,67.98640535464514,68.27018525531147,67.1608691933434,67.65103149414062,41461500,0.0,0.0
2022-03-21 00:00:00-04:00,68.89794873670203,70.96178611538251,68.57116945514704,70.68660736083984,33089300,0.0,0.0
2022-03-22 00:00:00-04:00,70.19644397897454,70.68660633340346,69.47410221909149,70.37702941894531,23132200,0.0,0.0
2022-03-23 00:00:00-04:00,71.66692881815555,72.46666806222356,71.41755361887235,71.48634338378906,27716300,0.0,0.0
2022-03-24 00:00:00-04:00,71.77012078616997,72.79344477242022,71.15956817881735,71.70132446289062,19871600,0.0,0.0
2022-03-25 00:00:00-04:00,71.30576137653458,73.51579259968449,71.1939722624907,73.26641082763672,22398300,0.0,0.0
2022-03-28 00:00:00-04:00,71.52074329425123,71.64113358677065,70.53181741074565,71.21116638183594,21552400,0.0,0.0
2022-03-29 00:00:00-04:00,69.491277183342,70.93596683068941,68.58835025423548,70.83277893066406,27036300,0.0,0.0
2022-03-30 00:00:00-04:00,71.42614196005918,72.24308349412459,71.12516626257326,72.04529571533203,22079000,0.0,0.0
2022-03-31 00:00:00-04:00,71.26275977797714,72.57845824371815,70.9875810567815,71.02197265625,27861500,0.0,0.0
2022-04-01 00:00:00-04:00,70.50600752257482,72.35486747752977,70.50600752257482,71.47773742675781,18671100,0.0,0.0
2022-04-04 00:00:00-04:00,71.85611449853828,71.94211318492805,70.55761831201933,71.51214599609375,20869400,0.0,0.0
2022-04-05 00:00:00-04:00,71.80451869847127,73.15461537444253,70.99617830469207,71.14237213134766,21753100,0.0,0.0
2022-04-06 00:00:00-04:00,71.73572964745776,72.8364446845734,71.32296478892896,71.93351745605469,24768200,0.0,0.0
2022-04-07 00:00:00-04:00,72.08829215520468,73.47278686872008,71.12516340121809,73.13741302490234,26122000,0.0,0.0
2022-04-08 00:00:00-04:00,73.24060796872834,74.99487485286764,73.24060796872834,74.67669677734375,24866500,0.0,0.0
2022-04-11 00:00:00-04:00,73.76518855824801,73.89418005973953,71.80453873007383,72.10551452636719,21800100,0.0,0.0
2022-04-12 00:00:00-04:00,73.70496774813827,74.65949534188779,73.42118785577424,73.6103744506836,22444200,0.0,0.0
2022-04-13 00:00:00-04:00,74.47892515371923,74.90889238977083,73.25781977791975,74.65090942382812,19306800,0.0,0.0
2022-04-14 00:00:00-04:00,74.53051852547505,76.06980200550089,74.15215182211098,75.52804565429688,24566400,0.0,0.0
2022-04-18 00:00:00-04:00,76.10420981445968,76.4395837735254,75.45925888382867,76.14720916748047,19032300,0.0,0.0
2022-04-19 00:00:00-04:00,75.68282569441926,76.24178434673304,75.04646953724797,75.46784210205078,20382600,0.0,0.0
2022-04-20 00:00:00-04:00,75.64843272427181,76.10419692164857,75.07227823176834,75.63983154296875,20689400,0.0,0.0
2022-04-21 00:00:00-04:00,76.49116032230575,77.2221097924534,74.63370547685956,74.840087890625,29010900,0.0,0.0
2022-04-22 00:00:00-04:00,74.52190454706515,75.77740775285886,73.09441055643677,73.2061996459961,23591600,0.0,0.0
2022-04-25 00:00:00-04:00,70.83279062448447,71.08217235867787,68.18419140695953,70.73819732666016,37698300,0.0,0.0
2022-04-26 00:00:00-04:00,71.14238083057054,72.85364857058869,70.66941425280658,70.76400756835938,28941500,0.0,0.0
2022-04-27 00:00:00-04:00,71.7099330153949,73.50719942135355,70.75540525429697,72.78485107421875,32773000,0.0,0.0
2022-04-28 00:00:00-04:00,72.99124951506384,75.7946382644156,72.29470455960876,74.98629760742188,33683800,0.0,0.0
2022-04-29 00:00:00-04:00,75.79461218290784,75.79461218290784,72.8364359546327,73.30940246582031,34656500,0.0,0.0
2022-05-02 00:00:00-04:00,73.10303614801367,74.84870219217575,72.77625682809145,74.30694580078125,36335200,0.0,0.0
2022-05-03 00:00:00-04:00,74.1779348689473,76.34496642737608,74.05754459130004,75.83760833740234,33908100,0.0,0.0
2022-05-04 00:00:00-04:00,76.96412691019827,79.01076837006403,76.45676877582994,78.8559799194336,46188400,0.0,0.0
2022-05-05 00:00:00-04:00,79.14836447600403,79.15696565718649,76.00960254385917,77.66067504882812,41013400,0.0,0.0
2022-05-06 00:00:00-04:00,78.23684413942483,78.95918597433781,76.8351466975948,78.84739685058594,29619300,0.0,0.0
2022-05-09 00:00:00-04:00,76.91253446679,77.01572239539698,72.25168505493862,72.63005828857422,45851600,0.0,0.0
2022-05-10 00:00:00-04:00,73.64479508910601,74.71971328758173,71.82173146261039,73.11163330078125,34483200,0.0,0.0
2022-05-11 00:00:00-04:00,74.32412823952345,76.48256535621867,74.19513677121172,74.63370513916016,33020600,0.0,0.0
2022-05-12 00:00:00-04:00,74.66844598883894,75.04200568287285,72.45315567787851,74.9725112915039,29491500,0.88,0.0
2022-05-13 00:00:00-04:00,75.89337319825479,77.27467109903678,75.01594109522787,77.19648742675781,25798400,0.0,0.0
2022-05-16 00:00:00-04:00,77.30073590695575,79.90696426132675,77.29204662327304,79.01215362548828,26101200,0.0,0.0
2022-05-17 00:00:00-04:00,79.68980038657737,80.31528979539969,79.15986661250506,80.0199203491211,23120700,0.0,0.0
2022-05-18 00:00:00-04:00,80.36741895024042,80.72360014328167,78.03918738241862,78.75155639648438,25451200,0.0,0.0
2022-05-19 00:00:00-04:00,77.31811402772264,80.18496809792089,77.31811402772264,79.1772232055664,24387400,0.0,0.0
2022-05-20 00:00:00-04:00,79.86353848609335,81.30564831536982,78.53436285258502,79.80272674560547,28795000,0.0,0.0
2022-05-23 00:00:00-04:00,80.49774147263973,82.33078337612952,80.4021791982608,81.56629180908203,27239300,0.0,0.0
2022-05-24 00:00:00-04:00,80.63673038581913,82.3481552707131,80.20235885677938,82.00934600830078,24293300,0.0,0.0
2022-05-25 00:00:00-04:00,82.1657187878461,83.85976507442396,82.07015652265623,83.65995788574219,29947800,0.0,0.0
2022-05-26 00:00:00-04:00,83.92054887185698,84.64160694977626,83.57305044399384,83.9552993774414,24314800,0.0,0.0
2022-05-27 00:00:00-04:00,83.35589393130051,85.07600810590758,82.79121624485336,84.78063201904297,25588800,0.0,0.0
2022-05-31 00:00:00-04:00,85.62331015524978,86.68317770291227,83.14739386734013,83.39933013916016,44888100,0.0,0.0
2022-06-01 00:00:00-04:00,84.28541868573019,85.75359605413264,83.93792688812734,84.99778747558594,25815400,0.0,0.0
2022-06-02 00:00:00-04:00,84.51998541705399,85.22366494419917,84.08561402933842,84.85010528564453,19089100,0.0,0.0
2022-06-03 00:00:00-04:00,85.04994057685802,86.57893010462607,85.04994057685802,86.083740234375,21038200,0.0,0.0
2022-06-06 00:00:00-04:00,86.16192266883253,86.6831670928048,85.71886192586402,85.86654663085938,20682100,0.0,0.0
2022-06-07 00:00:00-04:00,86.61365733023901,89.85407099610707,86.431222131654,89.80194854736328,37810200,0.0,0.0
2022-06-08 00:00:00-04:00,89.90620809440122,91.71319506241434,89.46315395192312,90.86182403564453,31613200,0.0,0.0
2022-06-09 00:00:00-04:00,89.84538694474922,90.8444425810765,88.75077568948693,88.8984603881836,26607000,0.0,0.0
2022-06-10 00:00:00-04:00,88.55965292464188,89.7845769612498,86.69185437295233,87.27391052246094,30950500,0.0,0.0
2022-06-13 00:00:00-04:00,84.71980385981605,84.93698958268348,81.59233077612147,83.26900482177734,33421000,0.0,0.0
2022-06-14 00:00:00-04:00,84.62424849417674,85.71885976857563,82.76513260309278,83.48619079589844,31264000,0.0,0.0
2022-06-15 00:00:00-04:00,83.3906209589253,83.89449338235848,81.02763944156575,82.43500518798828,29620800,0.0,0.0
2022-06-16 00:00:00-04:00,80.28054603468696,80.9060354445032,78.43011915153286,79.39442443847656,35696700,0.0,0.0
2022-06-17 00:00:00-04:00,79.02085963766599,79.35966886522067,74.41652588034151,74.81614685058594,64610200,0.0,0.0
2022-06-21 00:00:00-04:00,76.9532471265235,80.38477890597451,76.9011180458655,79.47260284423828,35951500,0.0,0.0
2022-06-22 00:00:00-04:00,76.04975369884352,77.9783639830554,76.04106441407274,76.32775115966797,29727200,0.0,0.0
2022-06-23 00:00:00-04:00,77.02274832732878,77.36155752647099,72.55740374492557,74.02558135986328,35757200,0.0,0.0
2022-06-24 00:00:00-04:00,75.53718468959642,76.79686574107366,74.54681841628692,75.4937515258789,26639000,0.0,0.0
2022-06-27 00:00:00-04:00,76.28430987612523,78.22160940732734,76.16268640363529,77.34417724609375,25478700,0.0,0.0
2022-06-28 00:00:00-04:00,79.15986265892435,81.0015935331088,78.49092685320106,79.48998260498047,33096900,0.0,0.0
2022-06-29 00:00:00-04:00,80.77572610401754,80.96684399425857,76.24088663700314,76.55363464355469,25400900,0.0,0.0
2022-06-30 00:00:00-04:00,74.83352619037065,76.10189025468397,73.55647283967625,74.39915466308594,39948100,0.0,0.0
2022-07-01 00:00:00-04:00,75.35475492813873,76.3451212728567,73.59120795689502,76.05844116210938,26327900,0.0,0.0
2022-07-05 00:00:00-04:00,75.00725317450855,75.32000112527221,72.11434457191744,73.6780776977539,34591100,0.0,0.0
2022-07-06 00:00:00-04:00,72.76591465134145,74.04296790629574,70.37687143038106,72.34891510009766,33375700,0.0,0.0
2022-07-07 00:00:00-04:00,74.17327419820171,75.37214376789605,74.10377979617691,74.65977478027344,23817400,0.0,0.0
2022-07-08 00:00:00-04:00,75.53720479193316,75.84127015878332,73.78234676477128,74.78140258789062,17673800,0.0,0.0
2022-07-11 00:00:00-04:00,73.99084436696096,74.816154245592,73.28716461371445,74.39915466308594,15603800,0.0,0.0
2022-07-12 00:00:00-04:00,72.78327181434379,73.88657889854902,71.98403001708094,73.40876770019531,21013000,0.0,0.0
2022-07-13 00:00:00-04:00,72.4357834505896,74.98120051231987,72.36628905313661,73.70414733886719,19928600,0.0,0.0
2022-07-14 00:00:00-04:00,71.10659308572998,72.3749567111485,70.09885493769087,72.2272720336914,26343000,0.0,0.0
2022-07-15 00:00:00-04:00,73.66940988947972,73.73890429300336,72.01879684510072,73.44353485107422,17243700,0.0,0.0
2022-07-18 00:00:00-04:00,75.21575895257205,76.39724978094094,74.49470078285033,74.79875946044922,19395800,0.0,0.0
2022-07-19 00:00:00-04:00,75.07677888418709,76.90113811167171,74.9290941444157,76.68395233154297,18248900,0.0,0.0
2022-07-20 00:00:00-04:00,76.08450910790101,77.88280674824613,75.79782234385026,77.52661895751953,16584400,0.0,0.0
2022-07-21 00:00:00-04:00,75.51983916360695,76.27564805884583,74.02559994707983,76.23220825195312,21375700,0.0,0.0
2022-07-22 00:00:00-04:00,76.0584491083172,76.85769104404969,75.25920054460191,75.65013885498047,15479500,0.0,0.0
2022-07-25 00:00:00-04:00,76.58839017842769,78.29980841291889,75.94551555172225,78.16950225830078,17536400,0.0,0.0
2022-07-26 00:00:00-04:00,79.16855499692514,79.29886778534916,77.31813461085193,77.86544036865234,15141200,0.0,0.0
2022-07-27 00:00:00-04:00,78.43011723971325,79.92435626514767,77.66562578325099,79.55079650878906,18047000,0.0,0.0
2022-07-28 00:00:00-04:00,80.08072571644692,81.01028041154588,79.06429805159699,80.4803466796875,20353100,0.0,0.0
2022-07-29 00:00:00-04:00,82.05275968470696,84.71979997407378,81.7487010122349,84.20724487304688,29825800,0.0,0.0
2022-08-01 00:00:00-04:00,82.34814271969495,82.8346366371162,80.99290587660288,82.0788345336914,20793200,0.0,0.0
2022-08-02 00:00:00-04:00,82.26127163290597,82.70432576297722,81.50546288422372,81.72264862060547,16722500,0.0,0.0
2022-08-03 00:00:00-04:00,82.02671023316125,82.02671023316125,78.8731756152034,79.07298278808594,23580800,0.0,0.0
2022-08-04 00:00:00-04:00,78.45616277704173,78.4822240014383,75.08544298612232,75.74568939208984,31821500,0.0,0.0
2022-08-05 00:00:00-04:00,75.02463216028613,77.9175474069543,74.95513114240046,76.84030151367188,17408000,0.0,0.0
2022-08-08 00:00:00-04:00,76.97931927631781,77.83937300742099,76.64051002988374,77.27468872070312,14458500,0.0,0.0
2022-08-09 00:00:00-04:00,78.23030935892953,79.58554631031332,78.14342975703423,78.69942474365234,19083400,0.0,0.0
2022-08-10 00:00:00-04:00,78.77759654107359,79.74190156917614,77.48317163851436,79.44652557373047,18302000,0.0,0.0
2022-08-11 00:00:00-04:00,80.56055514896238,82.71843313722131,80.2096869908407,81.74475860595703,18797900,0.88,0.0
2022-08-12 00:00:00-04:00,81.1219600693984,82.47281722045885,80.79739965693877,82.45527648925781,15058200,0.0,0.0
2022-08-15 00:00:00-04:00,79.41146821987263,81.34127707833166,78.6483224059816,80.98162841796875,20755200,0.0,0.0
2022-08-16 00:00:00-04:00,80.72724376596796,81.48162255366333,80.07812946924739,80.22724914550781,14038200,0.0,0.0
2022-08-17 00:00:00-04:00,80.06056158091728,81.76230027533997,79.75354859284649,80.8763427734375,13678000,0.0,0.0
2022-08-18 00:00:00-04:00,81.70967240873775,83.60438593902437,81.65703682985388,82.78860473632812,17770400,0.0,0.0
2022-08-19 00:00:00-04:00,82.59563560463684,83.50790093122859,82.27984887913134,82.52545928955078,16128600,0.0,0.0
2022-08-22 00:00:00-04:00,81.9465311193527,82.88511777112122,80.57812616337924,82.46407318115234,16019900,0.0,0.0
2022-08-23 00:00:00-04:00,83.81492939661851,86.32367603790385,83.72720564740153,85.96402740478516,23764700,0.0,0.0
2022-08-24 00:00:00-04:00,85.97279142052854,86.81488711744065,85.40262057684528,86.47278594970703,17050300,0.0,0.0
2022-08-25 00:00:00-04:00,86.77103109774617,87.59558611781314,86.05174055653312,86.92015075683594,15305700,0.0,0.0
2022-08-26 00:00:00-04:00,86.63945100213104,87.63944680678203,85.45525407364227,85.84999084472656,15531400,0.0,0.0
2022-08-29 00:00:00-04:00,86.121915273103,89.08679443563481,86.08682711413799,87.82365417480469,23059200,0.0,0.0
2022-08-30 00:00:00-04:00,86.27980459358528,86.50787426996467,84.05175679672341,84.48157501220703,17086800,0.0,0.0
2022-08-31 00:00:00-04:00,82.48159385105419,84.94647825347124,82.09563082716086,83.8499984741211,18340900,0.0,0.0
2022-09-01 00:00:00-04:00,82.82369464396531,83.39386546520572,80.95529551739556,82.34124755859375,16423000,0.0,0.0
2022-09-02 00:00:00-04:00,84.5166600538328,84.9026230777261,83.42895398658426,83.8499984741211,18206800,0.0,0.0
2022-09-06 00:00:00-04:00,84.35001082165037,84.72719349089013,82.9026559832222,83.28861236572266,19201500,0.0,0.0
2022-09-07 00:00:00-04:00,81.74477242741258,82.97282457324054,80.96407926654383,82.57809448242188,16274700,0.0,0.0
2022-09-08 00:00:00-04:00,83.03422881154535,83.70088373796379,82.20967382756555,83.25352478027344,18759200,0.0,0.0
2022-09-09 00:00:00-04:00,84.66580276052562,85.08685405513783,83.61318456257001,84.64826202392578,17158000,0.0,0.0
2022-09-12 00:00:00-04:00,85.65699824982597,87.0078620866391,84.98156298522882,85.62191009521484,16118900,0.0,0.0
2022-09-13 00:00:00-04:00,84.74474263657046,85.7710462602753,83.2535325863523,83.6219482421875,18229100,0.0,0.0
2022-09-14 00:00:00-04:00,84.37630942002166,86.45523068269202,84.34122126595206,85.6745376586914,22655700,0.0,0.0
2022-09-15 00:00:00-04:00,84.40261145322563,84.68330995213178,82.49912454838142,83.1833267211914,21092300,0.0,0.0
2022-09-16 00:00:00-04:00,83.39388428019,83.63072102027832,80.70092961402597,81.76232147216797,37874700,0.0,0.0
2022-09-19 00:00:00-04:00,79.8325043227225,82.00791653008338,79.82373061032702,81.75353240966797,15342100,0.0,0.0
2022-09-20 00:00:00-04:00,81.34126003097197,81.51669412116335,80.38512616999866,81.08687591552734,14712500,0.0,0.0
2022-09-21 00:00:00-04:00,82.0780931931039,82.35001804708357,79.70969945727303,79.77986907958984,17332400,0.0,0.0
2022-09-22 00:00:00-04:00,80.87635586196706,81.27986636002598,79.40268658835652,79.44654846191406,16139400,0.0,0.0
2022-09-23 00:00:00-04:00,76.75358519262197,76.75358519262197,74.42904670259769,75.21851348876953,27738800,0.0,0.0
2022-09-26 00:00:00-04:00,74.4729164166323,75.63079892753733,73.58695878035141,73.66590881347656,22043400,0.0,0.0
2022-09-27 00:00:00-04:00,75.09570057862726,76.27989729012621,74.39395090909709,75.20973205566406,17307300,0.0,0.0
2022-09-28 00:00:00-04:00,75.54308165210158,78.33252678733338,75.36764085255047,77.94656372070312,19543300,0.0,0.0
2022-09-29 00:00:00-04:00,77.35007383697948,78.3851510701063,76.42902809756646,77.78866577148438,17896000,0.0,0.0
2022-09-30 00:00:00-04:00,77.34130035690107,78.104452734491,76.58692169189453,76.58692169189453,21357600,0.0,0.0
2022-10-03 00:00:00-04:00,78.98164156118476,81.01670800338273,78.70094297234304,80.63074493408203,23881300,0.0,0.0
2022-10-04 00:00:00-04:00,81.78863067863914,83.64826308587318,81.32372424992626,83.5693130493164,22133700,0.0,0.0
2022-10-05 00:00:00-04:00,83.9903525916272,87.70961019544703,83.91140925845342,86.94646453857422,34857700,0.0,0.0
2022-10-06 00:00:00-04:00,86.37629613698623,89.63064746851626,86.25349093144787,89.52538299560547,29124700,0.0,0.0
2022-10-07 00:00:00-04:00,89.6394082963077,90.63062351064258,87.87626710968014,88.62187194824219,24507600,0.0,0.0
2022-10-10 00:00:00-04:00,89.0253900596613,89.4990701576935,86.59559365801046,86.70085144042969,16786100,0.0,0.0
2022-10-11 00:00:00-04:00,85.2798249921405,87.50787303612593,84.86754746339759,85.96402740478516,17804100,0.0,0.0
2022-10-12 00:00:00-04:00,85.52544325169863,86.76227595106707,85.28860650734248,86.34122467041016,12635800,0.0,0.0
2022-10-13 00:00:00-04:00,85.56928500685744,89.86748040555638,85.43770609432183,89.35871887207031,22019100,0.0,0.0
2022-10-14 00:00:00-04:00,88.70083873671217,89.68328042556894,86.87629461114662,87.00787353515625,15222000,0.0,0.0
2022-10-17 00:00:00-04:00,88.65697525068384,89.44644208798819,88.15698070245476,88.26224517822266,14283200,0.0,0.0
2022-10-18 00:00:00-04:00,89.06923430781295,89.77975096809112,87.04294208857189,88.42012023925781,14065400,0.0,0.0
2022-10-19 00:00:00-04:00,88.81486005217744,91.21834179848811,88.79731932076552,91.04290771484375,20921700,0.0,0.0
2022-10-20 00:00:00-04:00,91.50781158775104,92.10429682536292,90.70957782863609,91.16571044921875,17649000,0.0,0.0
2022-10-21 00:00:00-04:00,91.62185584094973,93.33236846442023,91.14818242340375,92.85868835449219,22814100,0.0,0.0
2022-10-24 00:00:00-04:00,92.68324140941536,94.45514970041111,92.209561365118,93.5077896118164,17024200,0.0,0.0
2022-10-25 00:00:00-04:00,93.34115675333636,94.1481644626208,92.16572666165416,92.8762435913086,15719800,0.0,0.0
2022-10-26 00:00:00-04:00,93.20954889547609,94.58672714108714,92.98147924233575,93.9814682006836,17383800,0.0,0.0
2022-10-27 00:00:00-04:00,95.09551182302472,96.1218154015638,94.22709492513887,94.34113311767578,18214000,0.0,0.0
2022-10-28 00:00:00-04:00,96.01655705108995,97.55162900655138,94.84113373753743,97.10426330566406,28169400,0.0,0.0
2022-10-31 00:00:00-04:00,96.05164341471905,99.04284392426989,95.99901451879393,97.20075225830078,26401800,0.0,0.0
2022-11-01 00:00:00-04:00,98.5691761706046,98.7446103073228,97.06041850224815,98.1656723022461,22213100,0.0,0.0
2022-11-02 00:00:00-04:00,97.87617799253793,98.33231066109042,95.88496685640966,96.14812469482422,20654200,0.0,0.0
2022-11-03 00:00:00-04:00,95.24462355524638,98.08669734093932,95.00778016921602,97.45512390136719,17103700,0.0,0.0
2022-11-04 00:00:00-04:00,99.12179199950872,99.56038399950654,97.1919898764714,98.51653289794922,17541500,0.0,0.0
2022-11-07 00:00:00-05:00,98.6042341775608,99.99017949545247,98.35861709194253,99.68316650390625,16008000,0.0,0.0
2022-11-08 00:00:00-05:00,99.54282972901618,100.57790697596378,98.77090363085613,99.99896240234375,14661000,0.0,0.0
2022-11-09 00:00:00-05:00,99.2095072759785,99.36740066083209,95.23586489827625,95.52533721923828,19522800,0.0,0.0
2022-11-10 00:00:00-05:00,96.65689289056574,97.10425184627708,94.35866873920475,96.92881774902344,20146700,0.0,0.0
2022-11-11 00:00:00-05:00,98.75334829858944,100.43753949442053,98.6743982809575,99.95508575439453,20518900,0.0,0.0
2022-11-14 00:00:00-05:00,99.59255601878694,101.36989114470376,99.46876220367403,100.24690246582031,20858300,0.91,0.0
2022-11-15 00:00:00-05:00,100.62711136246115,101.27260661201562,99.80476301653462,100.91890716552734,19373800,0.0,0.0
2022-11-16 00:00:00-05:00,100.30879789699051,101.03387883751854,98.91168857984287,99.84014892578125,13591000,0.0,0.0
2022-11-17 00:00:00-05:00,98.40767451020544,100.09657976994977,97.93018116944464,99.97278594970703,12425900,0.0,0.0
2022-11-18 00:00:00-05:00,98.06282178824118,99.45993121882721,96.92214434779491,99.10623168945312,15415000,0.0,0.0
2022-11-21 00:00:00-05:00,97.25815421146967,98.32809038602198,95.03870301084189,98.12471771240234,20973000,0.0,0.0
2022-11-22 00:00:00-05:00,99.22117033925707,101.21956672777497,98.53146004270171,100.963134765625,17719100,0.0,0.0
2022-11-23 00:00:00-05:00,99.31845185689126,100.75976955792682,99.12391677225604,100.4591293334961,11546700,0.0,0.0
2022-11-25 00:00:00-05:00,100.69786578465857,101.34336790822526,99.97278481166627,100.10542297363281,7136000,0.0,0.0
2022-11-28 00:00:00-05:00,97.85059005197441,98.55798225807037,96.93097411241892,97.0989761352539,23015500,0.0,0.0
2022-11-29 00:00:00-05:00,97.80638848799049,98.85864271856269,97.08130749830188,97.74449157714844,14453200,0.0,0.0
2022-11-30 00:00:00-05:00,98.6287345396986,98.94706342925441,97.072460718121,98.4518814086914,23158100,0.0,0.0
2022-12-01 00:00:00-05:00,98.71715867047257,99.09738447293103,97.42616116000505,97.97439575195312,14398300,0.0,0.0
2022-12-02 00:00:00-05:00,96.83371157819955,98.77904867803807,96.55959092825144,97.14319610595703,15248400,0.0,0.0
2022-12-05 00:00:00-05:00,97.88595636638564,98.4695615285529,93.6769534084341,94.48161315917969,19287700,0.0,0.0
2022-12-06 00:00:00-05:00,93.64157938393886,94.64961849447012,91.20990478908153,91.85540008544922,21197000,0.0,0.0
2022-12-07 00:00:00-05:00,91.76698804946629,92.71313037325531,90.52020552291117,91.65203857421875,20061700,0.0,0.0
2022-12-08 00:00:00-05:00,93.97759794819814,94.43740932390357,91.70508759045217,92.33290100097656,21128800,0.0,0.0
2022-12-09 00:00:00-05:00,92.48323277159498,93.68580718043535,91.34256202360305,91.55477905273438,21298200,0.0,0.0
2022-12-12 00:00:00-05:00,91.81121087925551,93.942239002878,91.59898710427264,93.80960083007812,20413200,0.0,0.0
2022-12-13 00:00:00-05:00,95.32166485795815,95.9760046201934,94.63194772093134,94.8353271484375,24305300,0.0,0.0
2022-12-14 00:00:00-05:00,95.4896589097122,95.76377957131817,93.50895110157178,94.13676452636719,17597300,0.0,0.0
2022-12-15 00:00:00-05:00,93.13755761309636,93.88032041528984,91.69623347900888,93.23482513427734,15365100,0.0,0.0
2022-12-16 00:00:00-05:00,91.68739956530335,93.35862268360542,91.19221759770008,92.58048248291016,54596600,0.0,0.0
2022-12-19 00:00:00-05:00,93.07567934974564,93.90686549773748,92.29753902448837,92.99609375,13611100,0.0,0.0
2022-12-20 00:00:00-05:00,92.99609206805887,95.065229922675,92.90766887258546,94.34014892578125,14680000,0.0,0.0
2022-12-21 00:00:00-05:00,95.75493122080103,96.02020078209098,94.75573638872103,95.55155181884766,13565400,0.0,0.0
2022-12-22 00:00:00-05:00,95.40124430038799,95.66652064289907,92.0499531215356,93.62390899658203,13213000,0.0,0.0
2022-12-23 00:00:00-05:00,94.57004493607245,96.15284504684715,94.52583671284285,96.09979248046875,11539400,0.0,0.0
2022-12-27 00:00:00-05:00,96.62148670707343,97.68258517791254,96.23242333939673,97.43499755859375,11962100,0.0,0.0
2022-12-28 00:00:00-05:00,97.1874273608181,97.26700621861137,95.41009199459855,95.83452606201172,10702100,0.0,0.0
2022-12-29 00:00:00-05:00,95.4896646408233,97.01941224383268,95.4896646408233,96.55960083007812,10534000,0.0,0.0
2022-12-30 00:00:00-05:00,96.03787288561539,97.70909579434307,96.03787288561539,97.5322494506836,11799600,0.0,0.0
2023-01-03 00:00:00-05:00,97.07245627825833,97.28467327950352,93.27904280643425,94.18097686767578,15146200,0.0,0.0
2023-01-04 00:00:00-05:00,92.6689206436573,94.75574032792433,92.63355001809687,94.45509338378906,18058400,0.0,0.0
2023-01-05 00:00:00-05:00,94.03065646725477,97.22278303231462,94.00413018356431,96.56844329833984,15946600,0.0,0.0
2023-01-06 00:00:00-05:00,97.33774135244778,99.02664666425846,96.97519747751936,97.73564910888672,16348100,0.0,0.0
2023-01-09 00:00:00-05:00,98.7171491235989,98.7171491235989,95.33048785553247,95.91409301757812,17964600,0.0,0.0
2023-01-10 00:00:00-05:00,97.08130330365398,97.55879662934305,95.50734757059948,97.34657287597656,15104600,0.0,0.0
2023-01-11 00:00:00-05:00,98.14238365352067,98.54913568070779,96.46231623948252,98.47840118408203,16710400,0.0,0.0
2023-01-12 00:00:00-05:00,98.8763280655401,100.57407774677766,98.80558680892415,100.11427307128906,15357300,0.0,0.0
2023-01-13 00:00:00-05:00,100.01699753858067,100.35300836127263,99.17696710872227,100.0523681640625,12011400,0.0,0.0
2023-01-17 00:00:00-05:00,100.28227462508247,100.87471742736521,99.62792816803935,99.85783386230469,16542200,0.0,0.0
2023-01-18 00:00:00-05:00,100.14963281276874,100.91008437308099,97.62069050684785,97.80638122558594,16399700,0.0,0.0
2023-01-19 00:00:00-05:00,97.32889727921012,99.15044076364445,96.89561889380009,98.4342041015625,12928000,0.0,0.0
2023-01-20 00:00:00-05:00,98.46957102329246,100.30880312556474,97.80638695484154,100.22921752929688,16515600,0.0,0.0
2023-01-23 00:00:00-05:00,100.48563772619146,101.325668082534,99.60139240530188,99.70750427246094,16584400,0.0,0.0
2023-01-24 00:00:00-05:00,96.52422786485161,100.82165415816263,92.73081441652907,100.6359634399414,13583000,0.0,0.0
2023-01-25 00:00:00-05:00,100.12311165989883,100.49449311639943,98.49609658253976,100.10542297363281,11914700,0.0,0.0
2023-01-26 00:00:00-05:00,101.44063162396921,104.14642034266333,101.10461406013977,104.12873840332031,21019700,0.0,0.0
2023-01-27 00:00:00-05:00,103.41250100202728,104.04915879510422,102.03308028119878,102.22761535644531,15179200,0.0,0.0
2023-01-30 00:00:00-05:00,101.76779606571863,102.12149556182521,100.05236464092535,100.41490173339844,18672100,0.0,0.0
2023-01-31 00:00:00-05:00,99.12391122200573,102.92616926445515,97.64722297497009,102.58131408691406,27861800,0.0,0.0
2023-02-01 00:00:00-05:00,102.42213625843509,103.79271244629354,100.22036057101793,101.45830535888672,19464900,0.0,0.0
2023-02-02 00:00:00-05:00,101.55558757513296,101.75012265160305,97.1166784285501,98.28388214111328,24562100,0.0,0.0
2023-02-03 00:00:00-05:00,98.94705500001072,100.90123639392891,98.64640807603901,98.96473693847656,20226600,0.0,0.0
2023-02-06 00:00:00-05:00,99.35382516742368,99.99932060612875,97.54996353337509,98.7967529296875,13855200,0.0,0.0
2023-02-07 00:00:00-05:00,99.38033768573094,101.96233257537793,99.05316446658634,101.61747741699219,16013300,0.0,0.0
2023-02-08 00:00:00-05:00,101.73243217314736,102.42214248001505,100.6713336849798,100.73323059082031,18459700,0.0,0.0
2023-02-09 00:00:00-05:00,101.35219910650626,102.78467218044058,100.96312901420002,101.11344909667969,17439300,0.0,0.0
2023-02-10 00:00:00-05:00,103.02343708903398,105.7822785170671,102.71395253733247,105.37552642822266,24918600,0.0,0.0
2023-02-13 00:00:00-05:00,104.89435923738331,105.3042412346242,103.2726492490959,104.96564483642578,14536200,0.91,0.0
2023-02-14 00:00:00-05:00,104.26170756075997,104.97454310689795,103.37956363009289,103.7359848022461,12079000,0.0,0.0
2023-02-15 00:00:00-05:00,103.11225967442395,103.44194367199793,101.70439969022765,103.42412567138672,13663400,0.0,0.0
2023-02-16 00:00:00-05:00,102.74691645508187,104.05676031780247,102.29248610128886,103.12116241455078,11360600,0.0,0.0
2023-02-17 00:00:00-05:00,101.74895582464784,101.74895582464784,98.88868742934098,99.15599822998047,20758300,0.0,0.0
2023-02-21 00:00:00-05:00,98.73719739066384,100.1361448970851,98.73719739066384,99.05797576904297,14469400,0.0,0.0
2023-02-22 00:00:00-05:00,98.44316668192455,98.87977909965782,96.80363181821126,97.7748794555664,13973800,0.0,0.0
2023-02-23 00:00:00-05:00,98.66591434595033,99.64606743849976,97.92634162774273,98.67481994628906,11289400,0.0,0.0
2023-02-24 00:00:00-05:00,97.41845749721823,98.87086594406027,97.14222748967994,98.68374633789062,14351000,0.0,0.0
2023-02-27 00:00:00-05:00,98.7282860537853,99.13816800275131,97.97980094833179,98.50552368164062,11710500,0.0,0.0
2023-02-28 00:00:00-05:00,99.12036310794797,99.2272915153876,97.3204457708155,97.93527221679688,18107000,0.0,0.0
2023-03-01 00:00:00-05:00,97.40062697684047,99.67280611490085,97.33825377844742,98.80848693847656,13200000,0.0,0.0
2023-03-02 00:00:00-05:00,98.5679066122847,99.53023498841861,98.16693022390754,99.26292419433594,10339900,0.0,0.0
2023-03-03 00:00:00-05:00,98.06000294447685,101.01828709551873,97.9708925534431,100.51929473876953,13006700,0.0,0.0
2023-03-06 00:00:00-05:00,99.78862957040394,101.43706975221777,99.68170798340786,101.41033935546875,14347400,0.0,0.0
2023-03-07 00:00:00-05:00,100.51929948582668,100.8400778738256,99.0579787396843,99.45004272460938,11525300,0.0,0.0
2023-03-08 00:00:00-05:00,99.11144685233094,100.17179121990932,97.18677651431959,97.99763488769531,13509800,0.0,0.0
2023-03-09 00:00:00-05:00,98.79067322864667,100.00250124848627,97.15113840255877,97.24024200439453,12961200,0.0,0.0
2023-03-10 00:00:00-05:00,97.62339016857555,98.94214654302196,95.47596420792222,96.03732299804688,15795700,0.0,0.0
2023-03-13 00:00:00-04:00,93.86316283962391,96.10861166823248,92.41966681940171,94.93242645263672,20745600,0.0,0.0
2023-03-14 00:00:00-04:00,94.76312606423632,97.13332132498321,93.52456763188694,95.28884887695312,18263500,0.0,0.0
2023-03-15 00:00:00-04:00,91.61771870434096,92.84736469297809,89.30099112662504,90.5484619140625,25733800,0.0,0.0
2023-03-16 00:00:00-04:00,88.31192956337324,90.60192684547903,87.34068192953325,90.02274322509766,27465200,0.0,0.0
2023-03-17 00:00:00-04:00,89.63957898391531,90.53954088886348,88.33864752035572,88.9623794555664,43199500,0.0,0.0
2023-03-20 00:00:00-04:00,88.77526540957608,91.31476209966388,88.6594314138635,91.28802490234375,32042100,0.0,0.0
2023-03-21 00:00:00-04:00,92.82063770727655,95.5918025819718,92.78499490653365,95.3779525756836,31592300,0.0,0.0
2023-03-22 00:00:00-04:00,95.16408770980617,95.50268406673912,93.16813196888165,93.19486236572266,14952700,0.0,0.0
2023-03-23 00:00:00-04:00,93.88098420672414,94.75420898735035,91.27912106706614,92.14344024658203,14385900,0.0,0.0
2023-03-24 00:00:00-04:00,90.41480616636505,92.5355018178436,89.91582055382166,92.2503662109375,13401600,0.0,0.0
2023-03-27 00:00:00-04:00,93.32853122214578,94.87896238796156,92.5889652364314,94.2730484008789,14805900,0.0,0.0
2023-03-28 00:00:00-04:00,93.95227043380748,95.92148920121244,93.72950803751957,95.44923400878906,11047600,0.0,0.0
2023-03-29 00:00:00-04:00,96.28682196935108,97.26698201235845,95.77892394623328,97.0887680053711,14219100,0.0,0.0
2023-03-30 00:00:00-04:00,97.61447986324123,97.63229786285385,96.69669312623206,97.5610122680664,11578200,0.0,0.0
2023-03-31 00:00:00-04:00,97.73031952652534,98.16693192313609,97.16896073088293,97.7125015258789,14418000,0.0,0.0
2023-04-03 00:00:00-04:00,101.036103454132,104.11913394475476,100.79552307748536,103.47757720947266,28087700,0.0,0.0
2023-04-04 00:00:00-04:00,103.59343953749692,103.98549678089468,101.73114213822127,102.48853302001953,16365500,0.0,0.0
2023-04-05 00:00:00-04:00,102.78256055966354,104.25279362425464,101.85586824500108,104.24388122558594,16479500,0.0,0.0
2023-04-06 00:00:00-04:00,104.12805638319499,104.41319198212729,102.26575919159893,102.5152587890625,15778000,0.0,0.0
2023-04-10 00:00:00-04:00,102.27467153273818,103.52214232666908,101.7311307353695,102.06082153320312,13006600,0.0,0.0
2023-04-11 00:00:00-04:00,102.43505348189714,103.53995299915736,101.91824312127746,102.78256225585938,11758500,0.0,0.0
2023-04-12 00:00:00-04:00,103.50432797565166,103.88747278916813,102.40833394282146,102.67565155029297,10919000,0.0,0.0
2023-04-13 00:00:00-04:00,102.11428056815093,103.26373534280415,101.69548617759872,103.15680694580078,12399700,0.0,0.0
2023-04-14 00:00:00-04:00,103.27265223263245,103.94985184676241,102.57763461731156,103.40631103515625,11530800,0.0,0.0
2023-04-17 00:00:00-04:00,102.90732206735247,103.81619651637644,101.9538992147767,102.2033920288086,13260400,0.0,0.0
2023-04-18 00:00:00-04:00,101.92716911850628,104.4399288644819,101.84697791297111,104.19934844970703,17436100,0.0,0.0
2023-04-19 00:00:00-04:00,103.43304699042855,104.1637074455372,103.15681697086725,103.86965942382812,10682600,0.0,0.0
2023-04-20 00:00:00-04:00,102.58654026849399,103.07662027859556,100.89355142960301,103.04097747802734,17038700,0.0,0.0
2023-04-21 00:00:00-04:00,103.79836650701868,104.14587530886092,102.7023793006452,103.37066650390625,14315300,0.0,0.0
2023-04-24 00:00:00-04:00,103.29046763817986,105.9368860286054,103.2548248385246,105.32205963134766,15831300,0.0,0.0
2023-04-25 00:00:00-04:00,104.74288292644243,104.91217772724659,103.03206253229023,103.8250961303711,12179800,0.0,0.0
2023-04-26 00:00:00-04:00,103.38847631573744,104.33298664612074,102.18556080478032,102.87166595458984,15566100,0.0,0.0
2023-04-27 00:00:00-04:00,103.02314924242684,104.26170754691421,102.36376769467202,104.101318359375,16279200,0.0,0.0
2023-04-28 00:00:00-04:00,104.47557460611976,106.85467561164513,104.10133537341973,105.44681549072266,24381900,0.0,0.0
2023-05-01 00:00:00-04:00,103.35284386071824,104.5201234895178,101.98062662561837,102.1766586303711,17355000,0.0,0.0
2023-05-02 00:00:00-04:00,101.52618699926603,101.52618699926603,97.38280526899065,98.10455322265625,24324100,0.0,0.0
2023-05-03 00:00:00-04:00,97.19569074727107,97.84615313991577,96.01950556235205,96.17098236083984,16212300,0.0,0.0
2023-05-04 00:00:00-04:00,96.14426089143053,96.90165175239004,94.37107394905817,94.48690795898438,17177200,0.0,0.0
2023-05-05 00:00:00-04:00,96.72344516412792,97.50756643259967,95.81457068655182,96.83927917480469,14968200,0.0,0.0
2023-05-08 00:00:00-04:00,98.46097810501533,98.8797724932595,97.16004654040351,97.22241973876953,11187800,0.0,0.0
2023-05-09 00:00:00-04:00,96.53631830893937,98.22040844521206,96.4204842987913,97.24916076660156,11370800,0.0,0.0
2023-05-10 00:00:00-04:00,97.78378537222035,98.02437258145902,95.08390605674359,96.0016860961914,14884800,0.0,0.0
2023-05-11 00:00:00-04:00,94.88786158408007,95.18190955755892,93.49782650678847,94.26412963867188,17165900,0.0,0.0
2023-05-12 00:00:00-04:00,94.72747367060649,95.35121242256007,93.36416897292719,94.25521850585938,12613300,0.0,0.0
2023-05-15 00:00:00-04:00,94.83045605886238,95.20794271508997,93.99458883026703,94.43498992919922,13715600,0.91,0.0
2023-05-16 00:00:00-04:00,94.03949571490236,94.20127664170732,91.69367570480931,92.14306640625,14795200,0.0,0.0
2023-05-17 00:00:00-04:00,92.92502348707713,94.57878509734566,92.43968062940567,94.21028137207031,14064700,0.0,0.0
2023-05-18 00:00:00-04:00,93.96760974788424,95.1899531518068,93.59011630170319,95.06411743164062,12005600,0.0,0.0
2023-05-19 00:00:00-04:00,95.78314430201911,96.2145624397153,95.10905817616542,95.50452423095703,13359600,0.0,0.0
2023-05-22 00:00:00-04:00,95.12703596276837,96.20557793708879,94.26420649760746,94.34510040283203,12882000,0.0,0.0
2023-05-23 00:00:00-04:00,95.26184451749512,97.26613017975869,95.04613888824953,95.6303482055664,14394400,0.0,0.0
2023-05-24 00:00:00-04:00,96.51116208950495,97.52678964767736,95.92695955732621,96.69990539550781,16340300,0.0,0.0
2023-05-25 00:00:00-04:00,95.21691345792236,95.65731446900327,94.1114092055992,94.96525573730469,14316500,0.0,0.0
2023-05-26 00:00:00-04:00,95.69327272786327,96.12468403186422,94.21927153440184,94.34510040283203,12370300,0.0,0.0
2023-05-30 00:00:00-04:00,92.83515299165971,93.58114337104149,92.22398122473334,93.50923919677734,11938000,0.0,0.0
2023-05-31 00:00:00-04:00,91.93636804761347,92.61045422826227,91.44203543894065,91.8375015258789,24926100,0.0,0.0
2023-06-01 00:00:00-04:00,91.4510247828361,94.89335984298441,91.01062373337051,92.89806365966797,13551900,0.0,0.0
2023-06-02 00:00:00-04:00,94.51587766757163,95.38769007173461,93.94964086308077,95.05514526367188,14112000,0.0,0.0
2023-06-05 00:00:00-04:00,96.3403919230926,96.3403919230926,94.45294527279351,94.63270568847656,10628000,0.0,0.0
2023-06-06 00:00:00-04:00,93.60811441483591,95.51352720966214,93.45532317320553,95.40567779541016,12209800,0.0,0.0
2023-06-07 00:00:00-04:00,95.98087615547195,97.86831591334528,95.92695146035398,97.54475402832031,16027100,0.0,0.0
2023-06-08 00:00:00-04:00,97.76047729479522,98.09302897469408,95.18097834150674,97.23918914794922,13517100,0.0,0.0
2023-06-09 00:00:00-04:00,97.48185291186412,97.61667152523046,96.31344092939476,96.52015686035156,12251600,0.0,0.0
2023-06-12 00:00:00-04:00,95.1000658099838,96.22354265532303,94.87537044091597,95.64832305908203,14112000,0.0,0.0
2023-06-13 00:00:00-04:00,96.51116319020267,97.37399268055299,95.52250482774872,95.66631317138672,13533800,0.0,0.0
2023-06-14 00:00:00-04:00,96.57408060892152,97.16727975901026,93.82381109491601,94.51587677001953,16627700,0.0,0.0
2023-06-15 00:00:00-04:00,94.82144993945623,96.19658456181193,94.7675252427862,95.1719741821289,16224100,0.0,0.0
2023-06-16 00:00:00-04:00,95.59440352357946,95.96290038301437,94.33610801746352,94.48889923095703,43128900,0.0,0.0
2023-06-20 00:00:00-04:00,94.08444099184157,94.16532802964313,91.78356271004371,92.32283020019531,17514100,0.0,0.0
2023-06-21 00:00:00-04:00,92.125104548851,94.03950669187438,91.97231333824416,93.35643768310547,13285700,0.0,0.0
2023-06-22 00:00:00-04:00,92.4306859464206,93.37440926201596,92.25992212469889,92.84413146972656,12455300,0.0,0.0
2023-06-23 00:00:00-04:00,92.20598873286652,92.41271149039632,91.3341764573638,92.03522491455078,17933600,0.0,0.0
2023-06-26 00:00:00-04:00,91.85546793678613,94.29117187266951,91.85546793678613,93.73392486572266,14283400,0.0,0.0
2023-06-27 00:00:00-04:00,93.51821485505772,94.02153028482113,92.817159547255,93.96760559082031,13227500,0.0,0.0
2023-06-28 00:00:00-04:00,93.75189957486727,95.10906161059825,92.75425152400555,94.73157501220703,13084100,0.0,0.0
2023-06-29 00:00:00-04:00,94.96526706757078,95.9269631044756,94.48890705995747,95.89999389648438,11364400,0.0,0.0
2023-06-30 00:00:00-04:00,96.45723205881025,96.96054751366715,95.99885156547482,96.39431762695312,13544700,0.0,0.0
2023-07-03 00:00:00-04:00,96.61001593516457,97.48183503695695,96.23252937268485,96.58305358886719,7397000,0.0,0.0
2023-07-05 00:00:00-04:00,96.73586211570444,96.99650960519409,95.36072735097176,96.0887451171875,12491200,0.0,0.0
2023-07-06 00:00:00-04:00,94.45296386109843,95.01920071048681,92.06220814786322,92.50260925292969,17961400,0.0,0.0
2023-07-07 00:00:00-04:00,91.60382097959206,93.47328839317383,91.28025904811985,92.71831512451172,21929200,0.0,0.0
2023-07-10 00:00:00-04:00,92.547531921531,94.14736189039908,92.34979889487833,94.09343719482422,14877600,0.0,0.0
2023-07-11 00:00:00-04:00,94.60574715280292,95.41465191307681,94.20129134408648,95.24388122558594,12576500,0.0,0.0
2023-07-12 00:00:00-04:00,96.16961550759547,96.75382482369945,95.38767317461092,95.71123504638672,13238200,0.0,0.0
2023-07-13 00:00:00-04:00,95.24387597420039,95.47756108254144,92.86210364472208,93.9586181640625,26826800,0.0,0.0
2023-07-14 00:00:00-04:00,93.51822609243841,93.51822609243841,90.35451109250127,90.72301483154297,28181900,0.0,0.0
2023-07-17 00:00:00-04:00,90.52526941320517,91.37910905418076,90.07587868486888,91.11846160888672,18051300,0.0,0.0
2023-07-18 00:00:00-04:00,90.70503997802734,91.8554793612464,90.18374498964384,90.70503997802734,24617800,0.0,0.0
2023-07-19 00:00:00-04:00,90.82187753475763,92.03523124466238,90.59718214932495,91.33418273925781,15556500,0.0,0.0
2023-07-20 00:00:00-04:00,92.16106596332232,93.16770382255038,91.9992850012528,92.94300842285156,15740200,0.0,0.0
2023-07-21 00:00:00-04:00,93.61710268800303,93.81482889676016,92.80819780796014,93.37442779541016,17121500,0.0,0.0
2023-07-24 00:00:00-04:00,93.79683357754723,95.41464294605404,93.43731962263922,94.83941650390625,15090900,0.0,0.0
2023-07-25 00:00:00-04:00,94.42597599941557,95.35171978652228,93.95861266723406,94.98322296142578,14116100,0.0,0.0
2023-07-26 00:00:00-04:00,94.47092136403585,95.01917861223208,94.04849297373791,94.45294189453125,15159600,0.0,0.0
2023-07-27 00:00:00-04:00,95.27085248461927,96.16064437555582,94.1383857143257,94.74955749511719,17677900,0.0,0.0
2023-07-28 00:00:00-04:00,94.4709434343238,94.51588526142612,91.96334171096753,93.61710357666016,17566400,0.0,0.0
2023-07-31 00:00:00-04:00,94.54283216187589,96.94257722224627,94.54283216187589,96.38533020019531,24197000,0.0,0.0
2023-08-01 00:00:00-04:00,96.12468719223921,96.45723884525776,94.84841899496682,95.82809448242188,14177400,0.0,0.0
2023-08-02 00:00:00-04:00,95.50452484735288,95.612374239604,93.98558190633503,94.63270568847656,13484100,0.0,0.0
2023-08-03 00:00:00-04:00,95.1719767672266,96.96055011267151,94.64169894981106,96.27748107910156,16280400,0.0,0.0
2023-08-04 00:00:00-04:00,97.03246203409134,98.18290140060732,96.46623208696036,96.547119140625,14279600,0.0,0.0
2023-08-07 00:00:00-04:00,96.97852402027218,97.44588737733368,95.72921829931855,96.34937286376953,12410800,0.0,0.0
2023-08-08 00:00:00-04:00,95.30679402335704,96.84370961291643,94.22825207578562,96.82573699951172,14065600,0.0,0.0
2023-08-09 00:00:00-04:00,97.7065418120592,99.24345744496048,97.34702781939689,98.47050476074219,19919600,0.0,0.0
2023-08-10 00:00:00-04:00,99.0367303452939,100.33097097271981,98.36264425659935,98.97381591796875,15837200,0.0,0.0
2023-08-11 00:00:00-04:00,99.19852947969004,100.72645548484553,98.91091963670219,100.51074981689453,14047000,0.0,0.0
2023-08-14 00:00:00-04:00,100.37591576415251,100.64555295048797,99.56701106230463,100.59162139892578,12973400,0.0,0.0
2023-08-15 00:00:00-04:00,100.35604062722989,100.4557176089135,97.83694653748933,98.00911712646484,14909600,0.91,0.0
2023-08-16 00:00:00-04:00,98.11783306694896,99.06929248063209,96.3055346891675,96.35990142822266,13695100,0.0,0.0
2023-08-17 00:00:00-04:00,97.33854847291556,99.81233890877247,97.33854847291556,98.22657775878906,16709500,0.0,0.0
2023-08-18 00:00:00-04:00,97.53791714223752,99.85765730546963,97.51979719681208,99.71267700195312,16224000,0.0,0.0
2023-08-21 00:00:00-04:00,100.0026398309279,100.56445489995404,97.99098722789802,98.50749206542969,11092400,0.0,0.0
2023-08-22 00:00:00-04:00,98.92430654066841,99.42269136619707,97.81880341012833,97.95472717285156,10518800,0.0,0.0
2023-08-23 00:00:00-04:00,96.9942179864499,97.22981873068366,95.79810123526576,97.0938949584961,11435600,0.0,0.0
2023-08-24 00:00:00-04:00,96.43239531580625,97.65569534185502,96.11524448140393,96.36896514892578,10818500,0.0,0.0
2023-08-25 00:00:00-04:00,97.34761795809537,98.70684188551175,96.61363924956906,98.09066009521484,13579300,0.0,0.0
2023-08-28 00:00:00-04:00,98.27189581179333,99.71267689625898,98.26283929577572,98.91526794433594,10382100,0.0,0.0
2023-08-29 00:00:00-04:00,99.36833271234048,99.69454009070303,98.24470263487376,99.5042495727539,9665000,0.0,0.0
2023-08-30 00:00:00-04:00,100.07513778782014,100.70943957610159,99.65830991075363,100.47383880615234,11922100,0.0,0.0
2023-08-31 00:00:00-04:00,100.69131530729383,100.96315595629756,100.23824064558362,100.75474548339844,17479800,0.0,0.0
2023-09-01 00:00:00-04:00,101.66994163321985,103.13790588607655,101.66994163321985,102.86605834960938,14843500,0.0,0.0
2023-09-05 00:00:00-04:00,103.39162686037311,104.959268086835,102.84793869926247,102.8751220703125,18304000,0.0,0.0
2023-09-06 00:00:00-04:00,102.82982045010745,103.83563976237589,102.60328313646578,103.76315307617188,13325500,0.0,0.0
2023-09-07 00:00:00-04:00,103.89001542558105,104.97739178671779,103.0291694690917,103.25570678710938,13248500,0.0,0.0
2023-09-08 00:00:00-04:00,103.78126777877344,105.15861844765047,103.5909772745279,104.7599105834961,14283200,0.0,0.0
2023-09-11 00:00:00-04:00,105.27642530784502,105.72949995507909,102.91137509621349,103.44600677490234,14383600,0.0,0.0
2023-09-12 00:00:00-04:00,104.51524824348492,106.62657759594177,104.45181807429981,106.46347045898438,20145800,0.0,0.0
2023-09-13 00:00:00-04:00,106.39098213682325,106.88936005464006,105.02269489304977,105.51201629638672,13472800,0.0,0.0
2023-09-14 00:00:00-04:00,106.51786098850923,107.5236873401983,106.31850702138225,107.39682006835938,15210700,0.0,0.0
2023-09-15 00:00:00-04:00,106.83499521966593,107.3877468010694,105.56638491950433,105.74761199951172,34568400,0.0,0.0
2023-09-18 00:00:00-04:00,106.49971878275336,107.14308391180728,105.74761325638057,106.59939575195312,14045300,0.0,0.0
2023-09-19 00:00:00-04:00,107.48743781843028,107.68678486714644,105.66607569880067,106.3185043334961,12562900,0.0,0.0
2023-09-20 00:00:00-04:00,105.60264465597915,106.94374180442486,105.4032906955254,105.47578430175781,11879900,0.0,0.0
2023-09-21 00:00:00-04:00,106.00133740673995,106.35473504483376,103.84469786687843,103.98968505859375,14400600,0.0,0.0
2023-09-22 00:00:00-04:00,104.85051806346839,105.72948385136603,104.0349824399876,104.15278625488281,13197300,0.0,0.0
2023-09-25 00:00:00-04:00,104.28872260489598,105.70232025446639,104.0531287577765,105.32173919677734,11316000,0.0,0.0
2023-09-26 00:00:00-04:00,104.6602336648645,105.77480023408735,104.5424367564791,105.48483276367188,11805400,0.0,0.0
2023-09-27 00:00:00-04:00,106.82592602930308,109.19097593668592,106.38191486787663,108.91912841796875,23976200,0.0,0.0
2023-09-28 00:00:00-04:00,108.71979799911327,109.37221969954325,107.09778989351744,108.25765991210938,16808100,0.0,0.0
2023-09-29 00:00:00-04:00,107.92238020955287,107.99487381273642,105.77481079386165,106.54503631591797,18813600,0.0,0.0
2023-10-02 00:00:00-04:00,106.49972302753714,106.73532377443335,103.79940206350716,104.77803802490234,14395000,0.0,0.0
2023-10-03 00:00:00-04:00,104.60587662070903,105.51202591392135,104.23435209207415,104.95927429199219,13297100,0.0,0.0
2023-10-04 00:00:00-04:00,103.34632795628143,103.3825678436478,100.12949525294282,101.03564453125,19622200,0.0,0.0
2023-10-05 00:00:00-04:00,99.49519319466137,100.49195601483106,98.49842346112135,98.7612075805664,20128800,0.0,0.0
2023-10-06 00:00:00-04:00,95.80716453403502,98.10877757625113,95.24534950265924,97.11201477050781,25367500,0.0,0.0
2023-10-09 00:00:00-04:00,100.07513063881703,101.55215150508566,99.24146803086683,100.51007843017578,22369900,0.0,0.0
2023-10-10 00:00:00-04:00,100.60068753956887,100.99033199688212,99.78515873840313,100.08418273925781,13892000,0.0,0.0
2023-10-11 00:00:00-04:00,96.9217102898032,97.11200077784171,94.99161512823899,96.49581909179688,57939000,0.0,0.0
2023-10-12 00:00:00-04:00,97.49259730331303,97.71913462235229,96.13337338907755,96.47771453857422,31183000,0.0,0.0
2023-10-13 00:00:00-04:00,97.89130599097514,99.85764827697349,97.71913541483055,99.55862426757812,30276500,0.0,0.0
2023-10-16 00:00:00-04:00,100.12949601724083,100.29260316511595,98.88806900767075,99.63111114501953,18452000,0.0,0.0
2023-10-17 00:00:00-04:00,99.43176230054604,101.30749101029969,99.38645207176101,100.93596649169922,19775400,0.0,0.0
2023-10-18 00:00:00-04:00,101.32561734914349,102.74827151432137,101.21687694121823,102.34956359863281,23380300,0.0,0.0
2023-10-19 00:00:00-04:00,102.141138515103,103.27382501050049,100.88159168529057,102.41297912597656,20972500,0.0,0.0
2023-10-20 00:00:00-04:00,102.32237110717745,102.68483218792579,100.39227570374482,100.65505981445312,22445300,0.0,0.0
2023-10-23 00:00:00-04:00,100.24729601674534,100.54632694926924,98.48030762159607,99.17803955078125,18185000,0.0,0.0
2023-10-24 00:00:00-04:00,99.40457503328956,99.51331543765295,97.97286439937595,98.21752166748047,16786100,0.0,0.0
2023-10-25 00:00:00-04:00,98.33532012997792,99.22334949611849,97.9819224519655,98.39875030517578,22047300,0.0,0.0
2023-10-26 00:00:00-04:00,97.36573943045822,98.1722117536498,96.50490036159502,97.50166320800781,18768300,0.0,0.0
2023-10-27 00:00:00-04:00,98.67058560053748,99.54955142858866,95.10941897646228,95.64405059814453,23092000,0.0,0.0
2023-10-30 00:00:00-04:00,95.81622436876351,96.43240616494147,95.33596634929859,95.94308471679688,19379900,0.0,0.0
2023-10-31 00:00:00-04:00,95.6712439171032,96.196812165719,94.72884782373468,95.91590118408203,22185200,0.0,0.0
2023-11-01 00:00:00-04:00,96.5320888207632,97.11202384971942,95.56250929609851,95.72561645507812,28984900,0.0,0.0
2023-11-02 00:00:00-04:00,95.94308409946491,98.9424429430502,95.59874985892857,98.86994934082031,25212700,0.0,0.0
2023-11-03 00:00:00-04:00,98.22658709762725,98.570921348405,96.54114881919033,97.6647720336914,30555600,0.0,0.0
2023-11-06 00:00:00-05:00,98.0181600667999,98.1087736066793,95.8434005428444,95.93402099609375,19097300,0.0,0.0
2023-11-07 00:00:00-05:00,94.66541795214418,95.01881562411467,93.59616150753924,94.42981719970703,20272500,0.0,0.0
2023-11-08 00:00:00-05:00,93.99486540776901,95.0550583785427,93.23369643744445,93.26994323730469,19184100,0.0,0.0
2023-11-09 00:00:00-05:00,93.940499595573,94.21234716053966,93.20652084888209,93.29713439941406,18380500,0.0,0.0
2023-11-10 00:00:00-05:00,94.17609237196733,94.61104705635773,93.2518231735217,94.01298522949219,17825500,0.0,0.0
2023-11-13 00:00:00-05:00,94.2848348022277,95.27253419327847,94.06735399866307,95.00068664550781,15308400,0.0,0.0
2023-11-14 00:00:00-05:00,95.37560901438927,95.85111232279556,94.98240153804662,95.36646270751953,18260500,0.95,0.0
2023-11-15 00:00:00-05:00,95.06470118366416,96.15288151741152,94.64406174642619,94.79037475585938,20137600,0.0,0.0
2023-11-16 00:00:00-05:00,94.09540036254214,94.43373698224751,92.49513847534445,93.69304656982422,22469100,0.0,0.0
2023-11-17 00:00:00-05:00,94.24171253498592,96.40892700074919,93.95823978614435,95.97914123535156,22984900,0.0,0.0
2023-11-20 00:00:00-05:00,96.3632105557336,96.8204283061004,95.49449962067237,95.55850982666016,17458800,0.0,0.0
2023-11-21 00:00:00-05:00,95.29331040478735,95.74138178891646,94.38802132925638,95.52191925048828,14989000,0.0,0.0
2023-11-22 00:00:00-05:00,93.80278495608295,95.21101630851845,93.21754685852383,95.11042785644531,18072000,0.0,0.0
2023-11-24 00:00:00-05:00,95.11957053929352,96.44550610126133,95.01898906026435,95.62251281738281,9480800,0.0,0.0
2023-11-27 00:00:00-05:00,95.19271001563982,95.46704338670983,94.35143124335336,95.06468963623047,18013500,0.0,0.0
2023-11-28 00:00:00-05:00,95.32072365116314,95.93340053966129,94.99152641980461,95.00981903076172,20629500,0.0,0.0
2023-11-29 00:00:00-05:00,95.34816576894262,95.63164545634227,92.94320343879916,93.58330535888672,26802100,0.0,0.0
2023-11-30 00:00:00-05:00,94.28744030956062,95.5402193943017,93.09867142759676,93.9490966796875,29254700,0.0,0.0
2023-12-01 00:00:00-05:00,93.7296324460029,95.30246251647294,93.47359163947777,94.17770385742188,17845300,0.0,0.0
2023-12-04 00:00:00-05:00,93.39127027000688,94.51602870562465,92.89747439412011,93.66560363769531,21523900,0.0,0.0
2023-12-05 00:00:00-05:00,93.51930534059174,93.583315539564,91.7087271544689,91.84589385986328,22250300,0.0,0.0
2023-12-06 00:00:00-05:00,91.4435236209471,92.10191810727189,89.92555778007754,90.62967681884766,31154800,0.0,0.0
2023-12-07 00:00:00-05:00,91.31553051578796,92.21167340800179,89.69697575745535,89.99874114990234,29990700,0.0,0.0
2023-12-08 00:00:00-05:00,90.5473944415933,91.25151363916868,90.30049994183113,91.03205108642578,22074900,0.0,0.0
2023-12-11 00:00:00-05:00,91.26065272282312,91.3155166125186,90.14504045509337,91.09605407714844,22252300,0.0,0.0
2023-12-12 00:00:00-05:00,90.23648454523719,90.23648454523719,89.1391648681039,89.66039276123047,26084000,0.0,0.0
2023-12-13 00:00:00-05:00,89.65124723748455,90.55653632786162,89.30376429789246,90.45594787597656,19915400,0.0,0.0
2023-12-14 00:00:00-05:00,91.30636009857773,93.40041769912345,91.1874860253299,92.88833618164062,26165700,0.0,0.0
2023-12-15 00:00:00-05:00,91.98304557501308,92.3579674053216,91.7270048014306,92.26652526855469,55527000,0.0,0.0
2023-12-18 00:00:00-05:00,93.39127949088578,94.28742920077259,92.833473371009,92.95235443115234,21610400,0.0,0.0
2023-12-19 00:00:00-05:00,93.2724147267541,94.36059513107463,93.08038412186026,94.17770385742188,18904700,0.0,0.0
2023-12-20 00:00:00-05:00,94.6440755493153,95.04642940734753,92.47686087299071,92.6048812866211,20988900,0.0,0.0
2023-12-21 00:00:00-05:00,92.78775754711052,93.28155348110471,92.18422685781046,93.0255126953125,19250900,0.0,0.0
2023-12-22 00:00:00-05:00,93.55587014990832,94.13196883446217,93.10779882149,93.19010162353516,12927800,0.0,0.0
2023-12-26 00:00:00-05:00,93.94909627661626,94.21428339458089,93.38215076204737,93.40043640136719,16835100,0.0,0.0
2023-12-27 00:00:00-05:00,93.30898500053137,93.77534898772069,92.66887606237994,92.96150207519531,14558800,0.0,0.0
2023-12-28 00:00:00-05:00,92.71459867136429,92.9157755626503,91.56240818819128,91.61727905273438,16329300,0.0,0.0
2023-12-29 00:00:00-05:00,91.78188407144494,91.98305400012299,91.09605751799366,91.42525482177734,17746400,0.0,0.0
2024-01-02 00:00:00-05:00,92.28481906540767,94.27828852018206,92.22080886635206,93.60160827636719,23483000,0.0,0.0
2024-01-03 00:00:00-05:00,93.51929799883045,94.7537912738772,92.96149886677013,94.38801574707031,23490800,0.0,0.0
2024-01-04 00:00:00-05:00,95.17444126992494,95.62251267737382,93.31813846247665,93.56503295898438,19395200,0.0,0.0
2024-01-05 00:00:00-05:00,94.34229906873207,94.55262228160166,93.39128541024807,93.84850311279297,15827400,0.0,0.0
2024-01-08 00:00:00-05:00,92.11109018662113,92.39456295665649,90.43767156173872,92.28482818603516,23370100,0.0,0.0
2024-01-09 00:00:00-05:00,92.62317269047301,92.62317269047301,90.70285953458252,91.14178466796875,19496600,0.0,0.0
2024-01-10 00:00:00-05:00,91.26065988488222,91.26065988488222,89.76098631841448,90.24563598632812,18206100,0.0,0.0
2024-01-11 00:00:00-05:00,90.56567665526471,90.98631607328734,90.12674462360442,90.22733306884766,15833400,0.0,0.0
2024-01-12 00:00:00-05:00,91.5715568414088,92.03792083074089,90.68455342160418,91.39781188964844,18041700,0.0,0.0
2024-01-16 00:00:00-05:00,91.27892901443693,91.45267394946711,89.18487139421582,89.33118438720703,20235700,0.0,0.0
2024-01-17 00:00:00-05:00,88.33445589301563,89.57808856203434,88.31617025520136,88.68194580078125,18384000,0.0,0.0
2024-01-18 00:00:00-05:00,88.70023353197607,88.78252936896494,87.62119948417303,88.51734924316406,20940300,0.0,0.0
2024-01-19 00:00:00-05:00,88.44419425995042,88.71852069789213,88.16072151443409,88.65451049804688,20088400,0.0,0.0
2024-01-22 00:00:00-05:00,88.4258869002343,88.79166239975392,87.57546182890081,88.5356216430664,19955900,0.0,0.0
2024-01-23 00:00:00-05:00,88.52649456409662,90.07189272250388,88.45334502957525,89.53237915039062,15863400,0.0,0.0
2024-01-24 00:00:00-05:00,89.90729019734543,91.12349098008332,89.3769159794703,91.07776641845703,17330600,0.0,0.0
2024-01-25 00:00:00-05:00,91.72701653947804,93.43701331985284,91.09606083143325,93.39128875732422,22089500,0.0,0.0
2024-01-26 00:00:00-05:00,93.24496899650306,94.25999274132299,92.53171057616207,94.18683624267578,20817200,0.0,0.0
2024-01-29 00:00:00-05:00,94.1685653619353,94.36973529985563,93.14439515015646,94.30572509765625,18317500,0.0,0.0
2024-01-30 00:00:00-05:00,93.6473375495015,95.90598724502888,93.36385781662871,95.87855529785156,19610900,0.0,0.0
2024-01-31 00:00:00-05:00,95.77795246936326,95.90597285470763,93.9765137914047,94.01309204101562,22415300,0.0,0.0
2024-02-01 00:00:00-05:00,94.70807767086099,95.1104314945441,92.92493136424481,93.62904357910156,19240700,0.0,0.0
2024-02-02 00:00:00-05:00,94.8726582465247,95.10126706157656,92.9157673478077,93.24496459960938,21973400,0.0,0.0
2024-02-05 00:00:00-05:00,92.76946701792436,93.61989220504073,91.90075619280678,92.86091613769531,17190900,0.0,0.0
2024-02-06 00:00:00-05:00,93.33640083517882,94.22340409781086,92.87918323395299,93.5009994506836,13347900,0.0,0.0
2024-02-07 00:00:00-05:00,93.50101898168259,93.93995104024414,92.52257338973976,93.47358703613281,13826800,0.0,0.0
2024-02-08 00:00:00-05:00,93.58331081703531,95.48533802849734,93.3729945924205,95.07384490966797,19636900,0.0,0.0
2024-02-09 00:00:00-05:00,95.19272417879294,95.86940442443407,92.99807781346694,93.06208801269531,20410500,0.0,0.0
2024-02-12 00:00:00-05:00,93.41872566586225,94.55262363091005,93.27241265019747,94.34230041503906,18173100,0.0,0.0
2024-02-13 00:00:00-05:00,94.84068464207732,95.1452474618783,92.84714414105372,93.53011322021484,18917400,0.95,0.0
2024-02-14 00:00:00-05:00,94.01926939803977,94.71146975287775,92.68101115383067,93.06864166259766,17651300,0.0,0.0
2024-02-15 00:00:00-05:00,92.84713653915107,95.92973901524957,92.84713653915107,95.73592376708984,23196300,0.0,0.0
2024-02-16 00:00:00-05:00,95.99434409796947,96.56655853308125,95.5421014775042,95.73592376708984,20151400,0.0,0.0
2024-02-20 00:00:00-05:00,95.83744591489942,96.09587330314265,94.73915944092764,94.83145141601562,17650000,0.0,0.0
2024-02-21 00:00:00-05:00,95.08063699961505,96.88959344448557,95.05295011223686,96.76960754394531,20991300,0.0,0.0
2024-02-22 00:00:00-05:00,96.13278745702674,97.28645470065604,95.47749826619038,96.6865463256836,20470700,0.0,0.0
2024-02-23 00:00:00-05:00,95.87435868695363,96.0681739360968,94.95142490545703,95.83744049072266,15975900,0.0,0.0
2024-02-26 00:00:00-05:00,95.72669703162295,96.85267741976382,95.10833306155419,96.21585083007812,13360800,0.0,0.0
2024-02-27 00:00:00-05:00,96.61272585666688,97.04650593839892,95.84668899069017,96.0128173828125,16360000,0.0,0.0
2024-02-28 00:00:00-05:00,96.41889038492766,97.30490594359367,95.98511039401888,96.28044891357422,14810500,0.0,0.0
2024-02-29 00:00:00-05:00,96.61270726785996,96.97265087463205,96.18815857888329,96.46503448486328,17566100,0.0,0.0
2024-03-01 00:00:00-05:00,97.57257153201556,98.19093554555035,97.25877034930612,97.68331909179688,18460100,0.0,0.0
2024-03-04 00:00:00-05:00,97.51718425574997,97.6925368816105,96.01279772361131,96.31736755371094,18138000,0.0,0.0
2024-03-05 00:00:00-05:00,96.4742612624355,98.08016397424754,96.28044602492591,97.49871826171875,19952700,0.0,0.0
2024-03-06 00:00:00-05:00,98.4032067949697,99.27999111071071,97.96942677130318,98.54164123535156,20472800,0.0,0.0
2024-03-07 00:00:00-05:00,98.38475017737025,99.65840343799408,98.38475017737025,99.09541320800781,15195400,0.0,0.0
2024-03-08 00:00:00-05:00,98.96620428968892,100.04603525286603,98.54164850311797,100.02757263183594,16281500,0.0,0.0
2024-03-11 00:00:00-04:00,99.90757684907675,100.71053173372388,99.0677037700455,100.61823272705078,17577300,0.0,0.0
2024-03-12 00:00:00-04:00,100.65515991046864,100.85820647700166,99.70453920481519,99.9721908569336,14957200,0.0,0.0
2024-03-13 00:00:00-04:00,100.72899984319686,101.84574895691982,100.70131295432027,101.08894348144531,17122200,0.0,0.0
2024-03-14 00:00:00-04:00,101.36582179680171,102.95326907278616,101.23661162702867,102.87943267822266,22121000,0.0,0.0
2024-03-15 00:00:00-04:00,102.30721657717463,103.64547489385657,102.30721657717463,102.6948471069336,38264400,0.0,0.0
2024-03-18 00:00:00-04:00,103.174779045638,104.16231801324038,102.5379524166908,103.64547729492188,16770500,0.0,0.0
2024-03-19 00:00:00-04:00,103.57163248134262,104.74375531272203,103.42395969300367,104.37458038330078,14878800,0.0,0.0
2024-03-20 00:00:00-04:00,104.03310618222478,104.66070149083187,103.48857154141751,104.28229522705078,16119700,0.0,0.0
2024-03-21 00:00:00-04:00,104.21768715001254,105.13139671817069,103.89466171545347,104.74375915527344,14878000,0.0,0.0
2024-03-22 00:00:00-04:00,104.73453488673344,104.92835014746888,104.125395174628,104.74375915527344,14701900,0.0,0.0
2024-03-25 00:00:00-04:00,105.05757128762087,106.8572896404735,105.05757128762087,105.81437683105469,14011700,0.0,0.0
2024-03-26 00:00:00-04:00,105.82358476206986,106.11892327373482,104.66991760065584,105.0206298828125,13152300,0.0,0.0
2024-03-27 00:00:00-04:00,104.7345261047967,106.1927560930239,104.669921023302,106.10969543457031,12415700,0.0,0.0
2024-03-28 00:00:00-04:00,106.62655522164303,107.47565274264497,106.1927751502931,107.2818374633789,18482100,0.0,0.0
2024-04-01 00:00:00-04:00,107.43873325751116,108.20476300437278,106.48810547368141,107.97402954101562,13817000,0.0,0.0
2024-04-02 00:00:00-04:00,108.83236425901019,110.38289349923444,108.28783663558876,110.08755493164062,19919600,0.0,0.0
2024-04-03 00:00:00-04:00,110.27213116973012,110.52132019218655,109.57993083449722,110.10600280761719,16504300,0.0,0.0
2024-04-04 00:00:00-04:00,109.87528070764085,110.64131047291079,109.49687443875699,110.49364471435547,18467400,0.0,0.0
2024-04-05 00:00:00-04:00,110.73360959660855,112.73637441859718,110.41980841706827,112.01648712158203,21720600,0.0,0.0
2024-04-08 00:00:00-04:00,111.74883552989789,112.35796822724576,110.94588052190235,111.25968170166016,17513900,0.0,0.0
2024-04-09 00:00:00-04:00,111.67500472980906,112.27491318829593,111.06586496048877,111.84113311767578,14132300,0.0,0.0
2024-04-10 00:00:00-04:00,111.8780376588173,113.03170492218338,111.42580206317713,112.78250885009766,17409200,0.0,0.0
2024-04-11 00:00:00-04:00,113.2347633236621,113.2347633236621,111.06586300867647,112.40412139892578,17555900,0.0,0.0
2024-04-12 00:00:00-04:00,113.47470785812295,114.21305771446366,110.44748612169302,111.09354400634766,21556200,0.0,0.0
2024-04-15 00:00:00-04:00,111.75805917209796,112.31182512839716,110.24444818544717,110.45672607421875,15029500,0.0,0.0
2024-04-16 00:00:00-04:00,110.34597779319981,110.95511756343825,108.83236671987807,109.54302978515625,18082200,0.0,0.0
2024-04-17 00:00:00-04:00,109.41381864839765,110.15216155694898,108.09402286577463,109.4876480102539,14538600,0.0,0.0
2024-04-18 00:00:00-04:00,109.82913503121054,110.49364857147307,108.8785142327788,109.38612365722656,13821400,0.0,0.0
2024-04-19 00:00:00-04:00,109.97679757925351,111.61038734551809,109.78297528023154,110.64130401611328,21572400,0.0,0.0
2024-04-22 00:00:00-04:00,110.06908828070878,112.20106313104158,109.30305152757214,111.2688980102539,16340700,0.0,0.0
2024-04-23 00:00:00-04:00,110.75205419385357,111.73036175264296,110.24443779556135,111.70267486572266,13929800,0.0,0.0
2024-04-24 00:00:00-04:00,111.02894524070491,111.91496089388144,110.18907205528436,111.72114562988281,12101200,0.0,0.0
2024-04-25 00:00:00-04:00,111.70268550302308,112.37643032842296,110.19830582520981,111.97956848144531,16041000,0.0,0.0
2024-04-26 00:00:00-04:00,109.82913001941046,109.92142199769607,107.26337499936676,108.86927795410156,27289500,0.0,0.0
2024-04-29 00:00:00-04:00,108.68468678717828,110.79820604440889,108.68468678717828,110.4197998046875,17309900,0.0,0.0
2024-04-30 00:00:00-04:00,109.93065600618448,110.93665056461488,108.88774324724837,109.15538787841797,21083300,0.0,0.0
2024-05-01 00:00:00-04:00,109.16460606508394,109.33996573604759,106.74652407478992,107.08800506591797,27777700,0.0,0.0
2024-05-02 00:00:00-04:00,107.30030008507684,108.22323401001643,106.96804330878442,107.2818374633789,25513600,0.0,0.0
2024-05-03 00:00:00-04:00,107.06031799316406,107.12492307581326,105.33442929749887,107.06031799316406,28023300,0.0,0.0
2024-05-06 00:00:00-04:00,107.678681308617,109.21997901532855,107.42949228882252,107.75251770019531,31401300,0.0,0.0
2024-05-07 00:00:00-04:00,108.24168896456321,108.5185719570153,106.99572958138282,107.21723175048828,30122000,0.0,0.0
2024-05-08 00:00:00-04:00,106.79267546645866,107.93711147451677,106.5157995349458,107.19876861572266,18957200,0.0,0.0
2024-05-09 00:00:00-04:00,107.24491698847129,109.39535467794686,107.23569271924485,109.31229400634766,17564000,0.0,0.0
2024-05-10 00:00:00-04:00,109.40458128615535,109.51533588495404,108.51856562004559,108.86927795410156,13648100,0.0,0.0
2024-05-13 00:00:00-04:00,109.29381891479288,109.866040405752,108.09400919955263,108.82312774658203,15060600,0.0,0.0
2024-05-14 00:00:00-04:00,108.66495800416332,109.54886396936223,108.37652687631063,109.48373413085938,15079100,0.95,0.0
2024-05-15 00:00:00-04:00,109.42791053074119,110.57233584940317,108.00435327656066,110.33042907714844,18244300,0.0,0.0
2024-05-16 00:00:00-04:00,110.29320929404695,111.00033831402159,109.3627789883087,109.6698226928711,15745200,0.0,0.0
2024-05-17 00:00:00-04:00,110.06990770923872,111.49346493737147,109.75355771486485,111.31668090820312,15104500,0.0,0.0
2024-05-20 00:00:00-04:00,111.4004226243749,111.54928778066761,110.30251458956432,110.4141616821289,11551300,0.0,0.0
2024-05-21 00:00:00-04:00,110.16294646315839,111.1398939970238,109.5860771346238,109.65120697021484,14495000,0.0,0.0
2024-05-22 00:00:00-04:00,109.28834641774027,109.28834641774027,106.96227057767611,107.44609832763672,17879300,0.0,0.0
2024-05-23 00:00:00-04:00,107.55773204455018,109.33485717262066,105.47357033873818,105.6131362915039,15979800,0.0,0.0
2024-05-24 00:00:00-04:00,106.85060529350903,107.07391366198803,105.17583512163291,105.5293960571289,12212900,0.0,0.0
2024-05-28 00:00:00-04:00,105.6224517986824,107.10183976873613,105.2037609743274,106.86923217773438,13978300,0.0,0.0
2024-05-29 00:00:00-04:00,106.56218117056476,106.58079375180014,104.96183991807457,105.72479248046875,13902000,0.0,0.0
2024-05-30 00:00:00-04:00,105.38984243139542,106.19001309884466,105.10141129497309,106.05975341796875,14683700,0.0,0.0
2024-05-31 00:00:00-04:00,106.18070625945501,109.31625176437834,106.05974577976713,109.10225677490234,29037400,0.0,0.0
2024-06-03 00:00:00-04:00,108.20904896178895,108.26487250938224,105.84575509920008,106.48774719238281,19589300,0.0,0.0
2024-06-04 00:00:00-04:00,105.13862482108132,105.22236014147737,103.20332807645812,104.83158111572266,19412200,0.0,0.0
2024-06-05 00:00:00-04:00,105.03628018667314,105.31541212724945,103.7243771026528,105.25028228759766,14863500,0.0,0.0
2024-06-06 00:00:00-04:00,104.90601919190675,106.10627516354214,104.310544351523,106.04114532470703,13154100,0.0,0.0
2024-06-07 00:00:00-04:00,105.87366952621038,106.90644777428768,104.83158498709432,104.90602111816406,13289200,0.0,0.0
2024-06-10 00:00:00-04:00,105.19444589072783,106.27374843010362,104.85949041979188,105.21305847167969,15239700,0.0,0.0
2024-06-11 00:00:00-04:00,104.66410093310402,104.83157866860654,103.56619291116967,104.36636352539062,12462400,0.0,0.0
2024-06-12 00:00:00-04:00,105.41774575189285,105.41774575189285,102.8497563817698,103.2126235961914,13606800,0.0,0.0
2024-06-13 00:00:00-04:00,103.12889198960139,103.14750457099905,102.08681458716984,102.38455200195312,14466900,0.0,0.0
2024-06-14 00:00:00-04:00,102.36594452347974,102.54272856247057,101.03542883201787,101.51925659179688,13313400,0.0,0.0
2024-06-17 00:00:00-04:00,101.57507265194806,101.84489828681009,100.65394865612237,100.82142639160156,21147900,0.0,0.0
2024-06-18 00:00:00-04:00,101.44482046102978,103.01725003240122,101.23082545462577,101.77046966552734,17762900,0.0,0.0
2024-06-20 00:00:00-04:00,102.26359604927995,104.78506127022936,101.96585154335379,103.96627807617188,17433200,0.0,0.0
2024-06-21 00:00:00-04:00,104.11515626522637,104.85949627662089,103.0544662475586,103.0544662475586,52212500,0.0,0.0
2024-06-24 00:00:00-04:00,103.87324475369621,106.5621879244252,103.87324475369621,106.11558532714844,16266700,0.0,0.0
2024-06-25 00:00:00-04:00,106.17139334427998,106.58078491407328,105.56661227943603,106.4133071899414,14188900,0.0,0.0
2024-06-26 00:00:00-04:00,106.43192605322163,106.83201138347361,105.26888812791007,106.4505386352539,15771800,0.0,0.0
2024-06-27 00:00:00-04:00,106.99018368820826,106.99018368820826,106.171407537783,106.90644836425781,16812700,0.0,0.0
2024-06-28 00:00:00-04:00,107.79965381615791,108.43234669641568,106.70174579155236,107.11113739013672,24565900,0.0,0.0
2024-07-01 00:00:00-04:00,107.66008773037444,108.61842979085901,106.56217970702073,106.96226501464844,11972900,0.0,0.0
2024-07-02 00:00:00-04:00,107.83687540328157,107.87409346787993,105.59453492691573,106.23653411865234,13326700,0.0,0.0
2024-07-03 00:00:00-04:00,106.32026052350719,107.61356508932226,106.32026052350719,106.77617645263672,7732900,0.0,0.0
2024-07-05 00:00:00-04:00,106.63661886997014,106.65522435285989,104.85019437051534,105.4828872680664,12631000,0.0,0.0
2024-07-08 00:00:00-04:00,104.57107618532893,105.65037889895518,103.66855752618788,104.37568664550781,13350500,0.0,0.0
2024-07-09 00:00:00-04:00,103.38011817430915,104.71063387700276,102.92420928416975,103.2219467163086,11727000,0.0,0.0
2024-07-10 00:00:00-04:00,103.20332823533833,104.1709766091396,102.73811308054655,104.13375854492188,10004100,0.0,0.0
2024-07-11 00:00:00-04:00,103.6778482234087,105.43636091591206,103.21263307515659,105.37123107910156,13082700,0.0,0.0
2024-07-12 00:00:00-04:00,106.05975013822056,106.20862239668662,104.79436433573903,105.38983917236328,11684900,0.0,0.0
2024-07-15 00:00:00-04:00,106.32026327432591,108.07878300617335,105.67827121843959,107.19486999511719,13032500,0.0,0.0
2024-07-16 00:00:00-04:00,106.39469557582402,108.25555603923543,105.7992207954219,107.96712493896484,13614100,0.0,0.0
2024-07-17 00:00:00-04:00,108.61843707094344,109.95825904649645,108.44166013150591,109.45582580566406,13602800,0.0,0.0
2024-07-18 00:00:00-04:00,109.74425427525118,111.57720315597281,109.26973991929283,110.53512573242188,13033600,0.0,0.0
2024-07-19 00:00:00-04:00,110.33972204488678,110.60954767436803,107.80895767945294,107.99504089355469,16157700,0.0,0.0
2024-07-22 00:00:00-04:00,107.16696658124074,107.87409562551305,106.60870979833952,107.25070190429688,12065900,0.0,0.0
2024-07-23 00:00:00-04:00,106.82269246871412,107.1576479195102,105.29678745891839,105.52009582519531,11251700,0.0,0.0
2024-07-24 00:00:00-04:00,105.85505794526229,107.18557363158186,105.20375953879267,107.00879669189453,14925200,0.0,0.0
2024-07-25 00:00:00-04:00,107.1576549365455,109.8186861373344,106.59009189100956,109.26042938232422,17021700,0.0,0.0
2024-07-26 00:00:00-04:00,108.64634312041314,109.81868728724392,108.36721828929524,109.16738891601562,11252500,0.0,0.0
2024-07-29 00:00:00-04:00,109.15809837365629,109.22322822017541,107.35306105781063,108.0229721069336,8861800,0.0,0.0
2024-07-30 00:00:00-04:00,108.26487507509734,110.34903705187133,108.14392168623881,109.9489517211914,12483900,0.0,0.0
2024-07-31 00:00:00-04:00,111.31667629703713,111.42833048430039,110.31180990752658,110.3397216796875,15137700,0.0,0.0
2024-08-01 00:00:00-04:00,110.1164237146793,111.17711368040374,108.26486941993151,108.8138198852539,15051500,0.0,0.0
2024-08-02 00:00:00-04:00,107.90201502704802,110.60026461685648,107.39027546568722,108.74870300292969,20403800,0.0,0.0
2024-08-05 00:00:00-04:00,107.50192731356287,107.95783621366115,105.37124088446203,106.78549194335938,18025900,0.0,0.0
2024-08-06 00:00:00-04:00,106.48774456451301,107.58565259801371,105.72479200554606,106.21792602539062,13647800,0.0,0.0
2024-08-07 00:00:00-04:00,107.4181695499133,108.97199346275264,107.24139262943032,107.63217163085938,13660700,0.0,0.0
2024-08-08 00:00:00-04:00,108.00434665196627,109.89311895041392,107.67869747958211,109.68842315673828,13851000,0.0,0.0
2024-08-09 00:00:00-04:00,109.68841475966379,111.00962392854697,109.19528789371577,110.58162689208984,12151900,0.0,0.0
2024-08-12 00:00:00-04:00,111.23295383860392,111.8098161262646,109.80938940626292,110.7212142944336,13228900,0.0,0.0
2024-08-13 00:00:00-04:00,110.0513015072693,110.26530361280545,109.32556696447587,109.6605224609375,11585100,0.0,0.0
2024-08-14 00:00:00-04:00,109.88381827282456,111.55859567151543,109.44651489102084,110.6746826171875,12194500,0.0,0.0
2024-08-15 00:00:00-04:00,110.90916972488236,112.20349826271918,110.78724255834449,111.359375,11579400,0.95,0.0
2024-08-16 00:00:00-04:00,110.66530325739343,111.12488972642107,110.35579474768004,110.8341293334961,10056000,0.0,0.0
2024-08-19 00:00:00-04:00,111.04985628406172,113.01948910283262,110.83413128910263,111.17178344726562,12417500,0.0,0.0
2024-08-20 00:00:00-04:00,111.28434151317437,111.28434151317437,107.40134867695866,107.46700286865234,15632000,0.0,0.0
2024-08-21 00:00:00-04:00,107.87030234242498,108.3955358424207,106.69790102581328,106.78231048583984,11752400,0.0,0.0
2024-08-22 00:00:00-04:00,106.71665958230244,107.87030566188788,106.5853512032628,107.6076889038086,10609500,0.0,0.0
2024-08-23 00:00:00-04:00,107.88906466811527,109.47415364164456,107.88906466811527,109.09898376464844,10381400,0.0,0.0
2024-08-26 00:00:00-04:00,110.44958205234703,111.55632914952807,109.66172466931447,111.43439483642578,13671000,0.0,0.0
2024-08-27 00:00:00-04:00,111.57508766931878,111.99715643686945,110.11193311565722,110.37454986572266,9991600,0.0,0.0
2024-08-28 00:00:00-04:00,109.73675766044727,110.28075356110594,109.04269811988551,109.28655242919922,10742900,0.0,0.0
2024-08-29 00:00:00-04:00,109.92434113278117,111.41563928170105,109.12710969366353,110.7966079711914,10753900,0.0,0.0
2024-08-30 00:00:00-04:00,109.53981270103401,110.69345171603112,109.07085212289229,110.61842346191406,13284700,0.0,0.0
2024-09-03 00:00:00-04:00,108.64876110151668,108.88324134266026,106.9605076587444,108.3017349243164,15725100,0.0,0.0
2024-09-04 00:00:00-04:00,108.13292466802257,108.93953738790394,106.90425031470635,106.97927856445312,12620600,0.0,0.0
2024-09-05 00:00:00-04:00,107.92655953363005,108.12352206732653,106.05071770135648,106.1445083618164,17200800,0.0,0.0
2024-09-06 00:00:00-04:00,106.5384525881782,107.09182974921328,104.79392595375015,105.64743041992188,13467700,0.0,0.0
2024-09-09 00:00:00-04:00,105.86314236209164,108.93952199592404,105.66617981726606,107.87029266357422,21645300,0.0,0.0
2024-09-10 00:00:00-04:00,107.95471553049366,108.23609471850534,103.33076429186562,103.94041442871094,20913400,0.0,0.0
2024-09-11 00:00:00-04:00,103.9028930615489,104.06233792310529,101.07974868962246,102.90869903564453,19571900,0.0,0.0
2024-09-12 00:00:00-04:00,103.07752212013285,104.41874947265336,102.94621374904159,104.32495880126953,15919500,0.0,0.0
2024-09-13 00:00:00-04:00,104.55005049746099,105.48797145693473,104.04357232065288,104.24991607666016,10035400,0.0,0.0
2024-09-16 00:00:00-04:00,105.09405718392233,106.06948878505537,104.75640503131099,105.71308135986328,11729000,0.0,0.0
2024-09-17 00:00:00-04:00,105.34729364076983,107.2700346846158,105.1597122902448,107.09182739257812,12202600,0.0,0.0
2024-09-18 00:00:00-04:00,107.02617880052179,108.45181574405765,106.74479960425158,107.46700286865234,12569900,0.0,0.0
2024-09-19 00:00:00-04:00,108.9489218286612,110.2807681150584,108.03913718819666,108.7988510131836,12660600,0.0,0.0
2024-09-20 00:00:00-04:00,108.2923659235834,108.33926483940871,107.1574822871558,108.1141586303711,36206200,0.0,0.0
2024-09-23 00:00:00-04:00,108.17043099369081,110.47771580238523,107.97346844175256,110.07440948486328,16066300,0.0,0.0
2024-09-24 00:00:00-04:00,110.5246122151813,110.82475381832494,109.57731711439546,109.78366088867188,11984900,0.0,0.0
2024-09-25 00:00:00-04:00,109.25842809070048,109.78366877817813,106.96052423371012,107.64520263671875,13816000,0.0,0.0
2024-09-26 00:00:00-04:00,104.2405331496643,106.43527187974975,104.2405331496643,105.7974853515625,16887900,0.0,0.0
2024-09-27 00:00:00-04:00,106.69789749619261,108.8832480396793,106.2195557712233,108.63001251220703,15964000,0.0,0.0
2024-09-30 00:00:00-04:00,108.29236453866486,110.10255246751561,107.82340400948871,109.94310760498047,13247600,0.0,0.0
2024-10-01 00:00:00-04:00,108.83636600979648,113.11328396373696,108.73319411566457,112.48487854003906,23235900,0.0,0.0
2024-10-02 00:00:00-04:00,114.36070919148358,115.19545831906036,112.7381026934323,113.97615814208984,17129700,0.0,0.0
2024-10-03 00:00:00-04:00,114.33258839959075,115.52374509887716,113.4228037488481,114.97037506103516,16524300,0.0,0.0
2024-10-04 00:00:00-04:00,115.5518725581094,117.41834063304479,114.82967648527053,117.0806884765625,19752300,0.0,0.0
2024-10-07 00:00:00-04:00,117.47461272927663,118.49694324959624,117.10882408844945,117.58716583251953,15714400,0.0,0.0
2024-10-08 00:00:00-04:00,116.1896459485224,116.32095431046065,113.73229761301883,114.46387481689453,14818500,0.0,0.0
2024-10-09 00:00:00-04:00,113.39465156881919,114.97035915224829,113.30086089894937,114.51077270507812,11144900,0.0,0.0
2024-10-10 00:00:00-04:00,115.51436026763767,116.02083133894084,114.69836637583633,115.49559783935547,10243300,0.0,0.0
2024-10-11 00:00:00-04:00,115.45808250514696,116.33034938813454,115.30801885466227,115.9364242553711,8294800,0.0,0.0
2024-10-14 00:00:00-04:00,115.58938565631865,116.54606911351011,115.0078791977999,116.37724304199219,9808100,0.0,0.0
2024-10-15 00:00:00-04:00,113.31962348667126,114.3794717205873,112.3441847143568,112.87879943847656,15771300,0.0,0.0
2024-10-16 00:00:00-04:00,113.3852658512229,113.90112524867016,113.11326791036608,113.16954803466797,8426800,0.0,0.0
2024-10-17 00:00:00-04:00,113.2633505122702,114.03244550408758,112.27853052563228,112.87879943847656,11204900,0.0,0.0
2024-10-18 00:00:00-04:00,112.96322765272281,113.15080902383016,111.75330848849968,112.55992126464844,12898600,0.0,0.0
2024-10-21 00:00:00-04:00,113.46968728856005,113.9386477950075,112.28790480869708,112.62555694580078,10177800,0.0,0.0
2024-10-22 00:00:00-04:00,112.79438899533952,113.66665586981497,112.49425454152913,113.20706939697266,9201400,0.0,0.0
2024-10-23 00:00:00-04:00,112.52239231471867,113.25396960700846,111.98777758913998,112.80376434326172,8320300,0.0,0.0
2024-10-24 00:00:00-04:00,112.55052089646504,112.9632084295983,111.73452704388869,112.16596984863281,9905600,0.0,0.0
2024-10-25 00:00:00-04:00,112.7381047732611,112.9538297583736,111.9127368441859,112.07218170166016,10714600,0.0,0.0
2024-10-28 00:00:00-04:00,109.53980759631395,111.62199361115344,109.52104516683114,111.5188217163086,11844500,0.0,0.0
2024-10-29 00:00:00-04:00,111.21868227317525,111.77205227007981,109.8024194529022,109.99938201904297,14731000,0.0,0.0
2024-10-30 00:00:00-04:00,110.35579131472224,110.92791655707099,109.24904421820466,109.44600677490234,12303700,0.0,0.0
2024-10-31 00:00:00-04:00,109.87745175842478,111.30308859706028,109.43662772273068,109.5304183959961,20512000,0.0,0.0
2024-11-01 00:00:00-04:00,112.48487603163163,112.50363130479639,107.71085398707507,107.81402587890625,20939300,0.0,0.0
2024-11-04 00:00:00-05:00,108.86449816904357,111.33122800390267,108.73318979187357,111.24681854248047,14965400,0.0,0.0
2024-11-05 00:00:00-05:00,111.68764160431631,111.809568766107,110.68406635578881,111.57508850097656,10436700,0.0,0.0
2024-11-06 00:00:00-05:00,113.62913868787086,114.3419607023416,111.89398614523262,113.48844909667969,20807700,0.0,0.0
2024-11-07 00:00:00-05:00,113.76983235746506,113.95741371526445,112.18474340771083,113.62914276123047,12184400,0.0,0.0
2024-11-08 00:00:00-05:00,113.46968661465606,113.88236699195564,112.2316311712185,113.59161376953125,12836000,0.0,0.0
2024-11-11 00:00:00-05:00,113.48845293334288,114.06996659056618,112.616186025393,112.9913558959961,11969700,0.0,0.0
2024-11-12 00:00:00-05:00,113.61037672876994,113.779202807743,112.40045768875787,112.87879943847656,11972800,0.0,0.0
2024-11-13 00:00:00-05:00,113.08513753089439,114.47326379438152,111.42502046763641,113.92926788330078,15127900,0.0,0.0
2024-11-14 00:00:00-05:00,115.04511763685967,115.25314975776726,113.78743053752434,114.00492095947266,13041800,0.99,0.0
2024-11-15 00:00:00-05:00,113.85362966099541,114.64795383673253,112.65267788132644,112.82289123535156,19051700,0.0,0.0
2024-11-18 00:00:00-05:00,113.2767779008581,114.06165086483767,112.78504730540887,113.76850128173828,14239700,0.0,0.0
2024-11-19 00:00:00-05:00,113.23896908374783,113.23896908374783,111.77324258973766,112.17986297607422,11584400,0.0,0.0
2024-11-20 00:00:00-05:00,112.69048807791629,113.91980737519177,112.18930638758016,113.77796173095703,11360900,0.0,0.0
2024-11-21 00:00:00-05:00,114.4966554614185,115.88672996380872,113.7306917718865,115.3004379272461,14675400,0.0,0.0
2024-11-22 00:00:00-05:00,115.19640510081798,116.51082747137258,115.02619176864555,115.16803741455078,13323400,0.0,0.0
2024-11-25 00:00:00-05:00,114.82762240913345,115.25315217548572,113.10657952667614,113.44700622558594,26580300,0.0,0.0
2024-11-26 00:00:00-05:00,113.03091778123483,113.1727634292883,111.44226239508868,111.55574035644531,14827300,0.0,0.0
2024-11-27 00:00:00-05:00,111.66922456693146,112.27443321923278,111.04511374064575,111.26261138916016,11079100,0.0,0.0
2024-11-29 00:00:00-05:00,111.05456410905455,112.05692756596119,110.59120115500892,111.5462875366211,9426500,0.0,0.0
2024-12-02 00:00:00-05:00,111.63140595966166,111.7732444104627,110.46828016110155,111.44227600097656,12687300,0.0,0.0
2024-12-03 00:00:00-05:00,112.26496896849113,112.26496896849113,110.88435281091847,111.27205657958984,11756600,0.0,0.0
2024-12-04 00:00:00-05:00,111.11129930165804,111.15858359144407,107.66921367067012,108.06637573242188,19520600,0.0,0.0
2024-12-05 00:00:00-05:00,108.47300614600951,109.33353124077645,107.85834639468604,108.53919982910156,15751200,0.0,0.0
2024-12-06 00:00:00-05:00,108.31224178156593,108.5297322010772,107.32878770687353,107.39498138427734,16171100,0.0,0.0
2024-12-09 00:00:00-05:00,108.40680444261103,108.69049575748583,106.61956791678135,106.76141357421875,17412600,0.0,0.0
2024-12-10 00:00:00-05:00,107.41389090317223,107.68812391405827,105.67393868667152,106.54391479492188,20990900,0.0,0.0
2024-12-11 00:00:00-05:00,105.91034588725047,106.27914026451371,105.06873746584773,105.8346939086914,32392200,0.0,0.0
2024-12-12 00:00:00-05:00,105.52262993900365,106.26967695931401,104.75667353222885,105.74012756347656,14543300,0.0,0.0
2024-12-13 00:00:00-05:00,105.81577852058861,105.81577852058861,104.25549082049722,104.81340789794922,13106100,0.0,0.0
2024-12-16 00:00:00-05:00,104.20820570112713,104.39733563528968,102.2791308746542,102.57227325439453,20256100,0.0,0.0
2024-12-17 00:00:00-05:00,101.40915329273307,102.2885876958339,100.98362354250382,102.13729095458984,17554000,0.0,0.0
2024-12-18 00:00:00-05:00,101.72121707231194,102.9127105293603,100.52972361526359,100.63374328613281,17114500,0.0,0.0
2024-12-19 00:00:00-05:00,101.55099436065066,101.81576905679529,99.48952495050685,99.7732162475586,20565600,0.0,0.0
2024-12-20 00:00:00-05:00,99.71647058500196,100.36895621936226,99.13963692279891,100.11363983154297,40141200,0.0,0.0
2024-12-23 00:00:00-05:00,99.58409427487618,100.80395540643755,99.21529988795878,100.52027130126953,12285100,0.0,0.0
2024-12-24 00:00:00-05:00,100.72830077033758,101.36187707243971,99.95288602667578,100.61483001708984,7807000,0.0,0.0
2024-12-26 00:00:00-05:00,100.7283036021954,101.21057596076606,100.17984477874931,100.69993591308594,9652400,0.0,0.0
2024-12-27 00:00:00-05:00,100.52026213046753,102.11836858978563,100.01907321604627,100.69047546386719,11943900,0.0,0.0
2024-12-30 00:00:00-05:00,100.52026065922904,100.76611874809844,99.77321366327389,100.0096206665039,11080800,0.0,0.0
2024-12-31 00:00:00-05:00,100.39731845306434,102.03325799291956,100.02852412703706,101.72119903564453,12387800,0.0,0.0
